rank_display,rank,name,country,city,region,overall_score,url,logo,citations_per_paper_score,citations_per_paper_rank,papers_per_faculty_score,papers_per_faculty_rank,academic_reputation_score,academic_reputation_rank,faculty_student_ratio_score,faculty_student_ratio_rank,staff_with_phd_score,staff_with_phd_rank,international_research_network_score,international_research_network_rank,web_impact_score,web_impact_rank,employer_reputation_score,employer_reputation_rank
1,1,Pontificia Universidad Católica de Chile (UC),Chile,Santiago,Latin America,100,https://www.topuniversities.com/universities/pontificia-universidad-católica-de-chile-uc,https://www.topuniversities.com/sites/default/files/pontificia-universidad-catlica-de-chile-uc_107_medium.jpg,76.7,51,96.8,22,100,2,65.2,53,98.3,16,99.8,3,95.7,12,100,1
2,2,Universidade de São Paulo,Brazil,São Paulo,Latin America,99,https://www.topuniversities.com/universities/universidade-de-sao-paulo,https://www.topuniversities.com/sites/default/files/universidade-de-so-paulo_550_medium.jpg,76.8,50,100,1,100,3,50.4,82,99.6,5,100,1,100,1,99.9,6
3,3,Universidade Estadual de Campinas (Unicamp),Brazil,Campinas,Latin America,98.2,https://www.topuniversities.com/universities/universidade-estadual-de-campinas-unicamp,https://www.topuniversities.com/sites/default/files/universidade-estadual-de-campinas-unicamp_96_medium.jpg,86.4,31,100,2,100,5,40.2,115,99.6,7,99.9,2,100,4,96.9,11
4,4,Universidade Federal do Rio de Janeiro,Brazil,Rio de Janeiro,Latin America,93.6,https://www.topuniversities.com/universities/universidade-federal-do-rio-de-janeiro,https://www.topuniversities.com/sites/default/files/220127083943pm152751UFRJ-Vertical-Impresso-Positivo-ai-90x90.jpg,64.9,68,97.9,20,99.8,8,34.1,139,98.6,15,99.8,4,99.9,5,90.9,19
5,5,UNESP,Brazil,Sao Paulo,Latin America,92.5,https://www.topuniversities.com/universities/unesp,https://www.topuniversities.com/sites/default/files/unesp_492_medium.jpg,56.2,95,100,4,96.9,12,40.2,114,99.7,=3,99.5,8,99.2,9,90.4,20
5,6,Universidad de Chile,Chile,Santiago,Latin America,92.5,https://www.topuniversities.com/universities/universidad-de-chile,https://www.topuniversities.com/sites/default/files/universidad-de-chile_121_medium.jpg,75.7,53,99.4,11,100,4,22.3,=150,69.2,75,99.7,6,100,3,100,4
7,7,Universidad de los Andes,Colombia,Bogotá,Latin America,91.3,https://www.topuniversities.com/universities/universidad-de-los-andes,https://www.topuniversities.com/sites/default/files/universidad-de-los-andes_592560cf2aeae70239af4bf6_medium.jpg,66.4,65,92.2,28,99.9,7,33.2,147,66.3,83,96.9,20,94.1,15,100,3
8,8,Universidad de Buenos Aires (UBA),Argentina,Buenos Aires,Latin America,87.5,https://www.topuniversities.com/universities/universidad-de-buenos-aires-uba,https://www.topuniversities.com/sites/default/files/universidad-de-buenos-aires-uba_78_medium.jpg,15.2,=165,25,165,100,1,93.8,16,49.3,111,99.7,7,99.7,6,100,2
9,9,Universidad de Concepción,Chile,Concepción,Latin America,87.1,https://www.topuniversities.com/universities/universidad-de-concepcion,https://www.topuniversities.com/sites/default/files/universidad-de-concepcin_1700_medium.jpg,89.8,25,88.9,34,89.2,20,37,122,60.4,92,98.7,11,82.5,28,88.7,24
10,10,Universidad Nacional de Colombia,Colombia,Bogotá,Latin America,86.7,https://www.topuniversities.com/universities/universidad-nacional-de-colombia,https://www.topuniversities.com/sites/default/files/universidad-nacional-de-colombia_592560cf2aeae70239af4b0b_medium.jpg,30.6,=165,85.5,41,99.9,6,13.5,=150,82.5,64,98.4,14,92.3,19,100,5
11,11,Pontifícia Universidade Católica do Rio de Janeiro,Brazil,Rio de Janeiro,Latin America,85.8,https://www.topuniversities.com/universities/pontificia-universidade-catolica-do-rio-de-janeiro,https://www.topuniversities.com/sites/default/files/pontifcia-universidade-catlica-do-rio-de-janeiro_526_medium.jpg,62.3,77,98.8,17,93.1,15,40.4,111,86.3,58,94,35,83.5,27,75.8,40
12,12,Federal University of Minas Gerais (UFMG),Brazil,Belo Horizonte,Latin America,84.7,https://www.topuniversities.com/universities/federal-university-minas-gerais-ufmg,https://www.topuniversities.com/sites/default/files/universidade-federal-de-minas-gerais_1727_medium.jpg,56.8,94,98.7,19,94.1,14,31.8,=150,99.2,11,99.1,9,100,2,63,52
13,13,Pontificia Universidad Catolica del Peru (PUCP),Peru,Lima,Latin America,84.4,https://www.topuniversities.com/universities/pontificia-universidad-catolica-del-peru-pucp,https://www.topuniversities.com/sites/default/files/210825042529am231772Isotipo-PUCP-200x200-90x90.jpg,52.9,102,16.1,=179,98.8,9,84,26,12.9,=166,93.2,40,92.8,17,99.1,8
14,14,Universidade Federal do Rio Grande Do Sul,Brazil,Porto Alegre,Latin America,82.6,https://www.topuniversities.com/universities/universidade-federal-do-rio-grande-do-sul,https://www.topuniversities.com/sites/default/files/universidade-federal-do-rio-grande-do-sul_2239_medium.jpg,85.6,35,97,21,89.3,19,44,100,99.3,10,99.8,5,99.1,10,40.3,76
15,15,Universidad de Santiago de Chile (USACH),Chile,Santiago,Latin America,81.4,https://www.topuniversities.com/universities/universidad-de-santiago-de-chile-usach,https://www.topuniversities.com/sites/default/files/universidad-de-santiago-de-chile-usach_548_medium.jpg,57.7,90,80.6,48,96.9,13,24,=150,29,158,96.7,22,63.7,44,96.9,12
16,16,Pontificia Universidad Javeriana,Colombia,Bogotá,Latin America,81.3,https://www.topuniversities.com/universities/pontificia-universidad-javeriana,https://www.topuniversities.com/sites/default/files/pontificia-universidad-javeriana_592560cf2aeae70239af514a_medium.jpg,30.5,=165,27.3,159,98.4,10,66.9,51,28,164,90,48,80.4,32,99.6,7
17,17,Universidad de Antioquia,Colombia,Medellin,Latin America,78.9,https://www.topuniversities.com/universities/universidad-de-antioquia,https://www.topuniversities.com/sites/default/files/universidad-de-antioquia_592560cf2aeae70239af5149_medium.jpg,60.2,84,79.9,50,91.4,16,12.8,=150,57.3,98,97.1,18,68.2,40,82.8,31
18,18,Universidad Nacional de La Plata (UNLP),Argentina,La Plata,Latin America,78.7,https://www.topuniversities.com/universities/universidad-nacional-de-la-plata-unlp,https://www.topuniversities.com/sites/default/files/universidad-nacional-de-la-plata-unlp_1690_medium.jpg,22.7,=165,34.3,132,97.5,11,74.8,37,15.3,=166,96.7,21,99.6,7,85.2,27
19,19,Universidad Adolfo Ibáñez,Chile,Santiago,Latin America,77.1,https://www.topuniversities.com/universities/universidad-adolfo-ibanez,https://www.topuniversities.com/sites/default/files/universidad-adolfo-ibez-_11_medium.jpg,28.4,=165,96.4,23,80,29,19.5,=150,81.3,66,86.8,55,43.6,86,99,9
20,20,Universidade Federal de Santa Catarina ,Brazil,Florianópolis,Latin America,76.6,https://www.topuniversities.com/universities/universidade-federal-de-santa-catarina,https://www.topuniversities.com/sites/default/files/universidade-federal-de-santa-catarina_2746_medium.jpg,72.2,56,98.7,18,77.5,31,43.8,101,99.3,9,98.7,10,99.6,8,37.1,87
21,21,Pontificia Universidad Católica de Valparaíso,Chile,Valparaíso,Latin America,76.4,https://www.topuniversities.com/universities/pontificia-universidad-catolica-de-valparaiso,https://www.topuniversities.com/sites/default/files/pontificia-universidad-catlica-de-valparaso_733_medium.jpg,45.4,129,99.1,15,89,21,14.8,=150,60.7,90,92.7,42,50.3,66,81.4,32
22,22,Universidad Austral,Argentina,Pilar,Latin America,75.5,https://www.topuniversities.com/universities/universidad-austral,https://www.topuniversities.com/sites/default/files/universidad-austral_38_medium.jpg,85,36,12.2,=179,80.7,28,98.8,8,20.3,=166,53.4,132,22.5,=161,96.3,13
23,23,Universidade de Brasília,Brazil,Brasília,Latin America,74.5,https://www.topuniversities.com/universities/universidade-de-brasilia,https://www.topuniversities.com/sites/default/files/universidade-de-braslia_1726_medium.jpg,33.8,=165,92.1,29,87.6,22,19,=150,98.3,18,98.6,12,99,11,46,69
24,24,Universidad del Rosario,Colombia,Bogotá,Latin America,74.2,https://www.topuniversities.com/universities/universidad-del-rosario,https://www.topuniversities.com/sites/default/files/universidad-del-rosario_592560cf2aeae70239af514d_medium.jpg,52.7,103,46.4,104,72.1,37,64,58,39.5,126,83.9,63,69.2,39,91.5,18
25,25,Universidade Federal de São Paulo,Brazil,São Paulo,Latin America,73.5,https://www.topuniversities.com/universities/universidade-federal-de-sao-paulo,https://www.topuniversities.com/sites/default/files/universidade-federal-de-so-paulo_2750_medium.jpg,73.8,55,88.8,35,53.3,63,99.6,2,95.6,33,95.3,27,88.7,21,38.9,81
26,26,Universidade Federal de São Carlos (UFSCar),Brazil,São Paulo,Latin America,71,https://www.topuniversities.com/universities/universidade-federal-de-sao-carlos-ufscar,https://www.topuniversities.com/sites/default/files/universidade-federal-de-so-carlos-ufscar_2748_medium.jpg,82.8,42,100,3,55.5,56,37.2,121,99.1,12,94.4,31,92.8,18,45.9,70
27,27,Universidade Federal do Paraná - UFPR,Brazil,Curitiba,Latin America,69.7,https://www.topuniversities.com/universities/universidade-federal-do-parana-ufpr,https://www.topuniversities.com/sites/default/files/universidade-federal-do-paran-ufpr_1730_medium.jpg,50.8,114,93,26,65.2,42,44.5,99,96.4,27,97.1,19,95.5,13,38.5,82
28,28,Universidad Nacional de Córdoba - UNC,Argentina,Córdoba,Latin America,69.1,https://www.topuniversities.com/universities/universidad-nacional-de-cordoba-unc,https://www.topuniversities.com/sites/default/files/universidad-nacional-de-crdoba-unc_592560cf2aeae70239af511e_medium.jpg,31.2,=165,19.2,=179,89.5,18,17.2,=150,37.4,134,91.6,44,88.2,22,75.5,41
29,29,Universidad de La Sabana,Colombia,Bogotá,Latin America,69,https://www.topuniversities.com/universities/universidad-de-la-sabana,https://www.topuniversities.com/sites/default/files/260224073040pm756920square-image-90x90.jpg,56.9,92,36.1,123,81.2,27,42.6,106,14.7,=166,63.8,105,48.8,71,92.8,15
30,30,Universidad Central de Venezuela,Venezuela,Caracas,Latin America,68.3,https://www.topuniversities.com/universities/universidad-central-de-venezuela,https://www.topuniversities.com/sites/default/files/universidad-central-de-venezuela_592560cf2aeae70239af54c0_medium.jpg,24,=165,6.1,=179,81.2,26,79.4,33,28.1,162,53.1,134,54,56,92.4,17
31,31,Escuela Superior Politécnica del Litoral (ESPOL),Ecuador,Guayaquil,Latin America,67.6,https://www.topuniversities.com/universities/escuela-superior-politecnica-del-litoral-espol,https://www.topuniversities.com/sites/default/files/escuela-superior-politcnica-del-litoral-espol_592560cf2aeae70239af547f_medium.jpg,64.4,70,54.2,87,67.9,38,57.7,72,30.7,151,79.7,69,57.6,52,72.1,45
32,32,Universidad Austral de Chile,Chile,Valdivia,Latin America,67.2,https://www.topuniversities.com/universities/universidad-austral-de-chile,https://www.topuniversities.com/sites/default/files/universidad-austral-de-chile_1704_medium.jpg,49.8,116,99.3,12,65.5,41,9.1,=150,85,60,93.9,36,59.4,49,59.5,57
33,33,Universidad San Francisco de Quito USFQ,Ecuador,Quito,Latin America,67,https://www.topuniversities.com/universities/universidad-san-francisco-de-quito-usfq,https://www.topuniversities.com/sites/default/files/250514080051pm522863logo-usfq1500x1500px-90x90.jpg,61,80,52.4,91,72.4,36,63.7,59,32,148,84.7,61,28.9,143,66,50
34,34,Pontificia Universidad Católica Argentina,Argentina,Buenos Aires,Latin America,66.6,https://www.topuniversities.com/universities/pontificia-universidad-catolica-argentina,https://www.topuniversities.com/sites/default/files/pontificia-universidad-catlica-argentina_592560cf2aeae70239af5486_medium.jpg,4,=165,4.9,=179,81.4,24,100,1,15,=166,45,163,56.6,53,94.1,14
35,35,Universidad de la República (Udelar),Uruguay,Montevideo,Latin America,66.2,https://www.topuniversities.com/universities/universidad-de-la-republica-udelar,https://www.topuniversities.com/sites/default/files/universidad-de-la-repblica-udelar_592560cf2aeae70239af515e_medium.jpg,37.1,150,18.9,=179,89.7,17,34,141,17.3,=166,98.5,13,34,123,70.5,47
36,36,Universidad Diego Portales (UDP),Chile,Santiago,Latin America,64.6,https://www.topuniversities.com/universities/universidad-diego-portales-udp,https://www.topuniversities.com/sites/default/files/universidad-diego-portales-udp_159_medium.jpg,87.3,29,46,105,64.9,44,24.2,=150,14.4,=166,88.9,50,34.8,119,79.2,34
37,37,Universidad Nacional Mayor de San Marcos,Peru,Lima,Latin America,63.9,https://www.topuniversities.com/universities/universidad-nacional-mayor-de-san-marcos,https://www.topuniversities.com/sites/default/files/universidad-nacional-mayor-de-san-marcos_592560cf2aeae70239af5158_medium.jpg,3.5,=165,38.9,115,81.3,25,16.5,=150,16.9,=166,85.5,58,90.8,20,85.4,26
38,38,Universidad de los Andes - Chile,Chile,Santiago,Latin America,63.4,https://www.topuniversities.com/universities/universidad-de-los-andes-chile,https://www.topuniversities.com/sites/default/files/universidad-de-los-andes-chile_2638_medium.jpg,36,158,58.2,82,72.6,35,29.2,=150,28.1,163,64.3,103,25.8,=161,90.2,21
39,39,Universidad Técnica Federico Santa María (USM),Chile,Valparaíso,Latin America,62.5,https://www.topuniversities.com/universities/universidad-tecnica-federico-santa-maria-usm,https://www.topuniversities.com/sites/default/files/universidad-tcnica-federico-santa-mara-usm_592560cf2aeae70239af52cb_medium.jpg,67.7,61,80.2,49,51.1,67,10,=150,46.3,114,94.1,34,22.5,=161,83.4,30
40,40,Universidad Torcuato Di Tella,Argentina,Buenos Aires,Latin America,62,https://www.topuniversities.com/universities/universidad-torcuato-di-tella,https://www.topuniversities.com/sites/default/files/universidad-torcuato-di-tella_592560cf2aeae70239af4ced_medium.jpg,16.4,=165,49.1,97,63.2,45,34.5,136,99.6,6,24.4,=170,33.1,125,89.7,22
40,41,Universidad de Talca,Chile,Talca,Latin America,62,https://www.topuniversities.com/universities/universidad-de-talca,https://www.topuniversities.com/sites/default/files/universidad-de-talca_592560cf2aeae70239af5129_medium.jpg,80.8,44,94.9,24,54,60,19.1,=150,53.9,104,94.1,33,59.3,50,48.9,67
42,42,Universidad de San Andrés - UdeSA,Argentina,Buenos Aires,Latin America,61.3,https://www.topuniversities.com/universities/universidad-de-san-andres-udesa,https://www.topuniversities.com/sites/default/files/universidad-de-san-andrs-udesa_1699_medium.jpg,37.4,149,52.6,90,45.8,=74,73.3,41,82.8,63,48.7,146,31,133,78.5,37
43,43,Universidade Federal de Pernambuco (UFPE) ,Brazil,Recife,Latin America,60.8,https://www.topuniversities.com/universities/universidade-federal-de-pernambuco-ufpe,https://www.topuniversities.com/sites/default/files/universidade-federal-de-pernambuco-ufpe-_592560cf2aeae70239af5143_medium.jpg,37.9,146,87.1,38,58.1,51,37.2,120,95.8,32,97.7,16,93,16,20.3,=108
44,44,Universidad de La Frontera (UFRO),Chile,Temuco,Latin America,60.5,https://www.topuniversities.com/universities/universidad-de-la-frontera-ufro,https://www.topuniversities.com/sites/default/files/universidad-de-la-frontera-ufro_592560cf2aeae70239af512b_medium.jpg,85.6,33,99.1,14,54.1,59,14.9,=150,81.6,65,93.1,41,32.3,=128,34,91
45,45,Universidad Simón Bolívar (USB),Venezuela,Caracas,Latin America,60.3,https://www.topuniversities.com/universities/universidad-simon-bolivar-usb,https://www.topuniversities.com/sites/default/files/universidad-simn-bolvar-usb_592560cf2aeae70239af5515_medium.jpg,60.9,82,35.4,126,65.9,40,63.1,61,10.8,=166,48.3,147,25.7,=161,78.8,36
46,46,Universidad EAFIT,Colombia,Medellin,Latin America,60.2,https://www.topuniversities.com/universities/universidad-eafit,https://www.topuniversities.com/sites/default/files/universidad-eafit_592560cf2aeae70239af4d9b_medium.jpg,39.5,141,46.7,102,65,43,14.7,=150,50.3,108,45.9,158,44.2,83,88.7,25
47,47,Universidad del Norte ,Colombia,Barranquilla,Latin America,59.9,https://www.topuniversities.com/universities/universidad-del-norte,https://www.topuniversities.com/sites/default/files/universidad-del-norte-_592560cf2aeae70239af54ec_medium.jpg,67.5,62,73.4,62,50.8,69,23.2,=150,46.1,115,79.3,70,53.9,57,66.6,48
48,48,Universidad de Montevideo (UM),Uruguay,Montevideo,Latin America,59.3,https://www.topuniversities.com/universities/universidad-de-montevideo-um,https://www.topuniversities.com/sites/default/files/universidad-de-montevideo-um_695_medium.jpg,17.7,=165,9.9,=179,75.6,32,92.9,19,15.6,=166,35.6,=170,14.9,=161,79.3,33
49,49,Universidad Andrés Bello,Chile,Santiago,Latin America,58.9,https://www.topuniversities.com/universities/universidad-andres-bello,https://www.topuniversities.com/sites/default/files/250715065502am262139Sin-t%C3%ADtulo-12-Mesa-de-trabajo-1-90x90.jpg,63.4,75,36.1,122,63.2,46,25.6,=150,14.4,=166,98.2,15,46.4,77,62,53
50,50,Universidad Nacional de Rosario (UNR),Argentina,Rosario,Latin America,58.6,https://www.topuniversities.com/universities/universidad-nacional-de-rosario-unr,https://www.topuniversities.com/sites/default/files/211123024202pm491653Logo-UNR-HD-USO-OFICIAL-page-0001-90x90.jpg,18.1,=165,7.2,=179,79.3,30,49.5,86,8.4,=166,79.2,71,80.4,31,58.2,59
51,51,Universidade Federal Fluminense,Brazil,Rio de Janeiro,Latin America,57,https://www.topuniversities.com/universities/universidade-federal-fluminense,https://www.topuniversities.com/sites/default/files/universidade-federal-fluminense-_592560cf2aeae70239af5147_medium.jpg,51.6,110,71.6,66,48.9,72,32.9,149,98.3,17,97.4,17,95.1,14,14.1,=108
52,52,"Pontifícia Universidade Católica do Rio Grande do Sul, PUCRS",Brazil,Porto Alegre,Latin America,56.7,https://www.topuniversities.com/universities/pontificia-universidade-catolica-do-rio-grande-do-sul-pucrs,https://www.topuniversities.com/sites/default/files/pontifcia-universidade-catlica-do-rio-grande-do-sul-pucrs_592560cf2aeae70239af548e_medium.jpg,88.2,27,99.5,10,37.5,93,34.4,137,94.1,43,68,89,65.8,41,27.8,107
53,53,Universidad del Valle,Colombia,Cali,Latin America,56.4,https://www.topuniversities.com/universities/universidad-del-valle,https://www.topuniversities.com/sites/default/files/universidad-del-valle_592560cf2aeae70239af54f0_medium.jpg,30.4,=165,28.5,154,74.3,33,22.6,=150,33.9,144,76,78,53.7,58,52.9,63
54,54,Universidad Católica del Uruguay (UCU),Uruguay,Montevideo,Latin America,56,https://www.topuniversities.com/universities/universidad-catolica-del-uruguay-ucu,https://www.topuniversities.com/sites/default/files/universidad-catlica-del-uruguay-ucu_592560cf2aeae70239af54bb_medium.jpg,16.2,=165,9,=179,62.8,48,95.9,12,13.1,=166,40.1,=170,25.6,=161,78.9,35
55,55,Universidade Federal da Bahia,Brazil,Salvador,Latin America,55.9,https://www.topuniversities.com/universities/universidade-federal-da-bahia,https://www.topuniversities.com/sites/default/files/universidade-federal-da-bahia_592560cf2aeae70239af5146_medium.jpg,35.4,161,71.6,65,51.2,66,23.9,=150,93.4,46,95.1,28,87.9,23,23.4,=108
56,56,Universidad Peruana Cayetano Heredia (UPCH),Peru,San Martin,Latin America,55.7,https://www.topuniversities.com/universities/universidad-peruana-cayetano-heredia-upch,https://www.topuniversities.com/sites/default/files/universidad-peruana-cayetano-heredia-upch_592560cf2aeae70239af550f_medium.jpg,75.8,52,29.3,149,53.7,61,84.6,25,5,=166,74.9,83,17.2,=161,51,66
57,57,Universidade Federal do Ceará (UFC),Brazil,Fortaleza,Latin America,55.5,https://www.topuniversities.com/universities/universidade-federal-do-ceara-ufc,https://www.topuniversities.com/sites/default/files/universidade-federal-do-cear-ufc_592560cf2aeae70239af5148_medium.jpg,52.3,106,93.3,25,44.6,79,16.8,=150,99.3,8,91.8,43,78.3,34,22.4,=108
58,58,Pontifícia Universidade Católica de São Paulo,Brazil,São Paulo,Latin America,54.9,https://www.topuniversities.com/universities/pontifcia-universidade-catlica-de-so-paulo,https://www.topuniversities.com/sites/default/files/pontifcia-universidade-catlica-de-so-paulo_592560cf2aeae70239af549d_medium.jpg,2.3,=165,22.7,175,51,68,69.5,46,94.9,38,12.6,=170,62,46,72,46
59,59,Pontificia Universidad Católica del Ecuador (PUCE),Ecuador,Quito,Latin America,54.1,https://www.topuniversities.com/universities/pontificia-universidad-catolica-del-ecuador-puce,https://www.topuniversities.com/sites/default/files/pontificia-universidad-catlica-del-ecuador-puce_592560cf2aeae70239af5489_medium.jpg,31.7,=165,15,=179,72.9,34,26,=150,8.4,=166,87.6,53,35.7,114,56.8,60
60,60,Universidade Federal de Santa Maria,Brazil,Santa Maria,Latin America,53.9,https://www.topuniversities.com/universities/universidade-federal-de-santa-maria,https://www.topuniversities.com/sites/default/files/universidade-federal-de-santa-maria_592560cf2aeae70239af553e_medium.jpg,77.9,48,84.9,43,31.8,106,43.5,103,94.2,41,96.3,24,82.4,29,9.5,=108
61,61,Universidade do Estado do Rio de Janeiro (UERJ),Brazil,Rio de Janeiro,Latin America,53.4,https://www.topuniversities.com/universities/universidade-do-estado-do-rio-de-janeiro-uerj,https://www.topuniversities.com/sites/default/files/universidade-do-estado-do-rio-de-janeiro-uerj_592560cf2aeae70239af5525_medium.jpg,24.2,=165,64.6,73,50.8,70,35.3,132,57,100,94.8,29,87.8,24,32.4,93
62,62,Universidad Católica Andres Bello,Venezuela,Caracas City,Latin America,53.2,https://www.topuniversities.com/universities/universidad-catolica-andres-bello,https://www.topuniversities.com/sites/default/files/universidad-catlica-andres-bello_592560cf2aeae70239af4a98_medium.jpg,n/a,n/a,2.6,=179,86.6,23,24.4,=150,9.9,=166,n/a,n/a,27.7,148,97,10
63,63,Universidad Externado de Colombia ,Colombia,Bogotá,Latin America,53.1,https://www.topuniversities.com/universities/universidad-externado-de-colombia,https://www.topuniversities.com/sites/default/files/universidad-externado-de-colombia_795_medium.jpg,3.8,=165,6.4,=179,57.6,52,73.9,39,19.2,=166,25.8,=170,35.2,115,92.8,16
64,64,Universidad Pontificia Bolivariana ,Colombia,Medellín,Latin America,52.2,https://www.topuniversities.com/universities/universidad-pontificia-bolivariana,https://www.topuniversities.com/sites/default/files/universidad-pontificia-bolivariana-_592560cf2aeae70239af5511_medium.jpg,19.6,=165,41,111,43.8,83,94.2,14,21.6,=166,63.8,104,46.8,76,59.7,56
65,65,Universidad del Desarrollo (UDD),Chile,Santiago,Latin America,51.6,https://www.topuniversities.com/universities/universidad-del-desarrollo-udd,https://www.topuniversities.com/sites/default/files/universidad-del-desarrollo-udd_592560cf2aeae70239af52cd_medium.jpg,91.7,22,28.6,153,44.4,81,30.2,=150,11.8,=166,65.1,101,43.4,87,60.2,55
65,66,Universidade Federal de Viçosa (UFV),Brazil,Viçosa,Latin America,51.6,https://www.topuniversities.com/universities/universidade-federal-de-vicosa-ufv,https://www.topuniversities.com/sites/default/files/universidade-federal-de-viosa-ufv_592560cf2aeae70239af5549_medium.jpg,51.8,109,99.7,7,31.2,108,35.9,129,99,13,78.6,74,79.3,33,19.9,=108
67,67,Universidad de Los Andes - (ULA) Mérida,Venezuela,Merida,Latin America,51,https://www.topuniversities.com/universities/universidad-de-los-andes-ula-merida,https://www.topuniversities.com/sites/default/files/universidad-de-los-andes-ula-mrida_592560cf2aeae70239af54d2_medium.jpg,13.4,=165,11.8,=179,67.3,39,41.1,110,18.8,=166,67.1,93,50.5,65,54.8,61
68,68,Pontifícia Universidade Católica do Paraná,Brazil,Curitiba,Latin America,50.8,https://www.topuniversities.com/universities/pontificia-universidade-catolica-do-parana,https://www.topuniversities.com/sites/default/files/pontifcia-universidade-catlica-do-paran_592560cf2aeae70239af548d_medium.jpg,86.1,32,60.8,79,24.7,=114,50.2,83,86.3,57,81.4,66,63.9,43,20.3,=108
68,69,Universidad de Valparaíso (UV),Chile,Valparaíso,Latin America,50.8,https://www.topuniversities.com/universities/universidad-de-valparaiso-uv,https://www.topuniversities.com/sites/default/files/universidad-de-valparaso-uv_592560cf2aeae70239af54e3_medium.jpg,37.1,152,61.2,77,56.9,54,25.6,=150,33,145,86.8,56,43.7,84,37.5,85
70,70,Universidad Espíritu Santo (UEES),Ecuador,Samborondón,Latin America,50.7,https://www.topuniversities.com/universities/universidad-espiritu-santo-uees,https://www.topuniversities.com/sites/default/files/universidad-espritu-santo_592560cf2aeae70239af5629_medium.jpg,99.9,5,64,75,27.4,=114,52.9,79,49.6,110,76.9,77,15.2,=161,39.3,80
70,71,Universidad Nacional del Litoral,Argentina,Santa Fe,Latin America,50.7,https://www.topuniversities.com/universities/universidad-nacional-del-litoral,https://www.topuniversities.com/sites/default/files/universidad-nacional-del-litoral_592560cf2aeae70239af5122_medium.jpg,54.3,98,41.5,109,63,47,6.8,=150,22.5,=166,79,72,41.9,89,43.6,73
72,72,Universidade Presbiteriana Mackenzie,Brazil,São Paulo,Latin America,49.8,https://www.topuniversities.com/universities/universidade-presbiteriana-mackenzie,https://www.topuniversities.com/sites/default/files/universidade-presbiteriana-mackenzie_2768_medium.jpg,57.4,91,37.1,120,25.7,=114,45.2,96,89,54,54.5,124,52.7,60,52,65
73,73,Universidad del Bío-Bío,Chile,Concepción,Latin America,49.5,https://www.topuniversities.com/universities/universidad-del-bio-bio,https://www.topuniversities.com/sites/default/files/universidad-del-bio-bio_592560cf2aeae70239af5128_medium.jpg,50.3,115,92,30,46.3,73,10.8,=150,72.2,73,84.8,60,39.6,99,23.3,=108
74,74,Universidad Industrial de Santander - UIS,Colombia,Bucaramanga,Latin America,48.8,https://www.topuniversities.com/universities/universidad-industrial-de-santander-uis,https://www.topuniversities.com/sites/default/files/universidad-industrial-de-santander-uis_592560cf2aeae70239af54f6_medium.jpg,13.4,=165,51.3,93,49.5,71,11.5,=150,38.4,131,65.5,97,27.3,152,72.8,44
75,75,Universidad ORT Uruguay,Uruguay,Montevideo,Latin America,48.7,https://www.topuniversities.com/universities/universidad-ort-uruguay,https://www.topuniversities.com/sites/default/files/251114050726pm249935ORT-Logo-bordo-fondo-blanco-90x90.jpg,26.7,=165,6.6,=179,51.5,65,94.4,13,8.1,=166,16.2,=170,22.6,=161,73.8,43
76,76,Universidad de Lima,Peru,Lima,Latin America,48.6,https://www.topuniversities.com/universities/universidad-de-lima,https://www.topuniversities.com/sites/default/files/230207011108pm679897LOGO-ULIMA-90x90.jpg,23.5,=165,14.3,=179,53.2,64,17.2,=150,9.2,=166,47.5,150,38.6,103,88.8,23
77,77,Universidad de Palermo (UP),Argentina,Buenos Aires,Latin America,48.3,https://www.topuniversities.com/universities/universidad-de-palermo,https://www.topuniversities.com/sites/default/files/universidad-de-palermo-up_592560cf2aeae70239af54de_medium.jpg,1.7,=165,4.9,=179,56.2,55,99.1,6,29.4,157,16.4,=170,36.8,107,60.9,54
78,78,Instituto Tecnológico de Buenos Aires (ITBA),Argentina,Buenos Aires,Latin America,47.7,https://www.topuniversities.com/universities/instituto-tecnologico-de-buenos-aires-itba,https://www.topuniversities.com/sites/default/files/instituto-tecnolgico-de-buenos-aires-itba_592560cf2aeae70239af4bae_medium.jpg,37.6,147,8.5,179,46.1,74,69.8,45,12.2,166,13.9,170,15.8,161,84.2,28
78,79,Universidad Nacional de Cuyo,Argentina,Mendoza,Latin America,47.6,https://www.topuniversities.com/universities/universidad-nacional-de-cuyo,https://www.topuniversities.com/sites/default/files/universidad-nacional-de-cuyo_592560cf2aeae70239af5124_medium.jpg,25.6,=165,27.6,157,62.3,49,36.7,123,7.8,=166,78.5,75,22.3,=161,45.6,71
80,80,Universidade Federal do Rio Grande do Norte (UFRN),Brazil,Rio Grande do Norte,Latin America,47.2,https://www.topuniversities.com/universities/universidade-federal-do-rio-grande-do-norte-ufrn,https://www.topuniversities.com/sites/default/files/universidade-federal-do-rio-grande-do-norte_592560cf2aeae70239af5357_medium.jpg,48.9,122,78.8,52,30.8,109,19.9,=150,96.1,29,95.5,25,87.3,25,6,=108
81,81,Universidade Federal de Pelotas,Brazil,Pelotas,Latin America,46.5,https://www.topuniversities.com/universities/universidade-federal-de-pelotas,https://www.topuniversities.com/sites/default/files/universidade-federal-de-pelotas-_592560cf2aeae70239af553d_medium.jpg,59.9,85,85.1,42,25.4,=114,50,85,95.9,31,75.2,82,47.6,74,9,=108
82,82,Universidade Federal da Paraíba,Brazil,João Pessoa,Latin America,46.4,https://www.topuniversities.com/universities/universidade-federal-da-paraba,https://www.topuniversities.com/sites/default/files/220304121353pm298963ufpb-90x90.jpeg,36.8,154,71.2,67,28.1,=114,21,=150,94.3,40,94.2,32,77.3,35,17.9,=108
83,83,Universidad de Las Américas (UDLA) Ecuador,Ecuador,Quito,Latin America,46.3,https://www.topuniversities.com/universities/universidad-de-las-americas-udla-ecuador,https://www.topuniversities.com/sites/default/files/251111022435pm932572UDLA-90x90.jpg,66.8,64,18.2,=179,54.4,58,42.6,107,11.6,=166,65.1,100,12.4,=161,37.5,86
84,84,Universidad Nacional de San Martín (UNSAM),Argentina,Buenos Aires,Latin America,46,https://www.topuniversities.com/universities/universidad-nacional-de-san-martin-unsam,https://www.topuniversities.com/sites/default/files/universidad-nacional-de-san-martn-unsam_592560cf2aeae70239af5690_medium.jpg,20.9,=165,54.2,88,57.4,53,15.3,=150,57.9,97,81.6,65,35.9,112,21.9,=108
85,85,Universidade Estadual de Maringá,Brazil,Maringá,Latin America,45.7,https://www.topuniversities.com/universities/universidade-estadual-de-maringa,https://www.topuniversities.com/sites/default/files/universidade-estadual-de-maring_592560cf2aeae70239af5529_medium.jpg,61.6,79,82.2,45,18.8,=114,47.8,88,95.4,37,78.6,73,81.4,30,6,=108
85,86,Universidade Federal de Uberlândia,Brazil,Uberlândia,Latin America,45.7,https://www.topuniversities.com/universities/universidade-federal-de-uberlandia,https://www.topuniversities.com/sites/default/files/universidade-federal-de-uberlndia_592560cf2aeae70239af5544_medium.jpg,55,97,65.4,71,26.1,=114,40.1,116,94.1,42,85.4,59,51.2,62,11.5,=108
87,87,Universidade Federal do ABC,Brazil,Santo André,Latin America,45.5,https://www.topuniversities.com/universities/universidade-federal-do-abc,https://www.topuniversities.com/sites/default/files/universidade-federal-do-abc_59b033e4acb2956e0b3fac91_medium.jpg,85.6,34,98.8,16,20.9,=114,11.8,=150,99.7,=3,74.7,84,49.1,69,11.9,=108
88,88,Escuela Politécnica Nacional,Ecuador,Quito,Latin America,45.3,https://www.topuniversities.com/universities/escuela-politecnica-nacional,https://www.topuniversities.com/sites/default/files/escuela-politcnica-nacional_592560cf2aeae70239af589c_medium.jpg,31.2,=165,74.2,59,42.1,86,33.2,146,42.7,120,62.1,108,33,126,40.4,75
88,89,Universidad Peruana de Ciencias Aplicadas (UPC),Peru,Monterrico,Latin America,45.3,https://www.topuniversities.com/universities/universidad-peruana-de-ciencias-aplicadas-upc,https://www.topuniversities.com/sites/default/files/240206095824pm847134upc-logo-90x90.jpg,1.4,=165,15.4,=179,58.4,50,10.9,=150,5.6,=166,43.5,168,34.5,121,84.1,29
90,90,Universidade Federal de Lavras,Brazil,Lavras,Latin America,45.1,https://www.topuniversities.com/universities/universidade-federal-de-lavras,https://www.topuniversities.com/sites/default/files/universidade-federal-de-lavras_2742_medium.jpg,64.2,71,99.6,8,18.2,=114,28.4,=150,98.3,19,80.2,68,62.1,45,11.1,=108
91,91,Universidad Nacional de Mar del Plata,Argentina,Mar del Plata,Latin America,45,https://www.topuniversities.com/universities/universidad-nacional-de-mar-del-plata,https://www.topuniversities.com/sites/default/files/universidad-nacional-de-mar-del-plata_592560cf2aeae70239af5125_medium.jpg,40.5,139,74,60,44.1,82,13.2,=150,57.1,99,74.5,85,49.5,68,24,=108
92,92,Universidade Federal de Juiz de Fora- (UFJF),Brazil,Juiz de For a,Latin America,44.2,https://www.topuniversities.com/universities/universidade-federal-de-juiz-de-fora-ufjf,https://www.topuniversities.com/sites/default/files/universidade-federal-de-juiz-de-fora-ufjf_592560cf2aeae70239af5539_medium.jpg,32.4,=165,65.5,70,21.1,=114,55.1,76,91.3,51,91.2,46,46,78,15.7,=108
93,93,Universidad ICESI,Colombia,Cali,Latin America,43.7,https://www.topuniversities.com/universities/universidad-icesi,https://www.topuniversities.com/sites/default/files/universidad-icesi_592560cf2aeae70239af5150_medium.jpg,59.3,86,17,=179,34.6,100,97.2,11,7,=166,33.8,=170,53.6,59,39.5,79
94,94,Universidade Federal do Espírito Santo,Brazil,Vitória,Latin America,43.5,https://www.topuniversities.com/universities/universidade-federal-do-espirito-santo,https://www.topuniversities.com/sites/default/files/universidade-federal-do-esprito-santo_592560cf2aeae70239af5547_medium.jpg,54.2,99,77.9,54,14.9,=114,34.8,134,96.2,28,94.6,30,76.5,36,6,=108
95,95,Universidad Autónoma de Chile,Chile,Providencia,Latin America,43.3,https://www.topuniversities.com/universities/universidad-autonoma-de-chile,https://www.topuniversities.com/sites/default/files/universidad-autnoma-de-chile_592560e09988f300e2320bc6_medium.jpg,93.5,16,48.9,98,34.5,101,13.5,=150,23.9,=166,90.2,47,36.9,106,22,=108
95,96,Universidad Nacional del Sur,Argentina,Bahia Blanca,Latin America,43.3,https://www.topuniversities.com/universities/universidad-nacional-del-sur,https://www.topuniversities.com/sites/default/files/universidad-nacional-del-sur_592560cf2aeae70239af550a_medium.jpg,45.7,128,33.3,136,35.3,96,45.5,93,54.3,102,82.6,64,37.3,105,21.2,=108
95,97,Universidad Tecnológica Nacional (UTN),Argentina,Buenos Aires,Latin America,43.3,https://www.topuniversities.com/universities/universidad-tecnologica-nacional-utn,https://www.topuniversities.com/sites/default/files/250314113953am81912602-LOGO-MONTESERRAT-2025-90x90.jpg,34.8,164,3.2,=179,25.4,=114,60.4,67,13.4,=166,46.2,155,61.7,47,74.2,42
98,98,Universidad Católica del Norte,Chile,Antofagasta,Latin America,43,https://www.topuniversities.com/universities/universidad-catolica-del-norte,https://www.topuniversities.com/sites/default/files/universidad-catlica-del-norte_592560cf2aeae70239af54b9_medium.jpg,63.9,73,87.1,37,27.1,=114,24.7,=150,32.8,146,93.5,39,47,75,23,=108
98,99,Universidade Federal do Pará,Brazil,Belém,Latin America,43,https://www.topuniversities.com/universities/universidade-federal-do-para,https://www.topuniversities.com/sites/default/files/universidade-federal-do-par_592560cf2aeae70239af554d_medium.jpg,39.5,142,58.7,80,25,=114,18.6,=150,93.4,45,93.8,38,75,37,11,=108
100,100,Universidad San Ignacio de Loyola (USIL),Peru,La Molina,Latin America,42.9,https://www.topuniversities.com/universities/universidad-san-ignacio-de-loyola-usil,https://www.topuniversities.com/sites/default/files/universidad-san-ignacio-de-loyola_592560cf2aeae70239af5514_medium.jpg,83.7,39,29.4,147,38.1,91,6.8,=150,15,=166,57.3,118,20.4,=161,52.9,62
101,101,Federal University of Technology-Parana,Brazil,Curitiba,Latin America,41.1,https://www.topuniversities.com/universities/federal-university-technology-parana,https://www.topuniversities.com/sites/default/files/universidade-tecnolgica-federal-do-paran_592560cf2aeae70239af5556_medium.jpg,62.4,76,64.3,74,10,=114,36.1,128,90.8,52,96.5,23,40.9,95,11.5,=108
102,102,Universidade Estadual de Londrina,Brazil,Londrina,Latin America,40.6,https://www.topuniversities.com/universities/universidade-estadual-de-londrina,https://www.topuniversities.com/sites/default/files/universidade-estadual-de-londrina_592560cf2aeae70239af5528_medium.jpg,54,100,66,69,19.4,=114,29.1,=150,95.6,35,56.7,120,49.7,67,17.4,=108
103,103,Universidad de Tarapaca,Chile,Arica,Latin America,40.4,https://www.topuniversities.com/universities/universidad-de-tarapaca,https://www.topuniversities.com/sites/default/files/universidad-de-tarapaca_592560cf2aeae70239af5130_medium.jpg,92.3,20,99.8,5,21.5,=114,9.7,=150,40.2,124,95.4,26,29.9,140,9.1,=108
104,104,Universidad Nacional de Ingeniería ,Peru,Lima,Latin America,40.3,https://www.topuniversities.com/universities/universidad-nacional-de-ingenieria,https://www.topuniversities.com/sites/default/files/universidad-nacional-de-ingeniera-_592560cf2aeae70239af57dd_medium.jpg,7.1,=165,23.3,172,44.7,78,17.8,=150,3.5,=166,32.6,=170,40.9,94,78.2,38
104,105,Universidad del Zulia,Venezuela,Maracaibo,Latin America,40.3,https://www.topuniversities.com/universities/universidad-del-zulia,https://www.topuniversities.com/sites/default/files/universidad-del-zulia_592560cf2aeae70239af5636_medium.jpg,6.9,=165,71.7,64,54.8,57,9.7,=150,n/a,n/a,56.4,122,11.5,=161,52.3,64
106,106,Universidade Federal do Rio Grande ,Brazil,Rio Grande,Latin America,39.8,https://www.topuniversities.com/universities/universidade-federal-do-rio-grande,https://www.topuniversities.com/sites/default/files/universidade-federal-do-rio-grande-_592560cf2aeae70239af554c_medium.jpg,75.3,54,86.3,39,11.2,=114,38.5,117,91.8,48,80.9,67,32.3,=128,n/a,n/a
106,107,Universidade do Vale do Rio Dos Sinos - UNISINOS,Brazil,São Leopoldo,Latin America,39.8,https://www.topuniversities.com/universities/universidade-do-vale-do-rio-dos-sinos-unisinos,https://www.topuniversities.com/sites/default/files/universidade-do-vale-do-rio-dos-sinos_592560cf2aeae70239af5526_medium.jpg,62,78,91,33,18.3,=114,13.2,=150,80.9,67,54.2,126,74.5,38,15.6,=108
108,108,Universidade Federal de Goiás,Brazil,Goiânia,Latin America,39.5,https://www.topuniversities.com/universities/universidade-federal-de-goias,https://www.topuniversities.com/sites/default/files/universidade-federal-de-gois_592560cf2aeae70239af5537_medium.jpg,50.8,113,82.7,44,19.2,=114,19.9,=150,60.3,94,88.2,52,85.2,26,7.9,=108
108,109,Universidade Federal de Itajubá,Brazil,Itajubá,Latin America,39.5,https://www.topuniversities.com/universities/universidade-federal-de-itajuba,https://www.topuniversities.com/sites/default/files/universidade-federal-de-itajub_592560cf2aeae70239af5538_medium.jpg,65.3,67,91.4,32,9.5,=114,24.9,=150,97.9,21,49.8,145,63.9,42,16.1,=108
110,110,Universidade Federal de Ouro Preto ,Brazil,Ouro Preto,Latin America,39.4,https://www.topuniversities.com/universities/universidade-federal-de-ouro-preto,https://www.topuniversities.com/sites/default/files/universidade-federal-de-ouro-preto-_592560cf2aeae70239af553b_medium.jpg,42.4,136,78.6,53,17.9,=114,31.6,=150,93.7,44,59.8,109,44.7,80,16.4,=108
111,111,Universidad de Belgrano (UB),Argentina,Buenos Aires,Latin America,39,https://www.topuniversities.com/universities/universidad-de-belgrano-ub,https://www.topuniversities.com/sites/default/files/230203072839pm689446isotipo2022-Institucional-fondo-institucional-90x90.jpg,n/a,n/a,2.3,=179,45.1,77,92.6,20,3.8,=166,n/a,n/a,18.8,=161,64.8,51
112,112,Universidad Alberto Hurtado,Chile,Santiago,Latin America,38.1,https://www.topuniversities.com/universities/universidad-alberto-hurtado,https://www.topuniversities.com/sites/default/files/universidad-alberto-hurtado_716_medium.jpg,7.9,=165,91.8,31,44.6,80,9.6,=150,59.3,96,20.3,=170,27.4,150,36.5,88
113,113,Yachay Tech University,Ecuador,Urcuqui,Latin America,37.6,https://www.topuniversities.com/universities/yachay-tech-university,https://www.topuniversities.com/sites/default/files/240208083840pm239397200x200px-90x90.jpg,93.2,17,99.5,9,11.2,=114,43.4,104,74.1,70,53.9,128,11.6,=161,2.7,=108
114,114,Universidade Federal Rural de Pernambuco (UFRPE),Brazil,Recife,Latin America,37.5,https://www.topuniversities.com/universities/universidade-federal-rural-de-pernambuco-ufrpe,https://www.topuniversities.com/sites/default/files/220907114005am603222universidade-federal-rural-de-pernambuco-logo-90x90.jpg,30.4,=165,81.2,47,n/a,n/a,99.6,3,99.9,2,66.4,96,41.8,90,n/a,n/a
115,115,Universidad Nacional Agraria la Molina,Peru,Lima,Latin America,37.3,https://www.topuniversities.com/universities/universidad-nacional-agraria-la-molina,https://www.topuniversities.com/sites/default/files/universidad-nacional-agraria-la-molina_592560cf2aeae70239af515c_medium.jpg,22.4,=165,33,138,39.3,88,31.7,=150,21.6,=166,51.2,141,29.8,141,40,78
116,116,Universidad de Medellín,Colombia,Medellin,Latin America,37.2,https://www.topuniversities.com/universities/universidad-de-medellin,https://www.topuniversities.com/sites/default/files/universidad-de-medelln_592560cf2aeae70239af5337_medium.jpg,77.6,49,46.6,103,37.6,92,37.8,118,25,=166,25.3,=170,11.5,=161,23.9,=108
117,117,Universidad de Cuenca,Ecuador,Cuenca,Latin America,37.1,https://www.topuniversities.com/universities/universidad-de-cuenca,https://www.topuniversities.com/sites/default/files/universidad-de-cuenca_592560cf2aeae70239af54cc_medium.jpg,47.4,125,28.9,152,43.7,84,12.5,=150,17.1,=166,68.7,88,32.5,127,23.4,=108
118,118,Universidade Estadual de Ponta Grossa ,Brazil,Ponta Grossa,Latin America,36.7,https://www.topuniversities.com/universities/universidade-estadual-de-ponta-grossa,https://www.topuniversities.com/sites/default/files/universidade-estadual-de-ponta-grossa-_592560cf2aeae70239af552c_medium.jpg,64,72,25.3,163,6,=114,73.5,40,96.5,26,59.4,110,35,117,4.5,=108
119,119,Universidad de La Serena,Chile,La Serena,Latin America,36.3,https://www.topuniversities.com/universities/universidad-de-la-serena,https://www.topuniversities.com/sites/default/files/universidad-de-la-serena_1712_medium.jpg,83.5,41,74.9,57,27.6,=114,9.9,=150,31.1,150,58.3,115,21.1,=161,16.7,=108
119,120,Universidade Paulista ,Brazil,São Paulo,Latin America,36.3,https://www.topuniversities.com/universities/universidade-paulista,https://www.topuniversities.com/sites/default/files/universidade-paulista-_592560cf2aeae70239af5622_medium.jpg,96.2,12,26.4,160,17.9,=114,1.8,=150,41.8,122,32.3,=170,36,111,45,72
121,121,Universidad de Antofagasta,Chile,Antofagasta,Latin America,36.2,https://www.topuniversities.com/universities/universidad-de-antofagasta,https://www.topuniversities.com/sites/default/files/universidad-de-antofagasta_592560cf2aeae70239af512c_medium.jpg,92.1,21,56.1,85,22.6,=114,24.8,=150,22.7,=166,75.9,79,20.8,=161,12.3,=108
121,122,Universidad de Piura,Peru,Piura,Latin America,36.2,https://www.topuniversities.com/universities/universidad-de-piura,https://www.topuniversities.com/sites/default/files/universidad-de-piura_592560cf2aeae70239af515d_medium.jpg,1.8,=165,15.3,=179,45.2,76,18.5,=150,28.6,160,21.9,=170,26.7,156,59.3,58
123,123,Universidad Nacional de Asunción,Paraguay,San Lorenzo,Latin America,36.1,https://www.topuniversities.com/universities/universidad-nacional-de-asuncion,https://www.topuniversities.com/sites/default/files/universidad-nacional-de-la-asuncin_592560cf2aeae70239af5503_medium.jpg,26.1,=165,3.6,=179,33.9,104,64.1,57,10.8,=166,52.8,136,39.4,100,34,92
124,124,Universidade Federal de Mato Grosso do Sul,Brazil,Campo Grande,Latin America,n/a,https://www.topuniversities.com/universities/universidade-federal-de-mato-grosso-do-sul,https://www.topuniversities.com/sites/default/files/universidade-federal-do-mato-grosso-do-sul-_592560cf2aeae70239af554a_medium.jpg,60.8,83,56.4,84,5.8,=114,36.3,124,91.4,49,75.4,81,55.5,55,2.5,=108
124,125,Universidad Argentina de la Empresa (UADE),Argentina,Buenos Aires,Latin America,n/a,https://www.topuniversities.com/universities/universidad-argentina-de-la-empresa-uade,https://www.topuniversities.com/sites/default/files/universidad-argentina-de-la-empresa-uade_592560cf2aeae70239af5494_medium.jpg,6.5,=165,1.7,=179,27.6,=114,99.2,4,3.7,=166,2.7,=170,15.9,=161,66.1,49
124,126,Universidad Católica de la Santísima Concepción (UCSC),Chile,Concepción,Latin America,n/a,https://www.topuniversities.com/universities/universidad-catolica-de-la-santisima-concepcion-ucsc,https://www.topuniversities.com/sites/default/files/universidad-catlica-de-la-santsima-concepcin-ucsc_592560cf2aeae70239af54b6_medium.jpg,43.1,134,73.5,61,24,=114,22.2,=150,31.3,149,86,57,24.8,=161,17.5,=108
124,127,Universidade Federal de Campina Grande,Brazil,Campina Grande,Latin America,n/a,https://www.topuniversities.com/universities/universidade-federal-de-campina-grande,https://www.topuniversities.com/sites/default/files/universidade-federal-de-campina-grande_592560cf2aeae70239af5536_medium.jpg,13.4,=165,58.3,81,17,=114,63.4,60,84.9,61,71.3,87,35.9,113,5.4,=108
124,128,Universidade do Estado de Santa Catarina,Brazil,Florianópolis,Latin America,n/a,https://www.topuniversities.com/universities/universidade-do-estado-de-santa-catarina,https://www.topuniversities.com/sites/default/files/universidade-do-estado-de-santa-catarina_592560cf2aeae70239af5522_medium.jpg,36.1,157,25.1,164,24.7,=114,29.1,=150,100,1,52.2,137,37.7,104,8.4,=108
129,129,Pontifícia Universidade Católica de Campinas,Brazil,Campinas,Latin America,n/a,https://www.topuniversities.com/universities/pontificia-universidade-catolica-de-campinas,https://www.topuniversities.com/sites/default/files/pontifcia-universidade-catlica-de-campinas_592560cf2aeae70239af548b_medium.jpg,40.1,140,32.7,139,26.8,=114,23,=150,79.1,69,16.9,=170,28.3,145,31.9,94
129,130,Universidad Mayor de San Andrés (UMSA),Bolivia,La Paz,Latin America,n/a,https://www.topuniversities.com/universities/universidad-mayor-de-san-andres-umsa,https://www.topuniversities.com/sites/default/files/universidad-mayor-de-san-andrs-umsa_592560cf2aeae70239af561a_medium.jpg,98,11,9,=179,31.2,107,2.3,=150,5.6,=166,62.5,107,31,134,22.8,=108
129,131,Universidad Metropolitana,Venezuela,Caracas,Latin America,n/a,https://www.topuniversities.com/universities/universidad-metropolitana,https://www.topuniversities.com/sites/default/files/universidad-metropolitana_400_medium.jpg,n/a,n/a,3.2,=179,40.8,87,13.9,=150,19.6,=166,9,=170,12.6,=161,77.2,39
129,132,Universidad Nacional de Tucumà¡n,Argentina,San Miguel de Tucumán,Latin America,n/a,https://www.topuniversities.com/universities/universidad-nacional-de-tucuman,https://www.topuniversities.com/sites/default/files/universidad-nacional-de-tucumn_592560cf2aeae70239af5123_medium.jpg,31.3,=165,19.6,=179,38.9,89,7.6,=150,8.9,=166,89.9,49,39.3,101,25.6,=108
129,133,Universidad Nacional del Centro de la Provincia de Buenos Aires (UNICEN),Argentina,Tandil,Latin America,n/a,https://www.topuniversities.com/universities/universidad-nacional-del-centro-de-la-provincia-de-buenos-aires-unicen,https://www.topuniversities.com/sites/default/files/universidad-nacional-del-centro-de-la-provincia-de-buenos-aires-unicen_592560cf2aeae70239af568f_medium.jpg,13.7,=165,14.2,=179,29.1,=114,92.9,18,3.9,=166,34.9,=170,56.4,54,29.2,105
129,134,Universidad de Magallanes,Chile,Punta Arenas,Latin America,n/a,https://www.topuniversities.com/universities/universidad-de-magallanes,https://www.topuniversities.com/sites/default/files/universidad-de-magallanes_592560cf2aeae70239af5132_medium.jpg,99,10,49.9,95,13.3,=114,55,77,8.6,=166,65.3,99,19.4,=161,10.1,=108
129,135,Universidade Federal de Alagoas ,Brazil,Maceio,Latin America,n/a,https://www.topuniversities.com/universities/universidade-federal-de-alagoas,https://www.topuniversities.com/sites/default/files/universidade-federal-de-alagoas-_592560cf2aeae70239af5533_medium.jpg,51.2,111,40.7,113,9.3,=114,37.7,119,67.5,79,84.2,62,52.5,61,4.6,=108
129,136,Universidade Federal de Sergipe (UFS) ,Brazil,São Christovão,Latin America,n/a,https://www.topuniversities.com/universities/universidade-federal-de-sergipe-ufs,https://www.topuniversities.com/sites/default/files/universidade-federal-de-sergipe-ufs-_592560cf2aeae70239af5542_medium.jpg,33.4,=165,47.7,101,9.3,=114,33.2,145,88.3,55,87.1,54,50.8,64,7.5,=108
137,137,Pontifícia Universidade Católica de Minas Gerais,Brazil,Belo Horizonte,Latin America,n/a,https://www.topuniversities.com/universities/pontificia-universidade-catolica-de-minas-gerais,https://www.topuniversities.com/sites/default/files/pontifcia-universidade-catlica-do-minas-gerais_592560cf2aeae70239af548c_medium.jpg,46.8,126,18.4,=179,29.6,113,9.1,=150,44.1,118,39.5,=170,36.2,109,30.3,102
137,138,Universidad Bernardo O'Higgins,Chile,Santiago,Latin America,n/a,https://www.topuniversities.com/universities/universidad-bernardo-ohiggins,https://www.topuniversities.com/sites/default/files/universidad-bernardo-ohiggins_5aa25b5e6ee6c81c63496cfc_medium.jpg,12.3,=165,63.2,76,24.8,=114,26.8,=150,29.9,155,59.2,113,13.9,=161,38.1,84
137,139,Universidad Católica de Temuco,Chile,Temuco,Latin America,n/a,https://www.topuniversities.com/universities/universidad-catolica-de-temuco,https://www.topuniversities.com/sites/default/files/universidad-catlica-de-temuco_592560cf2aeae70239af54b7_medium.jpg,10.5,=165,99.8,6,25.9,=114,5.8,=150,63.7,88,71.8,86,26.3,=161,11.2,=108
137,140,Universidad Central del Ecuador,Ecuador,Quito,Latin America,n/a,https://www.topuniversities.com/universities/universidad-central-del-ecuador,https://www.topuniversities.com/sites/default/files/universidad-central-del-ecuador_592560cf2aeae70239af54be_medium.jpg,32.9,=165,8.3,=179,42.5,85,27.6,=150,1.5,=166,45.6,159,17.8,=161,30.7,100
137,141,Universidad Mayor,Chile,Santiago,Latin America,n/a,https://www.topuniversities.com/universities/universidad-mayor,https://www.topuniversities.com/sites/default/files/universidad-mayor_592560cf2aeae70239af512d_medium.jpg,91.2,24,33.5,135,15.2,=114,11,=150,16.2,=166,77.3,76,27.3,151,23.1,=108
137,142,Universidad Nacional de Quilmes,Argentina,Bernal,Latin America,n/a,https://www.topuniversities.com/universities/universidad-nacional-de-quilmes,https://www.topuniversities.com/sites/default/files/universidad-nacional-de-quilmes_592560df9988f300e23209d5_medium.jpg,10.7,=165,29.9,146,36.8,95,8.3,=150,66.5,82,58.9,114,43.7,85,13,=108
137,143,Universidad Regional Amazónica Ikiam,Ecuador,"Parroquia Muyuna,",Latin America,n/a,https://www.topuniversities.com/universities/universidad-regional-amazonica-ikiam,https://www.topuniversities.com/sites/default/files/240924090049pm216150Logo-Ikiam-200-90x90.jpg,83.6,40,74.3,58,4.3,=114,88.1,22,54,103,36.5,=170,8.6,=161,n/a,n/a
137,144,Universidad San Sebastian - Chile,Chile,Santiago,Latin America,n/a,https://www.topuniversities.com/universities/universidad-san-sebastian-chile,https://www.topuniversities.com/sites/default/files/250107062226pm890484ESCUDO-USS-vertical-color-1-90x90.jpg,38.4,144,21.8,177,16,=114,52.2,81,4.9,=166,91.5,45,36.4,108,26.2,=108
137,145,Universidade Federal Rural do Rio de Janeiro ,Brazil,Rio de Janeiro,Latin America,n/a,https://www.topuniversities.com/universities/universidade-federal-rural-do-rio-de-janeiro,https://www.topuniversities.com/sites/default/files/universidade-federal-rural-do-rio-de-janeiro-_592560cf2aeae70239af554f_medium.jpg,22.1,=165,61.2,78,12.5,=114,46.8,89,98.1,20,52.1,138,24.7,=161,7.5,=108
137,146,Universidade Federal de Alfenas ,Brazil,Alfenas,Latin America,n/a,https://www.topuniversities.com/universities/universidade-federal-de-alfenas,https://www.topuniversities.com/sites/default/files/universidade-federal-de-alfenas-_592560cf2aeae70239af5534_medium.jpg,49.4,120,76.6,56,3,=114,52.8,80,96.9,23,35.5,=170,12.6,=161,10,=108
147,147,Federal University of Piauí,Brazil,Teresina,Latin America,n/a,https://www.topuniversities.com/universities/federal-university-piaui,https://www.topuniversities.com/sites/default/files/220907114339am202321Universidade-Federal-Do-Piaui-90x90.jpg,66.9,63,48.3,99,n/a,n/a,36.1,127,95.9,30,67.5,91,30,139,n/a,n/a
147,148,Universidad Nacional del Comahue,Argentina,Neuquén,Latin America,n/a,https://www.topuniversities.com/universities/universidad-nacional-del-comahue,https://www.topuniversities.com/sites/default/files/universidad-nacional-del-comahue_592560cf2aeae70239af5692_medium.jpg,52.5,105,11.1,=179,29.8,112,44.8,98,n/a,n/a,56.7,121,26.6,157,22.5,=108
147,149,Universidade Estadual de Santa Cruz,Brazil,Ilhéus,Latin America,n/a,https://www.topuniversities.com/universities/universidade-estadual-de-santa-cruz,,43.3,133,53.4,89,1.2,=114,80.3,32,94.7,39,52,139,n/a,n/a,n/a,n/a
147,150,Universidade Estadual do Norte Fluminense Darcy Ribeiro,Brazil,Campos dos Goytacazes,Latin America,n/a,https://www.topuniversities.com/universities/universidade-estadual-do-norte-fluminense-darcy-ribeiro,https://www.topuniversities.com/sites/default/files/universidade-estadual-do-norte-fluminense-_592560cf2aeae70239af5530_medium.jpg,63.8,74,99.2,13,7.1,=114,55,78,20.2,=166,59.4,111,31.3,132,7.3,=108
147,151,Universidade Federal do Amazonas-UFAM ,Brazil,Manaus,Latin America,n/a,https://www.topuniversities.com/universities/universidade-federal-do-amazonas-ufam,https://www.topuniversities.com/sites/default/files/universidade-federal-do-amazonas-ufam-_592560cf2aeae70239af5546_medium.jpg,27.2,=165,38.5,117,15.8,=114,27.6,=150,65.2,85,67.3,92,58.4,51,11.4,=108
147,152,Universidade Federal do Estado do Rio de Janeiro,Brazil,Rio de Janeiro,Latin America,n/a,https://www.topuniversities.com/universities/universidade-federal-do-estado-do-rio-de-janeiro,https://www.topuniversities.com/sites/default/files/231206043418pm698119logo-unirio-qs-90x90.jpg,23.8,=165,44.3,107,16.8,=114,26.9,=150,95.6,34,45.5,160,22,=161,13.4,=108
147,153,Universidade de Passo Fundo ,Brazil,Passo Fundo,Latin America,n/a,https://www.topuniversities.com/universities/universidade-de-passo-fundo,https://www.topuniversities.com/sites/default/files/universidade-de-passo-fundo-_592560cf2aeae70239af551e_medium.jpg,99.4,7,36,124,7.2,=114,11.1,=150,68.1,77,53.7,129,34.8,118,6,=108
154,154,"Universidad Católica de Córdoba (UCC), Jesuitas",Argentina,Córdoba,Latin America,n/a,https://www.topuniversities.com/universities/universidad-catolica-de-cordoba-ucc-jesuitas,https://www.topuniversities.com/sites/default/files/231204014402pm206077LOGO-UCC-Mesa-de-trabajo-1-90x90.jpg,17.8,=165,6.8,=179,34.7,99,40.3,113,61.5,89,15.2,=170,20,=161,22.9,=108
154,155,Universidad Técnica Particular de Loja,Ecuador,Loja,Latin America,n/a,https://www.topuniversities.com/universities/universidad-tecnica-particular-de-loja,https://www.topuniversities.com/sites/default/files/universidad-tcnica-particular-de-loja_592560cf2aeae70239af593c_medium.jpg,19.7,=165,29.4,148,36.9,94,14.8,=150,13.9,=166,63.4,106,41.6,91,20.1,=108
154,156,Universidad de la Costa,Colombia,Barranquilla,Latin America,n/a,https://www.topuniversities.com/universities/universidad-de-la-costa,https://www.topuniversities.com/sites/default/files/universidad-de-la-costa_592560e99988f300e23224d2_medium.jpg,95.4,13,92.6,27,8.4,=114,12.5,=150,11.8,=166,93.8,37,13.8,=161,n/a,n/a
154,157,Universidad del Azuay,Ecuador,Cuenca,Latin America,n/a,https://www.topuniversities.com/universities/universidad-del-azuay,https://www.topuniversities.com/sites/default/files/universidad-del-azuay_592560cf2aeae70239af54e6_medium.jpg,69.8,58,34.2,133,24.3,=114,12.5,=150,13.5,=166,75.6,80,20.3,=161,12.8,=108
154,158,Universidade Federal de São João del-Rei ,Brazil,São João del Rei,Latin America,n/a,https://www.topuniversities.com/universities/universidade-federal-de-sao-joao-del-rei,https://www.topuniversities.com/sites/default/files/universidade-federal-de-so-joo-del-rei-_592560cf2aeae70239af5540_medium.jpg,35.6,160,67.1,68,10,=114,18.5,=150,91.3,50,42.9,=170,44.4,82,10.3,=108
159,159,Centro Federal de Educacao Tecnologica de Minas Gerais,Brazil,Belo Horizonte,Latin America,n/a,https://www.topuniversities.com/universities/centro-federal-de-educacao-tecnologica-de-minas-gerais,,38.4,143,42.2,108,1.3,=114,72.2,43,90.7,53,18.5,=170,n/a,n/a,1,=108
159,160,"Instituto Federal de Educação, Ciência e Tecnologia do Paraná - IFPR",Brazil,Paranavaí,Latin America,n/a,https://www.topuniversities.com/universities/instituto-federal-de-educacao-ciencia-e-tecnologia-do-parana-ifpr,https://www.topuniversities.com/sites/default/files/instituto-federal-de-educao-cincia-e-tecnologia-do-paran-ifpr_592560e09988f300e2320bf4_medium.jpg,84.6,37,22.9,174,5.8,=114,41.9,108,48.6,113,26.4,=170,25.5,=161,12.5,=108
159,161,Federal University of Grande Dourados,Brazil,Dourados,Latin America,n/a,https://www.topuniversities.com/universities/federal-university-grande-dourados,,44.5,132,57.2,83,1.6,=114,68.3,49,97.8,22,18.2,=170,n/a,n/a,n/a,n/a
159,162,Fundación Universidad de Bogotá Jorge Tadeo Lozano,Colombia,Bogotá,Latin America,n/a,https://www.topuniversities.com/universities/fundacion-universidad-de-bogota-jorge-tadeo-lozano,https://www.topuniversities.com/sites/default/files/fundacin-universidad-de-bogot-jorge-tadeo-lozano_592560cf2aeae70239af5482_medium.jpg,35.3,162,31.7,142,34.1,103,21.9,=150,11.3,=166,32.1,=170,26.3,=161,22.1,=108
159,163,Universidad Católica de Santiago de Guayaquil,Ecuador,Guayaquil,Latin America,n/a,https://www.topuniversities.com/universities/universidad-catolica-de-santiago-de-guayaquil,https://www.topuniversities.com/sites/default/files/universidad-catlica-de-santiago-de-guayaquil_592560cf2aeae70239af54b4_medium.jpg,42.1,137,19.7,=179,24.9,=114,9.5,=150,7.9,=166,41.8,=170,11.2,=161,35.6,90
159,164,Universidad Católica del Maule,Chile,Maule,Latin America,n/a,https://www.topuniversities.com/universities/universidad-catolica-del-maule,https://www.topuniversities.com/sites/default/files/universidad-catlica-del-maule_592560cf2aeae70239af54b8_medium.jpg,21,=165,65.2,72,15.5,=114,27.6,=150,25,=166,88.6,51,27.3,153,11.6,=108
159,165,Universidad Central de Chile ,Chile,Santiago,Latin America,n/a,https://www.topuniversities.com/universities/universidad-central-de-chile,https://www.topuniversities.com/sites/default/files/universidad-central-de-chile-_592560cf2aeae70239af54bc_medium.jpg,68.8,60,17.3,=179,25.2,=114,11.1,=150,13.9,=166,43.2,=170,20.4,=161,21,=108
159,166,Universidad Científica del Sur,Peru,Lima,Latin America,n/a,https://www.topuniversities.com/universities/universidad-cientifica-del-sur,https://www.topuniversities.com/sites/default/files/universidad-cientfica-del-sur_592560cf2aeae70239af5a3a_medium.jpg,8.8,=165,14.1,=179,25.3,=114,55.3,75,5.1,=166,57.1,119,27,154,31,99
159,167,Universidad Distrital Francisco José de Caldas,Colombia,Bogotá,Latin America,n/a,https://www.topuniversities.com/universities/universidad-distrital-francisco-jose-de-caldas,https://www.topuniversities.com/sites/default/files/universidad-distrital-francisco-jose-de-caldas_592560cf2aeae70239af514b_medium.jpg,5.8,=165,21.3,=179,25.8,=114,9.5,=150,13.7,=166,53.7,130,34.2,122,31.3,98
159,168,Universidad EIA,Colombia,Envigado,Latin America,n/a,https://www.topuniversities.com/universities/universidad-eia,https://www.topuniversities.com/sites/default/files/240605042723pm546691Logo-EIA-200x200-90x90.jpg,80.3,46,15.7,=179,11,=114,24.2,=150,22.2,=166,12.8,=170,16.5,=161,29.4,103
159,169,Universidad El Bosque ,Colombia,Bogotá,Latin America,n/a,https://www.topuniversities.com/universities/universidad-el-bosque,https://www.topuniversities.com/sites/default/files/universidad-el-bosque_2671_medium.jpg,42.5,135,12.5,=179,18.5,=114,59.9,68,5.5,=166,53,135,13.1,=161,19.5,=108
159,170,Universidad Mayor de San Simón,Bolivia,Cochabamba,Latin America,n/a,https://www.topuniversities.com/universities/universidad-mayor-de-san-simon,https://www.topuniversities.com/sites/default/files/universidad-mayor-de-san-simn-cochabamba-umss_592560cf2aeae70239af561b_medium.jpg,94.6,14,4.2,=179,21.9,=114,2.5,=150,3.7,=166,43.8,167,17.7,=161,16.4,=108
159,171,Universidad Nacional de Río Cuarto - UNRC,Argentina,Río Cuarto,Latin America,n/a,https://www.topuniversities.com/universities/universidad-nacional-de-rio-cuarto-unrc,https://www.topuniversities.com/sites/default/files/universidad-nacional-de-ro-cuarto-unrc_592560cf2aeae70239af5127_medium.jpg,49.8,117,10.9,=179,23.8,=114,60.9,66,6.1,=166,46,157,15.8,=161,17.5,=108
159,172,Universidad Nacional de San Luis,Argentina,San Luis ,Latin America,n/a,https://www.topuniversities.com/universities/universidad-nacional-de-san-luis,https://www.topuniversities.com/sites/default/files/universidad-nacional-de-san-luis_592560cf2aeae70239af5121_medium.jpg,37.6,=147,6.4,=179,20.6,=114,98.1,9,3.2,=166,43.5,169,32.2,130,8.1,=108
159,173,Universidad Politécnica Salesiana,Ecuador,Cuenca,Latin America,n/a,https://www.topuniversities.com/universities/universidad-politecnica-salesiana,https://www.topuniversities.com/sites/default/files/240405030540pm518715Isologo-Color-90x90.jpg,5.8,=165,31.1,145,32.5,105,11.1,=150,15.8,=166,35,=170,33.6,124,40,77
159,174,Universidad Privada Boliviana (UPB),Bolivia,Cochabamba,Latin America,n/a,https://www.topuniversities.com/universities/universidad-privada-boliviana-upb,https://www.topuniversities.com/sites/default/files/211115025237pm217648Logo-Universidad-Privada-Boliviana-90x90.jpeg,37.1,153,4.1,=179,24.1,=114,87.4,23,13.1,=166,12.8,=170,20.1,=161,24.4,=108
159,175,Universidad Tecnológica Metropolitana (UTEM),Chile,Santiago,Latin America,n/a,https://www.topuniversities.com/universities/universidad-tecnologica-metropolitana-utem,https://www.topuniversities.com/sites/default/files/universidad-tecnolgica-metropolitana-utem_592560cf2aeae70239af5518_medium.jpg,64.5,69,41.1,110,12.1,=114,12.7,=150,35.6,139,40.4,=170,22.5,=161,20.8,=108
159,176,Universidad Tecnológica de Pereira,Colombia,Pereira,Latin America,n/a,https://www.topuniversities.com/universities/universidad-tecnologica-de-pereira,https://www.topuniversities.com/sites/default/files/universidad-tecnolgica-de-pereira_592560cf2aeae70239af514f_medium.jpg,45.1,130,26.3,161,23.6,=114,12.3,=150,20.3,=166,48.2,148,40.1,98,27.2,=108
159,177,Universidad UTE,Ecuador,Quito,Latin America,n/a,https://www.topuniversities.com/universities/universidad-ute,https://www.topuniversities.com/sites/default/files/210920032143pm294210LOGO-1-90x90.jpg,100,2,16.9,=179,18.5,=114,26.3,=150,7.6,=166,57.4,117,11.7,=161,14.6,=108
159,178,Universidad de Carabobo,Venezuela,Valencia,Latin America,n/a,https://www.topuniversities.com/universities/universidad-de-carabobo,https://www.topuniversities.com/sites/default/files/universidad-de-carabobo_592560cf2aeae70239af54c5_medium.jpg,2,=165,3.7,=179,34.9,97,29.2,=150,15.8,=166,17.6,=170,27.7,147,48.3,68
159,179,Universidad de Cartagena ,Colombia,Cartagena,Latin America,n/a,https://www.topuniversities.com/universities/universidad-de-cartagena,https://www.topuniversities.com/sites/default/files/universidad-de-cartagena-_592560cf2aeae70239af54c6_medium.jpg,58,89,36.3,121,24.9,=114,12.6,=150,17.1,=166,54,127,14.1,=161,19.2,=108
159,180,Universidad de Córdoba - Colombia,Colombia,Montería,Latin America,n/a,https://www.topuniversities.com/universities/universidad-de-cordoba-colombia,https://www.topuniversities.com/sites/default/files/universidad-de-crdoba-colombia_592560cf2aeae70239af54ca_medium.jpg,9.9,=165,24.7,166,53.5,62,8.9,=150,6.5,=166,32,=170,10.5,=161,19.9,=108
159,181,Universidad de La Salle,Colombia,Bogotá,Latin America,n/a,https://www.topuniversities.com/universities/universidad-de-la-salle,https://www.topuniversities.com/sites/default/files/universidad-de-la-salle_592560cf2aeae70239af5154_medium.jpg,5.7,=165,18.5,=179,34.9,98,19.8,=150,32.4,147,14.8,=170,22.7,=161,27.3,=108
159,182,Universidad de Los Lagos,Chile,Osorno,Latin America,n/a,https://www.topuniversities.com/universities/universidad-de-los-lagos,https://www.topuniversities.com/sites/default/files/universidad-de-los-lagos_592560cf2aeae70239af54d4_medium.jpg,25.7,=165,79.2,51,13.3,=114,9.4,=150,39.2,128,59.4,112,30.1,138,8.8,=108
159,183,Universidad de San Buenaventura,Colombia,Bogotá,Latin America,n/a,https://www.topuniversities.com/universities/universidad-de-san-buenaventura,https://www.topuniversities.com/sites/default/files/universidad-de-san-buenaventura_592560cf2aeae70239af54e2_medium.jpg,24.6,=165,10.5,=179,14.9,=114,90.7,21,25.2,=166,38.7,=170,8.5,=161,9.7,=108
159,184,Universidad de San Martín de Porres,Peru,Lima,Latin America,n/a,https://www.topuniversities.com/universities/universidad-de-san-martin-de-porres,https://www.topuniversities.com/sites/default/files/universidad-de-san-martn-de-porres_592560cf2aeae70239af5159_medium.jpg,5.2,=165,8.9,=179,27.6,=114,8.4,=150,16.1,=166,65.1,102,22.1,=161,38.3,83
159,185,Universidad de Santander - UDES,Colombia,Bucaramanga,Latin America,n/a,https://www.topuniversities.com/universities/universidad-de-santander-udes,https://www.topuniversities.com/sites/default/files/universidad-de-santander-udes_592560cf2aeae70239af54e4_medium.jpg,82.1,43,8.8,=179,19.7,=114,35.7,130,3,=166,46.6,154,13.5,=161,20.9,=108
159,186,Universidad de las Fuerzas Armadas ESPE (Ex - Escuela Politécnica del Ejército),Ecuador,Sangolquí,Latin America,n/a,https://www.topuniversities.com/universities/universidad-de-las-fuerzas-armadas-espe-ex-escuela-politecnica-del-ejercito,https://www.topuniversities.com/sites/default/files/universidad-de-las-fuerzas-armadas-espe-ex-escuela-politcnica-del-ejrcito_592560cf2aeae70239af565d_medium.jpg,7.2,=165,24.4,168,30.4,111,20.9,=150,11.4,=166,45.5,161,25.3,=161,35.7,89
159,187,Universidad del Atlántico,Colombia,Barranquilla,Latin America,n/a,https://www.topuniversities.com/universities/universidad-del-atlantico,https://www.topuniversities.com/sites/default/files/universidad-del-atlntico_592560cf2aeae70239af54e5_medium.jpg,89.2,26,13.1,=179,24.3,=114,8.9,=150,5.5,=166,53.3,133,22.3,=161,12.3,=108
159,188,Universidad del Cauca,Colombia,Popayan,Latin America,n/a,https://www.topuniversities.com/universities/universidad-del-cauca,https://www.topuniversities.com/sites/default/files/universidad-del-cauca_592560cf2aeae70239af514c_medium.jpg,17.9,=165,28.2,155,38.3,90,17.2,=150,10.3,=166,46.1,156,41,93,14,=108
159,189,Universidade Estadual de Feira de Santana,Brazil,Feira de Santana,Latin America,n/a,https://www.topuniversities.com/universities/universidade-estadual-de-feira-de-santana,https://www.topuniversities.com/sites/default/files/universidade-estadual-de-feira-de-santana_592560cf2aeae70239af58a4_medium.jpg,22.7,=165,32.3,140,8.7,=114,62.5,62,85.6,59,24.9,=170,18.7,=161,n/a,n/a
159,190,Universidade Estadual do Oeste do Paraná,Brazil,Foz do Iguaçu,Latin America,n/a,https://www.topuniversities.com/universities/universidade-estadual-do-oeste-do-parana,https://www.topuniversities.com/sites/default/files/universidade-estadual-do-oeste-do-paran_592560cf2aeae70239af5531_medium.jpg,46.3,127,35.9,125,11.4,=114,81.1,31,50.6,107,32.4,=170,30.7,135,2.5,=108
159,191,Universidade Federal do Maranhão,Brazil,São Luís,Latin America,n/a,https://www.topuniversities.com/universities/universidade-federal-do-maranhao,https://www.topuniversities.com/sites/default/files/universidade-federal-do-maranho_592560cf2aeae70239af554b_medium.jpg,19.2,=165,34.8,129,9.4,=114,26.2,=150,73.9,71,67.9,90,51.2,63,14.3,=108
159,192,Universidade Federal do Pampa (UNIPAMPA),Brazil,Bagé,Latin America,n/a,https://www.topuniversities.com/universities/universidade-federal-do-pampa-unipampa,https://www.topuniversities.com/sites/default/files/universidade-federal-do-pampa-unipampa_592560e09988f300e2320bfa_medium.jpg,28.8,=165,38.1,118,4.2,=114,43.4,105,92.4,47,40.9,=170,32.1,131,4.5,=108
159,193,Universidade Federal dos Vales do Jequitinhonha e Mucuri ,Brazil,Teófilo Otoni,Latin America,n/a,https://www.topuniversities.com/universities/universidade-federal-dos-vales-do-jequitinhonha-e-mucuri,https://www.topuniversities.com/sites/default/files/universidade-federal-dos-vales-do-jequitinhonha-e-mucuri-_592560cf2aeae70239af554e_medium.jpg,29.5,=165,48.2,100,1.9,=114,61.4,64,84.8,62,33.6,=170,30.4,136,7.7,=108
159,194,Universidade de Fortaleza (University of Fortaleza),Brazil,Fortaleza,Latin America,n/a,https://www.topuniversities.com/universities/universidade-de-fortaleza-university-fortaleza,https://www.topuniversities.com/sites/default/files/universidade-de-fortaleza-university-of-fortaleza_592560e09988f300e2320ae6_medium.jpg,99.4,8,33.8,134,5.6,=114,15.8,=150,48.7,112,35.5,=170,36.1,110,6.7,=108
159,195,Universidade de Santa Cruz do Sul,Brazil,Santa Cruz do Sul,Latin America,n/a,https://www.topuniversities.com/universities/universidade-de-santa-cruz-do-sul,https://www.topuniversities.com/sites/default/files/universidade-de-santa-cruz-do-sul_592560cf2aeae70239af551f_medium.jpg,83.8,38,23.6,170,5.5,=114,16.8,=150,66.2,84,19.3,=170,42.1,88,10.6,=108
=195,196,Universidad ESAN,Peru,Surco,Latin America,n/a,https://www.topuniversities.com/universities/universidad-esan,https://www.topuniversities.com/sites/default/files/universidad-esan_59804a8dacb2954ac47ed1f2_medium.jpg,17.5,=165,15.2,=179,14.6,=113,19.3,=149,19.2,=166,11.5,=170,1,=161,44.3,73
196,197,Escuela Colombiana de Ingeniería Julio Garavito ,Colombia,Bogotá,Latin America,n/a,https://www.topuniversities.com/universities/escuela-colombiana-de-ingenieria-julio-garavito,https://www.topuniversities.com/sites/default/files/escuela-colombiana-de-ingeniera-julio-garavito-_592560cf2aeae70239af547d_medium.jpg,49.3,121,6.4,=179,11.5,=114,46.4,90,4.1,=166,33,=170,11.7,=161,23.9,=108
196,198,Federal University of Tocantins,Brazil,Palmas,Latin America,n/a,https://www.topuniversities.com/universities/federal-university-tocantins,,17.3,=165,23.4,171,1.2,=114,82.4,28,95.4,36,17,=170,n/a,n/a,n/a,n/a
196,199,Fundação Universidade Federal do Vale do São Francisco ,Brazil,Petrolina,Latin America,n/a,https://www.topuniversities.com/universities/fundacao-universidade-federal-do-vale-do-sao-francisco,https://www.topuniversities.com/sites/default/files/fundao-universidade-federal-do-vale-do-so-francisco-_592560cf2aeae70239af5481_medium.jpg,12.9,=165,35.1,127,6.1,=114,64.7,55,68.5,76,29.6,=170,15.9,=161,8.9,=108
196,200,National University of the Patagonia San Juan Bosco,Argentina,Comodoro Rivadavia,Latin America,n/a,https://www.topuniversities.com/universities/national-university-patagonia-san-juan-bosco,https://www.topuniversities.com/sites/default/files/national-university-of-the-patagonia-san-juan-bosco_592560df9988f300e23208d0_medium.jpg,30.1,=165,8.2,=179,16.8,=114,77.7,34,n/a,n/a,27.5,=170,22.9,=161,6.9,=108
196,201,Universidad Antonio Narino ,Colombia,Bogotá,Latin America,n/a,https://www.topuniversities.com/universities/universidad-antonio-narino,https://www.topuniversities.com/sites/default/files/universidad-antonio-narino-_592560cf2aeae70239af5151_medium.jpg,51.9,108,9.8,=179,18.4,=114,36.2,126,10.8,=166,41,=170,14.7,=161,8.3,=108
196,202,Universidad Arturo Prat ,Chile,Iquique,Latin America,n/a,https://www.topuniversities.com/universities/universidad-arturo-prat,https://www.topuniversities.com/sites/default/files/universidad-arturo-prat-_592560cf2aeae70239af512e_medium.jpg,38,145,34.5,131,7.9,=114,16.6,=150,17,=166,67.1,94,17.6,=161,8.5,=108
196,203,Universidad Autónoma de Bucaramanga - UNAB,Colombia,Bucaramanga,Latin America,n/a,https://www.topuniversities.com/universities/universidad-autonoma-de-bucaramanga-unab,https://www.topuniversities.com/sites/default/files/universidad-autnoma-de-bucaramanga_592560cf2aeae70239af514e_medium.jpg,5.9,=165,14.8,=179,25.7,=114,45.6,92,7.5,=166,25.8,=170,24.5,=161,31.5,97
196,204,Universidad Autónoma del Caribe,Colombia,Barranquilla,Latin America,n/a,https://www.topuniversities.com/universities/universidad-autonoma-del-caribe,https://www.topuniversities.com/sites/default/files/universidad-autnoma-del-caribe_592560cf2aeae70239af5939_medium.jpg,87.1,30,8,=179,6.3,=114,62.4,63,8.1,=166,20.6,=170,11.7,=161,8.7,=108
196,205,Universidad CES,Colombia,Medellín,Latin America,n/a,https://www.topuniversities.com/universities/universidad-ces,https://www.topuniversities.com/sites/default/files/universidad-ces_592560cf2aeae70239af5602_medium.jpg,6.5,=165,17.5,=179,15.4,=114,64.2,56,6.4,=166,42.2,=170,23.9,=161,13.1,=108
196,206,"Universidad Católica ""Nuestra Señora de la Asunción""",Paraguay,Asunción,Latin America,n/a,https://www.topuniversities.com/universities/universidad-catolica-nuestra-senora-de-la-asuncion,https://www.topuniversities.com/sites/default/files/universidad-catlica-nuestra-seora-de-la-asuncin_592560cf2aeae70239af54bd_medium.jpg,15.8,=165,1.9,=179,14,=114,68.5,48,n/a,n/a,22.4,=170,4.8,=161,26.2,=108
196,207,Universidad Católica de Colombia ,Colombia,Bogotá,Latin America,n/a,https://www.topuniversities.com/universities/universidad-catolica-de-colombia,https://www.topuniversities.com/sites/default/files/universidad-catlica-de-colombia-_592560cf2aeae70239af54b3_medium.jpg,5.7,=165,29,151,34.4,102,15.4,=150,12.4,=166,24.7,=170,15.7,=161,25.4,=108
196,208,Universidad Ean,Colombia,Bogotá,Latin America,n/a,https://www.topuniversities.com/universities/universidad-ean,https://www.topuniversities.com/sites/default/files/241113090414pm279246LogoEAN2-90x90.jpg,35.3,163,16.3,=179,25.2,=114,7.5,=150,9.7,=166,23.1,=170,15.1,=161,27.9,106
196,209,Universidad Ecotec,Ecuador,Samborondón,Latin America,n/a,https://www.topuniversities.com/universities/universidad-ecotec,https://www.topuniversities.com/sites/default/files/221109053147pm992564LOGO-ECOTEC-90x90.jpg,48.7,123,13.5,=179,14,=114,17.6,=150,5.6,=166,34,=170,10.3,=161,20.1,=108
196,210,Universidad Internacional del Ecuador UIDE,Ecuador,Quito,Latin America,n/a,https://www.topuniversities.com/universities/universidad-internacional-del-ecuador-uide,https://www.topuniversities.com/sites/default/files/230320095416pm692250UIDE-lf-90x90.jpg,28.7,=165,15.2,=179,22.7,=114,17.1,=150,4.3,=166,33.8,=170,13.3,=161,18.2,=108
196,211,Universidad Nacional de Salta,Argentina,Salta,Latin America,n/a,https://www.topuniversities.com/universities/universidad-nacional-de-salta,https://www.topuniversities.com/sites/default/files/universidad-nacional-de-salta_592560df9988f300e23209ca_medium.jpg,37.1,151,8.3,=179,19.3,=114,15.3,=150,n/a,n/a,51.1,142,26.8,155,13.5,=108
196,212,Universidad Nacional de San Agustín de Arequipa,Peru,Arequipa,Latin America,n/a,https://www.topuniversities.com/universities/universidad-nacional-de-san-agustin-de-arequipa,https://www.topuniversities.com/sites/default/files/universidad-nacional-de-san-agustn-de-arequipa_592560cf2aeae70239af5505_medium.jpg,7.5,=165,52.4,92,30.5,110,4.3,=150,3.9,=166,42.4,=170,15.6,=161,25.4,=108
196,213,Universidad Nacional de San Juan,Argentina,San Juan,Latin America,n/a,https://www.topuniversities.com/universities/universidad-nacional-de-san-juan,https://www.topuniversities.com/sites/default/files/universidad-nacional-de-san-juan_592560df9988f300e23209c4_medium.jpg,13.8,=165,7.2,=179,22.8,=114,77.6,35,n/a,n/a,44.4,164,25.3,=161,8,=108
196,214,Universidad Nacional de Trujillo,Peru,Trujillo,Latin America,n/a,https://www.topuniversities.com/universities/universidad-nacional-de-trujillo,https://www.topuniversities.com/sites/default/files/universidad-nacional-de-trujillo_592560cf2aeae70239af5506_medium.jpg,2.7,=165,8,=179,26.7,=114,25.1,=150,39.5,125,51,143,25.3,=161,9.4,=108
196,215,Universidad Nacional de la Pampa,Argentina,Santa Rosa,Latin America,n/a,https://www.topuniversities.com/universities/universidad-nacional-de-la-pampa,https://www.topuniversities.com/sites/default/files/universidad-nacional-de-la-pampa_592560df9988f300e23209cd_medium.jpg,10.6,=165,10.3,=179,14.3,=114,66.6,52,n/a,n/a,44.3,165,17.2,=161,12.1,=108
196,216,Universidad Ricardo Palma ,Peru,Lima,Latin America,n/a,https://www.topuniversities.com/universities/universidad-ricardo-palma,https://www.topuniversities.com/sites/default/files/universidad-ricardo-palma-_592560cf2aeae70239af515a_medium.jpg,2.2,=165,9.7,=179,21,=114,29.1,=150,30.1,154,23.4,=170,26.3,160,22.7,=108
196,217,Universidad Santiago De Cali ,Colombia,Cali,Latin America,n/a,https://www.topuniversities.com/universities/universidad-santiago-de-cali,https://www.topuniversities.com/sites/default/files/universidad-santiago-de-cali-_592560cf2aeae70239af5513_medium.jpg,61,81,11.7,=179,14,=114,15,=150,5.1,=166,36.2,=170,17.8,=161,17.6,=108
196,218,Universidad Santo Tomás - Chile,Chile,Santiago,Latin America,n/a,https://www.topuniversities.com/universities/universidad-santo-tomas-chile,https://www.topuniversities.com/sites/default/files/universidad-santo-toms-chile_592560df9988f300e23209e7_medium.jpg,44.6,131,16,=179,15.6,=114,17,=150,5.9,=166,66.4,95,8.3,=161,18.2,=108
196,219,Universidad Santo Tomás - Colombia,Colombia,Bogotá,Latin America,n/a,https://www.topuniversities.com/universities/universidad-santo-tomas-colombia,https://www.topuniversities.com/sites/default/files/universidad-santo-toms-colombia_592560cf2aeae70239af5516_medium.jpg,7.7,=165,9.4,=179,28.6,=114,21,=150,4.3,=166,24.3,=170,14.4,=161,31.8,96
196,220,Universidad Tecnológica de Bolívar,Colombia,Cartagena,Latin America,n/a,https://www.topuniversities.com/universities/universidad-tecnologica-de-bolivar,https://www.topuniversities.com/sites/default/files/universidad-tecnolgica-de-bolvar_592560cf2aeae70239af5377_medium.jpg,22,=165,85.9,40,14.3,=114,8.4,=150,21.3,=166,29.2,=170,8.6,=161,21.3,=108
196,221,Universidad de Atacama,Chile,Copiapo,Latin America,n/a,https://www.topuniversities.com/universities/universidad-de-atacama,https://www.topuniversities.com/sites/default/files/universidad-de-atacama_592560cf2aeae70239af5134_medium.jpg,65.9,66,81.5,46,7.9,=114,5.2,=150,16.3,=166,65.5,98,18.2,=161,9.1,=108
196,222,Universidad de Caldas ,Colombia,Manizales,Latin America,n/a,https://www.topuniversities.com/universities/universidad-de-caldas,https://www.topuniversities.com/sites/default/files/universidad-de-caldas-_592560cf2aeae70239af54c4_medium.jpg,6.4,=165,27.8,156,26.1,=114,26.9,=150,8.7,=166,33.6,=170,35,116,13.6,=108
196,223,Universidad de Ciencias Empresariales y Sociales (UCES),Argentina,Buenos Aires,Latin America,n/a,https://www.topuniversities.com/universities/universidad-de-ciencias-empresariales-y-sociales-uces,https://www.topuniversities.com/sites/default/files/universidad-de-ciencias-empresariales-y-sociales-uces_592560cf2aeae70239af54c7_medium.jpg,n/a,n/a,1.1,=179,12,=114,82.9,27,14.1,=166,n/a,n/a,45,79,29.3,104
196,224,Universidad de Las Américas,Chile,Santiago,Latin America,n/a,https://www.topuniversities.com/universities/universidad-de-las-americas-chile-udla,https://www.topuniversities.com/sites/default/files/universidad-de-las-amricas-chile-udla_592560e09988f300e2320bbd_medium.jpg,15.8,=165,9.7,=179,26.2,=114,21.1,=150,10.4,=166,46.9,152,17.9,=161,25.5,=108
196,225,Universidad del Salvador,Argentina,Buenos Aires,Latin America,n/a,https://www.topuniversities.com/universities/universidad-del-salvador,https://www.topuniversities.com/sites/default/files/universidad-del-salvador_592560cf2aeae70239af511d_medium.jpg,2.9,=165,4.3,=179,22.2,=114,50,84,16.4,=166,5.5,=170,20.8,=161,42.1,74
196,226,Universidad del Tolima,Colombia,Ibagué,Latin America,n/a,https://www.topuniversities.com/universities/universidad-del-tolima,https://www.topuniversities.com/sites/default/files/universidad-del-tolima_592560cf2aeae70239af54ef_medium.jpg,21.1,=165,11.1,=179,14.6,=114,82.1,29,3.5,=166,24.7,=170,23,=161,10.9,=108
196,227,Universidade Católica Dom Bosco,Brazil,Campo Grande,Latin America,n/a,https://www.topuniversities.com/universities/universidade-catolica-dom-bosco,https://www.topuniversities.com/sites/default/files/universidade-catlica-dom-bosco_592560cf2aeae70239af536b_medium.jpg,100,3,87.7,36,5.5,=114,7.3,=150,27,165,28.5,=170,12.6,=161,5.4,=108
196,228,Universidade Estadual do Rio Grande do Sul ,Brazil,Bagé,Latin America,n/a,https://www.topuniversities.com/universities/universidade-estadual-do-rio-grande-do-sul,https://www.topuniversities.com/sites/default/files/universidade-estadual-do-rio-grande-do-sul-_592560cf2aeae70239af5535_medium.jpg,13.5,=165,21,=179,10.9,=114,27.3,=150,96.7,24,13.2,=170,13.7,=161,8.7,=108
196,229,Universidade Federal de Roraima,Brazil,Boa Vista,Latin America,n/a,https://www.topuniversities.com/universities/universidade-federal-de-roraima,https://www.topuniversities.com/sites/default/files/universidade-federal-de-roraima_592560cf2aeae70239af5630_medium.jpg,16.1,=165,15.6,=179,2.3,=114,72.4,42,56.7,101,18.4,=170,40.3,97,7.9,=108
196,230,Universidade Federal do Acre,Brazil,Rio Branco,Latin America,n/a,https://www.topuniversities.com/universities/universidade-federal-do-acre,https://www.topuniversities.com/sites/default/files/universidade-federal-do-acre_592560cf2aeae70239af5545_medium.jpg,9.7,=165,19.7,=179,5.6,=114,55.6,74,44.2,117,47.3,151,39.1,102,3.6,=108
196,231,Universidade Federal do Triângulo Mineiro,Brazil,Uberaba,Latin America,n/a,https://www.topuniversities.com/universities/universidade-federal-do-triangulo-mineiro,https://www.topuniversities.com/sites/default/files/universidade-federal-do-tringulo-mineiro_592560cf2aeae70239af5550_medium.jpg,18,=165,51.2,94,1,=114,46.1,91,96.7,25,15.9,=170,12.3,=161,3.6,=108
196,232,Universidade Feevale,Brazil,Novo Hamburgo,Latin America,n/a,https://www.topuniversities.com/universities/universidade-feevale,,79.7,47,25.7,162,1.5,=114,24.9,=150,64.3,87,15.9,=170,24.4,=161,n/a,n/a
196,233,Universidade Tiradentes,Brazil,Aracaju,Latin America,n/a,https://www.topuniversities.com/universities/universidade-tiradentes,,99.9,6,31.4,144,2,=114,15,=150,33.9,143,44.1,166,n/a,n/a,n/a,n/a
196,234,Universidade de Caxias do Sul ,Brazil,Caxias do Sul,Latin America,n/a,https://www.topuniversities.com/universities/universidade-de-caxias-do-sul,https://www.topuniversities.com/sites/default/files/universidade-de-caxias-do-sul-_592560cf2aeae70239af551d_medium.jpg,93,18,40.7,112,5.6,=114,13.5,=150,21.5,=166,38.5,=170,41.6,92,5.3,=108
196,235,Universidade de Pernambuco,Brazil,Recife,Latin America,n/a,https://www.topuniversities.com/universities/universidade-de-pernambuco,https://www.topuniversities.com/sites/default/files/220906021040pm503232upe-universidade-de-pernambuco-logo-22AD28A03D-seeklogo.com-90x90.jpg,25,=165,17.4,=179,10.8,=114,99,7,n/a,n/a,51.5,140,28.9,144,5.3,=108
196,236,Universidade do Estado da Bahia ,Brazil,Salvador,Latin America,n/a,https://www.topuniversities.com/universities/universidade-do-estado-da-bahia,https://www.topuniversities.com/sites/default/files/universidade-do-estado-da-bahia-_592560cf2aeae70239af5524_medium.jpg,8.2,=165,7,=179,9.6,=114,65.1,54,34.7,140,23.9,=170,26.4,158,13.4,=108
196,237,Universidade do Vale do Taquari Univates,Brazil,Lajeado,Latin America,n/a,https://www.topuniversities.com/universities/universidade-do-vale-do-taquari-univates,,58.5,88,33.2,137,1.5,=114,43.5,102,60.5,91,17.9,=170,n/a,n/a,n/a,n/a
237,238,Anton de Kom Universitiet van Suriname,Suriname,Paramaribo,Latin America,n/a,https://www.topuniversities.com/universities/anton-de-kom-universitiet-van-suriname,,91.2,23,12.5,=179,7.1,=114,36.2,125,n/a,n/a,15.8,=170,6.6,=161,10.8,=108
237,239,Centro Universitario de Araraquara,Brazil,Araraquara,Latin America,n/a,https://www.topuniversities.com/universities/centro-universitario-de-araraquara,,100,1,7,=179,3.3,=114,25.2,=150,53.5,105,n/a,n/a,8.4,=161,n/a,n/a
237,240,Escuela Superior Politecnica de Chimborazo (ESPOCH),Ecuador,Riobamba,Latin America,n/a,https://www.topuniversities.com/universities/escuela-superior-politecnica-de-chimborazo-espoch,https://www.topuniversities.com/sites/default/files/220222012310pm950778logo-ESPOCH-90x90.jpg,7.6,=165,9,=179,15.6,=114,22,=150,6.3,=166,48,149,18.1,=161,16.9,=108
237,241,FURB Universidade Regional de Blumenau,Brazil,Blumenau,Latin America,n/a,https://www.topuniversities.com/universities/furb-universidade-regional-de-blumenau,https://www.topuniversities.com/sites/default/files/universidade-regional-de-blumenau_592560cf2aeae70239af5554_medium.jpg,33.4,=165,21.4,178,2.7,=114,23.1,=150,34.2,141,31.6,=170,30.3,137,7.1,=108
237,242,"Instituto Federal de Educação, Ciência e Tecnologia de Santa Catarina",Brazil,Florianópolis,Latin America,n/a,https://www.topuniversities.com/universities/instituto-federal-de-educacao-ciencia-e-tecnologia-de-santa-catarina,https://www.topuniversities.com/sites/default/files/newman-university-college_2100_large.jpg,1.5,=165,2.4,=179,1.4,=114,99.1,5,66.7,81,3.8,=170,n/a,n/a,n/a,n/a
237,243,Nove de Julho University - UNINOVE,Brazil,São Paulo,Latin America,n/a,https://www.topuniversities.com/universities/nove-de-julho-university-uninove,https://www.topuniversities.com/sites/default/files/universidade-nove-de-julho-uninove_592560cf2aeae70239af5ac7_medium.jpg,48.4,124,4.3,=179,1.8,=114,7.8,=150,23.6,=166,25.5,=170,29.5,142,31.9,95
237,244,UNNOBA,Argentina,Junín,Latin America,n/a,https://www.topuniversities.com/universities/unnoba,https://www.topuniversities.com/sites/default/files/unnoba_59b12275ca24f36e665f24d3_medium.jpg,4.6,=165,7.4,=179,20.5,=114,12.7,=150,9.5,=166,18.1,=170,10.8,=161,27.8,=108
237,245,Universidad Abierta Interamericana,Argentina,Buenos Aires,Latin America,n/a,https://www.topuniversities.com/universities/universidad-abierta-interamericana,https://www.topuniversities.com/sites/default/files/universidad-abierta-interamericana_592560cf2aeae70239af5490_medium.jpg,2.3,=165,2.3,=179,11.8,=114,81.9,30,9.2,=166,8.6,=170,16,=161,25.7,=108
237,246,"Universidad Católica Boliviana ""San Pablo"" (UCB)",Bolivia,La Paz,Latin America,n/a,https://www.topuniversities.com/universities/universidad-catolica-boliviana-san-pablo-ucb,https://www.topuniversities.com/sites/default/files/universidad-catlica-boliviana-_592560cf2aeae70239af561d_medium.jpg,8,=165,5.2,=179,21,=114,13.1,=150,6.6,=166,36,=170,16.6,=161,25.4,=108
237,247,Universidad Católica San Pablo,Peru,Arequipa,Latin America,n/a,https://www.topuniversities.com/universities/universidad-catolica-san-pablo,https://www.topuniversities.com/sites/default/files/universidad-catlica-san-pablo_5c86368510ca6067ba7e0339_medium.jpg,2.8,=165,21.4,=179,25.1,=114,6.8,=150,17.2,=166,27.1,=170,13.4,=161,20.6,=108
237,248,Universidad Cooperativa de Colombia,Colombia,Arauca,Latin America,n/a,https://www.topuniversities.com/universities/universidad-cooperativa-de-colombia,https://www.topuniversities.com/sites/default/files/universidad-cooperativa-de-colombia_592560e49988f300e2321915_medium.jpg,11.3,=165,5,=179,19.7,=114,31.3,=150,2.7,=166,46.7,153,19.6,=161,6.6,=108
237,249,Universidad Finis Terrae,Chile,Santiago,Latin America,n/a,https://www.topuniversities.com/universities/universidad-finis-terrae,https://www.topuniversities.com/sites/default/files/universidad-finis-terrae_592560df9988f300e23209dc_medium.jpg,10.6,=165,24,169,17.4,=114,22.4,=150,10.3,=166,33.7,=170,1,=161,13.4,=108
237,250,Universidad Militar Nueva Granada,Colombia,Bogotá,Latin America,n/a,https://www.topuniversities.com/universities/universidad-militar-nueva-granada,https://www.topuniversities.com/sites/default/files/universidad-militar-nueva-granada_5b5dc6e09ed41920e17ccd76_medium.jpg,23.4,=165,22.5,176,15.7,=114,15.7,=150,8.1,=166,40.4,=170,11.7,=161,13.8,=108
237,251,Universidad Nacional de La Matanza,Argentina,San Justo,Latin America,n/a,https://www.topuniversities.com/universities/universidad-nacional-de-la-matanza,https://www.topuniversities.com/sites/default/files/250130020428pm531830UNLaM-verde-negativo-2000px-90x90.jpg,17.6,=165,2.5,=179,12.9,=114,67.1,50,2.8,=166,20.2,=170,12.6,=161,21.4,=108
237,252,Universidad Nacional del Nordeste (UNNE),Argentina,Corrientes,Latin America,n/a,https://www.topuniversities.com/universities/universidad-nacional-del-nordeste-unne,https://www.topuniversities.com/sites/default/files/universidad-nacional-del-nordeste-unne_592560cf2aeae70239af5508_medium.jpg,6.1,=165,6.7,=179,22.1,=114,15.2,=150,19.3,=166,41.8,=170,48.2,72,10.5,=108
237,253,Universidad Norbert Wiener,Peru,Cercado de Lima,Latin America,n/a,https://www.topuniversities.com/universities/universidad-norbert-wiener,https://www.topuniversities.com/sites/default/files/230208033341pm856128logo-90x90.jpg,2.7,=165,10,=179,9,=114,85.2,24,11.3,=166,32.9,=170,13,=161,7.1,=108
237,254,Universidad Pedagógica y Tecnológica de Colombia,Colombia,Tunja,Latin America,n/a,https://www.topuniversities.com/universities/universidad-pedagogica-y-tecnologica-de-colombia,https://www.topuniversities.com/sites/default/files/231213101149pm225046Esudo-200-px-90x90.jpg,8.7,=165,15.8,=179,14,=114,23.8,=150,13.2,=166,41.9,=170,19.6,=161,17,=108
237,255,Universidad Privada del Norte,Peru,Trujillo,Latin America,n/a,https://www.topuniversities.com/universities/universidad-privada-del-norte,https://www.topuniversities.com/sites/default/files/220131034949pm329842logo-upn-90x90.jpg,1,=165,6.3,=179,23.2,=114,5.9,=150,4.5,=166,57.6,116,16.4,=161,22,=108
237,256,Universidad Siglo 21,Argentina,Córdoba,Latin America,n/a,https://www.topuniversities.com/universities/universidad-siglo-21,https://www.topuniversities.com/sites/default/files/250130025802pm622916Logo200x200-90x90.jpg,99,9,2,=179,6.4,=114,2.4,=150,19.8,=166,7.1,=170,22.3,=161,16.8,=108
237,257,Universidad Simón Bolívar (Colombia),Colombia,Barranquilla,Latin America,n/a,https://www.topuniversities.com/universities/universidad-simon-bolivar-colombia,https://www.topuniversities.com/sites/default/files/universidad-simn-bolvar_592560cf2aeae70239af5603_medium.jpg,23.2,=165,7.8,=179,17.4,=114,14.3,=150,10.1,=166,41.4,=170,13.2,=161,8.3,=108
237,258,Universidad de Nariño ,Colombia,Pasto,Latin America,n/a,https://www.topuniversities.com/universities/universidad-de-narino,https://www.topuniversities.com/sites/default/files/universidad-de-nario-_592560cf2aeae70239af54d6_medium.jpg,28.5,=165,15.2,=179,20.8,=114,13.1,=150,11.5,=166,21.6,=170,26.4,159,6.7,=108
237,259,Universidad de Playa Ancha,Chile,Valparaíso,Latin America,n/a,https://www.topuniversities.com/universities/universidad-de-playa-ancha,https://www.topuniversities.com/sites/default/files/universidad-de-playa-ancha_592560df9988f300e23209e1_medium.jpg,12.9,=165,49.1,96,14,=114,22.1,=150,21.3,=166,39.4,=170,21.4,=161,n/a,n/a
237,260,Universidad del CEMA,Argentina,Ciudad Autónoma de Buenos Aires,Latin America,n/a,https://www.topuniversities.com/universities/universidad-del-cema,https://www.topuniversities.com/sites/default/files/240515060707pm871518UCEMA-Logo-Caja-90x90.jpg,n/a,n/a,3.3,=179,7.6,=114,93.9,15,12.3,=166,9.4,=170,13.5,=161,25.5,=108
237,261,Universidad del Magdalena,Colombia,Santa Marta,Latin America,n/a,https://www.topuniversities.com/universities/universidad-del-magdalena,https://www.topuniversities.com/sites/default/files/universidad-del-magdalena_592560cf2aeae70239af5152_medium.jpg,14.7,=165,17.7,=179,19.6,=114,11.5,=150,9.3,=166,21.7,=170,48.1,73,14.5,=108
237,262,Universidade Anhembi Morumbi,Brazil,São Paulo,Latin America,n/a,https://www.topuniversities.com/universities/universidade-anhembi-morumbi,https://www.topuniversities.com/sites/default/files/universidade-anhembi-morumbi_24574_medium.jpg,11.3,=165,6.2,=179,9.3,=114,6.1,=150,51,106,5.6,=170,15.8,=161,27.7,=108
237,263,Universidade Cidade de São Paulo,Brazil,São Paulo,Latin America,n/a,https://www.topuniversities.com/universities/universidade-cidade-de-sao-paulo,,70.4,57,15.7,=179,1.9,=114,2.8,=150,86.9,56,18.1,=170,11.6,=161,n/a,n/a
237,264,Universidade Estadual de Roraima ,Brazil,Boa Vista,Latin America,n/a,https://www.topuniversities.com/universities/universidade-estadual-de-roraima,,n/a,n/a,7.5,=179,n/a,n/a,98,10,79.8,68,n/a,n/a,8.9,=161,2.5,=108
237,265,Universidade Federal Rural da Amazonia,Brazil,Belém,Latin America,n/a,https://www.topuniversities.com/universities/universidade-federal-rural-da-amazonia,,7.1,=165,55.1,86,2.5,=114,18.1,=150,98.7,14,26.5,=170,n/a,n/a,n/a,n/a
237,266,Universidade Federal do Mato Grosso,Brazil,Cuiabá,Latin America,n/a,https://www.topuniversities.com/universities/universidade-federal-do-mato-grosso,https://www.topuniversities.com/sites/default/files/universidade-federal-do-mato-grosso_592560cf2aeae70239af553a_medium.jpg,21.8,=165,38,119,6,=114,24,=150,20.1,=166,50.7,144,44.4,81,5.3,=108
237,267,Universidade Vila Velha,Brazil,Vila Velha,Latin America,n/a,https://www.topuniversities.com/universities/universidade-vila-velha,https://www.topuniversities.com/sites/default/files/universidade-vila-velha_5c8b39b710ca600bd26f7724_medium.jpg,93.9,15,40,114,n/a,n/a,12.5,=150,42.4,121,2.6,=170,12.7,=161,4,=108
237,268,Universidade de Ribeirão Preto,Brazil,Ribeirao Preto,Latin America,n/a,https://www.topuniversities.com/universities/universidade-de-ribeirao-preto,https://www.topuniversities.com/sites/default/files/universidade-de-ribeiro-preto_592560cf2aeae70239af5520_medium.jpg,32.3,=165,12,=179,8.1,=114,24.9,=150,67.4,80,27.9,=170,13.3,=161,3.6,=108
237,269,Universidade do Estado de Minas Gerais,Brazil,Belo Horizonte,Latin America,n/a,https://www.topuniversities.com/universities/universidade-do-estado-de-minas-gerais,https://www.topuniversities.com/sites/default/files/universidade-do-estado-de-minas-gerais_592560cf2aeae70239af596e_medium.jpg,8.5,=165,6.1,=179,16.3,=114,32.9,148,34,142,13.4,=170,14.6,=161,20.2,=108
237,270,Universidade do Estado do Pará,Brazil,Belém,Latin America,n/a,https://www.topuniversities.com/universities/universidade-do-estado-do-para,https://www.topuniversities.com/sites/default/files/universidade-do-estado-do-par_592560cf2aeae70239af5523_medium.jpg,31.4,=165,8,=179,6.8,=114,69.4,47,18.7,=166,28.6,=170,11.7,=161,2.5,=108
237,271,Universidade do Oeste Paulista,Brazil,"Presidente Prudente, São Paulo",Latin America,n/a,https://www.topuniversities.com/universities/universidade-do-oeste-paulista,,56.9,93,16.9,=179,1.9,=114,29.8,=150,64.8,86,13.6,=170,n/a,n/a,n/a,n/a
237,272,Universidade do Vale do Itajaí (UNIVALI),Brazil,Itajaí,Latin America,n/a,https://www.topuniversities.com/universities/universidade-do-vale-do-itajai-univali,https://www.topuniversities.com/sites/default/files/universidade-do-vale-do-itaja-univali_592560cf2aeae70239af5aa6_medium.jpg,49.6,119,29.2,150,4.7,=114,6.5,=150,29.5,156,28.8,=170,34.7,120,14.3,=108
237,273,Universidade do Vale do Paraíba - Univap,Brazil,São José,Latin America,n/a,https://www.topuniversities.com/universities/universidade-do-vale-do-paraiba-univap,https://www.topuniversities.com/sites/default/files/universidade-do-vale-do-paraba-univap_592560cf2aeae70239af580a_medium.jpg,52.6,104,27.5,158,1,=114,23.7,=150,67.8,78,18.4,=170,19.2,=161,3.6,=108
237,274,University of Guyana,Guyana,Georgetown,Latin America,n/a,https://www.topuniversities.com/universities/university-guyana,,87.8,28,3.8,=179,5.4,=114,58.4,70,n/a,n/a,19.9,=170,11.8,=161,n/a,n/a
274,275,Fundación Universitaria Konrad Lorenz,Colombia,Bogotá,Latin America,n/a,https://www.topuniversities.com/universities/fundacion-universitaria-konrad-lorenz,https://www.topuniversities.com/sites/default/files/LOGO-VERTICAL-K-COLOR-200x200-1-90x90.jpg,36.5,155,34.5,130,8.4,=114,13,=150,11.1,=166,20.6,=170,14.3,=161,6.7,=108
274,276,Ibmec,Brazil,Rio de Janeiro,Latin America,n/a,https://www.topuniversities.com/universities/ibmec,,31.8,=165,73,63,4.3,=114,3,=150,30.6,152,n/a,n/a,n/a,n/a,16.5,=108
274,277,Instituto Federal do Espírito Santo,Brazil,Vitória,Latin America,n/a,https://www.topuniversities.com/universities/instituto-federal-do-espirito-santo,,40.7,138,13.9,=179,1.6,=114,23.1,=150,n/a,n/a,20.9,=170,61.2,48,6.2,=108
274,278,Instituto Tecnológico Metropolitano - ITM ,Colombia,Medellín,Latin America,n/a,https://www.topuniversities.com/universities/instituto-tecnologico-metropolitano-itm,https://www.topuniversities.com/sites/default/files/instituto-tecnolgico-metropolitano-itm-_592560cf2aeae70239af5484_medium.jpg,20,=165,23,173,10.5,=114,6.2,=150,7.4,=166,32.9,=170,11.9,=161,8.8,=108
274,279,UNIVERSIDAD NACIONAL DE TRES DE FEBRERO,Argentina,Buenos Aires,Latin America,n/a,https://www.topuniversities.com/universities/universidad-nacional-de-tres-de-febrero,https://www.topuniversities.com/sites/default/files/universidad-nacional-de-tres-de-febrero_592560df9988f300e2320983_medium.jpg,1.6,=165,6,=179,18.8,=114,45.5,95,n/a,n/a,8.2,=170,24.6,=161,13.4,=108
274,280,Universidad Argentina John F. Kennedy,Argentina,Buenos Aires,Latin America,n/a,https://www.topuniversities.com/universities/universidad-argentina-john-f-kennedy,https://www.topuniversities.com/sites/default/files/universidad-argentina-john-f.-kennedy_592560cf2aeae70239af5495_medium.jpg,n/a,n/a,1.2,=179,13,=114,56.2,73,n/a,n/a,n/a,n/a,7.4,=161,30.3,101
274,281,Universidad Autónoma De Occidente ,Colombia,Cali,Latin America,n/a,https://www.topuniversities.com/universities/universidad-autonoma-de-occidente,https://www.topuniversities.com/sites/default/files/universidad-autnoma-de-occidente-_592560cf2aeae70239af54a2_medium.jpg,21.8,=165,18.5,=179,11.3,=114,14.1,=150,22.6,=166,19.6,=170,17.9,=161,9.6,=108
274,282,Universidad Autónoma de Manizales ,Colombia,Manizales,Latin America,n/a,https://www.topuniversities.com/universities/universidad-autonoma-de-manizales,https://www.topuniversities.com/sites/default/files/universidad-autnoma-de-manizales-_592560cf2aeae70239af54a3_medium.jpg,10.8,=165,31.5,143,10.8,=114,25.8,=150,14.1,=166,32.3,=170,15.4,=161,7.9,=108
274,283,Universidad Católica de Cuenca,Ecuador,Cuenca,Latin America,n/a,https://www.topuniversities.com/universities/universidad-catolica-de-cuenca,https://www.topuniversities.com/sites/default/files/universidad-catlica-de-cuenca_5d11bb0310ca605cf7512e4e_medium.jpg,3.2,=165,13.3,=179,14.5,=114,12.7,=150,4.4,=166,53.5,131,20,=161,11.8,=108
274,284,Universidad Del Quindío ,Colombia,Armenia,Latin America,n/a,https://www.topuniversities.com/universities/universidad-del-quindio,https://www.topuniversities.com/sites/default/files/universidad-del-quindo-_592560cf2aeae70239af5156_medium.jpg,35.7,159,9.8,=179,16.5,=114,15.6,=150,6.2,=166,20.9,=170,18,=161,8.3,=108
274,285,Universidad Internacional SEK,Ecuador,Distrito Metropolitano de Quito,Latin America,n/a,https://www.topuniversities.com/universities/universidad-internacional-sek,https://www.topuniversities.com/sites/default/files/logo_a4-002-90x90.jpg,11.5,=165,38.7,116,11.3,=114,11.2,=150,24.2,=166,8.3,=170,8.9,=161,11.7,=108
274,286,Universidad Libre ,Colombia,Bogotá D.C,Latin America,n/a,https://www.topuniversities.com/universities/universidad-libre,https://www.topuniversities.com/sites/default/files/universidad-libre-_592560cf2aeae70239af54fe_medium.jpg,3.2,=165,6.9,=179,11.5,=114,33.8,142,10.3,=166,28.4,=170,19.7,=161,19,=108
274,287,Universidad Nacional Federico Villarreal (UNFV),Peru,San Miguel,Latin America,n/a,https://www.topuniversities.com/universities/universidad-nacional-federico-villarreal-unfv,https://www.topuniversities.com/sites/default/files/universidad-nacional-federico-villarreal-unfv_592560cf2aeae70239af550b_medium.jpg,1.7,=165,6.8,=179,15.9,=114,20.7,=150,n/a,n/a,15.5,=170,10.1,=161,26.4,=108
274,288,Universidad Nacional de Chimborazo,Ecuador,Riobamba,Latin America,n/a,https://www.topuniversities.com/universities/universidad-nacional-de-chimborazo,https://www.topuniversities.com/sites/default/files/universidad-nacional-de-chimborazo_5f17016110ca607597382fc9_medium.jpg,6,=165,13.2,=179,11.4,=114,34.7,135,17,=166,33.8,=170,18.3,=161,6,=108
274,289,Universidad Nacional de Entre Rios,Argentina,,Latin America,n/a,https://www.topuniversities.com/universities/universidad-nacional-de-entre-rios,https://www.topuniversities.com/sites/default/files/universidad-nacional-de-entre-rios_592560df9988f300e23209d9_medium.jpg,8.7,=165,3.7,=179,13.6,=114,74.8,38,n/a,n/a,17.1,=170,26.1,=161,4.7,=108
274,290,Universidad Nacional de General Sarmiento (UNGS),Argentina,Polvorines,Latin America,n/a,https://www.topuniversities.com/universities/universidad-nacional-de-general-sarmiento-ungs,https://www.topuniversities.com/sites/default/files/universidad-nacional-de-general-sarmiento-ungs_592560cf2aeae70239af5698_medium.jpg,6.4,=165,15,=179,18,=114,23.2,=150,n/a,n/a,19,=170,23.3,=161,10.6,=108
274,291,Universidad Nacional de Itapúa,Paraguay,Encarnación,Latin America,n/a,https://www.topuniversities.com/universities/universidad-nacional-de-itapua,https://www.topuniversities.com/sites/default/files/240119030242pm949330lo.-UNI-oficial-90x90.jpg,n/a,n/a,1.4,=179,8.4,=114,93.4,17,8,=166,n/a,n/a,6.2,=161,14.5,=108
274,292,Universidad Nacional de Lujan,Argentina,Luján,Latin America,n/a,https://www.topuniversities.com/universities/universidad-nacional-de-lujan,https://www.topuniversities.com/sites/default/files/universidad-nacional-de-lujan_592560df9988f300e23209d3_medium.jpg,25,=165,5.2,=179,10.7,=114,40.3,112,n/a,n/a,20.8,=170,14.2,=161,11.1,=108
274,293,Universidad Nacional de Misiones,Argentina,Posadas,Latin America,n/a,https://www.topuniversities.com/universities/universidad-nacional-de-misiones,https://www.topuniversities.com/sites/default/files/universidad-nacional-de-misiones_592560df9988f300e23209d0_medium.jpg,36.2,156,7,=179,21.6,=114,19.1,=150,n/a,n/a,24.3,=170,19.6,=161,4.7,=108
274,294,Universidad Nacional de San Antonio Abad del Cusco,Peru,Cusco,Latin America,n/a,https://www.topuniversities.com/universities/universidad-nacional-de-san-antonio-abad-del-cusco,https://www.topuniversities.com/sites/default/files/universidad-nacional-de-san-antonio-abad-del-cusco_592560cf2aeae70239af5623_medium.jpg,7.5,=165,14.5,=179,25.7,=114,6.2,=150,n/a,n/a,36,=170,12.8,=161,5.5,=108
274,295,Universidad Nacional del Altiplano,Peru,Puno,Latin America,n/a,https://www.topuniversities.com/universities/universidad-nacional-del-altiplano,https://www.topuniversities.com/sites/default/files/universidad-nacional-del-altiplano_592560cf2aeae70239af5507_medium.jpg,1.5,=165,14.4,=179,15.2,=114,3.6,=150,38.8,129,21,=170,25.7,=161,3.8,=108
274,296,Universidad Sergio Arboleda,Colombia,Bogotá,Latin America,n/a,https://www.topuniversities.com/universities/universidad-sergio-arboleda,https://www.topuniversities.com/sites/default/files/universidad-sergio-arboleda_592560cf2aeae70239af5155_medium.jpg,18.6,=165,15.1,=179,9.9,=114,20.9,=150,n/a,n/a,14.5,=170,16.6,=161,26.4,=108
274,297,Universidad Técnica de Manabí,Ecuador,Portoviejo,Latin America,n/a,https://www.topuniversities.com/universities/universidad-tecnica-de-manabi,https://www.topuniversities.com/sites/default/files/220617071556pm516635utm-logo-90x90.jpg,29.4,=165,17.1,=179,9,=114,3.9,=150,26.7,=166,45.3,162,11.2,=161,6.7,=108
274,298,Universidad de Guayaquil (UG),Ecuador,Guayaquil,Latin America,n/a,https://www.topuniversities.com/universities/universidad-de-guayaquil-ug,https://www.topuniversities.com/sites/default/files/241118081512pm852800Logo-UG-90x90.jpg,2.1,=165,12.7,=179,17.1,=114,3.5,=150,3.5,=166,25.3,=170,21.5,=161,21.6,=108
274,299,Universidad de Ibagué,Colombia,Ibagué,Latin America,n/a,https://www.topuniversities.com/universities/universidad-de-ibague,https://www.topuniversities.com/sites/default/files/universidad-de-ibagu_592560cf2aeae70239af54ce_medium.jpg,28,=165,32.3,141,8.2,=114,13.7,=150,10,=166,54.8,123,12.3,=161,4.6,=108
274,300,Universidad del Norte - Paraguay,Paraguay,Asunción,Latin America,n/a,https://www.topuniversities.com/universities/universidad-del-norte-paraguay,https://www.topuniversities.com/sites/default/files/universidad-del-norte-paraguay_592560ea9988f300e2322727_medium.jpg,n/a,n/a,1.2,=179,23.1,=114,9.3,=150,36.5,135,n/a,n/a,7,=161,11.4,=108
274,301,Universidade Catolica de Brasilia,Brazil,Brasília,Latin America,n/a,https://www.topuniversities.com/universities/universidade-catolica-de-brasilia,,69.8,59,18.9,=179,7.1,=114,16.3,=150,n/a,n/a,32.9,=170,5.5,=161,3.6,=108
274,302,Universidade Estadual da Paraíba,Brazil,Campina Grande,Latin America,n/a,https://www.topuniversities.com/universities/universidade-estadual-da-paraiba,https://www.topuniversities.com/sites/default/files/universidade-estadual-da-paraba_592560cf2aeae70239af5527_medium.jpg,12.1,=165,18.7,=179,6.9,=114,35.5,131,50.1,109,23.7,=170,21.4,=161,n/a,n/a
274,303,Universidade Estadual da Região Tocantina do Maranhão,Brazil,Imperatriz,Latin America,n/a,https://www.topuniversities.com/universities/universidade-estadual-da-regiao-tocantina-do-maranhao,,19.8,=165,7.9,=179,2.5,=114,61.1,65,43.3,119,2.2,=170,n/a,n/a,n/a,n/a
274,304,Universidade Estadual de Goiàs,Brazil,Goiânia,Latin America,n/a,https://www.topuniversities.com/universities/universidade-estadual-de-goias,https://www.topuniversities.com/sites/default/files/universidade-estadual-de-gois_592560cf2aeae70239af552b_medium.jpg,12,=165,9.1,=179,7.3,=114,71.8,44,14.8,=166,20.2,=170,25,=161,3.6,=108
274,305,Universidade Estadual de Montes Claros ,Brazil,Montes Claros,Latin America,n/a,https://www.topuniversities.com/universities/universidade-estadual-de-montes-claros,https://www.topuniversities.com/sites/default/files/universidade-estadual-de-montes-claros-_592560cf2aeae70239af552a_medium.jpg,4.5,=165,12.6,=179,4.4,=114,75.1,36,25.2,=166,11.8,=170,21.4,=161,2.5,=108
274,306,Universidade Estadual do Centro-Oeste ,Brazil,Guarapuava,Latin America,n/a,https://www.topuniversities.com/universities/universidade-estadual-do-centro-oeste,https://www.topuniversities.com/sites/default/files/universidade-estadual-do-centro-oeste-_592560cf2aeae70239af552d_medium.jpg,5.4,=165,20.9,=179,2,=114,34.1,140,70,74,10.4,=170,18.7,=161,10,=108
274,307,Universidade Estadual do Maranhão,Brazil,São Luís,Latin America,n/a,https://www.topuniversities.com/universities/universidade-estadual-do-maranhao,https://www.topuniversities.com/sites/default/files/universidade-estadual-do-maranho_592560cf2aeae70239af552f_medium.jpg,4.7,=165,18.2,=179,5.6,=114,26.5,=150,39.4,127,27.2,=170,40.5,96,3.6,=108
274,308,Universidade Estadual do Piaui,Brazil,Teresina,Latin America,n/a,https://www.topuniversities.com/universities/universidade-estadual-do-piaui,,7.8,=165,9.2,=179,2.5,=114,49.2,87,72.8,72,9.1,=170,n/a,n/a,n/a,n/a
274,309,Universidade Ibirapuera,Brazil,São Paulo,Latin America,n/a,https://www.topuniversities.com/universities/universidade-ibirapuera,https://www.topuniversities.com/sites/default/files/universidade-ibirapuera_592560cf2aeae70239af561f_medium.jpg,92.5,19,34.9,128,3.5,=114,14.7,=150,n/a,n/a,5.9,=170,4.7,=161,7.9,=108
274,310,Universidade Luterana do Brasil ,Brazil,Canoas,Latin America,n/a,https://www.topuniversities.com/universities/universidade-luterana-do-brasil,https://www.topuniversities.com/sites/default/files/universidade-luterana-do-brasil-_592560cf2aeae70239af5552_medium.jpg,34.5,=165,6.7,=179,17.4,=114,4.6,=150,23.9,=166,11.6,=170,14.5,=161,13.9,=108
274,311,Universidade Positivo (UP),Brazil,Curitiba,Latin America,n/a,https://www.topuniversities.com/universities/universidade-positivo,https://www.topuniversities.com/sites/default/files/240731052110pm26025001.-UNIVERSIDADE-POSITIVO-AZUL-90x90.jpg,51.1,112,20.6,=179,1.8,=114,7.1,=150,24.1,=166,23,=170,16.5,=161,7.9,=108
274,312,Universidade Potiguar,Brazil,Natal,Latin America,n/a,https://www.topuniversities.com/universities/universidade-potiguar,https://www.topuniversities.com/sites/default/files/universidade-potiguar_24575_medium.jpg,80.4,45,7.8,=179,n/a,n/a,2.3,=150,35.9,137,n/a,n/a,8.5,=161,6,=108
274,313,Universidade Regional Integrada do Alto Uruguai e das Missoes,Brazil,Erechim,Latin America,n/a,https://www.topuniversities.com/universities/universidade-regional-integrada-do-alto-uruguai-e-das-missoes,,22.8,=165,9.7,=179,2.4,=114,58.4,71,37.6,132,2.2,=170,n/a,n/a,n/a,n/a
274,314,Universidade Veiga de Almeida,Brazil,Rio de Janeiro,Latin America,n/a,https://www.topuniversities.com/universities/universidade-veiga-de-almeida,https://www.topuniversities.com/sites/default/files/universidade-veiga-de-almeida_592560cf2aeae70239af585a_medium.jpg,99.9,4,10.8,=179,1.5,=114,9.5,=150,7.3,=166,4.9,=170,10.7,=161,4.5,=108
274,315,Universidade da Regiao de Joinville,Brazil,Joinville,Latin America,n/a,https://www.topuniversities.com/universities/universidade-da-regiao-de-joinville,,22.4,=165,13.6,=179,1.2,=114,59.2,69,40.9,123,5.2,=170,n/a,n/a,n/a,n/a
274,316,Universidade do Oeste de Santa Catarina,Brazil,Joaçaba,Latin America,n/a,https://www.topuniversities.com/universities/universidade-do-oeste-de-santa-catarina,,58.7,87,9.1,=179,1.9,=114,12.4,=150,37.5,133,5.3,=170,17.6,=161,n/a,n/a
316,317,Centro Universitario de Belo Horizonte,Brazil,Belo Horizonte,Latin America,n/a,https://www.topuniversities.com/universities/centro-universitario-de-belo-horizonte,,n/a,n/a,8,=179,1.8,=114,5,=150,60.4,93,3.8,=170,9.6,=161,4.4,=108
316,318,Centro Universitário Ritter dos Reis,Brazil,Porto Alegre,Latin America,n/a,https://www.topuniversities.com/universities/centro-universitario-ritter-dos-reis,https://www.topuniversities.com/sites/default/files/centro-universitrio-ritter-dos-reis_24568_medium.jpg,n/a,n/a,n/a,n/a,4.1,=114,3.3,=150,28.7,159,n/a,n/a,n/a,n/a,22.5,=108
316,319,Colégio Mayor de Antioquia,Colombia,Medellin,Latin America,n/a,https://www.topuniversities.com/universities/colegio-mayor-de-antioquia,https://www.topuniversities.com/sites/default/files/colgio-mayor-de-antioquia_592560e09988f300e2320bc0_medium.jpg,52,107,7.9,=179,2.5,=114,21,=150,2.3,=166,1.7,=170,12.4,=161,4.2,=108
316,320,Corporación Universitaria Minuto de Dios - UNIMINUTO,Colombia,Bogotá,Latin America,n/a,https://www.topuniversities.com/universities/corporacion-universitaria-minuto-de-dios-uniminuto,https://www.topuniversities.com/sites/default/files/corporacin-universitaria-minuto-de-dios-uniminuto_5ab8d86e6ee6c841f64196dd_medium.jpg,1.9,=165,4,=179,14.9,=114,6.5,=150,2.4,=166,18.5,=170,27.9,146,14.1,=108
316,321,Escuela Superior de Administracion Pública (ESAP),Colombia,Bogotá,Latin America,n/a,https://www.topuniversities.com/universities/escuela-superior-de-administracion-publica-esap,https://www.topuniversities.com/sites/default/files/escuela-superior-de-administracion-pblica-esap_592560cf2aeae70239af52c2_medium.jpg,n/a,n/a,1.2,=179,10.5,=114,17.6,=150,3.6,=166,n/a,n/a,24.7,=161,20.5,=108
316,322,Federal Rural University of the Semi-Arid Region,Brazil,Mossoró,Latin America,n/a,https://www.topuniversities.com/universities/federal-rural-university-semi-arid-region,,4.7,=165,44.7,106,3.2,=114,25.1,=150,n/a,n/a,27.9,=170,22.4,=161,10,=108
316,323,Fundacion Universitaria del Area Andina- AREANDINA,Colombia,Bogotá,Latin America,n/a,https://www.topuniversities.com/universities/fundacion-universitaria-del-area-andina-areandina,https://www.topuniversities.com/sites/default/files/fundacin-universitaria-del-rea-andina-areandina_592560ea9988f300e232271d_medium.jpg,7.3,=165,2.6,=179,12.8,=114,12.1,=150,2.5,=166,4.6,=170,12.8,=161,6.8,=108
316,324,Fundación Universitaria Juan N. Corpas,Colombia,"Bogotá,",Latin America,n/a,https://www.topuniversities.com/universities/fundacion-universitaria-juan-n-corpas,https://www.topuniversities.com/sites/default/files/230904015324pm209255Juan-Corpas-logo-200x200-90x90.jpg,n/a,n/a,9.4,=179,6.8,=114,18.9,=150,12.1,=166,2.2,=170,7.1,=161,5.3,=108
316,325,Senac São Paulo,Brazil,São Paulo,Latin America,n/a,https://www.topuniversities.com/universities/senac-sao-paulo,https://www.topuniversities.com/sites/default/files/senac-so-paulo_592560cf2aeae70239af548f_medium.jpg,n/a,n/a,1.6,=179,2.9,=114,6.9,=150,n/a,n/a,n/a,n/a,5.2,=161,17.8,=108
316,326,Universidad Americana  ,Paraguay,Asunción,Latin America,n/a,https://www.topuniversities.com/universities/universidad-americana,https://www.topuniversities.com/sites/default/files/universidad-americana-_592560cf2aeae70239af5491_medium.jpg,n/a,n/a,3.3,=179,14.5,=114,1.3,=150,12.4,=166,11.1,=170,4.5,=161,17.5,=108
316,327,Universidad Autnoma Toms Fras,Bolivia,Potosi,Latin America,n/a,https://www.topuniversities.com/universities/universidad-autnoma-toms-fras,https://www.topuniversities.com/sites/default/files/210802013604pm463130Webp.net-resizeimage-2021-08-02T163600.733-90x90.jpg,n/a,n/a,1.2,=179,6.1,=114,7.7,=150,1.4,=166,n/a,n/a,4.1,=161,3.7,=108
316,328,Universidad Autnoma del Beni Jos Ballivin,Bolivia,Trinidad,Latin America,n/a,https://www.topuniversities.com/universities/universidad-autnoma-del-beni-jos-ballivin,https://www.topuniversities.com/sites/default/files/210802014102pm372975Webp.net-resizeimage-2021-08-02T164057.250-90x90.jpg,n/a,n/a,1.7,=179,2.7,=114,6.4,=150,n/a,n/a,7.8,=170,4.8,=161,n/a,n/a
316,329,Universidad Autónoma de Asunción (UAA),Paraguay,Asunción,Latin America,n/a,https://www.topuniversities.com/universities/universidad-autonoma-de-asuncion-uaa,https://www.topuniversities.com/sites/default/files/universidad-autnoma-de-asuncin-uaa_592560cf2aeae70239af5497_medium.jpg,n/a,n/a,3.4,=179,13.2,=114,7.2,=150,8.6,=166,6.2,=170,8.3,=161,18.2,=108
316,330,Universidad Autónoma del Peru,Peru,Villa El Salvador,Latin America,n/a,https://www.topuniversities.com/universities/universidad-autonoma-del-peru,https://www.topuniversities.com/sites/default/files/240422050739pm959931Logo-UA-200x200px-90x90.jpg,1.1,=165,77,55,5.9,=114,1.9,=150,n/a,n/a,7.5,=170,3.7,=161,n/a,n/a
316,331,Universidad Catolica de Manizales,Colombia,Manizales,Latin America,n/a,https://www.topuniversities.com/universities/universidad-catolica-de-manizales,https://www.topuniversities.com/sites/default/files/211011104632pm290718TopUniversities-QS-02-90x90.jpg,3.5,=165,12,=179,10,=114,23.3,=150,8,=166,1.7,=170,10.3,=161,8.5,=108
316,332,Universidad Católica Silva Henríquez,Chile,Santiago,Latin America,n/a,https://www.topuniversities.com/universities/universidad-catolica-silva-henriquez,https://www.topuniversities.com/sites/default/files/universidad-catlica-silva-henrquez_592560cf2aeae70239af54b2_medium.jpg,4.9,=165,17.8,=179,13.5,=114,18.5,=150,8.8,=166,8.8,=170,13.3,=161,15.1,=108
316,333,Universidad Continental,Peru,Huancayo,Latin America,n/a,https://www.topuniversities.com/universities/universidad-continental,https://www.topuniversities.com/sites/default/files/220329022436pm284373VERTICAL-ok-90x90.jpg,1.7,=165,12.4,=179,6.5,=114,4.8,=150,6.2,=166,54.2,125,11.2,=161,3.8,=108
316,334,Universidad Cristiana de Bolivia,Bolivia,Santa Cruz de la Sierra,Latin America,n/a,https://www.topuniversities.com/universities/universidad-cristiana-de-bolivia,https://www.topuniversities.com/sites/default/files/universidad-cristiana-de-bolivia_5b474e0446113256395eed4c_medium.jpg,n/a,n/a,n/a,n/a,7.7,=114,34.4,138,1.2,=166,n/a,n/a,2.7,=161,5.9,=108
316,335,Universidad César Vallejo,Peru,Trujillo,Latin America,n/a,https://www.topuniversities.com/universities/universidad-cesar-vallejo,https://www.topuniversities.com/sites/default/files/220929123023am611274logo-universidad-cesar-vallejo-90x90.jpg,1,=165,3,=179,9.6,=114,12.3,=150,17.7,=166,22.2,=170,48.9,70,3.8,=108
316,336,Universidad ECCI ,Colombia,Bogotá,Latin America,n/a,https://www.topuniversities.com/universities/universidad-ecci,https://www.topuniversities.com/sites/default/files/universidad-ecci-_592560cf2aeae70239af547c_medium.jpg,1.8,=165,6.4,=179,2.9,=114,5.1,=150,2.4,=166,9.2,=170,6.9,=161,7.9,=108
316,337,Universidad Manuela Beltrán,Colombia,Bogota,Latin America,n/a,https://www.topuniversities.com/universities/universidad-manuela-beltran,https://www.topuniversities.com/sites/default/files/230116093223pm548132Logo-UMB-horizontal-90x90.jpg,49.7,118,8,=179,2.9,=114,41.6,109,4.4,=166,11.5,=170,8.2,=161,n/a,n/a
316,338,Universidad Nacional de Lanús (UNLa),Argentina,Remedios de Escalada,Latin America,n/a,https://www.topuniversities.com/universities/universidad-nacional-de-lanus-unla,https://www.topuniversities.com/sites/default/files/national-university-of-lans_592560df9988f300e232097d_medium.jpg,2.8,=165,3.2,=179,14.8,=114,11,=150,3.3,=166,7.6,=170,16.9,=161,4.7,=108
316,339,Universidad Nacional de Lomas de Zamora,Argentina,Lomas de Zamora,Latin America,n/a,https://www.topuniversities.com/universities/universidad-nacional-de-lomas-de-zamora,https://www.topuniversities.com/sites/default/files/universidad-nacional-de-lomas-de-zamora_592560cf2aeae70239af568d_medium.jpg,17.3,=165,1.6,=179,7.9,=114,28,=150,1,=166,5.8,=170,9.8,=161,12.4,=108
316,340,Universidad Nacional de Pilar,Paraguay,Pilar,Latin America,n/a,https://www.topuniversities.com/universities/universidad-nacional-de-pilar,https://www.topuniversities.com/sites/default/files/universidad-nacional-de-pilar_592560cf2aeae70239af5509_medium.jpg,n/a,n/a,1.2,=179,6.2,=114,10.5,=150,n/a,n/a,n/a,n/a,4.1,=161,8.6,=108
316,341,Universidad Privada Dr. Rafael Belloso Chacín,Venezuela,Maracaibo,Latin America,n/a,https://www.topuniversities.com/universities/universidad-privada-dr-rafael-belloso-chacin,https://www.topuniversities.com/sites/default/files/universidad-privada-dr.-rafael-belloso-chacn_592560cf2aeae70239af54b0_medium.jpg,n/a,n/a,2,=179,6.7,=114,10,=150,38.5,130,11,=170,14.4,=161,2.1,=108
316,342,Universidad Privada San Juan Bautista,Peru,Lima,Latin America,n/a,https://www.topuniversities.com/universities/universidad-privada-san-juan-bautista,https://www.topuniversities.com/sites/default/files/220210081923pm693025AF-LOGO-UPSJB-R-NACIONALES-E-INTER-90x90.jpg,2.4,=165,7.1,=179,2.3,=114,45,97,6.3,=166,29.7,=170,6.1,=161,n/a,n/a
316,343,Universidad Privada del Valle (Univalle),Bolivia,Tiquipaya,Latin America,n/a,https://www.topuniversities.com/universities/universidad-privada-del-valle-univalle,https://www.topuniversities.com/sites/default/files/universidad-privada-del-valle-univalle_592560df9988f300e23209f3_medium.jpg,n/a,n/a,1.6,=179,11.5,=114,5.1,=150,4.6,=166,n/a,n/a,7.3,=161,16,=108
316,344,Universidad Regional Autónoma de Los Andes,Ecuador,Ambato,Latin America,n/a,https://www.topuniversities.com/universities/universidad-regional-autonoma-de-los-andes,https://www.topuniversities.com/sites/default/files/250404043011pm623416LOGO-UNIANDES-200X200-jpg-90x90.jpg,1.1,=165,24.5,167,1.2,=114,16.7,=150,n/a,n/a,14,=170,13.3,=161,n/a,n/a
316,345,Universidad San Francisco Xavier (USFX),Bolivia,Sucre,Latin America,n/a,https://www.topuniversities.com/universities/universidad-san-francisco-xavier-usfx,https://www.topuniversities.com/sites/default/files/universidad-mayor-de-san-francisco-xavier_592560df9988f300e23209e5_medium.jpg,n/a,n/a,1.9,=179,19.6,=114,4.7,=150,6.3,=166,17.7,=170,13.9,=161,16.1,=108
316,346,Universidad Tecnológica Privada de Santa Cruz (UTEPSA),Bolivia,Santa Cruz de la Sierra,Latin America,n/a,https://www.topuniversities.com/universities/universidad-tecnologica-privada-de-santa-cruz-utepsa,https://www.topuniversities.com/sites/default/files/universidad-tecnolgica-privada-de-santa-cruz_592560e29988f300e2321196_medium.jpg,n/a,n/a,n/a,n/a,4.5,=114,2.1,=150,2.1,=166,n/a,n/a,3.8,=161,2.1,=108
316,347,Universidad Tecnológica del Centro,Venezuela,Guacara,Latin America,n/a,https://www.topuniversities.com/universities/universidad-tecnologica-del-centro,https://www.topuniversities.com/sites/default/files/universidad-tecnolgica-del-centro_592560cf2aeae70239af589f_medium.jpg,n/a,n/a,1,=179,5.8,=114,45.5,94,3.1,=166,n/a,n/a,3.9,=161,23.5,=108
316,348,Universidad Tecnológica del Perú,Peru,Lima,Latin America,n/a,https://www.topuniversities.com/universities/universidad-tecnologica-del-peru,https://www.topuniversities.com/sites/default/files/newman-university-college_2100_large.jpg,1.1,=165,17.1,=179,8.5,=114,1.8,=150,n/a,n/a,38.7,=170,15.4,=161,10.5,=108
316,349,Universidad Técnica de Cotopaxi,Ecuador,Latacunga,Latin America,n/a,https://www.topuniversities.com/universities/universidad-tecnica-de-cotopaxi,https://www.topuniversities.com/sites/default/files/240105113443am346224LOGO-utc-qs-90x90.jpg,3.4,=165,8.8,=179,4.3,=114,8.9,=150,12.9,=166,14.5,=170,24.1,=161,2.7,=108
316,350,Universidad Técnica de Oruro,Bolivia,Oruro,Latin America,n/a,https://www.topuniversities.com/universities/universidad-tecnica-de-oruro,https://www.topuniversities.com/sites/default/files/universidad-tcnica-de-oruro_592560df9988f300e23209ed_medium.jpg,n/a,n/a,1.6,=179,3.7,=114,2.8,=150,1,=166,n/a,n/a,4.8,=161,6.3,=108
316,351,Universidad UNIACC,Chile,Santiago,Latin America,n/a,https://www.topuniversities.com/universities/universidad-uniacc,https://www.topuniversities.com/sites/default/files/universidad-uniacc_592560cf2aeae70239af5131_medium.jpg,n/a,n/a,1.2,=179,4,=114,23.6,=150,2.1,=166,n/a,n/a,7.4,=161,5.8,=108
316,352,Universidad de America,Colombia,Bogotá,Latin America,n/a,https://www.topuniversities.com/universities/universidad-de-america,,3.1,=165,6.5,=179,3.6,=114,33.4,143,1.3,=166,6.3,=170,8.3,=161,7.8,=108
316,353,Universidad de La Amazonía ,Colombia,Florence,Latin America,n/a,https://www.topuniversities.com/universities/universidad-de-la-amazonia,https://www.topuniversities.com/sites/default/files/universidad-de-la-amazona-_592560cf2aeae70239af54cf_medium.jpg,13.5,=165,9.6,=179,7.9,=114,21,=150,2.2,=166,26.5,=170,8.3,=161,6.8,=108
316,354,Universidad de Manizales ,Colombia,Manizales,Latin America,n/a,https://www.topuniversities.com/universities/universidad-de-manizales,https://www.topuniversities.com/sites/default/files/universidad-de-manizales-_592560cf2aeae70239af54d5_medium.jpg,2.9,=165,4.6,=179,16.4,=114,4,=150,n/a,n/a,8.2,=170,12.6,=161,4.6,=108
316,355,Universidad de Pamplona,Colombia,Pamplona,Latin America,n/a,https://www.topuniversities.com/universities/universidad-de-pamplona,https://www.topuniversities.com/sites/default/files/universidad-de-pamplona-_592560cf2aeae70239af54da_medium.jpg,2.6,=165,3.8,=179,14,=114,19,=150,4.2,=166,17.9,=170,13.2,=161,5.2,=108
316,356,Universidad de los Llanos,Colombia,Villavicencio,Latin America,n/a,https://www.topuniversities.com/universities/universidad-de-los-llanos,https://www.topuniversities.com/sites/default/files/210825034306pm523381universidad-de-los-llanos--592560cf2aeae70239af54d9-large-90x90.jpg,2.2,=165,15.6,=179,4.9,=114,15.3,=150,2.1,=166,15.6,=170,11.5,=161,6.7,=108
316,357,Universidad del Viña del Mar,Chile,Viña del Mar,Latin America,n/a,https://www.topuniversities.com/universities/universidad-del-vina-del-mar,https://www.topuniversities.com/sites/default/files/universidad-del-via-del-mar_1710_medium.jpg,4,=165,9.3,=179,8.3,=114,33.3,144,3.7,=166,18,=170,10.4,=161,5.5,=108
316,358,Universidade Bandeirante ,Brazil,São Paulo,Latin America,n/a,https://www.topuniversities.com/universities/universidade-bandeirante,https://www.topuniversities.com/sites/default/files/universidade-bandeirante-_592560cf2aeae70239af5620_medium.jpg,n/a,n/a,1.2,=179,1,=114,2,=150,8.3,=166,n/a,n/a,n/a,n/a,5.3,=108
316,359,Universidade Candido Mendes,Brazil,Rio de Janeiro,Latin America,n/a,https://www.topuniversities.com/universities/universidade-candido-mendes,,n/a,n/a,4.7,=179,1.5,=114,34.9,133,25.8,=166,n/a,n/a,n/a,n/a,n/a,n/a
316,360,Universidade Paranaense,Brazil,Umuarama,Latin America,n/a,https://www.topuniversities.com/universities/universidade-paranaense,,9.2,=165,6.8,=179,2.9,=114,24,=150,18.6,=166,3.8,=170,15.9,=161,n/a,n/a
316,361,Universidade Regional do Noroeste do Estado do Rio Grande do Sul ,Brazil,Ijuí,Latin America,n/a,https://www.topuniversities.com/universities/universidade-regional-do-noroeste-do-estado-do-rio-grande-do-sul,https://www.topuniversities.com/sites/default/files/universidade-regional-do-noroeste-do-estado-do-rio-grande-do-sul-_592560cf2aeae70239af5555_medium.jpg,1.6,=165,17.4,=179,4.6,=114,25.4,=150,36.3,136,1.9,=170,24.6,=161,2.5,=108
316,362,Universidade Salgado de Oliveira,Brazil,São Gonçalo,Latin America,n/a,https://www.topuniversities.com/universities/universidade-salgado-de-oliveira,,9.4,=165,5.6,=179,2,=114,19.2,=150,30.1,153,7.5,=170,8.7,=161,n/a,n/a
316,363,Universidade Salvador (UNIFACS),Brazil,Salvador,Latin America,n/a,https://www.topuniversities.com/universities/universidade-salvador-unifacs,https://www.topuniversities.com/sites/default/files/universidade-salvador-unifacs_592560e49988f300e23217de_medium.jpg,55.4,96,12.4,=179,n/a,n/a,2.9,=150,17.7,=166,8.4,=170,18.7,=161,5.3,=108
316,364,Universidade Santo Amaro ,Brazil,São Paulo,Latin America,n/a,https://www.topuniversities.com/universities/universidade-santo-amaro,https://www.topuniversities.com/sites/default/files/universidade-santo-amaro-_592560cf2aeae70239af561e_medium.jpg,33.8,=165,19.1,=179,n/a,n/a,2.5,=150,35.7,138,11.9,=170,12.8,=161,7.7,=108
316,365,Universidade Sao Judas Tadeu,Brazil,São Paulo,Latin America,n/a,https://www.topuniversities.com/universities/universidade-sao-judas-tadeu,,13.7,=165,7.6,=179,2.6,=114,3.3,=150,60,95,22.1,=170,12,=161,n/a,n/a
316,366,Universidade de Taubaté,Brazil,Taubaté,Latin America,n/a,https://www.topuniversities.com/universities/universidade-de-taubate,https://www.topuniversities.com/sites/default/files/universidade-de-taubat_592560cf2aeae70239af5521_medium.jpg,14.1,=165,11.5,=179,1.7,=114,13.1,=150,44.8,116,10,=170,18.6,=161,4.5,=108
316,367,Universidade do Estado de Mato Grosso,Brazil,Cáceres,Latin America,n/a,https://www.topuniversities.com/universities/universidade-do-estado-de-mato-grosso,,22.2,=165,13.4,=179,6.9,=114,23.1,=150,n/a,n/a,19.1,=170,27.5,149,n/a,n/a
316,368,University of Cundinamarca,Colombia,Fusagasuga,Latin America,n/a,https://www.topuniversities.com/universities/university-cundinamarca,,53.5,101,5.8,=179,1.9,=114,4.4,=150,28.5,161,1.7,=170,n/a,n/a,10.5,=108
