rank_display,rank,name,country,city,region,overall_score,url,logo,citations_per_paper_score,citations_per_paper_rank,papers_per_faculty_score,papers_per_faculty_rank,academic_reputation_score,academic_reputation_rank,faculty_student_ratio_score,faculty_student_ratio_rank,staff_with_phd_score,staff_with_phd_rank,international_research_network_score,international_research_network_rank,web_impact_score,web_impact_rank,employer_reputation_score,employer_reputation_rank
1,1,Pontificia Universidad Católica de Chile (UC),Chile,Santiago,Latin America,100,https://www.topuniversities.com/universities/pontificia-universidad-católica-de-chile-uc,https://www.topuniversities.com/sites/default/files/pontificia-universidad-catlica-de-chile-uc_107_medium.jpg,76.7,60,96.8,22,100,3,65.2,79,98.3,16,99.8,4,95.7,13,100,1
2,2,Universidade de São Paulo,Brazil,São Paulo,Latin America,99,https://www.topuniversities.com/universities/universidade-de-sao-paulo,https://www.topuniversities.com/sites/default/files/universidade-de-so-paulo_550_medium.jpg,76.8,59,100,1,100,4,50.4,118,99.6,5,100,1,100,1,99.9,8
3,3,Universidade Estadual de Campinas (Unicamp),Brazil,Campinas,Latin America,98.2,https://www.topuniversities.com/universities/universidade-estadual-de-campinas-unicamp,https://www.topuniversities.com/sites/default/files/universidade-estadual-de-campinas-unicamp_96_medium.jpg,86.4,37,100,2,100,6,40.2,157,99.6,7,99.9,3,100,5,96.9,13
4,4,Tecnológico de Monterrey,Mexico,Monterrey,Latin America,95.4,https://www.topuniversities.com/universities/tecnologico-de-monterrey,https://www.topuniversities.com/sites/default/files/instituto-tecnolgico-y-de-estudios-superiores-de-monterrey_592560cf2aeae70239af4cd6_medium.jpg,99.8,9,31.2,157,99.5,10,85.8,39,48.9,128,99.6,9,91.1,22,100,4
5,5,Universidade Federal do Rio de Janeiro,Brazil,Rio de Janeiro,Latin America,93.6,https://www.topuniversities.com/universities/universidade-federal-do-rio-de-janeiro,https://www.topuniversities.com/sites/default/files/220127083943pm152751UFRJ-Vertical-Impresso-Positivo-ai-90x90.jpg,64.9,80,97.9,20,99.8,9,34.1,190,98.6,15,99.8,5,99.9,6,90.9,24
=6,6,UNESP,Brazil,Sao Paulo,Latin America,92.5,https://www.topuniversities.com/universities/unesp,https://www.topuniversities.com/sites/default/files/unesp_492_medium.jpg,56.2,113,100,4,96.9,14,40.2,156,99.7,=3,99.5,10,99.2,10,90.4,25
=6,7,Universidad de Chile,Chile,Santiago,Latin America,92.5,https://www.topuniversities.com/universities/universidad-de-chile,https://www.topuniversities.com/sites/default/files/universidad-de-chile_121_medium.jpg,75.7,62,99.4,11,100,5,22.3,201+,69.2,82,99.7,7,100,4,100,6
8,8,Universidad de los Andes,Colombia,Bogotá,Latin America,91.3,https://www.topuniversities.com/universities/universidad-de-los-andes,https://www.topuniversities.com/sites/default/files/universidad-de-los-andes_592560cf2aeae70239af4bf6_medium.jpg,66.4,77,92.2,28,99.9,8,33.2,198,66.3,92,96.9,22,94.1,17,100,5
9,9,Universidad Nacional Autónoma de México  (UNAM),Mexico,Mexico City,Latin America,90.2,https://www.topuniversities.com/universities/universidad-nacional-autonoma-de-mexico-unam,https://www.topuniversities.com/sites/default/files/universidad-nacional-autnoma-de-mxico-unam_425_medium.jpg,51.6,135,43.2,114,100,1,68,74,54.7,113,100,2,100,2,100,3
10,10,Universidad de Buenos Aires (UBA),Argentina,Buenos Aires,Latin America,87.5,https://www.topuniversities.com/universities/universidad-de-buenos-aires-uba,https://www.topuniversities.com/sites/default/files/universidad-de-buenos-aires-uba_78_medium.jpg,15.2,201+,25,183,100,2,93.8,26,49.3,127,99.7,8,99.7,7,100,2
11,11,Universidad de Concepción,Chile,Concepción,Latin America,87.1,https://www.topuniversities.com/universities/universidad-de-concepcion,https://www.topuniversities.com/sites/default/files/universidad-de-concepcin_1700_medium.jpg,89.8,30,88.9,34,89.2,23,37,171,60.4,101,98.7,13,82.5,32,88.7,29
12,12,Universidad Nacional de Colombia,Colombia,Bogotá,Latin America,86.7,https://www.topuniversities.com/universities/universidad-nacional-de-colombia,https://www.topuniversities.com/sites/default/files/universidad-nacional-de-colombia_592560cf2aeae70239af4b0b_medium.jpg,30.6,201+,85.5,41,99.9,7,13.5,201+,82.5,67,98.4,16,92.3,21,100,7
13,13,Pontifícia Universidade Católica do Rio de Janeiro,Brazil,Rio de Janeiro,Latin America,85.8,https://www.topuniversities.com/universities/pontificia-universidade-catolica-do-rio-de-janeiro,https://www.topuniversities.com/sites/default/files/pontifcia-universidade-catlica-do-rio-de-janeiro_526_medium.jpg,62.3,89,98.8,17,93.1,18,40.4,153,86.3,60,94,39,83.5,31,75.8,48
14,14,Federal University of Minas Gerais (UFMG),Brazil,Belo Horizonte,Latin America,84.7,https://www.topuniversities.com/universities/federal-university-minas-gerais-ufmg,https://www.topuniversities.com/sites/default/files/universidade-federal-de-minas-gerais_1727_medium.jpg,56.8,112,98.7,19,94.1,17,31.8,201+,99.2,11,99.1,11,100,3,63,63
15,15,Pontificia Universidad Catolica del Peru (PUCP),Peru,Lima,Latin America,84.4,https://www.topuniversities.com/universities/pontificia-universidad-catolica-del-peru-pucp,https://www.topuniversities.com/sites/default/files/210825042529am231772Isotipo-PUCP-200x200-90x90.jpg,52.9,124,16.1,201+,98.8,11,84,43,12.9,201+,93.2,46,92.8,19,99.1,10
16,16,Universidade Federal do Rio Grande Do Sul,Brazil,Porto Alegre,Latin America,82.6,https://www.topuniversities.com/universities/universidade-federal-do-rio-grande-do-sul,https://www.topuniversities.com/sites/default/files/universidade-federal-do-rio-grande-do-sul_2239_medium.jpg,85.6,41,97,21,89.3,22,44,139,99.3,10,99.8,6,99.1,11,40.3,104
17,17,Universidad de Santiago de Chile (USACH),Chile,Santiago,Latin America,81.4,https://www.topuniversities.com/universities/universidad-de-santiago-de-chile-usach,https://www.topuniversities.com/sites/default/files/universidad-de-santiago-de-chile-usach_548_medium.jpg,57.7,107,80.6,48,96.9,15,24,201+,29,191,96.7,24,63.7,53,96.9,14
18,18,Pontificia Universidad Javeriana,Colombia,Bogotá,Latin America,81.3,https://www.topuniversities.com/universities/pontificia-universidad-javeriana,https://www.topuniversities.com/sites/default/files/pontificia-universidad-javeriana_592560cf2aeae70239af514a_medium.jpg,30.5,201+,27.3,175,98.4,12,66.9,76,28,198,90,57,80.4,38,99.6,9
19,19,Universidad de Costa Rica,Costa Rica,San Jose,Latin America,80,https://www.topuniversities.com/universities/universidad-de-costa-rica,https://www.topuniversities.com/sites/default/files/universidad-de-costa-rica_789_medium.jpg,47.7,153,19.8,201+,95,16,69.8,69,19.5,201+,94,40,83.9,30,91.9,22
20,20,Universidad de Antioquia,Colombia,Medellin,Latin America,78.9,https://www.topuniversities.com/universities/universidad-de-antioquia,https://www.topuniversities.com/sites/default/files/universidad-de-antioquia_592560cf2aeae70239af5149_medium.jpg,60.2,98,79.9,50,91.4,19,12.8,201+,57.3,108,97.1,20,68.2,48,82.8,39
21,21,Universidad Nacional de La Plata (UNLP),Argentina,La Plata,Latin America,78.7,https://www.topuniversities.com/universities/universidad-nacional-de-la-plata-unlp,https://www.topuniversities.com/sites/default/files/universidad-nacional-de-la-plata-unlp_1690_medium.jpg,22.7,201+,34.3,141,97.5,13,74.8,58,15.3,201+,96.7,23,99.6,8,85.2,34
22,22,Universidad Adolfo Ibáñez,Chile,Santiago,Latin America,77.1,https://www.topuniversities.com/universities/universidad-adolfo-ibanez,https://www.topuniversities.com/sites/default/files/universidad-adolfo-ibez-_11_medium.jpg,28.4,201+,96.4,23,80,33,19.5,201+,81.3,70,86.8,65,43.6,106,99,11
23,23,Universidade Federal de Santa Catarina ,Brazil,Florianópolis,Latin America,76.6,https://www.topuniversities.com/universities/universidade-federal-de-santa-catarina,https://www.topuniversities.com/sites/default/files/universidade-federal-de-santa-catarina_2746_medium.jpg,72.2,67,98.7,18,77.5,37,43.8,141,99.3,9,98.7,12,99.6,9,37.1,118
24,24,Pontificia Universidad Católica de Valparaíso,Chile,Valparaíso,Latin America,76.4,https://www.topuniversities.com/universities/pontificia-universidad-catolica-de-valparaiso,https://www.topuniversities.com/sites/default/files/pontificia-universidad-catlica-de-valparaso_733_medium.jpg,45.4,158,99.1,15,89,24,14.8,201+,60.7,99,92.7,49,50.3,82,81.4,40
25,25,Universidad Austral,Argentina,Pilar,Latin America,75.5,https://www.topuniversities.com/universities/universidad-austral,https://www.topuniversities.com/sites/default/files/universidad-austral_38_medium.jpg,85,42,12.2,201+,80.7,32,98.8,16,20.3,201+,53.4,154,22.5,201+,96.3,15
26,26,Universidade de Brasília,Brazil,Brasília,Latin America,74.5,https://www.topuniversities.com/universities/universidade-de-brasilia,https://www.topuniversities.com/sites/default/files/universidade-de-braslia_1726_medium.jpg,33.8,201+,92.1,29,87.6,25,19,201+,98.3,18,98.6,14,99,12,46,93
27,27,Universidad del Rosario,Colombia,Bogotá,Latin America,74.2,https://www.topuniversities.com/universities/universidad-del-rosario,https://www.topuniversities.com/sites/default/files/universidad-del-rosario_592560cf2aeae70239af514d_medium.jpg,52.7,125,46.4,109,72.1,45,64,84,39.5,149,83.9,73,69.2,47,91.5,23
28,28,Universidade Federal de São Paulo,Brazil,São Paulo,Latin America,73.5,https://www.topuniversities.com/universities/universidade-federal-de-sao-paulo,https://www.topuniversities.com/sites/default/files/universidade-federal-de-so-paulo_2750_medium.jpg,73.8,66,88.8,35,53.3,81,99.6,9,95.6,33,95.3,29,88.7,24,38.9,109
29,29,Instituto Politécnico Nacional (IPN),Mexico,Ciudad de México,Latin America,71.6,https://www.topuniversities.com/universities/instituto-politecnico-nacional-ipn,https://www.topuniversities.com/sites/default/files/instituto-politcnico-nacional-ipn_592560cf2aeae70239af5483_medium.jpg,55.3,116,27.4,173,78.1,35,39.3,162,11.1,201+,94.5,33,81.2,36,92.2,21
30,30,Universidade Federal de São Carlos (UFSCar),Brazil,São Paulo,Latin America,71,https://www.topuniversities.com/universities/universidade-federal-de-sao-carlos-ufscar,https://www.topuniversities.com/sites/default/files/universidade-federal-de-so-carlos-ufscar_2748_medium.jpg,82.8,49,100,3,55.5,72,37.2,169,99.1,12,94.4,34,92.8,20,45.9,95
31,31,Universidad Autónoma Metropolitana (UAM),Mexico,Mexico City,Latin America,70.9,https://www.topuniversities.com/universities/universidad-autonoma-metropolitana-uam,https://www.topuniversities.com/sites/default/files/universidad-autnoma-metropolitana-uam_592560cf2aeae70239af54af_medium.jpg,34.3,201+,52.2,96,85.4,27,11.6,201+,81.6,68,94.4,35,79.3,39,61.8,65
32,32,Universidade Federal do Paraná - UFPR,Brazil,Curitiba,Latin America,69.7,https://www.topuniversities.com/universities/universidade-federal-do-parana-ufpr,https://www.topuniversities.com/sites/default/files/universidade-federal-do-paran-ufpr_1730_medium.jpg,50.8,140,93,26,65.2,55,44.5,138,96.4,27,97.1,21,95.5,14,38.5,111
33,33,Universidad Nacional de Córdoba - UNC,Argentina,Córdoba,Latin America,69.1,https://www.topuniversities.com/universities/universidad-nacional-de-cordoba-unc,https://www.topuniversities.com/sites/default/files/universidad-nacional-de-crdoba-unc_592560cf2aeae70239af511e_medium.jpg,31.2,201+,19.2,201+,89.5,21,17.2,201+,37.4,158,91.6,52,88.2,25,75.5,49
34,34,Universidad de La Sabana,Colombia,Bogotá,Latin America,69,https://www.topuniversities.com/universities/universidad-de-la-sabana,https://www.topuniversities.com/sites/default/files/260224073040pm756920square-image-90x90.jpg,56.9,109,36.1,132,81.2,31,42.6,147,14.7,201+,63.8,121,48.8,87,92.8,18
35,35,Universidad Central de Venezuela,Venezuela,Caracas,Latin America,68.3,https://www.topuniversities.com/universities/universidad-central-de-venezuela,https://www.topuniversities.com/sites/default/files/universidad-central-de-venezuela_592560cf2aeae70239af54c0_medium.jpg,24,201+,6.1,201+,81.2,30,79.4,53,28.1,196,53.1,157,54,69,92.4,20
36,36,Escuela Superior Politécnica del Litoral (ESPOL),Ecuador,Guayaquil,Latin America,67.6,https://www.topuniversities.com/universities/escuela-superior-politecnica-del-litoral-espol,https://www.topuniversities.com/sites/default/files/escuela-superior-politcnica-del-litoral-espol_592560cf2aeae70239af547f_medium.jpg,64.4,82,54.2,89,67.9,49,57.7,103,30.7,181,79.7,80,57.6,63,72.1,53
37,37,Universidad Austral de Chile,Chile,Valdivia,Latin America,67.2,https://www.topuniversities.com/universities/universidad-austral-de-chile,https://www.topuniversities.com/sites/default/files/universidad-austral-de-chile_1704_medium.jpg,49.8,142,99.3,12,65.5,54,9.1,201+,85,62,93.9,41,59.4,58,59.5,70
=38,38,Universidad San Francisco de Quito USFQ,Ecuador,Quito,Latin America,67,https://www.topuniversities.com/universities/universidad-san-francisco-de-quito-usfq,https://www.topuniversities.com/sites/default/files/250514080051pm522863logo-usfq1500x1500px-90x90.jpg,61,94,52.4,94,72.4,44,63.7,85,32,177,84.7,71,28.9,177,66,60
=38,39,Universidad de Puerto Rico,Puerto Rico,San Juan,Latin America,67,https://www.topuniversities.com/universities/universidad-de-puerto-rico,https://www.topuniversities.com/sites/default/files/universidad-de-puerto-rico_592560cf2aeae70239af54dd_medium.jpg,98.8,14,19.4,201+,55.1,73,58,102,74.3,74,92.8,48,81.4,35,45.9,94
40,40,Pontificia Universidad Católica Argentina,Argentina,Buenos Aires,Latin America,66.6,https://www.topuniversities.com/universities/pontificia-universidad-catolica-argentina,https://www.topuniversities.com/sites/default/files/pontificia-universidad-catlica-argentina_592560cf2aeae70239af5486_medium.jpg,4,201+,4.9,201+,81.4,28,100,5,15,201+,45,192,56.6,64,94.1,16
41,41,Universidad de la República (Udelar),Uruguay,Montevideo,Latin America,66.2,https://www.topuniversities.com/universities/universidad-de-la-republica-udelar,https://www.topuniversities.com/sites/default/files/universidad-de-la-repblica-udelar_592560cf2aeae70239af515e_medium.jpg,37.1,185,18.9,201+,89.7,20,34,192,17.3,201+,98.5,15,34,149,70.5,55
42,42,Instituto Tecnológico Autónomo de México (ITAM),Mexico,Mexico City,Latin America,66,https://www.topuniversities.com/universities/instituto-tecnologico-autonomo-de-mexico-itam,https://www.topuniversities.com/sites/default/files/instituto-tecnolgico-autnomo-de-mxico-itam_592560cf2aeae70239af4da6_medium.jpg,30.8,201+,31.4,154,69.9,46,49.1,125,71.1,79,38.6,201+,40.3,118,93.1,17
43,43,Universidad Diego Portales (UDP),Chile,Santiago,Latin America,64.6,https://www.topuniversities.com/universities/universidad-diego-portales-udp,https://www.topuniversities.com/sites/default/files/universidad-diego-portales-udp_159_medium.jpg,87.3,35,46,110,64.9,57,24.2,201+,14.4,201+,88.9,60,34.8,145,79.2,42
44,44,Universidad Nacional Mayor de San Marcos,Peru,Lima,Latin America,63.9,https://www.topuniversities.com/universities/universidad-nacional-mayor-de-san-marcos,https://www.topuniversities.com/sites/default/files/universidad-nacional-mayor-de-san-marcos_592560cf2aeae70239af5158_medium.jpg,3.5,201+,38.9,123,81.3,29,16.5,201+,16.9,201+,85.5,68,90.8,23,85.4,33
=45,45,Universidad de La Habana,Cuba,Havana,Latin America,63.4,https://www.topuniversities.com/universities/universidad-de-la-habana,https://www.topuniversities.com/sites/default/files/221020033509pm867038295-UH-Color-90x90.jpg,26.9,201+,24.8,184,68.4,48,82.9,44,53.2,119,67,109,31.2,164,67.4,56
=45,46,Universidad de los Andes - Chile,Chile,Santiago,Latin America,63.4,https://www.topuniversities.com/universities/universidad-de-los-andes-chile,https://www.topuniversities.com/sites/default/files/universidad-de-los-andes-chile_2638_medium.jpg,36,193,58.2,84,72.6,43,29.2,201+,28.1,197,64.3,119,25.8,201+,90.2,26
47,47,Universidad Técnica Federico Santa María (USM),Chile,Valparaíso,Latin America,62.5,https://www.topuniversities.com/universities/universidad-tecnica-federico-santa-maria-usm,https://www.topuniversities.com/sites/default/files/universidad-tcnica-federico-santa-mara-usm_592560cf2aeae70239af52cb_medium.jpg,67.7,73,80.2,49,51.1,86,10,201+,46.3,132,94.1,38,22.5,201+,83.4,38
=48,48,Universidad Torcuato Di Tella,Argentina,Buenos Aires,Latin America,62,https://www.topuniversities.com/universities/universidad-torcuato-di-tella,https://www.topuniversities.com/sites/default/files/universidad-torcuato-di-tella_592560cf2aeae70239af4ced_medium.jpg,16.4,201+,49.1,102,63.2,59,34.5,187,99.6,6,24.4,201+,33.1,154,89.7,27
=48,49,Universidad de Talca,Chile,Talca,Latin America,62,https://www.topuniversities.com/universities/universidad-de-talca,https://www.topuniversities.com/sites/default/files/universidad-de-talca_592560cf2aeae70239af5129_medium.jpg,80.8,52,94.9,24,54,77,19.1,201+,53.9,116,94.1,37,59.3,59,48.9,90
50,50,Universidad de Guadalajara (UDG),Mexico,Guadalajara,Latin America,61.7,https://www.topuniversities.com/universities/universidad-de-guadalajara-udg,https://www.topuniversities.com/sites/default/files/universidad-de-guadalajara-udg_592560cf2aeae70239af5137_medium.jpg,34.6,200,9.2,201+,78,36,38.5,163,26.4,201+,93.5,44,95.1,15,51.5,85
51,51,Universidad de San Andrés - UdeSA,Argentina,Buenos Aires,Latin America,61.3,https://www.topuniversities.com/universities/universidad-de-san-andres-udesa,https://www.topuniversities.com/sites/default/files/universidad-de-san-andrs-udesa_1699_medium.jpg,37.4,183,52.6,93,45.8,94,73.3,63,82.8,66,48.7,171,31,165,78.5,45
52,52,Universidade Federal de Pernambuco (UFPE) ,Brazil,Recife,Latin America,60.8,https://www.topuniversities.com/universities/universidade-federal-de-pernambuco-ufpe,https://www.topuniversities.com/sites/default/files/universidade-federal-de-pernambuco-ufpe-_592560cf2aeae70239af5143_medium.jpg,37.9,181,87.1,38,58.1,66,37.2,168,95.8,32,97.7,18,93,18,20.3,151+
53,53,Universidad de La Frontera (UFRO),Chile,Temuco,Latin America,60.5,https://www.topuniversities.com/universities/universidad-de-la-frontera-ufro,https://www.topuniversities.com/sites/default/files/universidad-de-la-frontera-ufro_592560cf2aeae70239af512b_medium.jpg,85.6,39,99.1,14,54.1,76,14.9,201+,81.6,69,93.1,47,32.3,=159,34,129
=54,54,Universidad Iberoamericana Ciudad de México - IBERO,Mexico,Mexico City,Latin America,60.3,https://www.topuniversities.com/universities/universidad-iberoamericana-ciudad-de-mexico-ibero,https://www.topuniversities.com/sites/default/files/240131094720pm844056LOGO-200x200-90x90.jpg,25.3,201+,12.6,201+,74.6,39,53.3,113,42.8,138,24.9,201+,33.8,151,87.7,32
=54,55,Universidad Simón Bolívar (USB),Venezuela,Caracas,Latin America,60.3,https://www.topuniversities.com/universities/universidad-simon-bolivar-usb,https://www.topuniversities.com/sites/default/files/universidad-simn-bolvar-usb_592560cf2aeae70239af5515_medium.jpg,60.9,96,35.4,135,65.9,53,63.1,88,10.8,201+,48.3,172,25.7,201+,78.8,44
=54,56,Universidad de las Américas Puebla (UDLAP),Mexico,Cholula,Latin America,60.3,https://www.topuniversities.com/universities/universidad-de-las-americas-puebla-udlap,https://www.topuniversities.com/sites/default/files/universidad-de-las-amricas-puebla-udlap_2637_medium.jpg,82.2,50,28.3,168,46.6,92,75.9,56,90.4,55,31.5,201+,53.3,74,54.3,76
57,57,Universidad EAFIT,Colombia,Medellin,Latin America,60.2,https://www.topuniversities.com/universities/universidad-eafit,https://www.topuniversities.com/sites/default/files/universidad-eafit_592560cf2aeae70239af4d9b_medium.jpg,39.5,175,46.7,107,65,56,14.7,201+,50.3,124,45.9,186,44.2,103,88.7,30
58,58,Universidad del Norte ,Colombia,Barranquilla,Latin America,59.9,https://www.topuniversities.com/universities/universidad-del-norte,https://www.topuniversities.com/sites/default/files/universidad-del-norte-_592560cf2aeae70239af54ec_medium.jpg,67.5,74,73.4,64,50.8,88,23.2,201+,46.1,133,79.3,81,53.9,70,66.6,57
59,59,Universidad Panamericana (UP),Mexico,Mexico City,Latin America,59.6,https://www.topuniversities.com/universities/universidad-panamericana,https://www.topuniversities.com/sites/default/files/220110044732pm195521Logo-QS-Hub-v2-90x90.jpg,29.1,201+,10.5,201+,55.6,71,92.9,30,18.9,201+,55.9,142,32.8,156,88.6,31
60,60,Universidad de Montevideo (UM),Uruguay,Montevideo,Latin America,59.3,https://www.topuniversities.com/universities/universidad-de-montevideo-um,https://www.topuniversities.com/sites/default/files/universidad-de-montevideo-um_695_medium.jpg,17.7,201+,9.9,201+,75.6,38,92.9,29,15.6,201+,35.6,201+,14.9,201+,79.3,41
61,61,Universidad Andrés Bello,Chile,Santiago,Latin America,58.9,https://www.topuniversities.com/universities/universidad-andres-bello,https://www.topuniversities.com/sites/default/files/250715065502am262139Sin-t%C3%ADtulo-12-Mesa-de-trabajo-1-90x90.jpg,63.4,87,36.1,131,63.2,60,25.6,201+,14.4,201+,98.2,17,46.4,96,62,64
62,62,Universidad Nacional de Rosario (UNR),Argentina,Rosario,Latin America,58.6,https://www.topuniversities.com/universities/universidad-nacional-de-rosario-unr,https://www.topuniversities.com/sites/default/files/211123024202pm491653Logo-UNR-HD-USO-OFICIAL-page-0001-90x90.jpg,18.1,201+,7.2,201+,79.3,34,49.5,123,8.4,201+,79.2,82,80.4,37,58.2,72
63,63,Universidad Autónoma de Nuevo León,Mexico,San Nicolás de los Garza,Latin America,58.2,https://www.topuniversities.com/universities/universidad-autonoma-de-nuevo-leon,https://www.topuniversities.com/sites/default/files/universidad-autnoma-de-nuevo-len_592560cf2aeae70239af5136_medium.jpg,74.5,65,21,201+,68.7,47,6.8,201+,30.7,182,90.3,55,58.1,62,50.7,87
64,64,Universidade Federal Fluminense,Brazil,Rio de Janeiro,Latin America,57,https://www.topuniversities.com/universities/universidade-federal-fluminense,https://www.topuniversities.com/sites/default/files/universidade-federal-fluminense-_592560cf2aeae70239af5147_medium.jpg,51.6,134,71.6,68,48.9,91,32.9,200,98.3,17,97.4,19,95.1,16,14.1,151+
65,65,"Pontifícia Universidade Católica do Rio Grande do Sul, PUCRS",Brazil,Porto Alegre,Latin America,56.7,https://www.topuniversities.com/universities/pontificia-universidade-catolica-do-rio-grande-do-sul-pucrs,https://www.topuniversities.com/sites/default/files/pontifcia-universidade-catlica-do-rio-grande-do-sul-pucrs_592560cf2aeae70239af548e_medium.jpg,88.2,33,99.5,10,37.5,121,34.4,188,94.1,44,68,103,65.8,49,27.8,150
66,66,Universidad del Valle,Colombia,Cali,Latin America,56.4,https://www.topuniversities.com/universities/universidad-del-valle,https://www.topuniversities.com/sites/default/files/universidad-del-valle_592560cf2aeae70239af54f0_medium.jpg,30.4,201+,28.5,167,74.3,40,22.6,201+,33.9,172,76,90,53.7,72,52.9,80
67,67,"El Colegio de México, A.C.",Mexico,Mexico City,Latin America,56.3,https://www.topuniversities.com/universities/el-colegio-de-mexico-ac,https://www.topuniversities.com/sites/default/files/el-colegio-de-mxico-a.c._592560cf2aeae70239af547b_medium.jpg,2.7,201+,77.3,56,66,52,100,1,69.1,83,42.5,201+,54.6,68,26.8,151+
68,68,Universidad Católica del Uruguay (UCU),Uruguay,Montevideo,Latin America,56,https://www.topuniversities.com/universities/universidad-catolica-del-uruguay-ucu,https://www.topuniversities.com/sites/default/files/universidad-catlica-del-uruguay-ucu_592560cf2aeae70239af54bb_medium.jpg,16.2,201+,9,201+,62.8,62,95.9,20,13.1,201+,40.1,201+,25.6,201+,78.9,43
69,69,Universidade Federal da Bahia,Brazil,Salvador,Latin America,55.9,https://www.topuniversities.com/universities/universidade-federal-da-bahia,https://www.topuniversities.com/sites/default/files/universidade-federal-da-bahia_592560cf2aeae70239af5146_medium.jpg,35.4,196,71.6,67,51.2,85,23.9,201+,93.4,47,95.1,30,87.9,26,23.4,151+
70,70,Universidad Peruana Cayetano Heredia (UPCH),Peru,San Martin,Latin America,55.7,https://www.topuniversities.com/universities/universidad-peruana-cayetano-heredia-upch,https://www.topuniversities.com/sites/default/files/universidad-peruana-cayetano-heredia-upch_592560cf2aeae70239af550f_medium.jpg,75.8,61,29.3,162,53.7,79,84.6,41,5,201+,74.9,96,17.2,201+,51,86
71,71,Universidade Federal do Ceará (UFC),Brazil,Fortaleza,Latin America,55.5,https://www.topuniversities.com/universities/universidade-federal-do-ceara-ufc,https://www.topuniversities.com/sites/default/files/universidade-federal-do-cear-ufc_592560cf2aeae70239af5148_medium.jpg,52.3,129,93.3,25,44.6,99,16.8,201+,99.3,8,91.8,51,78.3,41,22.4,151+
72,72,Pontifícia Universidade Católica de São Paulo,Brazil,São Paulo,Latin America,54.9,https://www.topuniversities.com/universities/pontifcia-universidade-catlica-de-so-paulo,https://www.topuniversities.com/sites/default/files/pontifcia-universidade-catlica-de-so-paulo_592560cf2aeae70239af549d_medium.jpg,2.3,201+,22.7,195,51,87,69.5,70,94.9,39,12.6,201+,62,55,72,54
73,73,Universidad Anáhuac México,Mexico,Huixquilucan,Latin America,54.4,https://www.topuniversities.com/universities/universidad-anahuac-mexico,https://www.topuniversities.com/sites/default/files/universidad-anahuac_592560cf2aeae70239af4a97_medium.jpg,29.3,201+,7.6,201+,62.6,63,79.7,52,19.2,201+,16.6,201+,18.9,201+,84.1,37
74,74,Pontificia Universidad Católica del Ecuador (PUCE),Ecuador,Quito,Latin America,54.1,https://www.topuniversities.com/universities/pontificia-universidad-catolica-del-ecuador-puce,https://www.topuniversities.com/sites/default/files/pontificia-universidad-catlica-del-ecuador-puce_592560cf2aeae70239af5489_medium.jpg,31.7,201+,15,201+,72.9,42,26,201+,8.4,201+,87.6,63,35.7,140,56.8,73
75,75,Universidade Federal de Santa Maria,Brazil,Santa Maria,Latin America,53.9,https://www.topuniversities.com/universities/universidade-federal-de-santa-maria,https://www.topuniversities.com/sites/default/files/universidade-federal-de-santa-maria_592560cf2aeae70239af553e_medium.jpg,77.9,57,84.9,43,31.8,140,43.5,143,94.2,42,96.3,26,82.4,33,9.5,151+
=76,76,Universidad Autónoma del Estado de México (UAEMex),Mexico,Toluca de Lerdo,Latin America,53.4,https://www.topuniversities.com/universities/universidad-autonoma-del-estado-de-mexico-uaemex,https://www.topuniversities.com/sites/default/files/universidad-autnoma-del-estado-de-mxico-uaemex_2249_medium.jpg,43.6,164,13.8,201+,73.6,41,17.6,201+,23.4,201+,59.1,132,58.5,60,52.4,81
=76,77,Universidade do Estado do Rio de Janeiro (UERJ),Brazil,Rio de Janeiro,Latin America,53.4,https://www.topuniversities.com/universities/universidade-do-estado-do-rio-de-janeiro-uerj,https://www.topuniversities.com/sites/default/files/universidade-do-estado-do-rio-de-janeiro-uerj_592560cf2aeae70239af5525_medium.jpg,24.2,201+,64.6,75,50.8,89,35.3,183,57,110,94.8,31,87.8,27,32.4,133
78,78,Universidad Católica Andres Bello,Venezuela,Caracas City,Latin America,53.2,https://www.topuniversities.com/universities/universidad-catolica-andres-bello,https://www.topuniversities.com/sites/default/files/universidad-catlica-andres-bello_592560cf2aeae70239af4a98_medium.jpg,n/a,n/a,2.6,201+,86.6,26,24.4,201+,9.9,201+,n/a,n/a,27.7,183,97,12
79,79,Universidad Externado de Colombia ,Colombia,Bogotá,Latin America,53.1,https://www.topuniversities.com/universities/universidad-externado-de-colombia,https://www.topuniversities.com/sites/default/files/universidad-externado-de-colombia_795_medium.jpg,3.8,201+,6.4,201+,57.6,67,73.9,61,19.2,201+,25.8,201+,35.2,141,92.8,19
80,80,Universidad Pontificia Bolivariana ,Colombia,Medellín,Latin America,52.2,https://www.topuniversities.com/universities/universidad-pontificia-bolivariana,https://www.topuniversities.com/sites/default/files/universidad-pontificia-bolivariana-_592560cf2aeae70239af5511_medium.jpg,19.6,201+,41,119,43.8,103,94.2,23,21.6,201+,63.8,120,46.8,93,59.7,69
=81,81,Universidad del Desarrollo (UDD),Chile,Santiago,Latin America,51.6,https://www.topuniversities.com/universities/universidad-del-desarrollo-udd,https://www.topuniversities.com/sites/default/files/universidad-del-desarrollo-udd_592560cf2aeae70239af52cd_medium.jpg,91.7,27,28.6,166,44.4,101,30.2,201+,11.8,201+,65.1,117,43.4,107,60.2,67
=81,82,Universidade Federal de Viçosa (UFV),Brazil,Viçosa,Latin America,51.6,https://www.topuniversities.com/universities/universidade-federal-de-vicosa-ufv,https://www.topuniversities.com/sites/default/files/universidade-federal-de-viosa-ufv_592560cf2aeae70239af5549_medium.jpg,51.8,133,99.7,7,31.2,143,35.9,179,99,13,78.6,85,79.3,40,19.9,151+
83,83,Benemerita Universidad Autonoma de Puebla,Mexico,Puebla,Latin America,51.2,https://www.topuniversities.com/universities/benemerita-universidad-autonoma-de-puebla,https://www.topuniversities.com/sites/default/files/benemrita-universidad-autnoma-de-puebla_592560cf2aeae70239af5478_medium.jpg,27.7,201+,32.2,151,66.8,51,4.8,201+,50.4,123,81.7,75,64,50,36,122
84,84,Universidad de Los Andes - (ULA) Mérida,Venezuela,Merida,Latin America,51,https://www.topuniversities.com/universities/universidad-de-los-andes-ula-merida,https://www.topuniversities.com/sites/default/files/universidad-de-los-andes-ula-mrida_592560cf2aeae70239af54d2_medium.jpg,13.4,201+,11.8,201+,67.3,50,41.1,152,18.8,201+,67.1,107,50.5,81,54.8,75
=85,85,Pontifícia Universidade Católica do Paraná,Brazil,Curitiba,Latin America,50.8,https://www.topuniversities.com/universities/pontificia-universidade-catolica-do-parana,https://www.topuniversities.com/sites/default/files/pontifcia-universidade-catlica-do-paran_592560cf2aeae70239af548d_medium.jpg,86.1,38,60.8,81,24.7,151+,50.2,119,86.3,59,81.4,77,63.9,52,20.3,151+
=85,86,Universidad de Valparaíso (UV),Chile,Valparaíso,Latin America,50.8,https://www.topuniversities.com/universities/universidad-de-valparaiso-uv,https://www.topuniversities.com/sites/default/files/universidad-de-valparaso-uv_592560cf2aeae70239af54e3_medium.jpg,37.1,187,61.2,79,56.9,69,25.6,201+,33,173,86.8,66,43.7,104,37.5,115
=87,87,Universidad Espíritu Santo (UEES),Ecuador,Samborondón,Latin America,50.7,https://www.topuniversities.com/universities/universidad-espiritu-santo-uees,https://www.topuniversities.com/sites/default/files/universidad-espritu-santo_592560cf2aeae70239af5629_medium.jpg,99.9,7,64,77,27.4,151+,52.9,114,49.6,126,76.9,88,15.2,201+,39.3,108
=87,88,Universidad Nacional del Litoral,Argentina,Santa Fe,Latin America,50.7,https://www.topuniversities.com/universities/universidad-nacional-del-litoral,https://www.topuniversities.com/sites/default/files/universidad-nacional-del-litoral_592560cf2aeae70239af5122_medium.jpg,54.3,118,41.5,117,63,61,6.8,201+,22.5,201+,79,83,41.9,109,43.6,99
89,89,Universidade Presbiteriana Mackenzie,Brazil,São Paulo,Latin America,49.8,https://www.topuniversities.com/universities/universidade-presbiteriana-mackenzie,https://www.topuniversities.com/sites/default/files/universidade-presbiteriana-mackenzie_2768_medium.jpg,57.4,108,37.1,128,25.7,151+,45.2,135,89,56,54.5,145,52.7,75,52,84
90,90,Universidad del Bío-Bío,Chile,Concepción,Latin America,49.5,https://www.topuniversities.com/universities/universidad-del-bio-bio,https://www.topuniversities.com/sites/default/files/universidad-del-bio-bio_592560cf2aeae70239af5128_medium.jpg,50.3,141,92,30,46.3,93,10.8,201+,72.2,78,84.8,70,39.6,121,23.3,151+
=91,91,Tecnológico de Costa Rica -TEC,Costa Rica,Cartago,Latin America,48.8,https://www.topuniversities.com/universities/tecnologico-de-costa-rica-tec,https://www.topuniversities.com/sites/default/files/tecnolgico-de-costa-rica-tec_592560cf2aeae70239af562c_medium.jpg,23,201+,22,197,45.1,96,36.9,172,26.4,201+,46.8,180,29.2,176,84.1,35
=91,92,Universidad Industrial de Santander - UIS,Colombia,Bucaramanga,Latin America,48.8,https://www.topuniversities.com/universities/universidad-industrial-de-santander-uis,https://www.topuniversities.com/sites/default/files/universidad-industrial-de-santander-uis_592560cf2aeae70239af54f6_medium.jpg,13.4,201+,51.3,97,49.5,90,11.5,201+,38.4,154,65.5,112,27.3,187,72.8,52
93,93,Universidad ORT Uruguay,Uruguay,Montevideo,Latin America,48.7,https://www.topuniversities.com/universities/universidad-ort-uruguay,https://www.topuniversities.com/sites/default/files/251114050726pm249935ORT-Logo-bordo-fondo-blanco-90x90.jpg,26.7,201+,6.6,201+,51.5,84,94.4,22,8.1,201+,16.2,201+,22.6,201+,73.8,51
94,94,Universidad de Lima,Peru,Lima,Latin America,48.6,https://www.topuniversities.com/universities/universidad-de-lima,https://www.topuniversities.com/sites/default/files/230207011108pm679897LOGO-ULIMA-90x90.jpg,23.5,201+,14.3,201+,53.2,82,17.2,201+,9.2,201+,47.5,175,38.6,125,88.8,28
95,95,Universidad de Palermo (UP),Argentina,Buenos Aires,Latin America,48.3,https://www.topuniversities.com/universities/universidad-de-palermo,https://www.topuniversities.com/sites/default/files/universidad-de-palermo-up_592560cf2aeae70239af54de_medium.jpg,1.7,201+,4.9,201+,56.2,70,99.1,13,29.4,190,16.4,201+,36.8,130,60.9,66
96,96,Universidad Nacional Costa Rica,Costa Rica,Heredia,Latin America,47.9,https://www.topuniversities.com/universities/universidad-nacional-costa-rica,https://www.topuniversities.com/sites/default/files/universidad-nacional-costa-rica_592560cf2aeae70239af52c1_medium.jpg,28.7,201+,19.5,201+,51.7,83,31.3,201+,10.9,201+,62,126,46.8,94,66.4,58
97,97,Instituto Tecnológico de Buenos Aires (ITBA),Argentina,Buenos Aires,Latin America,47.7,https://www.topuniversities.com/universities/instituto-tecnologico-de-buenos-aires-itba,https://www.topuniversities.com/sites/default/files/instituto-tecnolgico-de-buenos-aires-itba_592560cf2aeae70239af4bae_medium.jpg,37.6,182,8.5,201+,46.1,94,69.8,69,12.2,201+,13.9,201+,15.8,201+,84.2,35
97,98,Universidad Nacional de Cuyo,Argentina,Mendoza,Latin America,47.6,https://www.topuniversities.com/universities/universidad-nacional-de-cuyo,https://www.topuniversities.com/sites/default/files/universidad-nacional-de-cuyo_592560cf2aeae70239af5124_medium.jpg,25.6,201+,27.6,171,62.3,64,36.7,173,7.8,201+,78.5,86,22.3,201+,45.6,96
98,99,Universidade Federal do Rio Grande do Norte (UFRN),Brazil,Rio Grande do Norte,Latin America,47.2,https://www.topuniversities.com/universities/universidade-federal-do-rio-grande-do-norte-ufrn,https://www.topuniversities.com/sites/default/files/universidade-federal-do-rio-grande-do-norte_592560cf2aeae70239af5357_medium.jpg,48.9,148,78.8,52,30.8,144,19.9,201+,96.1,29,95.5,27,87.3,28,6,151+
99,100,Universidade Federal de Pelotas,Brazil,Pelotas,Latin America,46.5,https://www.topuniversities.com/universities/universidade-federal-de-pelotas,https://www.topuniversities.com/sites/default/files/universidade-federal-de-pelotas-_592560cf2aeae70239af553d_medium.jpg,59.9,100,85.1,42,25.4,151+,50,121,95.9,31,75.2,95,47.6,91,9,151+
100,101,Universidade Federal da Paraíba,Brazil,João Pessoa,Latin America,46.4,https://www.topuniversities.com/universities/universidade-federal-da-paraba,https://www.topuniversities.com/sites/default/files/220304121353pm298963ufpb-90x90.jpeg,36.8,189,71.2,69,28.1,151+,21,201+,94.3,41,94.2,36,77.3,43,17.9,151+
101,102,Universidad de Las Américas (UDLA) Ecuador,Ecuador,Quito,Latin America,46.3,https://www.topuniversities.com/universities/universidad-de-las-americas-udla-ecuador,https://www.topuniversities.com/sites/default/files/251111022435pm932572UDLA-90x90.jpg,66.8,76,18.2,201+,54.4,75,42.6,148,11.6,201+,65.1,116,12.4,201+,37.5,116
102,103,Universidad Nacional de San Martín (UNSAM),Argentina,Buenos Aires,Latin America,46,https://www.topuniversities.com/universities/universidad-nacional-de-san-martin-unsam,https://www.topuniversities.com/sites/default/files/universidad-nacional-de-san-martn-unsam_592560cf2aeae70239af5690_medium.jpg,20.9,201+,54.2,90,57.4,68,15.3,201+,57.9,107,81.6,76,35.9,137,21.9,151+
=103,104,Universidade Estadual de Maringá,Brazil,Maringá,Latin America,45.7,https://www.topuniversities.com/universities/universidade-estadual-de-maringa,https://www.topuniversities.com/sites/default/files/universidade-estadual-de-maring_592560cf2aeae70239af5529_medium.jpg,61.6,91,82.2,45,18.8,151+,47.8,126,95.4,37,78.6,84,81.4,34,6,151+
=103,105,Universidade Federal de Uberlândia,Brazil,Uberlândia,Latin America,45.7,https://www.topuniversities.com/universities/universidade-federal-de-uberlandia,https://www.topuniversities.com/sites/default/files/universidade-federal-de-uberlndia_592560cf2aeae70239af5544_medium.jpg,55,117,65.4,73,26.1,151+,40.1,158,94.1,43,85.4,69,51.2,78,11.5,151+
=105,106,Universidad de Monterrey (UDEM),Mexico,San Pedro Garza García,Latin America,45.5,https://www.topuniversities.com/universities/universidad-de-monterrey-udem,https://www.topuniversities.com/sites/default/files/Webp.net-resizeimage-2021-06-15T131430.941-90x90.jpg,31.3,201+,27.3,174,64.3,58,13.6,201+,24.8,201+,40.5,201+,21.4,201+,52.2,83
=105,107,Universidade Federal do ABC,Brazil,Santo André,Latin America,45.5,https://www.topuniversities.com/universities/universidade-federal-do-abc,https://www.topuniversities.com/sites/default/files/universidade-federal-do-abc_59b033e4acb2956e0b3fac91_medium.jpg,85.6,40,98.8,16,20.9,151+,11.8,201+,99.7,=3,74.7,97,49.1,85,11.9,151+
=107,108,Escuela Politécnica Nacional,Ecuador,Quito,Latin America,45.3,https://www.topuniversities.com/universities/escuela-politecnica-nacional,https://www.topuniversities.com/sites/default/files/escuela-politcnica-nacional_592560cf2aeae70239af589c_medium.jpg,31.2,201+,74.2,61,42.1,109,33.2,197,42.7,139,62.1,125,33,155,40.4,103
=107,109,Universidad Peruana de Ciencias Aplicadas (UPC),Peru,Monterrico,Latin America,45.3,https://www.topuniversities.com/universities/universidad-peruana-de-ciencias-aplicadas-upc,https://www.topuniversities.com/sites/default/files/240206095824pm847134upc-logo-90x90.jpg,1.4,201+,15.4,201+,58.4,65,10.9,201+,5.6,201+,43.5,199,34.5,147,84.1,36
109,110,Universidade Federal de Lavras,Brazil,Lavras,Latin America,45.1,https://www.topuniversities.com/universities/universidade-federal-de-lavras,https://www.topuniversities.com/sites/default/files/universidade-federal-de-lavras_2742_medium.jpg,64.2,83,99.6,8,18.2,151+,28.4,201+,98.3,19,80.2,79,62.1,54,11.1,151+
=110,111,Universidad Nacional de Mar del Plata,Argentina,Mar del Plata,Latin America,45,https://www.topuniversities.com/universities/universidad-nacional-de-mar-del-plata,https://www.topuniversities.com/sites/default/files/universidad-nacional-de-mar-del-plata_592560cf2aeae70239af5125_medium.jpg,40.5,172,74,62,44.1,102,13.2,201+,57.1,109,74.5,98,49.5,84,24,151+
=110,112,Universidad de Guanajuato,Mexico,Guanajuato,Latin America,45,https://www.topuniversities.com/universities/universidad-de-guanajuato,https://www.topuniversities.com/sites/default/files/universidad-de-guanajuato_592560cf2aeae70239af513d_medium.jpg,52.2,130,52.8,92,43.4,105,15.5,201+,66.9,89,75.9,91,53.7,71,16.7,151+
112,113,Universidade Federal de Juiz de Fora- (UFJF),Brazil,Juiz de For a,Latin America,44.2,https://www.topuniversities.com/universities/universidade-federal-de-juiz-de-fora-ufjf,https://www.topuniversities.com/sites/default/files/universidade-federal-de-juiz-de-fora-ufjf_592560cf2aeae70239af5539_medium.jpg,32.4,201+,65.5,72,21.1,151+,55.1,109,91.3,52,91.2,54,46,98,15.7,151+
113,114,Universidad ICESI,Colombia,Cali,Latin America,43.7,https://www.topuniversities.com/universities/universidad-icesi,https://www.topuniversities.com/sites/default/files/universidad-icesi_592560cf2aeae70239af5150_medium.jpg,59.3,102,17,201+,34.6,132,97.2,19,7,201+,33.8,201+,53.6,73,39.5,107
114,115,Universidade Federal do Espírito Santo,Brazil,Vitória,Latin America,43.5,https://www.topuniversities.com/universities/universidade-federal-do-espirito-santo,https://www.topuniversities.com/sites/default/files/universidade-federal-do-esprito-santo_592560cf2aeae70239af5547_medium.jpg,54.2,119,77.9,55,14.9,151+,34.8,185,96.2,28,94.6,32,76.5,44,6,151+
=115,116,Universidad Autónoma de Chile,Chile,Providencia,Latin America,43.3,https://www.topuniversities.com/universities/universidad-autonoma-de-chile,https://www.topuniversities.com/sites/default/files/universidad-autnoma-de-chile_592560e09988f300e2320bc6_medium.jpg,93.5,21,48.9,103,34.5,133,13.5,201+,23.9,201+,90.2,56,36.9,129,22,151+
=115,117,Universidad Nacional del Sur,Argentina,Bahia Blanca,Latin America,43.3,https://www.topuniversities.com/universities/universidad-nacional-del-sur,https://www.topuniversities.com/sites/default/files/universidad-nacional-del-sur_592560cf2aeae70239af550a_medium.jpg,45.7,157,33.3,145,35.3,128,45.5,132,54.3,114,82.6,74,37.3,128,21.2,151+
=115,118,Universidad Tecnológica Nacional (UTN),Argentina,Buenos Aires,Latin America,43.3,https://www.topuniversities.com/universities/universidad-tecnologica-nacional-utn,https://www.topuniversities.com/sites/default/files/250314113953am81912602-LOGO-MONTESERRAT-2025-90x90.jpg,34.8,199,3.2,201+,25.4,151+,60.4,96,13.4,201+,46.2,183,61.7,56,74.2,50
=118,119,Universidad Católica del Norte,Chile,Antofagasta,Latin America,43,https://www.topuniversities.com/universities/universidad-catolica-del-norte,https://www.topuniversities.com/sites/default/files/universidad-catlica-del-norte_592560cf2aeae70239af54b9_medium.jpg,63.9,85,87.1,37,27.1,151+,24.7,201+,32.8,174,93.5,45,47,92,23,151+
=118,120,Universidade Federal do Pará,Brazil,Belém,Latin America,43,https://www.topuniversities.com/universities/universidade-federal-do-para,https://www.topuniversities.com/sites/default/files/universidade-federal-do-par_592560cf2aeae70239af554d_medium.jpg,39.5,176,58.7,82,25,151+,18.6,201+,93.4,46,93.8,43,75,45,11,151+
120,121,Universidad San Ignacio de Loyola (USIL),Peru,La Molina,Latin America,42.9,https://www.topuniversities.com/universities/universidad-san-ignacio-de-loyola-usil,https://www.topuniversities.com/sites/default/files/universidad-san-ignacio-de-loyola_592560cf2aeae70239af5514_medium.jpg,83.7,46,29.4,160,38.1,119,6.8,201+,15,201+,57.3,137,20.4,201+,52.9,79
121,122,"ITESO, Universidad Jesuita de Guadalajara",Mexico,Tlaquepaque,Latin America,41.6,https://www.topuniversities.com/universities/iteso-universidad-jesuita-de-guadalajara,https://www.topuniversities.com/sites/default/files/iteso-universidad-jesuita-de-guadalajara_592560cf2aeae70239af5485_medium.jpg,60,99,3,201+,39.4,115,98.9,15,12.7,201+,16.5,201+,36.2,133,35.1,125
122,123,Federal University of Technology-Parana,Brazil,Curitiba,Latin America,41.1,https://www.topuniversities.com/universities/federal-university-technology-parana,https://www.topuniversities.com/sites/default/files/universidade-tecnolgica-federal-do-paran_592560cf2aeae70239af5556_medium.jpg,62.4,88,64.3,76,10,151+,36.1,178,90.8,53,96.5,25,40.9,115,11.5,151+
123,124,Universidade Estadual de Londrina,Brazil,Londrina,Latin America,40.6,https://www.topuniversities.com/universities/universidade-estadual-de-londrina,https://www.topuniversities.com/sites/default/files/universidade-estadual-de-londrina_592560cf2aeae70239af5528_medium.jpg,54,120,66,71,19.4,151+,29.1,201+,95.6,35,56.7,139,49.7,83,17.4,151+
124,125,Universidad de Tarapaca,Chile,Arica,Latin America,40.4,https://www.topuniversities.com/universities/universidad-de-tarapaca,https://www.topuniversities.com/sites/default/files/universidad-de-tarapaca_592560cf2aeae70239af5130_medium.jpg,92.3,25,99.8,5,21.5,151+,9.7,201+,40.2,145,95.4,28,29.9,173,9.1,151+
=125,126,Universidad Nacional de Ingeniería ,Peru,Lima,Latin America,40.3,https://www.topuniversities.com/universities/universidad-nacional-de-ingenieria,https://www.topuniversities.com/sites/default/files/universidad-nacional-de-ingeniera-_592560cf2aeae70239af57dd_medium.jpg,7.1,201+,23.3,192,44.7,98,17.8,201+,3.5,201+,32.6,201+,40.9,114,78.2,46
=125,127,Universidad del Zulia,Venezuela,Maracaibo,Latin America,40.3,https://www.topuniversities.com/universities/universidad-del-zulia,https://www.topuniversities.com/sites/default/files/universidad-del-zulia_592560cf2aeae70239af5636_medium.jpg,6.9,201+,71.7,66,54.8,74,9.7,201+,n/a,n/a,56.4,141,11.5,201+,52.3,82
=127,128,The University of the West Indies at St. Augustine,Trinidad & Tobago,Saint Augustine,Latin America,39.8,https://www.topuniversities.com/universities/university-west-indies-st-augustine,,61.5,92,78,54,13.8,151+,16,201+,n/a,n/a,89.6,59,48.1,90,53.8,77
=127,129,Universidad Autónoma de Baja California,Mexico,Baja California,Latin America,39.8,https://www.topuniversities.com/universities/universidad-autonoma-de-baja-california,https://www.topuniversities.com/sites/default/files/universidad-autnoma-de-baja-california_592560cf2aeae70239af5138_medium.jpg,56.8,111,16.2,201+,41.2,110,13.1,201+,36.5,162,54.2,147,37.3,127,34.3,128
=127,130,Universidade Federal do Rio Grande ,Brazil,Rio Grande,Latin America,39.8,https://www.topuniversities.com/universities/universidade-federal-do-rio-grande,https://www.topuniversities.com/sites/default/files/universidade-federal-do-rio-grande-_592560cf2aeae70239af554c_medium.jpg,75.3,63,86.3,39,11.2,151+,38.5,164,91.8,49,80.9,78,32.3,=159,n/a,n/a
=127,131,Universidade do Vale do Rio Dos Sinos - UNISINOS,Brazil,São Leopoldo,Latin America,39.8,https://www.topuniversities.com/universities/universidade-do-vale-do-rio-dos-sinos-unisinos,https://www.topuniversities.com/sites/default/files/universidade-do-vale-do-rio-dos-sinos_592560cf2aeae70239af5526_medium.jpg,62,90,91,33,18.3,151+,13.2,201+,80.9,71,54.2,148,74.5,46,15.6,151+
=131,132,Universidade Federal de Goiás,Brazil,Goiânia,Latin America,39.5,https://www.topuniversities.com/universities/universidade-federal-de-goias,https://www.topuniversities.com/sites/default/files/universidade-federal-de-gois_592560cf2aeae70239af5537_medium.jpg,50.8,139,82.7,44,19.2,151+,19.9,201+,60.3,103,88.2,62,85.2,29,7.9,151+
=131,133,Universidade Federal de Itajubá,Brazil,Itajubá,Latin America,39.5,https://www.topuniversities.com/universities/universidade-federal-de-itajuba,https://www.topuniversities.com/sites/default/files/universidade-federal-de-itajub_592560cf2aeae70239af5538_medium.jpg,65.3,79,91.4,32,9.5,151+,24.9,201+,97.9,21,49.8,170,63.9,51,16.1,151+
133,134,Universidade Federal de Ouro Preto ,Brazil,Ouro Preto,Latin America,39.4,https://www.topuniversities.com/universities/universidade-federal-de-ouro-preto,https://www.topuniversities.com/sites/default/files/universidade-federal-de-ouro-preto-_592560cf2aeae70239af553b_medium.jpg,42.4,169,78.6,53,17.9,151+,31.6,201+,93.7,45,59.8,127,44.7,100,16.4,151+
134,135,Universidad de Belgrano (UB),Argentina,Buenos Aires,Latin America,39,https://www.topuniversities.com/universities/universidad-de-belgrano-ub,https://www.topuniversities.com/sites/default/files/230203072839pm689446isotipo2022-Institucional-fondo-institucional-90x90.jpg,n/a,n/a,2.3,201+,45.1,97,92.6,32,3.8,201+,n/a,n/a,18.8,201+,64.8,61
135,136,Universidad Alberto Hurtado,Chile,Santiago,Latin America,38.1,https://www.topuniversities.com/universities/universidad-alberto-hurtado,https://www.topuniversities.com/sites/default/files/universidad-alberto-hurtado_716_medium.jpg,7.9,201+,91.8,31,44.6,100,9.6,201+,59.3,105,20.3,201+,27.4,185,36.5,119
=136,137,Universidad de San Carlos de Guatemala,Guatemala,Guatemala City,Latin America,37.6,https://www.topuniversities.com/universities/universidad-de-san-carlos-de-guatemala,https://www.topuniversities.com/sites/default/files/universidad-de-san-carlos-de-guatemala_592560cf2aeae70239af54e0_medium.jpg,26.3,201+,1.5,201+,53.7,78,12.7,201+,n/a,n/a,47,178,55,67,41.9,102
=136,138,Yachay Tech University,Ecuador,Urcuqui,Latin America,37.6,https://www.topuniversities.com/universities/yachay-tech-university,https://www.topuniversities.com/sites/default/files/240208083840pm239397200x200px-90x90.jpg,93.2,22,99.5,9,11.2,151+,43.4,144,74.1,75,53.9,150,11.6,201+,2.7,151+
138,139,Universidade Federal Rural de Pernambuco (UFRPE),Brazil,Recife,Latin America,37.5,https://www.topuniversities.com/universities/universidade-federal-rural-de-pernambuco-ufrpe,https://www.topuniversities.com/sites/default/files/220907114005am603222universidade-federal-rural-de-pernambuco-logo-90x90.jpg,30.4,201+,81.2,47,n/a,n/a,99.6,10,99.9,2,66.4,111,41.8,110,n/a,n/a
139,140,Universidad Nacional Agraria la Molina,Peru,Lima,Latin America,37.3,https://www.topuniversities.com/universities/universidad-nacional-agraria-la-molina,https://www.topuniversities.com/sites/default/files/universidad-nacional-agraria-la-molina_592560cf2aeae70239af515c_medium.jpg,22.4,201+,33,147,39.3,116,31.7,201+,21.6,201+,51.2,165,29.8,174,40,106
=140,141,Universidad Autónoma del Estado de Hidalgo (UAEH),Mexico,Pachuca,Latin America,37.2,https://www.topuniversities.com/universities/universidad-autonoma-del-estado-de-hidalgo-uaeh,https://www.topuniversities.com/sites/default/files/universidad-autnoma-del-estado-de-hidalgo-uaeh_592560cf2aeae70239af54ac_medium.jpg,58.9,103,10.5,201+,19.3,151+,72.2,67,12.9,201+,53.2,156,35.9,139,38.5,110
=140,142,Universidad de Medellín,Colombia,Medellin,Latin America,37.2,https://www.topuniversities.com/universities/universidad-de-medellin,https://www.topuniversities.com/sites/default/files/universidad-de-medelln_592560cf2aeae70239af5337_medium.jpg,77.6,58,46.6,108,37.6,120,37.8,165,25,201+,25.3,201+,11.5,201+,23.9,151+
142,143,Universidad de Cuenca,Ecuador,Cuenca,Latin America,37.1,https://www.topuniversities.com/universities/universidad-de-cuenca,https://www.topuniversities.com/sites/default/files/universidad-de-cuenca_592560cf2aeae70239af54cc_medium.jpg,47.4,154,28.9,165,43.7,104,12.5,201+,17.1,201+,68.7,102,32.5,158,23.4,151+
143,144,Universidad Autónoma de San Luis de Potosí,Mexico,San Luis Potosí,Latin America,36.8,https://www.topuniversities.com/universities/universidad-autonoma-de-san-luis-de-potosi,https://www.topuniversities.com/sites/default/files/universidad-autnoma-de-san-luis-de-potos_592560cf2aeae70239af54a5_medium.jpg,48.7,150,45,111,35.5,127,16.3,201+,36.8,159,73.5,99,46.3,97,12.1,151+
144,145,Universidade Estadual de Ponta Grossa ,Brazil,Ponta Grossa,Latin America,36.7,https://www.topuniversities.com/universities/universidade-estadual-de-ponta-grossa,https://www.topuniversities.com/sites/default/files/universidade-estadual-de-ponta-grossa-_592560cf2aeae70239af552c_medium.jpg,64,84,25.3,181,6,151+,73.5,62,96.5,26,59.4,128,35,143,4.5,151+
=145,146,Universidad de La Serena,Chile,La Serena,Latin America,36.3,https://www.topuniversities.com/universities/universidad-de-la-serena,https://www.topuniversities.com/sites/default/files/universidad-de-la-serena_1712_medium.jpg,83.5,48,74.9,59,27.6,151+,9.9,201+,31.1,180,58.3,134,21.1,201+,16.7,151+
=145,147,Universidade Paulista ,Brazil,São Paulo,Latin America,36.3,https://www.topuniversities.com/universities/universidade-paulista,https://www.topuniversities.com/sites/default/files/universidade-paulista-_592560cf2aeae70239af5622_medium.jpg,96.2,16,26.4,177,17.9,151+,1.8,201+,41.8,142,32.3,201+,36,136,45,97
=147,148,Universidad de Antofagasta,Chile,Antofagasta,Latin America,36.2,https://www.topuniversities.com/universities/universidad-de-antofagasta,https://www.topuniversities.com/sites/default/files/universidad-de-antofagasta_592560cf2aeae70239af512c_medium.jpg,92.1,26,56.1,87,22.6,151+,24.8,201+,22.7,201+,75.9,92,20.8,201+,12.3,151+
=147,149,Universidad de Piura,Peru,Piura,Latin America,36.2,https://www.topuniversities.com/universities/universidad-de-piura,https://www.topuniversities.com/sites/default/files/universidad-de-piura_592560cf2aeae70239af515d_medium.jpg,1.8,201+,15.3,201+,45.2,95,18.5,201+,28.6,193,21.9,201+,26.7,194,59.3,71
149,150,Universidad Nacional de Asunción,Paraguay,San Lorenzo,Latin America,36.1,https://www.topuniversities.com/universities/universidad-nacional-de-asuncion,https://www.topuniversities.com/sites/default/files/universidad-nacional-de-la-asuncin_592560cf2aeae70239af5503_medium.jpg,26.1,201+,3.6,201+,33.9,136,64.1,83,10.8,201+,52.8,159,39.4,122,34,130
150,151,Universidad Latina de Costa Rica,Costa Rica,San Jose,Latin America,36,https://www.topuniversities.com/universities/universidad-latina-de-costa-rica,https://www.topuniversities.com/sites/default/files/240722083734am70831801-Logo-ULATINA-200x200-90x90.jpg,n/a,n/a,1.7,201+,43.1,106,72.3,65,1.5,201+,14.7,201+,10.6,201+,59.9,68
151-160,152,Universidade Federal de Mato Grosso do Sul,Brazil,Campo Grande,Latin America,n/a,https://www.topuniversities.com/universities/universidade-federal-de-mato-grosso-do-sul,https://www.topuniversities.com/sites/default/files/universidade-federal-do-mato-grosso-do-sul-_592560cf2aeae70239af554a_medium.jpg,60.8,97,56.4,86,5.8,151+,36.3,174,91.4,50,75.4,94,55.5,66,2.5,151+
151-160,153,Pontificia Universidad Católica Madre y Maestra (PUCMM),Dominican Republic,Santiago,Latin America,n/a,https://www.topuniversities.com/universities/pontificia-universidad-catolica-madre-y-maestra-pucmm,https://www.topuniversities.com/sites/default/files/pontificia-universidad-catlica-madre-y-maestra-pucmm_592560cf2aeae70239af548a_medium.jpg,100,3,5.3,201+,28.1,151+,28.9,201+,6.7,201+,41.1,201+,21.2,201+,34,131
151-160,154,Universidad Argentina de la Empresa (UADE),Argentina,Buenos Aires,Latin America,n/a,https://www.topuniversities.com/universities/universidad-argentina-de-la-empresa-uade,https://www.topuniversities.com/sites/default/files/universidad-argentina-de-la-empresa-uade_592560cf2aeae70239af5494_medium.jpg,6.5,201+,1.7,201+,27.6,151+,99.2,11,3.7,201+,2.7,201+,15.9,201+,66.1,59
151-160,155,Universidad Católica de la Santísima Concepción (UCSC),Chile,Concepción,Latin America,n/a,https://www.topuniversities.com/universities/universidad-catolica-de-la-santisima-concepcion-ucsc,https://www.topuniversities.com/sites/default/files/universidad-catlica-de-la-santsima-concepcin-ucsc_592560cf2aeae70239af54b6_medium.jpg,43.1,167,73.5,63,24,151+,22.2,201+,31.3,178,86,67,24.8,201+,17.5,151+
151-160,156,"Universidad Central ""Marta Abreu"" de Las Villas",Cuba,Santa Clara,Latin America,n/a,https://www.topuniversities.com/universities/universidad-central-marta-abreu-de-las-villas,https://www.topuniversities.com/sites/default/files/universidad-central-marta-abreu-de-las-villas_592560cf2aeae70239af54c1_medium.jpg,53.9,121,8.3,201+,26.3,151+,100,6,31.3,179,41.2,201+,21.7,201+,8.1,151+
151-160,157,Universidad Tecnológica de Panamá (UTP),Panama,Panama City,Latin America,n/a,https://www.topuniversities.com/universities/universidad-tecnologica-de-panama-utp,https://www.topuniversities.com/sites/default/files/universidad-tecnolgica-de-panam-utp_592560cf2aeae70239af4db4_medium.jpg,2.4,201+,6.3,201+,39.8,113,62,92,6.8,201+,24.2,201+,25.9,201+,53.4,78
151-160,158,Universidad Veracruzana,Mexico,Xalapa,Latin America,n/a,https://www.topuniversities.com/universities/universidad-veracruzana,https://www.topuniversities.com/sites/default/files/universidad-veracruzana_592560cf2aeae70239af513a_medium.jpg,17.3,201+,18.2,201+,43,107,21.3,201+,39.7,147,52.6,160,77.9,42,15.9,151+
151-160,159,Universidad del Valle de Guatemala (UVG),Guatemala,Guatemala City,Latin America,n/a,https://www.topuniversities.com/universities/universidad-del-valle-de-guatemala-uvg,https://www.topuniversities.com/sites/default/files/211125092041pm825065Logo-UVG-90x90.jpg,28.8,201+,6.6,201+,30,148,80.1,51,7.3,201+,26.1,201+,17.2,201+,46.7,92
151-160,160,Universidade Federal de Campina Grande,Brazil,Campina Grande,Latin America,n/a,https://www.topuniversities.com/universities/universidade-federal-de-campina-grande,https://www.topuniversities.com/sites/default/files/universidade-federal-de-campina-grande_592560cf2aeae70239af5536_medium.jpg,13.4,201+,58.3,83,17,151+,63.4,87,84.9,63,71.3,101,35.9,138,5.4,151+
151-160,161,Universidade do Estado de Santa Catarina,Brazil,Florianópolis,Latin America,n/a,https://www.topuniversities.com/universities/universidade-do-estado-de-santa-catarina,https://www.topuniversities.com/sites/default/files/universidade-do-estado-de-santa-catarina_592560cf2aeae70239af5522_medium.jpg,36.1,192,25.1,182,24.7,151+,29.1,201+,100,1,52.2,161,37.7,126,8.4,151+
161-170,162,Pontifícia Universidade Católica de Campinas,Brazil,Campinas,Latin America,n/a,https://www.topuniversities.com/universities/pontificia-universidade-catolica-de-campinas,https://www.topuniversities.com/sites/default/files/pontifcia-universidade-catlica-de-campinas_592560cf2aeae70239af548b_medium.jpg,40.1,174,32.7,148,26.8,151+,23,201+,79.1,73,16.9,201+,28.3,179,31.9,135
161-170,163,Universidad Autonoma de Yucatan,Mexico,Mérida,Latin America,n/a,https://www.topuniversities.com/universities/universidad-autonoma-de-yucatan,https://www.topuniversities.com/sites/default/files/universidad-autonoma-de-yucatan_592560cf2aeae70239af513b_medium.jpg,43.7,163,36.4,129,35.7,126,15.9,201+,47.8,131,55,143,46.4,95,10.9,151+
161-170,164,Universidad Mayor de San Andrés (UMSA),Bolivia,La Paz,Latin America,n/a,https://www.topuniversities.com/universities/universidad-mayor-de-san-andres-umsa,https://www.topuniversities.com/sites/default/files/universidad-mayor-de-san-andrs-umsa_592560cf2aeae70239af561a_medium.jpg,98,15,9,201+,31.2,142,2.3,201+,5.6,201+,62.5,123,31,166,22.8,151+
161-170,165,Universidad Metropolitana,Venezuela,Caracas,Latin America,n/a,https://www.topuniversities.com/universities/universidad-metropolitana,https://www.topuniversities.com/sites/default/files/universidad-metropolitana_400_medium.jpg,n/a,n/a,3.2,201+,40.8,112,13.9,201+,19.6,201+,9,201+,12.6,201+,77.2,47
161-170,166,Universidad Nacional de Tucumà¡n,Argentina,San Miguel de Tucumán,Latin America,n/a,https://www.topuniversities.com/universities/universidad-nacional-de-tucuman,https://www.topuniversities.com/sites/default/files/universidad-nacional-de-tucumn_592560cf2aeae70239af5123_medium.jpg,31.3,201+,19.6,201+,38.9,117,7.6,201+,8.9,201+,89.9,58,39.3,123,25.6,151+
161-170,167,Universidad Nacional del Centro de la Provincia de Buenos Aires (UNICEN),Argentina,Tandil,Latin America,n/a,https://www.topuniversities.com/universities/universidad-nacional-del-centro-de-la-provincia-de-buenos-aires-unicen,https://www.topuniversities.com/sites/default/files/universidad-nacional-del-centro-de-la-provincia-de-buenos-aires-unicen_592560cf2aeae70239af568f_medium.jpg,13.7,201+,14.2,201+,29.1,151+,92.9,28,3.9,201+,34.9,201+,56.4,65,29.2,147
161-170,168,Universidad de Magallanes,Chile,Punta Arenas,Latin America,n/a,https://www.topuniversities.com/universities/universidad-de-magallanes,https://www.topuniversities.com/sites/default/files/universidad-de-magallanes_592560cf2aeae70239af5132_medium.jpg,99,13,49.9,99,13.3,151+,55,110,8.6,201+,65.3,114,19.4,201+,10.1,151+
161-170,169,"Universidad de Oriente, Santiago de Cuba",Cuba,Santiago de Cuba,Latin America,n/a,https://www.topuniversities.com/universities/universidad-de-oriente-santiago-de-cuba,https://www.topuniversities.com/sites/default/files/universidad-de-oriente-santiago-de-cuba_592560cf2aeae70239af54d8_medium.jpg,4.2,201+,4.4,201+,39.6,114,94.9,21,11.8,201+,34.4,201+,22.4,201+,26.2,151+
161-170,170,Universidade Federal de Alagoas ,Brazil,Maceio,Latin America,n/a,https://www.topuniversities.com/universities/universidade-federal-de-alagoas,https://www.topuniversities.com/sites/default/files/universidade-federal-de-alagoas-_592560cf2aeae70239af5533_medium.jpg,51.2,137,40.7,121,9.3,151+,37.7,166,67.5,87,84.2,72,52.5,76,4.6,151+
161-170,171,Universidade Federal de Sergipe (UFS) ,Brazil,São Christovão,Latin America,n/a,https://www.topuniversities.com/universities/universidade-federal-de-sergipe-ufs,https://www.topuniversities.com/sites/default/files/universidade-federal-de-sergipe-ufs-_592560cf2aeae70239af5542_medium.jpg,33.4,201+,47.7,106,9.3,151+,33.2,196,88.3,57,87.1,64,50.8,80,7.5,151+
171-180,172,Pontifícia Universidade Católica de Minas Gerais,Brazil,Belo Horizonte,Latin America,n/a,https://www.topuniversities.com/universities/pontificia-universidade-catolica-de-minas-gerais,https://www.topuniversities.com/sites/default/files/pontifcia-universidade-catlica-do-minas-gerais_592560cf2aeae70239af548c_medium.jpg,46.8,155,18.4,201+,29.6,150,9.1,201+,44.1,136,39.5,201+,36.2,134,30.3,143
171-180,173,Universidad Bernardo O'Higgins,Chile,Santiago,Latin America,n/a,https://www.topuniversities.com/universities/universidad-bernardo-ohiggins,https://www.topuniversities.com/sites/default/files/universidad-bernardo-ohiggins_5aa25b5e6ee6c81c63496cfc_medium.jpg,12.3,201+,63.2,78,24.8,151+,26.8,201+,29.9,188,59.2,131,13.9,201+,38.1,113
171-180,174,Universidad Católica de Temuco,Chile,Temuco,Latin America,n/a,https://www.topuniversities.com/universities/universidad-catolica-de-temuco,https://www.topuniversities.com/sites/default/files/universidad-catlica-de-temuco_592560cf2aeae70239af54b7_medium.jpg,10.5,201+,99.8,6,25.9,151+,5.8,201+,63.7,97,71.8,100,26.3,201+,11.2,151+
171-180,175,Universidad Central del Ecuador,Ecuador,Quito,Latin America,n/a,https://www.topuniversities.com/universities/universidad-central-del-ecuador,https://www.topuniversities.com/sites/default/files/universidad-central-del-ecuador_592560cf2aeae70239af54be_medium.jpg,32.9,201+,8.3,201+,42.5,108,27.6,201+,1.5,201+,45.6,187,17.8,201+,30.7,141
171-180,176,Universidad Mayor,Chile,Santiago,Latin America,n/a,https://www.topuniversities.com/universities/universidad-mayor,https://www.topuniversities.com/sites/default/files/universidad-mayor_592560cf2aeae70239af512d_medium.jpg,91.2,29,33.5,144,15.2,151+,11,201+,16.2,201+,77.3,87,27.3,186,23.1,151+
171-180,177,Universidad Nacional de Quilmes,Argentina,Bernal,Latin America,n/a,https://www.topuniversities.com/universities/universidad-nacional-de-quilmes,https://www.topuniversities.com/sites/default/files/universidad-nacional-de-quilmes_592560df9988f300e23209d5_medium.jpg,10.7,201+,29.9,159,36.8,123,8.3,201+,66.5,91,58.9,133,43.7,105,13,151+
171-180,178,Universidad Regional Amazónica Ikiam,Ecuador,"Parroquia Muyuna,",Latin America,n/a,https://www.topuniversities.com/universities/universidad-regional-amazonica-ikiam,https://www.topuniversities.com/sites/default/files/240924090049pm216150Logo-Ikiam-200-90x90.jpg,83.6,47,74.3,60,4.3,151+,88.1,36,54,115,36.5,201+,8.6,201+,n/a,n/a
171-180,179,Universidad San Sebastian - Chile,Chile,Santiago,Latin America,n/a,https://www.topuniversities.com/universities/universidad-san-sebastian-chile,https://www.topuniversities.com/sites/default/files/250107062226pm890484ESCUDO-USS-vertical-color-1-90x90.jpg,38.4,179,21.8,199,16,151+,52.2,116,4.9,201+,91.5,53,36.4,132,26.2,151+
171-180,180,Universidade Federal Rural do Rio de Janeiro ,Brazil,Rio de Janeiro,Latin America,n/a,https://www.topuniversities.com/universities/universidade-federal-rural-do-rio-de-janeiro,https://www.topuniversities.com/sites/default/files/universidade-federal-rural-do-rio-de-janeiro-_592560cf2aeae70239af554f_medium.jpg,22.1,201+,61.2,80,12.5,151+,46.8,127,98.1,20,52.1,162,24.7,201+,7.5,151+
171-180,181,Universidade Federal de Alfenas ,Brazil,Alfenas,Latin America,n/a,https://www.topuniversities.com/universities/universidade-federal-de-alfenas,https://www.topuniversities.com/sites/default/files/universidade-federal-de-alfenas-_592560cf2aeae70239af5534_medium.jpg,49.4,146,76.6,58,3,151+,52.8,115,96.9,23,35.5,201+,12.6,201+,10,151+
181-190,182,Federal University of Piauí,Brazil,Teresina,Latin America,n/a,https://www.topuniversities.com/universities/federal-university-piaui,https://www.topuniversities.com/sites/default/files/220907114339am202321Universidade-Federal-Do-Piaui-90x90.jpg,66.9,75,48.3,104,n/a,n/a,36.1,177,95.9,30,67.5,105,30,172,n/a,n/a
181-190,183,Universidad Autonoma Chapingo,Mexico,Texcoco,Latin America,n/a,https://www.topuniversities.com/universities/universidad-autonoma-chapingo,https://www.topuniversities.com/sites/default/files/210811053617am477550UACh-logo-1200-90x90.jpg,6.6,201+,26.1,179,21.3,151+,92.7,31,55.1,112,29.4,201+,13.5,201+,19.5,151+
181-190,184,Universidad Nacional del Comahue,Argentina,Neuquén,Latin America,n/a,https://www.topuniversities.com/universities/universidad-nacional-del-comahue,https://www.topuniversities.com/sites/default/files/universidad-nacional-del-comahue_592560cf2aeae70239af5692_medium.jpg,52.5,128,11.1,201+,29.8,149,44.8,137,n/a,n/a,56.7,140,26.6,195,22.5,151+
181-190,185,Universidad Rafael Landívar (URL),Guatemala,Guatemala City,Latin America,n/a,https://www.topuniversities.com/universities/universidad-rafael-landivar-url,https://www.topuniversities.com/sites/default/files/universidad-rafael-landvar-url_592560cf2aeae70239af57e0_medium.jpg,n/a,n/a,1.1,201+,31.7,141,99.9,8,2.1,201+,3.8,201+,25.6,201+,44.7,98
181-190,186,Universidad de Panamá - UP,Panama,Panama City,Latin America,n/a,https://www.topuniversities.com/universities/universidad-de-panama,https://www.topuniversities.com/sites/default/files/universidad-de-panam-up_592560cf2aeae70239af54db_medium.jpg,40.3,173,3.7,201+,36.8,124,9.5,201+,12.3,201+,47,177,20.1,201+,36.2,121
181-190,187,Universidade Estadual de Santa Cruz,Brazil,Ilhéus,Latin America,n/a,https://www.topuniversities.com/universities/universidade-estadual-de-santa-cruz,,43.3,166,53.4,91,1.2,151+,80.3,50,94.7,40,52,163,n/a,n/a,n/a,n/a
181-190,188,Universidade Estadual do Norte Fluminense Darcy Ribeiro,Brazil,Campos dos Goytacazes,Latin America,n/a,https://www.topuniversities.com/universities/universidade-estadual-do-norte-fluminense-darcy-ribeiro,https://www.topuniversities.com/sites/default/files/universidade-estadual-do-norte-fluminense-_592560cf2aeae70239af5530_medium.jpg,63.8,86,99.2,13,7.1,151+,55,111,20.2,201+,59.4,129,31.3,163,7.3,151+
181-190,189,Universidade Federal do Amazonas-UFAM ,Brazil,Manaus,Latin America,n/a,https://www.topuniversities.com/universities/universidade-federal-do-amazonas-ufam,https://www.topuniversities.com/sites/default/files/universidade-federal-do-amazonas-ufam-_592560cf2aeae70239af5546_medium.jpg,27.2,201+,38.5,125,15.8,151+,27.6,201+,65.2,94,67.3,106,58.4,61,11.4,151+
181-190,190,Universidade Federal do Estado do Rio de Janeiro,Brazil,Rio de Janeiro,Latin America,n/a,https://www.topuniversities.com/universities/universidade-federal-do-estado-do-rio-de-janeiro,https://www.topuniversities.com/sites/default/files/231206043418pm698119logo-unirio-qs-90x90.jpg,23.8,201+,44.3,113,16.8,151+,26.9,201+,95.6,34,45.5,188,22,201+,13.4,151+
181-190,191,Universidade de Passo Fundo ,Brazil,Passo Fundo,Latin America,n/a,https://www.topuniversities.com/universities/universidade-de-passo-fundo,https://www.topuniversities.com/sites/default/files/universidade-de-passo-fundo-_592560cf2aeae70239af551e_medium.jpg,99.4,10,36,133,7.2,151+,11.1,201+,68.1,85,53.7,151,34.8,144,6,151+
191-200,192,"ULACIT - Universidad Latinoamericana de Ciencia y Tecnología, Costa Rica",Costa Rica,San José,Latin America,n/a,https://www.topuniversities.com/universities/ulacit-universidad-latinoamericana-de-ciencia-y-tecnologia-costa-rica,https://www.topuniversities.com/sites/default/files/-ulacit-universidad-latinoamericana-de-ciencia-y-tecnologa-costa-rica_592560cf2aeae70239af4dbb_medium.jpg,n/a,n/a,2.6,201+,36.6,125,42.7,146,6.7,201+,1.7,201+,7.6,201+,63.7,62
191-200,193,Instituto Tecnológico de Santo Domingo (INTEC),Dominican Republic,Santo Domingo,Latin America,n/a,https://www.topuniversities.com/universities/instituto-tecnologico-de-santo-domingo-intec,https://www.topuniversities.com/sites/default/files/241202025447pm764828INTEC-LOGO-COMERCIAL-FULL-RGB-90x90.jpg,100,4,6.3,201+,13,151+,45.9,130,5.4,201+,33.4,201+,16,201+,30.1,144
191-200,194,Universidad Autónoma de Querétaro (UAQ),Mexico,Querétaro,Latin America,n/a,https://www.topuniversities.com/universities/universidad-autonoma-de-queretaro-uaq,https://www.topuniversities.com/sites/default/files/universidad-autnoma-de-quertaro-uaq_592560cf2aeae70239af54a4_medium.jpg,61.4,93,27.3,176,25.4,151+,19.9,201+,28.1,195,37.7,201+,36.8,131,19.9,151+
191-200,195,"Universidad Católica de Córdoba (UCC), Jesuitas",Argentina,Córdoba,Latin America,n/a,https://www.topuniversities.com/universities/universidad-catolica-de-cordoba-ucc-jesuitas,https://www.topuniversities.com/sites/default/files/231204014402pm206077LOGO-UCC-Mesa-de-trabajo-1-90x90.jpg,17.8,201+,6.8,201+,34.7,131,40.3,155,61.5,98,15.2,201+,20,201+,22.9,151+
191-200,196,Universidad Técnica Particular de Loja,Ecuador,Loja,Latin America,n/a,https://www.topuniversities.com/universities/universidad-tecnica-particular-de-loja,https://www.topuniversities.com/sites/default/files/universidad-tcnica-particular-de-loja_592560cf2aeae70239af593c_medium.jpg,19.7,201+,29.4,161,36.9,122,14.8,201+,13.9,201+,63.4,122,41.6,111,20.1,151+
191-200,197,Universidad de la Costa,Colombia,Barranquilla,Latin America,n/a,https://www.topuniversities.com/universities/universidad-de-la-costa,https://www.topuniversities.com/sites/default/files/universidad-de-la-costa_592560e99988f300e23224d2_medium.jpg,95.4,17,92.6,27,8.4,151+,12.5,201+,11.8,201+,93.8,42,13.8,201+,n/a,n/a
191-200,198,Universidad del Azuay,Ecuador,Cuenca,Latin America,n/a,https://www.topuniversities.com/universities/universidad-del-azuay,https://www.topuniversities.com/sites/default/files/universidad-del-azuay_592560cf2aeae70239af54e6_medium.jpg,69.8,69,34.2,142,24.3,151+,12.5,201+,13.5,201+,75.6,93,20.3,201+,12.8,151+
191-200,199,Universidad del Valle de México (UVM),Mexico,Ciudad de México,Latin America,n/a,https://www.topuniversities.com/universities/universidad-del-valle-de-mexico-uvm,https://www.topuniversities.com/sites/default/files/universidad-del-valle-de-mxico-uvm_2670_medium.jpg,75.1,64,2.7,201+,21.8,151+,8.6,201+,4.1,201+,26,201+,11.2,201+,55.6,74
191-200,200,Universidade Federal de São João del-Rei ,Brazil,São João del Rei,Latin America,n/a,https://www.topuniversities.com/universities/universidade-federal-de-sao-joao-del-rei,https://www.topuniversities.com/sites/default/files/universidade-federal-de-so-joo-del-rei-_592560cf2aeae70239af5540_medium.jpg,35.6,195,67.1,70,10,151+,18.5,201+,91.3,51,42.9,201+,44.4,102,10.3,151+
191-200,201,University of the West Indies at Mona,Jamaica,Kingston,Latin America,n/a,https://www.topuniversities.com/universities/university-west-indies-mona,,83.7,45,31.3,156,17.8,151+,21.6,201+,n/a,n/a,91.9,50,8.4,201+,10.7,151+
201-250,202,Centro Federal de Educacao Tecnologica de Minas Gerais,Brazil,Belo Horizonte,Latin America,n/a,https://www.topuniversities.com/universities/centro-federal-de-educacao-tecnologica-de-minas-gerais,,38.4,178,42.2,115,1.3,151+,72.2,66,90.7,54,18.5,201+,n/a,n/a,1,151+
201-250,203,"Instituto Federal de Educação, Ciência e Tecnologia do Paraná - IFPR",Brazil,Paranavaí,Latin America,n/a,https://www.topuniversities.com/universities/instituto-federal-de-educacao-ciencia-e-tecnologia-do-parana-ifpr,https://www.topuniversities.com/sites/default/files/instituto-federal-de-educao-cincia-e-tecnologia-do-paran-ifpr_592560e09988f300e2320bf4_medium.jpg,84.6,43,22.9,194,5.8,151+,41.9,150,48.6,130,26.4,201+,25.5,201+,12.5,151+
201-250,204,Federal University of Grande Dourados,Brazil,Dourados,Latin America,n/a,https://www.topuniversities.com/universities/federal-university-grande-dourados,,44.5,161,57.2,85,1.6,151+,68.3,73,97.8,22,18.2,201+,n/a,n/a,n/a,n/a
201-250,205,Fundación Universidad de Bogotá Jorge Tadeo Lozano,Colombia,Bogotá,Latin America,n/a,https://www.topuniversities.com/universities/fundacion-universidad-de-bogota-jorge-tadeo-lozano,https://www.topuniversities.com/sites/default/files/fundacin-universidad-de-bogot-jorge-tadeo-lozano_592560cf2aeae70239af5482_medium.jpg,35.3,197,31.7,152,34.1,135,21.9,201+,11.3,201+,32.1,201+,26.3,201+,22.1,151+
201-250,206,UNIVERSIDAD NACIONAL PEDRO HENRÍQUEZ UREÑA,Dominican Republic,Santo Domingo,Latin America,n/a,https://www.topuniversities.com/universities/universidad-nacional-pedro-henriquez-urena,https://www.topuniversities.com/sites/default/files/universidad-nacional-pedro-henriquez-urea-unphu-_592560cf2aeae70239af539b_medium.jpg,89.1,32,2.1,201+,7.6,151+,92,33,1.6,201+,17.3,201+,13.4,201+,19.1,151+
201-250,207,Universidad Autónoma de Coahuila (UAdeC),Mexico,Saltillo,Latin America,n/a,https://www.topuniversities.com/universities/universidad-autonoma-de-coahuila-uadec,https://www.topuniversities.com/sites/default/files/universidad-autnoma-de-coahuila-uadec_592560cf2aeae70239af549f_medium.jpg,78.2,56,10.8,201+,7.9,151+,50.8,117,13.3,201+,62.3,124,14.1,201+,4.3,151+
201-250,208,Universidad Autónoma de Guadalajara (UAG),Mexico,Guadalajara,Latin America,n/a,https://www.topuniversities.com/universities/universidad-autonoma-de-guadalajara-uag,https://www.topuniversities.com/sites/default/files/universidad-autnoma-de-guadalajara-uag_592560cf2aeae70239af54a0_medium.jpg,16.2,201+,4.3,201+,40.9,111,49.8,122,6.8,201+,9.4,201+,17.1,201+,24,151+
201-250,209,Universidad Autónoma del Estado de Morelos (UAEM),Mexico,Cuernavaca,Latin America,n/a,https://www.topuniversities.com/universities/universidad-autonoma-del-estado-de-morelos-uaem,https://www.topuniversities.com/sites/default/files/universidad-autnoma-del-estado-de-morelos-uaem_592560cf2aeae70239af54ad_medium.jpg,28.7,201+,16.6,201+,18.1,151+,57.4,104,17.2,201+,65.2,115,19.4,201+,13.9,151+
201-250,210,Universidad Católica de Santiago de Guayaquil,Ecuador,Guayaquil,Latin America,n/a,https://www.topuniversities.com/universities/universidad-catolica-de-santiago-de-guayaquil,https://www.topuniversities.com/sites/default/files/universidad-catlica-de-santiago-de-guayaquil_592560cf2aeae70239af54b4_medium.jpg,42.1,170,19.7,201+,24.9,151+,9.5,201+,7.9,201+,41.8,201+,11.2,201+,35.6,124
201-250,211,Universidad Católica del Maule,Chile,Maule,Latin America,n/a,https://www.topuniversities.com/universities/universidad-catolica-del-maule,https://www.topuniversities.com/sites/default/files/universidad-catlica-del-maule_592560cf2aeae70239af54b8_medium.jpg,21,201+,65.2,74,15.5,151+,27.6,201+,25,201+,88.6,61,27.3,188,11.6,151+
201-250,212,Universidad Central de Chile ,Chile,Santiago,Latin America,n/a,https://www.topuniversities.com/universities/universidad-central-de-chile,https://www.topuniversities.com/sites/default/files/universidad-central-de-chile-_592560cf2aeae70239af54bc_medium.jpg,68.8,71,17.3,201+,25.2,151+,11.1,201+,13.9,201+,43.2,201+,20.4,201+,21,151+
201-250,213,Universidad Científica del Sur,Peru,Lima,Latin America,n/a,https://www.topuniversities.com/universities/universidad-cientifica-del-sur,https://www.topuniversities.com/sites/default/files/universidad-cientfica-del-sur_592560cf2aeae70239af5a3a_medium.jpg,8.8,201+,14.1,201+,25.3,151+,55.3,108,5.1,201+,57.1,138,27,191,31,140
201-250,214,Universidad Distrital Francisco José de Caldas,Colombia,Bogotá,Latin America,n/a,https://www.topuniversities.com/universities/universidad-distrital-francisco-jose-de-caldas,https://www.topuniversities.com/sites/default/files/universidad-distrital-francisco-jose-de-caldas_592560cf2aeae70239af514b_medium.jpg,5.8,201+,21.3,201+,25.8,151+,9.5,201+,13.7,201+,53.7,152,34.2,148,31.3,139
201-250,215,Universidad EIA,Colombia,Envigado,Latin America,n/a,https://www.topuniversities.com/universities/universidad-eia,https://www.topuniversities.com/sites/default/files/240605042723pm546691Logo-EIA-200x200-90x90.jpg,80.3,54,15.7,201+,11,151+,24.2,201+,22.2,201+,12.8,201+,16.5,201+,29.4,145
201-250,216,Universidad El Bosque ,Colombia,Bogotá,Latin America,n/a,https://www.topuniversities.com/universities/universidad-el-bosque,https://www.topuniversities.com/sites/default/files/universidad-el-bosque_2671_medium.jpg,42.5,168,12.5,201+,18.5,151+,59.9,98,5.5,201+,53,158,13.1,201+,19.5,151+
201-250,217,Universidad Francisco Marroquín (UFM)  ,Guatemala,Guatemala City,Latin America,n/a,https://www.topuniversities.com/universities/universidad-francisco-marroquin-ufm,https://www.topuniversities.com/sites/default/files/universidad-francisco-marroqun-ufm-_592560cf2aeae70239af54f3_medium.jpg,15.7,201+,12.7,201+,25.4,151+,14.2,201+,n/a,n/a,25,201+,32.6,157,49.8,88
201-250,218,Universidad Iberoamericana - UNIBE,Dominican Republic,Santo Domingo,Latin America,n/a,https://www.topuniversities.com/universities/universidad-iberoamericana-unibe,https://www.topuniversities.com/sites/default/files/universidad-iberoamericana-unibe_592560cf2aeae70239af54f5_medium.jpg,n/a,n/a,3.8,201+,12.9,151+,62.6,89,58.8,106,4.2,201+,11.8,201+,37.8,114
201-250,219,Universidad Iberoamericana Puebla,Mexico,Puebla,Latin America,n/a,https://www.topuniversities.com/universities/universidad-iberoamericana-puebla,https://www.topuniversities.com/sites/default/files/universidad-iberoamericana-puebla_592560cf2aeae70239af4d06_medium.jpg,15.1,201+,3.2,201+,33.6,137,94,24,n/a,n/a,n/a,n/a,11.9,201+,28.7,148
201-250,220,"Universidad La Salle, México",Mexico,Mexico City,Latin America,n/a,https://www.topuniversities.com/universities/universidad-la-salle-mexico,https://www.topuniversities.com/sites/default/files/240411070955pm553306logo-imagotipo-90x90.jpg,10.2,201+,8.9,201+,29.1,151+,42,149,13.1,201+,5.9,201+,11.1,201+,49,89
201-250,221,Universidad Mayor de San Simón,Bolivia,Cochabamba,Latin America,n/a,https://www.topuniversities.com/universities/universidad-mayor-de-san-simon,https://www.topuniversities.com/sites/default/files/universidad-mayor-de-san-simn-cochabamba-umss_592560cf2aeae70239af561b_medium.jpg,94.6,19,4.2,201+,21.9,151+,2.5,201+,3.7,201+,43.8,198,17.7,201+,16.4,151+
201-250,222,Universidad de San Nicolás de Hidalgo,Mexico,Morelia,Latin America,n/a,https://www.topuniversities.com/universities/universidad-de-san-nicolas-de-hidalgo,https://www.topuniversities.com/sites/default/files/universidad-de-san-nicols-de-hidalgo_592560cf2aeae70239af5500_medium.jpg,23.6,201+,42.2,116,24.8,151+,10.2,201+,36.5,160,76.5,89,52.4,77,7.3,151+
201-250,223,Universidad Nacional Autónoma de Honduras (UNAH),Honduras,Tegucigalpa,Latin America,n/a,https://www.topuniversities.com/universities/universidad-nacional-autonoma-de-honduras-unah,https://www.topuniversities.com/sites/default/files/universidad-nacional-autonoma-de-honduras-unah-_592560cf2aeae70239af5502_medium.jpg,26.1,201+,2.4,201+,33.6,138,13.1,201+,2.8,201+,51,168,21.1,201+,32.1,134
201-250,224,Universidad Nacional de Río Cuarto - UNRC,Argentina,Río Cuarto,Latin America,n/a,https://www.topuniversities.com/universities/universidad-nacional-de-rio-cuarto-unrc,https://www.topuniversities.com/sites/default/files/universidad-nacional-de-ro-cuarto-unrc_592560cf2aeae70239af5127_medium.jpg,49.8,143,10.9,201+,23.8,151+,60.9,95,6.1,201+,46,185,15.8,201+,17.5,151+
201-250,225,Universidad Nacional de San Luis,Argentina,San Luis ,Latin America,n/a,https://www.topuniversities.com/universities/universidad-nacional-de-san-luis,https://www.topuniversities.com/sites/default/files/universidad-nacional-de-san-luis_592560cf2aeae70239af5121_medium.jpg,37.6,182,6.4,201+,20.6,151+,98.1,17,3.2,201+,43.5,200,32.2,161,8.1,151+
201-250,226,Universidad Politécnica Salesiana,Ecuador,Cuenca,Latin America,n/a,https://www.topuniversities.com/universities/universidad-politecnica-salesiana,https://www.topuniversities.com/sites/default/files/240405030540pm518715Isologo-Color-90x90.jpg,5.8,201+,31.1,158,32.5,139,11.1,201+,15.8,201+,35,201+,33.6,152,40,105
201-250,227,Universidad Popular Autónoma del Estado de Puebla (UPAEP),Mexico,Puebla,Latin America,n/a,https://www.topuniversities.com/universities/universidad-popular-autonoma-del-estado-de-puebla-upaep,https://www.topuniversities.com/sites/default/files/universidad-popular-autnoma-del-estado-de-puebla-upaep_592560cf2aeae70239af5510_medium.jpg,11,201+,13.6,201+,30.2,147,29.3,201+,30.2,185,25,201+,23.5,201+,24.8,151+
201-250,228,Universidad Privada Boliviana (UPB),Bolivia,Cochabamba,Latin America,n/a,https://www.topuniversities.com/universities/universidad-privada-boliviana-upb,https://www.topuniversities.com/sites/default/files/211115025237pm217648Logo-Universidad-Privada-Boliviana-90x90.jpeg,37.1,188,4.1,201+,24.1,151+,87.4,37,13.1,201+,12.8,201+,20.1,201+,24.4,151+
201-250,229,Universidad Tecnológica Centroamericana (UNITEC),Honduras,Tegucigalpa,Latin America,n/a,https://www.topuniversities.com/universities/universidad-tecnologica-centroamericana-unitec,https://www.topuniversities.com/sites/default/files/250120053007pm602560Logo-200x200-90x90.jpg,1.3,201+,10.1,201+,28.2,151+,35.6,181,2.9,201+,45.2,191,10.8,201+,34.8,126
201-250,230,Universidad Tecnológica Metropolitana (UTEM),Chile,Santiago,Latin America,n/a,https://www.topuniversities.com/universities/universidad-tecnologica-metropolitana-utem,https://www.topuniversities.com/sites/default/files/universidad-tecnolgica-metropolitana-utem_592560cf2aeae70239af5518_medium.jpg,64.5,81,41.1,118,12.1,151+,12.7,201+,35.6,167,40.4,201+,22.5,201+,20.8,151+
201-250,231,Universidad Tecnológica de Pereira,Colombia,Pereira,Latin America,n/a,https://www.topuniversities.com/universities/universidad-tecnologica-de-pereira,https://www.topuniversities.com/sites/default/files/universidad-tecnolgica-de-pereira_592560cf2aeae70239af514f_medium.jpg,45.1,159,26.3,178,23.6,151+,12.3,201+,20.3,201+,48.2,173,40.1,120,27.2,151+
201-250,232,Universidad UTE,Ecuador,Quito,Latin America,n/a,https://www.topuniversities.com/universities/universidad-ute,https://www.topuniversities.com/sites/default/files/210920032143pm294210LOGO-1-90x90.jpg,100,2,16.9,201+,18.5,151+,26.3,201+,7.6,201+,57.4,136,11.7,201+,14.6,151+
201-250,233,Universidad de Carabobo,Venezuela,Valencia,Latin America,n/a,https://www.topuniversities.com/universities/universidad-de-carabobo,https://www.topuniversities.com/sites/default/files/universidad-de-carabobo_592560cf2aeae70239af54c5_medium.jpg,2,201+,3.7,201+,34.9,129,29.2,201+,15.8,201+,17.6,201+,27.7,182,48.3,91
201-250,234,Universidad de Cartagena ,Colombia,Cartagena,Latin America,n/a,https://www.topuniversities.com/universities/universidad-de-cartagena,https://www.topuniversities.com/sites/default/files/universidad-de-cartagena-_592560cf2aeae70239af54c6_medium.jpg,58,106,36.3,130,24.9,151+,12.6,201+,17.1,201+,54,149,14.1,201+,19.2,151+
201-250,235,Universidad de Córdoba - Colombia,Colombia,Montería,Latin America,n/a,https://www.topuniversities.com/universities/universidad-de-cordoba-colombia,https://www.topuniversities.com/sites/default/files/universidad-de-crdoba-colombia_592560cf2aeae70239af54ca_medium.jpg,9.9,201+,24.7,185,53.5,80,8.9,201+,6.5,201+,32,201+,10.5,201+,19.9,151+
201-250,236,Universidad de La Salle,Colombia,Bogotá,Latin America,n/a,https://www.topuniversities.com/universities/universidad-de-la-salle,https://www.topuniversities.com/sites/default/files/universidad-de-la-salle_592560cf2aeae70239af5154_medium.jpg,5.7,201+,18.5,201+,34.9,130,19.8,201+,32.4,176,14.8,201+,22.7,201+,27.3,151+
201-250,237,Universidad de Los Lagos,Chile,Osorno,Latin America,n/a,https://www.topuniversities.com/universities/universidad-de-los-lagos,https://www.topuniversities.com/sites/default/files/universidad-de-los-lagos_592560cf2aeae70239af54d4_medium.jpg,25.7,201+,79.2,51,13.3,151+,9.4,201+,39.2,151,59.4,130,30.1,171,8.8,151+
201-250,238,Universidad de San Buenaventura,Colombia,Bogotá,Latin America,n/a,https://www.topuniversities.com/universities/universidad-de-san-buenaventura,https://www.topuniversities.com/sites/default/files/universidad-de-san-buenaventura_592560cf2aeae70239af54e2_medium.jpg,24.6,201+,10.5,201+,14.9,151+,90.7,34,25.2,201+,38.7,201+,8.5,201+,9.7,151+
201-250,239,Universidad de San Martín de Porres,Peru,Lima,Latin America,n/a,https://www.topuniversities.com/universities/universidad-de-san-martin-de-porres,https://www.topuniversities.com/sites/default/files/universidad-de-san-martn-de-porres_592560cf2aeae70239af5159_medium.jpg,5.2,201+,8.9,201+,27.6,151+,8.4,201+,16.1,201+,65.1,118,22.1,201+,38.3,112
201-250,240,Universidad de Santander - UDES,Colombia,Bucaramanga,Latin America,n/a,https://www.topuniversities.com/universities/universidad-de-santander-udes,https://www.topuniversities.com/sites/default/files/universidad-de-santander-udes_592560cf2aeae70239af54e4_medium.jpg,82.1,51,8.8,201+,19.7,151+,35.7,180,3,201+,46.6,182,13.5,201+,20.9,151+
201-250,241,Universidad de Sonora,Mexico,Hermosillo,Latin America,n/a,https://www.topuniversities.com/universities/universidad-de-sonora,https://www.topuniversities.com/sites/default/files/universidad-de-sonora_592560cf2aeae70239af5139_medium.jpg,43.4,165,24.2,188,25.5,151+,13.7,201+,53.5,117,42.4,201+,13.9,201+,11.7,151+
201-250,242,Universidad de las Fuerzas Armadas ESPE (Ex - Escuela Politécnica del Ejército),Ecuador,Sangolquí,Latin America,n/a,https://www.topuniversities.com/universities/universidad-de-las-fuerzas-armadas-espe-ex-escuela-politecnica-del-ejercito,https://www.topuniversities.com/sites/default/files/universidad-de-las-fuerzas-armadas-espe-ex-escuela-politcnica-del-ejrcito_592560cf2aeae70239af565d_medium.jpg,7.2,201+,24.4,187,30.4,146,20.9,201+,11.4,201+,45.5,189,25.3,201+,35.7,123
201-250,243,Universidad del Atlántico,Colombia,Barranquilla,Latin America,n/a,https://www.topuniversities.com/universities/universidad-del-atlantico,https://www.topuniversities.com/sites/default/files/universidad-del-atlntico_592560cf2aeae70239af54e5_medium.jpg,89.2,31,13.1,201+,24.3,151+,8.9,201+,5.5,201+,53.3,155,22.3,201+,12.3,151+
201-250,244,Universidad del Cauca,Colombia,Popayan,Latin America,n/a,https://www.topuniversities.com/universities/universidad-del-cauca,https://www.topuniversities.com/sites/default/files/universidad-del-cauca_592560cf2aeae70239af514c_medium.jpg,17.9,201+,28.2,169,38.3,118,17.2,201+,10.3,201+,46.1,184,41,113,14,151+
201-250,245,Universidade Estadual de Feira de Santana,Brazil,Feira de Santana,Latin America,n/a,https://www.topuniversities.com/universities/universidade-estadual-de-feira-de-santana,https://www.topuniversities.com/sites/default/files/universidade-estadual-de-feira-de-santana_592560cf2aeae70239af58a4_medium.jpg,22.7,201+,32.3,149,8.7,151+,62.5,90,85.6,61,24.9,201+,18.7,201+,n/a,n/a
201-250,246,Universidade Estadual do Oeste do Paraná,Brazil,Foz do Iguaçu,Latin America,n/a,https://www.topuniversities.com/universities/universidade-estadual-do-oeste-do-parana,https://www.topuniversities.com/sites/default/files/universidade-estadual-do-oeste-do-paran_592560cf2aeae70239af5531_medium.jpg,46.3,156,35.9,134,11.4,151+,81.1,49,50.6,122,32.4,201+,30.7,168,2.5,151+
201-250,247,Universidade Federal do Maranhão,Brazil,São Luís,Latin America,n/a,https://www.topuniversities.com/universities/universidade-federal-do-maranhao,https://www.topuniversities.com/sites/default/files/universidade-federal-do-maranho_592560cf2aeae70239af554b_medium.jpg,19.2,201+,34.8,138,9.4,151+,26.2,201+,73.9,76,67.9,104,51.2,79,14.3,151+
201-250,248,Universidade Federal do Pampa (UNIPAMPA),Brazil,Bagé,Latin America,n/a,https://www.topuniversities.com/universities/universidade-federal-do-pampa-unipampa,https://www.topuniversities.com/sites/default/files/universidade-federal-do-pampa-unipampa_592560e09988f300e2320bfa_medium.jpg,28.8,201+,38.1,126,4.2,151+,43.4,145,92.4,48,40.9,201+,32.1,162,4.5,151+
201-250,249,Universidade Federal dos Vales do Jequitinhonha e Mucuri ,Brazil,Teófilo Otoni,Latin America,n/a,https://www.topuniversities.com/universities/universidade-federal-dos-vales-do-jequitinhonha-e-mucuri,https://www.topuniversities.com/sites/default/files/universidade-federal-dos-vales-do-jequitinhonha-e-mucuri-_592560cf2aeae70239af554e_medium.jpg,29.5,201+,48.2,105,1.9,151+,61.4,93,84.8,64,33.6,201+,30.4,169,7.7,151+
201-250,250,Universidade de Fortaleza (University of Fortaleza),Brazil,Fortaleza,Latin America,n/a,https://www.topuniversities.com/universities/universidade-de-fortaleza-university-fortaleza,https://www.topuniversities.com/sites/default/files/universidade-de-fortaleza-university-of-fortaleza_592560e09988f300e2320ae6_medium.jpg,99.4,11,33.8,143,5.6,151+,15.8,201+,48.7,129,35.5,201+,36.1,135,6.7,151+
201-250,251,Universidade de Santa Cruz do Sul,Brazil,Santa Cruz do Sul,Latin America,n/a,https://www.topuniversities.com/universities/universidade-de-santa-cruz-do-sul,https://www.topuniversities.com/sites/default/files/universidade-de-santa-cruz-do-sul_592560cf2aeae70239af551f_medium.jpg,83.8,44,23.6,190,5.5,151+,16.8,201+,66.2,93,19.3,201+,42.1,108,10.6,151+
251-300,252,Escuela Colombiana de Ingeniería Julio Garavito ,Colombia,Bogotá,Latin America,n/a,https://www.topuniversities.com/universities/escuela-colombiana-de-ingenieria-julio-garavito,https://www.topuniversities.com/sites/default/files/escuela-colombiana-de-ingeniera-julio-garavito-_592560cf2aeae70239af547d_medium.jpg,49.3,147,6.4,201+,11.5,151+,46.4,128,4.1,201+,33,201+,11.7,201+,23.9,151+
251-300,253,Federal University of Tocantins,Brazil,Palmas,Latin America,n/a,https://www.topuniversities.com/universities/federal-university-tocantins,,17.3,201+,23.4,191,1.2,151+,82.4,46,95.4,36,17,201+,n/a,n/a,n/a,n/a
251-300,254,Fundação Universidade Federal do Vale do São Francisco ,Brazil,Petrolina,Latin America,n/a,https://www.topuniversities.com/universities/fundacao-universidade-federal-do-vale-do-sao-francisco,https://www.topuniversities.com/sites/default/files/fundao-universidade-federal-do-vale-do-so-francisco-_592560cf2aeae70239af5481_medium.jpg,12.9,201+,35.1,136,6.1,151+,64.7,81,68.5,84,29.6,201+,15.9,201+,8.9,151+
251-300,255,National University of the Patagonia San Juan Bosco,Argentina,Comodoro Rivadavia,Latin America,n/a,https://www.topuniversities.com/universities/national-university-patagonia-san-juan-bosco,https://www.topuniversities.com/sites/default/files/national-university-of-the-patagonia-san-juan-bosco_592560df9988f300e23208d0_medium.jpg,30.1,201+,8.2,201+,16.8,151+,77.7,54,n/a,n/a,27.5,201+,22.9,201+,6.9,151+
251-300,256,St. George's University,Grenada,True Blue,Latin America,n/a,https://www.topuniversities.com/universities/st-georges-university,https://www.topuniversities.com/sites/default/files/newman-university-college_2100_large.jpg,44.1,162,5.7,201+,7.4,151+,100,2,n/a,n/a,11.3,201+,40.4,117,12.7,151+
251-300,257,Universidad Antonio Narino ,Colombia,Bogotá,Latin America,n/a,https://www.topuniversities.com/universities/universidad-antonio-narino,https://www.topuniversities.com/sites/default/files/universidad-antonio-narino-_592560cf2aeae70239af5151_medium.jpg,51.9,132,9.8,201+,18.4,151+,36.2,176,10.8,201+,41,201+,14.7,201+,8.3,151+
251-300,258,Universidad Arturo Prat ,Chile,Iquique,Latin America,n/a,https://www.topuniversities.com/universities/universidad-arturo-prat,https://www.topuniversities.com/sites/default/files/universidad-arturo-prat-_592560cf2aeae70239af512e_medium.jpg,38,180,34.5,140,7.9,151+,16.6,201+,17,201+,67.1,108,17.6,201+,8.5,151+
251-300,259,Universidad Autónoma de Aguascalientes (UAA),Mexico,Aguascalientes,Latin America,n/a,https://www.topuniversities.com/universities/universidad-autonoma-de-aguascalientes-uaa,https://www.topuniversities.com/sites/default/files/universidad-autnoma-de-aguascalientes-uaa_592560cf2aeae70239af5496_medium.jpg,10.8,201+,9.6,201+,20.1,151+,60.1,97,11.1,201+,44.7,193,27.8,181,9.4,151+
251-300,260,Universidad Autónoma de Bucaramanga - UNAB,Colombia,Bucaramanga,Latin America,n/a,https://www.topuniversities.com/universities/universidad-autonoma-de-bucaramanga-unab,https://www.topuniversities.com/sites/default/files/universidad-autnoma-de-bucaramanga_592560cf2aeae70239af514e_medium.jpg,5.9,201+,14.8,201+,25.7,151+,45.6,131,7.5,201+,25.8,201+,24.5,201+,31.5,138
251-300,261,Universidad Autónoma de Campeche (UACAM),Mexico,Campeche,Latin America,n/a,https://www.topuniversities.com/universities/universidad-autonoma-de-campeche-uacam,https://www.topuniversities.com/sites/default/files/universidad-autnoma-de-campeche-uac_592560cf2aeae70239af5498_medium.jpg,29.3,201+,10.7,201+,11.3,151+,56.9,105,13.7,201+,44.6,194,17.2,201+,11.9,151+
251-300,262,Universidad Autónoma de Chihuahua (UACH),Mexico,Chihuahua,Latin America,n/a,https://www.topuniversities.com/universities/universidad-autonoma-de-chihuahua-uach,https://www.topuniversities.com/sites/default/files/universidad-autnoma-de-chihuahua-uach_592560cf2aeae70239af549b_medium.jpg,51.4,136,7.9,201+,17.3,151+,63.5,86,12.2,201+,33.5,201+,15.7,201+,3,151+
251-300,263,Universidad Autónoma de Ciudad Juà¡rez (UACJ),Mexico,Ciudad Juárez,Latin America,n/a,https://www.topuniversities.com/universities/universidad-autonoma-de-ciudad-juarez-uacj,https://www.topuniversities.com/sites/default/files/universidad-autnoma-de-ciudad-jurez-uacj_592560cf2aeae70239af549e_medium.jpg,48.6,151,7.9,201+,16.2,151+,40.1,160,20.7,201+,39.9,201+,33.3,153,n/a,n/a
251-300,264,Universidad Autónoma de Zacatecas (UAZ),Mexico,Zacatecas,Latin America,n/a,https://www.topuniversities.com/universities/universidad-autonoma-de-zacatecas-uaz,https://www.topuniversities.com/sites/default/files/universidad-autnoma-de-zacatecas-uaz_592560cf2aeae70239af54aa_medium.jpg,32.1,201+,13.3,201+,13.5,151+,23.9,201+,32.7,175,37.8,201+,26.3,=198,11.2,151+
251-300,265,Universidad Autónoma del Caribe,Colombia,Barranquilla,Latin America,n/a,https://www.topuniversities.com/universities/universidad-autonoma-del-caribe,https://www.topuniversities.com/sites/default/files/universidad-autnoma-del-caribe_592560cf2aeae70239af5939_medium.jpg,87.1,36,8,201+,6.3,151+,62.4,91,8.1,201+,20.6,201+,11.7,201+,8.7,151+
251-300,266,Universidad CES,Colombia,Medellín,Latin America,n/a,https://www.topuniversities.com/universities/universidad-ces,https://www.topuniversities.com/sites/default/files/universidad-ces_592560cf2aeae70239af5602_medium.jpg,6.5,201+,17.5,201+,15.4,151+,64.2,82,6.4,201+,42.2,201+,23.9,201+,13.1,151+
251-300,267,"Universidad Católica ""Nuestra Señora de la Asunción""",Paraguay,Asunción,Latin America,n/a,https://www.topuniversities.com/universities/universidad-catolica-nuestra-senora-de-la-asuncion,https://www.topuniversities.com/sites/default/files/universidad-catlica-nuestra-seora-de-la-asuncin_592560cf2aeae70239af54bd_medium.jpg,15.8,201+,1.9,201+,14,151+,68.5,72,n/a,n/a,22.4,201+,4.8,201+,26.2,151+
251-300,268,Universidad Católica de Colombia ,Colombia,Bogotá,Latin America,n/a,https://www.topuniversities.com/universities/universidad-catolica-de-colombia,https://www.topuniversities.com/sites/default/files/universidad-catlica-de-colombia-_592560cf2aeae70239af54b3_medium.jpg,5.7,201+,29,164,34.4,134,15.4,201+,12.4,201+,24.7,201+,15.7,201+,25.4,151+
251-300,269,Universidad ESAN,Peru,Surco,Latin America,n/a,https://www.topuniversities.com/universities/universidad-esan,https://www.topuniversities.com/sites/default/files/universidad-esan_59804a8dacb2954ac47ed1f2_medium.jpg,17.5,201+,15.2,201+,14.6,151+,19.3,201+,19.2,201+,11.5,201+,1,201+,44.3,100
251-300,270,Universidad Ean,Colombia,Bogotá,Latin America,n/a,https://www.topuniversities.com/universities/universidad-ean,https://www.topuniversities.com/sites/default/files/241113090414pm279246LogoEAN2-90x90.jpg,35.3,198,16.3,201+,25.2,151+,7.5,201+,9.7,201+,23.1,201+,15.1,201+,27.9,149
251-300,271,Universidad Ecotec,Ecuador,Samborondón,Latin America,n/a,https://www.topuniversities.com/universities/universidad-ecotec,https://www.topuniversities.com/sites/default/files/221109053147pm992564LOGO-ECOTEC-90x90.jpg,48.7,149,13.5,201+,14,151+,17.6,201+,5.6,201+,34,201+,10.3,201+,20.1,151+
251-300,272,Universidad Internacional del Ecuador UIDE,Ecuador,Quito,Latin America,n/a,https://www.topuniversities.com/universities/universidad-internacional-del-ecuador-uide,https://www.topuniversities.com/sites/default/files/230320095416pm692250UIDE-lf-90x90.jpg,28.7,201+,15.2,201+,22.7,151+,17.1,201+,4.3,201+,33.8,201+,13.3,201+,18.2,151+
251-300,273,Universidad Nacional de Salta,Argentina,Salta,Latin America,n/a,https://www.topuniversities.com/universities/universidad-nacional-de-salta,https://www.topuniversities.com/sites/default/files/universidad-nacional-de-salta_592560df9988f300e23209ca_medium.jpg,37.1,186,8.3,201+,19.3,151+,15.3,201+,n/a,n/a,51.1,166,26.8,193,13.5,151+
251-300,274,Universidad Nacional de San Agustín de Arequipa,Peru,Arequipa,Latin America,n/a,https://www.topuniversities.com/universities/universidad-nacional-de-san-agustin-de-arequipa,https://www.topuniversities.com/sites/default/files/universidad-nacional-de-san-agustn-de-arequipa_592560cf2aeae70239af5505_medium.jpg,7.5,201+,52.4,95,30.5,145,4.3,201+,3.9,201+,42.4,201+,15.6,201+,25.4,151+
251-300,275,Universidad Nacional de San Juan,Argentina,San Juan,Latin America,n/a,https://www.topuniversities.com/universities/universidad-nacional-de-san-juan,https://www.topuniversities.com/sites/default/files/universidad-nacional-de-san-juan_592560df9988f300e23209c4_medium.jpg,13.8,201+,7.2,201+,22.8,151+,77.6,55,n/a,n/a,44.4,195,25.3,201+,8,151+
251-300,276,Universidad Nacional de Trujillo,Peru,Trujillo,Latin America,n/a,https://www.topuniversities.com/universities/universidad-nacional-de-trujillo,https://www.topuniversities.com/sites/default/files/universidad-nacional-de-trujillo_592560cf2aeae70239af5506_medium.jpg,2.7,201+,8,201+,26.7,151+,25.1,201+,39.5,148,51,167,25.3,201+,9.4,151+
251-300,277,Universidad Nacional de la Pampa,Argentina,Santa Rosa,Latin America,n/a,https://www.topuniversities.com/universities/universidad-nacional-de-la-pampa,https://www.topuniversities.com/sites/default/files/universidad-nacional-de-la-pampa_592560df9988f300e23209cd_medium.jpg,10.6,201+,10.3,201+,14.3,151+,66.6,77,n/a,n/a,44.3,196,17.2,201+,12.1,151+
251-300,278,Universidad Ricardo Palma ,Peru,Lima,Latin America,n/a,https://www.topuniversities.com/universities/universidad-ricardo-palma,https://www.topuniversities.com/sites/default/files/universidad-ricardo-palma-_592560cf2aeae70239af515a_medium.jpg,2.2,201+,9.7,201+,21,151+,29.1,201+,30.1,187,23.4,201+,26.3,=198,22.7,151+
251-300,279,Universidad Santiago De Cali ,Colombia,Cali,Latin America,n/a,https://www.topuniversities.com/universities/universidad-santiago-de-cali,https://www.topuniversities.com/sites/default/files/universidad-santiago-de-cali-_592560cf2aeae70239af5513_medium.jpg,61,95,11.7,201+,14,151+,15,201+,5.1,201+,36.2,201+,17.8,201+,17.6,151+
251-300,280,Universidad Santo Tomás - Chile,Chile,Santiago,Latin America,n/a,https://www.topuniversities.com/universities/universidad-santo-tomas-chile,https://www.topuniversities.com/sites/default/files/universidad-santo-toms-chile_592560df9988f300e23209e7_medium.jpg,44.6,160,16,201+,15.6,151+,17,201+,5.9,201+,66.4,110,8.3,201+,18.2,151+
251-300,281,Universidad Santo Tomás - Colombia,Colombia,Bogotá,Latin America,n/a,https://www.topuniversities.com/universities/universidad-santo-tomas-colombia,https://www.topuniversities.com/sites/default/files/universidad-santo-toms-colombia_592560cf2aeae70239af5516_medium.jpg,7.7,201+,9.4,201+,28.6,151+,21,201+,4.3,201+,24.3,201+,14.4,201+,31.8,137
251-300,282,Universidad Tecnológica de Bolívar,Colombia,Cartagena,Latin America,n/a,https://www.topuniversities.com/universities/universidad-tecnologica-de-bolivar,https://www.topuniversities.com/sites/default/files/universidad-tecnolgica-de-bolvar_592560cf2aeae70239af5377_medium.jpg,22,201+,85.9,40,14.3,151+,8.4,201+,21.3,201+,29.2,201+,8.6,201+,21.3,151+
251-300,283,Universidad Tecnológica de México (UNITEC),Mexico,Mexico City,Latin America,n/a,https://www.topuniversities.com/universities/universidad-tecnologica-de-mexico-unitec,https://www.topuniversities.com/sites/default/files/universidad-tecnolgica-de-mxico-unitec_2707_medium.jpg,55.6,114,1.5,201+,20.1,151+,8.8,201+,3.1,201+,7.1,201+,12.6,201+,43.2,100
251-300,284,Universidad de Atacama,Chile,Copiapo,Latin America,n/a,https://www.topuniversities.com/universities/universidad-de-atacama,https://www.topuniversities.com/sites/default/files/universidad-de-atacama_592560cf2aeae70239af5134_medium.jpg,65.9,78,81.5,46,7.9,151+,5.2,201+,16.3,201+,65.5,113,18.2,201+,9.1,151+
251-300,285,Universidad de Caldas ,Colombia,Manizales,Latin America,n/a,https://www.topuniversities.com/universities/universidad-de-caldas,https://www.topuniversities.com/sites/default/files/universidad-de-caldas-_592560cf2aeae70239af54c4_medium.jpg,6.4,201+,27.8,170,26.1,151+,26.9,201+,8.7,201+,33.6,201+,35,142,13.6,151+
251-300,286,Universidad de Ciencias Empresariales y Sociales (UCES),Argentina,Buenos Aires,Latin America,n/a,https://www.topuniversities.com/universities/universidad-de-ciencias-empresariales-y-sociales-uces,https://www.topuniversities.com/sites/default/files/universidad-de-ciencias-empresariales-y-sociales-uces_592560cf2aeae70239af54c7_medium.jpg,n/a,n/a,1.1,201+,12,151+,82.9,45,14.1,201+,n/a,n/a,45,99,29.3,146
251-300,287,Universidad de Colima,Mexico,Colima,Latin America,n/a,https://www.topuniversities.com/universities/universidad-de-colima,https://www.topuniversities.com/sites/default/files/universidad-de-colima_592560cf2aeae70239af54c9_medium.jpg,37.2,184,18.9,201+,20.1,151+,13,201+,40.1,146,38.9,201+,33.9,150,10.7,151+
251-300,288,Universidad de Las Américas,Chile,Santiago,Latin America,n/a,https://www.topuniversities.com/universities/universidad-de-las-americas-chile-udla,https://www.topuniversities.com/sites/default/files/universidad-de-las-amricas-chile-udla_592560e09988f300e2320bbd_medium.jpg,15.8,201+,9.7,201+,26.2,151+,21.1,201+,10.4,201+,46.9,179,17.9,201+,25.5,151+
251-300,289,Universidad de Quintana Roo,Mexico,Quintana Roo,Latin America,n/a,https://www.topuniversities.com/universities/universidad-de-quintana-roo,https://www.topuniversities.com/sites/default/files/universidad-de-quintana-roo_592560cf2aeae70239af5153_medium.jpg,52.7,126,5.6,201+,9.1,151+,90,35,8.6,201+,2.8,201+,13.5,201+,5.5,151+
251-300,290,Universidad del Salvador,Argentina,Buenos Aires,Latin America,n/a,https://www.topuniversities.com/universities/universidad-del-salvador,https://www.topuniversities.com/sites/default/files/universidad-del-salvador_592560cf2aeae70239af511d_medium.jpg,2.9,201+,4.3,201+,22.2,151+,50,120,16.4,201+,5.5,201+,20.8,201+,42.1,101
251-300,291,Universidad del Tolima,Colombia,Ibagué,Latin America,n/a,https://www.topuniversities.com/universities/universidad-del-tolima,https://www.topuniversities.com/sites/default/files/universidad-del-tolima_592560cf2aeae70239af54ef_medium.jpg,21.1,201+,11.1,201+,14.6,151+,82.1,47,3.5,201+,24.7,201+,23,201+,10.9,151+
251-300,292,Universidade Católica Dom Bosco,Brazil,Campo Grande,Latin America,n/a,https://www.topuniversities.com/universities/universidade-catolica-dom-bosco,https://www.topuniversities.com/sites/default/files/universidade-catlica-dom-bosco_592560cf2aeae70239af536b_medium.jpg,100,5,87.7,36,5.5,151+,7.3,201+,27,199,28.5,201+,12.6,201+,5.4,151+
251-300,293,Universidade Estadual do Rio Grande do Sul ,Brazil,Bagé,Latin America,n/a,https://www.topuniversities.com/universities/universidade-estadual-do-rio-grande-do-sul,https://www.topuniversities.com/sites/default/files/universidade-estadual-do-rio-grande-do-sul-_592560cf2aeae70239af5535_medium.jpg,13.5,201+,21,201+,10.9,151+,27.3,201+,96.7,24,13.2,201+,13.7,201+,8.7,151+
251-300,294,Universidade Federal de Roraima,Brazil,Boa Vista,Latin America,n/a,https://www.topuniversities.com/universities/universidade-federal-de-roraima,https://www.topuniversities.com/sites/default/files/universidade-federal-de-roraima_592560cf2aeae70239af5630_medium.jpg,16.1,201+,15.6,201+,2.3,151+,72.4,64,56.7,111,18.4,201+,40.3,119,7.9,151+
251-300,295,Universidade Federal do Acre,Brazil,Rio Branco,Latin America,n/a,https://www.topuniversities.com/universities/universidade-federal-do-acre,https://www.topuniversities.com/sites/default/files/universidade-federal-do-acre_592560cf2aeae70239af5545_medium.jpg,9.7,201+,19.7,201+,5.6,151+,55.6,107,44.2,135,47.3,176,39.1,124,3.6,151+
251-300,296,Universidade Federal do Triângulo Mineiro,Brazil,Uberaba,Latin America,n/a,https://www.topuniversities.com/universities/universidade-federal-do-triangulo-mineiro,https://www.topuniversities.com/sites/default/files/universidade-federal-do-tringulo-mineiro_592560cf2aeae70239af5550_medium.jpg,18,201+,51.2,98,1,151+,46.1,129,96.7,25,15.9,201+,12.3,201+,3.6,151+
251-300,297,Universidade Feevale,Brazil,Novo Hamburgo,Latin America,n/a,https://www.topuniversities.com/universities/universidade-feevale,,79.7,55,25.7,180,1.5,151+,24.9,201+,64.3,96,15.9,201+,24.4,201+,n/a,n/a
251-300,298,Universidade Tiradentes,Brazil,Aracaju,Latin America,n/a,https://www.topuniversities.com/universities/universidade-tiradentes,,99.9,8,31.4,155,2,151+,15,201+,33.9,171,44.1,197,n/a,n/a,n/a,n/a
251-300,299,Universidade de Caxias do Sul ,Brazil,Caxias do Sul,Latin America,n/a,https://www.topuniversities.com/universities/universidade-de-caxias-do-sul,https://www.topuniversities.com/sites/default/files/universidade-de-caxias-do-sul-_592560cf2aeae70239af551d_medium.jpg,93,23,40.7,120,5.6,151+,13.5,201+,21.5,201+,38.5,201+,41.6,112,5.3,151+
251-300,300,Universidade de Pernambuco,Brazil,Recife,Latin America,n/a,https://www.topuniversities.com/universities/universidade-de-pernambuco,https://www.topuniversities.com/sites/default/files/220906021040pm503232upe-universidade-de-pernambuco-logo-22AD28A03D-seeklogo.com-90x90.jpg,25,201+,17.4,201+,10.8,151+,99,14,n/a,n/a,51.5,164,28.9,178,5.3,151+
251-300,301,Universidade do Estado da Bahia ,Brazil,Salvador,Latin America,n/a,https://www.topuniversities.com/universities/universidade-do-estado-da-bahia,https://www.topuniversities.com/sites/default/files/universidade-do-estado-da-bahia-_592560cf2aeae70239af5524_medium.jpg,8.2,201+,7,201+,9.6,151+,65.1,80,34.7,168,23.9,201+,26.4,196,13.4,151+
251-300,302,Universidade do Vale do Taquari Univates,Brazil,Lajeado,Latin America,n/a,https://www.topuniversities.com/universities/universidade-do-vale-do-taquari-univates,,58.5,105,33.2,146,1.5,151+,43.5,142,60.5,100,17.9,201+,n/a,n/a,n/a,n/a
301-350,303,Anton de Kom Universitiet van Suriname,Suriname,Paramaribo,Latin America,n/a,https://www.topuniversities.com/universities/anton-de-kom-universitiet-van-suriname,,91.2,28,12.5,201+,7.1,151+,36.2,175,n/a,n/a,15.8,201+,6.6,201+,10.8,151+
301-350,304,"CETYS Universidad, Mexico",Mexico,Mexicali,Latin America,n/a,https://www.topuniversities.com/universities/cetys-universidad-mexico,https://www.topuniversities.com/sites/default/files/cetys-universidad-mexico_592560df9988f300e2320980_medium.jpg,13.6,201+,8.7,201+,11,151+,19.9,201+,69.4,81,3.3,201+,19.6,201+,14.4,151+
301-350,305,Centro Universitario de Araraquara,Brazil,Araraquara,Latin America,n/a,https://www.topuniversities.com/universities/centro-universitario-de-araraquara,,100,1,7,201+,3.3,151+,25.2,201+,53.5,118,n/a,n/a,8.4,201+,n/a,n/a
301-350,306,Escuela Superior Politecnica de Chimborazo (ESPOCH),Ecuador,Riobamba,Latin America,n/a,https://www.topuniversities.com/universities/escuela-superior-politecnica-de-chimborazo-espoch,https://www.topuniversities.com/sites/default/files/220222012310pm950778logo-ESPOCH-90x90.jpg,7.6,201+,9,201+,15.6,151+,22,201+,6.3,201+,48,174,18.1,201+,16.9,151+
301-350,307,FURB Universidade Regional de Blumenau,Brazil,Blumenau,Latin America,n/a,https://www.topuniversities.com/universities/furb-universidade-regional-de-blumenau,https://www.topuniversities.com/sites/default/files/universidade-regional-de-blumenau_592560cf2aeae70239af5554_medium.jpg,33.4,201+,21.4,200,2.7,151+,23.1,201+,34.2,169,31.6,201+,30.3,170,7.1,151+
301-350,308,"Instituto Federal de Educação, Ciência e Tecnologia de Santa Catarina",Brazil,Florianópolis,Latin America,n/a,https://www.topuniversities.com/universities/instituto-federal-de-educacao-ciencia-e-tecnologia-de-santa-catarina,https://www.topuniversities.com/sites/default/files/newman-university-college_2100_large.jpg,1.5,201+,2.4,201+,1.4,151+,99.1,12,66.7,90,3.8,201+,n/a,n/a,n/a,n/a
301-350,309,Instituto Tecnológico de Sonora (ITSON),Mexico,Ciudad Obregón,Latin America,n/a,https://www.topuniversities.com/universities/instituto-tecnologico-de-sonora-itson,https://www.topuniversities.com/sites/default/files/instituto-tecnolgico-de-sonora-itson_592560cf2aeae70239af513e_medium.jpg,68.1,72,13.4,201+,12.6,151+,13.8,201+,13.7,201+,24.3,201+,11.5,201+,12,151+
301-350,310,Nove de Julho University - UNINOVE,Brazil,São Paulo,Latin America,n/a,https://www.topuniversities.com/universities/nove-de-julho-university-uninove,https://www.topuniversities.com/sites/default/files/universidade-nove-de-julho-uninove_592560cf2aeae70239af5ac7_medium.jpg,48.4,152,4.3,201+,1.8,151+,7.8,201+,23.6,201+,25.5,201+,29.5,175,31.9,136
301-350,311,UNNOBA,Argentina,Junín,Latin America,n/a,https://www.topuniversities.com/universities/unnoba,https://www.topuniversities.com/sites/default/files/unnoba_59b12275ca24f36e665f24d3_medium.jpg,4.6,201+,7.4,201+,20.5,151+,12.7,201+,9.5,201+,18.1,201+,10.8,201+,27.8,151+
301-350,312,Universidad Abierta Interamericana,Argentina,Buenos Aires,Latin America,n/a,https://www.topuniversities.com/universities/universidad-abierta-interamericana,https://www.topuniversities.com/sites/default/files/universidad-abierta-interamericana_592560cf2aeae70239af5490_medium.jpg,2.3,201+,2.3,201+,11.8,151+,81.9,48,9.2,201+,8.6,201+,16,201+,25.7,151+
301-350,313,Universidad Autónoma Benito Juárez de Oaxaca (UABJO),Mexico,Oaxaca,Latin America,n/a,https://www.topuniversities.com/universities/universidad-autonoma-benito-juarez-de-oaxaca-uabjo,https://www.topuniversities.com/sites/default/files/universidad-autnoma-benito-jurez-de-oaxaca-uabjo_592560cf2aeae70239af5691_medium.jpg,53.4,123,3.3,201+,10,151+,40.1,159,7.1,201+,22.7,201+,11.7,201+,11.9,151+
301-350,314,Universidad Autónoma de Chiriquí - UNACHI,Panama,Ciudad de David,Latin America,n/a,https://www.topuniversities.com/universities/universidad-autonoma-de-chiriqui-unachi,https://www.topuniversities.com/sites/default/files/universidad-autnoma-de-chiriqu-unachi_592560cf2aeae70239af549c_medium.jpg,94.7,18,2.7,201+,6.2,151+,8.3,201+,18.9,201+,10,201+,6.9,201+,7.3,151+
301-350,315,Universidad Autónoma del Carmen (UNACAR),Mexico,Ciudad del Carmen,Latin America,n/a,https://www.topuniversities.com/universities/universidad-autonoma-del-carmen-unacar,https://www.topuniversities.com/sites/default/files/universidad-autnoma-del-carmen-unacar_592560cf2aeae70239af54ab_medium.jpg,59.8,101,17.5,201+,3.5,151+,15.1,201+,37.6,155,24.6,201+,13.2,201+,3,151+
301-350,316,"Universidad Católica Boliviana ""San Pablo"" (UCB)",Bolivia,La Paz,Latin America,n/a,https://www.topuniversities.com/universities/universidad-catolica-boliviana-san-pablo-ucb,https://www.topuniversities.com/sites/default/files/universidad-catlica-boliviana-_592560cf2aeae70239af561d_medium.jpg,8,201+,5.2,201+,21,151+,13.1,201+,6.6,201+,36,201+,16.6,201+,25.4,151+
301-350,317,Universidad Católica San Pablo,Peru,Arequipa,Latin America,n/a,https://www.topuniversities.com/universities/universidad-catolica-san-pablo,https://www.topuniversities.com/sites/default/files/universidad-catlica-san-pablo_5c86368510ca6067ba7e0339_medium.jpg,2.8,201+,21.4,201+,25.1,151+,6.8,201+,17.2,201+,27.1,201+,13.4,201+,20.6,151+
301-350,318,Universidad Católica Santa María la Antigua-USMA,Panama,Panama City,Latin America,n/a,https://www.topuniversities.com/universities/universidad-catolica-santa-maria-la-antigua-usma,https://www.topuniversities.com/sites/default/files/universidad-catlica-santa-mara-la-antigua-usma_592560cf2aeae70239af5512_medium.jpg,n/a,n/a,2,201+,18.3,151+,24.1,201+,12.2,201+,4.7,201+,7.7,201+,37.2,117
301-350,319,"Universidad Centroamericana ""José Simeón Cañas""",El Salvador,San Salvador,Latin America,n/a,https://www.topuniversities.com/universities/universidad-centroamericana-jose-simeon-canas,https://www.topuniversities.com/sites/default/files/universidad-centroamericana-jos-simen-caas_592560cf2aeae70239af54c2_medium.jpg,n/a,n/a,3.1,201+,21,151+,15,201+,11.6,201+,4.8,201+,27.1,190,36.3,120
301-350,320,Universidad Cooperativa de Colombia,Colombia,Arauca,Latin America,n/a,https://www.topuniversities.com/universities/universidad-cooperativa-de-colombia,https://www.topuniversities.com/sites/default/files/universidad-cooperativa-de-colombia_592560e49988f300e2321915_medium.jpg,11.3,201+,5,201+,19.7,151+,31.3,201+,2.7,201+,46.7,181,19.6,201+,6.6,151+
301-350,321,Universidad Finis Terrae,Chile,Santiago,Latin America,n/a,https://www.topuniversities.com/universities/universidad-finis-terrae,https://www.topuniversities.com/sites/default/files/universidad-finis-terrae_592560df9988f300e23209dc_medium.jpg,10.6,201+,24,189,17.4,151+,22.4,201+,10.3,201+,33.7,201+,1,201+,13.4,151+
301-350,322,Universidad Juàrez del Estado de Durango (UJED),Mexico,Durango,Latin America,n/a,https://www.topuniversities.com/universities/universidad-juarez-del-estado-de-durango-ujed,https://www.topuniversities.com/sites/default/files/universidad-jurez-del-estado-de-durango-ujed_592560cf2aeae70239af54fa_medium.jpg,13,201+,21.9,198,3.3,151+,8.2,201+,95.3,38,29.6,201+,9.3,201+,4.3,151+
301-350,323,Universidad Marista,Mexico,Mexico City,Latin America,n/a,https://www.topuniversities.com/universities/universidad-marista,https://www.topuniversities.com/sites/default/files/universidad-marista_592560cf2aeae70239af54ff_medium.jpg,n/a,n/a,1,201+,6.9,151+,66.1,78,83.1,65,n/a,n/a,3.3,201+,5.3,151+
301-350,324,Universidad Militar Nueva Granada,Colombia,Bogotá,Latin America,n/a,https://www.topuniversities.com/universities/universidad-militar-nueva-granada,https://www.topuniversities.com/sites/default/files/universidad-militar-nueva-granada_5b5dc6e09ed41920e17ccd76_medium.jpg,23.4,201+,22.5,196,15.7,151+,15.7,201+,8.1,201+,40.4,201+,11.7,201+,13.8,151+
301-350,325,Universidad Nacional de La Matanza,Argentina,San Justo,Latin America,n/a,https://www.topuniversities.com/universities/universidad-nacional-de-la-matanza,https://www.topuniversities.com/sites/default/files/250130020428pm531830UNLaM-verde-negativo-2000px-90x90.jpg,17.6,201+,2.5,201+,12.9,151+,67.1,75,2.8,201+,20.2,201+,12.6,201+,21.4,151+
301-350,326,Universidad Nacional del Nordeste (UNNE),Argentina,Corrientes,Latin America,n/a,https://www.topuniversities.com/universities/universidad-nacional-del-nordeste-unne,https://www.topuniversities.com/sites/default/files/universidad-nacional-del-nordeste-unne_592560cf2aeae70239af5508_medium.jpg,6.1,201+,6.7,201+,22.1,151+,15.2,201+,19.3,201+,41.8,201+,48.2,88,10.5,151+
301-350,327,Universidad Norbert Wiener,Peru,Cercado de Lima,Latin America,n/a,https://www.topuniversities.com/universities/universidad-norbert-wiener,https://www.topuniversities.com/sites/default/files/230208033341pm856128logo-90x90.jpg,2.7,201+,10,201+,9,151+,85.2,40,11.3,201+,32.9,201+,13,201+,7.1,151+
301-350,328,Universidad Pedagógica y Tecnológica de Colombia,Colombia,Tunja,Latin America,n/a,https://www.topuniversities.com/universities/universidad-pedagogica-y-tecnologica-de-colombia,https://www.topuniversities.com/sites/default/files/231213101149pm225046Esudo-200-px-90x90.jpg,8.7,201+,15.8,201+,14,151+,23.8,201+,13.2,201+,41.9,201+,19.6,201+,17,151+
301-350,329,Universidad Privada del Norte,Peru,Trujillo,Latin America,n/a,https://www.topuniversities.com/universities/universidad-privada-del-norte,https://www.topuniversities.com/sites/default/files/220131034949pm329842logo-upn-90x90.jpg,1,201+,6.3,201+,23.2,151+,5.9,201+,4.5,201+,57.6,135,16.4,201+,22,151+
301-350,330,Universidad Siglo 21,Argentina,Córdoba,Latin America,n/a,https://www.topuniversities.com/universities/universidad-siglo-21,https://www.topuniversities.com/sites/default/files/250130025802pm622916Logo200x200-90x90.jpg,99,12,2,201+,6.4,151+,2.4,201+,19.8,201+,7.1,201+,22.3,201+,16.8,151+
301-350,331,Universidad Simón Bolívar (Colombia),Colombia,Barranquilla,Latin America,n/a,https://www.topuniversities.com/universities/universidad-simon-bolivar-colombia,https://www.topuniversities.com/sites/default/files/universidad-simn-bolvar_592560cf2aeae70239af5603_medium.jpg,23.2,201+,7.8,201+,17.4,151+,14.3,201+,10.1,201+,41.4,201+,13.2,201+,8.3,151+
301-350,332,Universidad de Ciencias y Artes de Chiapas,Mexico,Reforma,Latin America,n/a,https://www.topuniversities.com/universities/universidad-de-ciencias-y-artes-de-chiapas,https://www.topuniversities.com/sites/default/files/universidad-de-ciencias-y-artes-de-chiapas_5eeca1495c52f3360e73b4b4_medium.jpg,38.8,177,11.1,201+,10.7,151+,37.5,167,36.1,164,14,201+,13.5,201+,3.8,151+
301-350,333,Universidad de Cienfuegos Carlos Rafael Rodríguez,Cuba,Cienfuegos,Latin America,n/a,https://www.topuniversities.com/universities/universidad-de-cienfuegos-carlos-rafael-rodriguez,https://www.topuniversities.com/sites/default/files/universidad-de-cienfuegos-carlos-rafael-rodrguez_592560cf2aeae70239af54c8_medium.jpg,1,201+,6,201+,14.9,151+,84.2,42,10.5,201+,26.8,201+,12.8,201+,2.1,151+
301-350,334,Universidad de Nariño ,Colombia,Pasto,Latin America,n/a,https://www.topuniversities.com/universities/universidad-de-narino,https://www.topuniversities.com/sites/default/files/universidad-de-nario-_592560cf2aeae70239af54d6_medium.jpg,28.5,201+,15.2,201+,20.8,151+,13.1,201+,11.5,201+,21.6,201+,26.4,197,6.7,151+
301-350,335,Universidad de Playa Ancha,Chile,Valparaíso,Latin America,n/a,https://www.topuniversities.com/universities/universidad-de-playa-ancha,https://www.topuniversities.com/sites/default/files/universidad-de-playa-ancha_592560df9988f300e23209e1_medium.jpg,12.9,201+,49.1,101,14,151+,22.1,201+,21.3,201+,39.4,201+,21.4,201+,n/a,n/a
301-350,336,Universidad del CEMA,Argentina,Ciudad Autónoma de Buenos Aires,Latin America,n/a,https://www.topuniversities.com/universities/universidad-del-cema,https://www.topuniversities.com/sites/default/files/240515060707pm871518UCEMA-Logo-Caja-90x90.jpg,n/a,n/a,3.3,201+,7.6,151+,93.9,25,12.3,201+,9.4,201+,13.5,201+,25.5,151+
301-350,337,Universidad del Magdalena,Colombia,Santa Marta,Latin America,n/a,https://www.topuniversities.com/universities/universidad-del-magdalena,https://www.topuniversities.com/sites/default/files/universidad-del-magdalena_592560cf2aeae70239af5152_medium.jpg,14.7,201+,17.7,201+,19.6,151+,11.5,201+,9.3,201+,21.7,201+,48.1,89,14.5,151+
301-350,338,Universidade Anhembi Morumbi,Brazil,São Paulo,Latin America,n/a,https://www.topuniversities.com/universities/universidade-anhembi-morumbi,https://www.topuniversities.com/sites/default/files/universidade-anhembi-morumbi_24574_medium.jpg,11.3,201+,6.2,201+,9.3,151+,6.1,201+,51,121,5.6,201+,15.8,201+,27.7,151+
301-350,339,Universidade Cidade de São Paulo,Brazil,São Paulo,Latin America,n/a,https://www.topuniversities.com/universities/universidade-cidade-de-sao-paulo,,70.4,68,15.7,201+,1.9,151+,2.8,201+,86.9,58,18.1,201+,11.6,201+,n/a,n/a
301-350,340,Universidade Estadual de Roraima ,Brazil,Boa Vista,Latin America,n/a,https://www.topuniversities.com/universities/universidade-estadual-de-roraima,,n/a,n/a,7.5,201+,n/a,n/a,98,18,79.8,72,n/a,n/a,8.9,201+,2.5,151+
301-350,341,Universidade Federal Rural da Amazonia,Brazil,Belém,Latin America,n/a,https://www.topuniversities.com/universities/universidade-federal-rural-da-amazonia,,7.1,201+,55.1,88,2.5,151+,18.1,201+,98.7,14,26.5,201+,n/a,n/a,n/a,n/a
301-350,342,Universidade Federal do Mato Grosso,Brazil,Cuiabá,Latin America,n/a,https://www.topuniversities.com/universities/universidade-federal-do-mato-grosso,https://www.topuniversities.com/sites/default/files/universidade-federal-do-mato-grosso_592560cf2aeae70239af553a_medium.jpg,21.8,201+,38,127,6,151+,24,201+,20.1,201+,50.7,169,44.4,101,5.3,151+
301-350,343,Universidade Vila Velha,Brazil,Vila Velha,Latin America,n/a,https://www.topuniversities.com/universities/universidade-vila-velha,https://www.topuniversities.com/sites/default/files/universidade-vila-velha_5c8b39b710ca600bd26f7724_medium.jpg,93.9,20,40,122,n/a,n/a,12.5,201+,42.4,141,2.6,201+,12.7,201+,4,151+
301-350,344,Universidade de Ribeirão Preto,Brazil,Ribeirao Preto,Latin America,n/a,https://www.topuniversities.com/universities/universidade-de-ribeirao-preto,https://www.topuniversities.com/sites/default/files/universidade-de-ribeiro-preto_592560cf2aeae70239af5520_medium.jpg,32.3,201+,12,201+,8.1,151+,24.9,201+,67.4,88,27.9,201+,13.3,201+,3.6,151+
301-350,345,Universidade do Estado de Minas Gerais,Brazil,Belo Horizonte,Latin America,n/a,https://www.topuniversities.com/universities/universidade-do-estado-de-minas-gerais,https://www.topuniversities.com/sites/default/files/universidade-do-estado-de-minas-gerais_592560cf2aeae70239af596e_medium.jpg,8.5,201+,6.1,201+,16.3,151+,32.9,199,34,170,13.4,201+,14.6,201+,20.2,151+
301-350,346,Universidade do Estado do Pará,Brazil,Belém,Latin America,n/a,https://www.topuniversities.com/universities/universidade-do-estado-do-para,https://www.topuniversities.com/sites/default/files/universidade-do-estado-do-par_592560cf2aeae70239af5523_medium.jpg,31.4,201+,8,201+,6.8,151+,69.4,71,18.7,201+,28.6,201+,11.7,201+,2.5,151+
301-350,347,Universidade do Oeste Paulista,Brazil,"Presidente Prudente, São Paulo",Latin America,n/a,https://www.topuniversities.com/universities/universidade-do-oeste-paulista,,56.9,110,16.9,201+,1.9,151+,29.8,201+,64.8,95,13.6,201+,n/a,n/a,n/a,n/a
301-350,348,Universidade do Vale do Itajaí (UNIVALI),Brazil,Itajaí,Latin America,n/a,https://www.topuniversities.com/universities/universidade-do-vale-do-itajai-univali,https://www.topuniversities.com/sites/default/files/universidade-do-vale-do-itaja-univali_592560cf2aeae70239af5aa6_medium.jpg,49.6,145,29.2,163,4.7,151+,6.5,201+,29.5,189,28.8,201+,34.7,146,14.3,151+
301-350,349,Universidade do Vale do Paraíba - Univap,Brazil,São José,Latin America,n/a,https://www.topuniversities.com/universities/universidade-do-vale-do-paraiba-univap,https://www.topuniversities.com/sites/default/files/universidade-do-vale-do-paraba-univap_592560cf2aeae70239af580a_medium.jpg,52.6,127,27.5,172,1,151+,23.7,201+,67.8,86,18.4,201+,19.2,201+,3.6,151+
301-350,350,University of Guyana,Guyana,Georgetown,Latin America,n/a,https://www.topuniversities.com/universities/university-guyana,,87.8,34,3.8,201+,5.4,151+,58.4,100,n/a,n/a,19.9,201+,11.8,201+,n/a,n/a
301-350,351,University of Holguín,Cuba,Holguín,Latin America,n/a,https://www.topuniversities.com/universities/university-holguin,https://www.topuniversities.com/sites/default/files/university-of-holgun_592560cf2aeae70239af54cd_medium.jpg,2.2,201+,1.5,201+,7.1,151+,100,4,1.5,201+,16.4,201+,12.6,201+,13.1,151+
301-350,352,University of Trinidad and Tobago,Trinidad & Tobago,Wallerfield,Latin America,n/a,https://www.topuniversities.com/universities/university-trinidad-tobago,,21.9,201+,2.9,201+,2.6,151+,100,7,n/a,n/a,11.3,201+,26.3,200,6.2,151+
351-400,353,Fundación Universitaria Konrad Lorenz,Colombia,Bogotá,Latin America,n/a,https://www.topuniversities.com/universities/fundacion-universitaria-konrad-lorenz,https://www.topuniversities.com/sites/default/files/LOGO-VERTICAL-K-COLOR-200x200-1-90x90.jpg,36.5,190,34.5,139,8.4,151+,13,201+,11.1,201+,20.6,201+,14.3,201+,6.7,151+
351-400,354,Ibmec,Brazil,Rio de Janeiro,Latin America,n/a,https://www.topuniversities.com/universities/ibmec,,31.8,201+,73,65,4.3,151+,3,201+,30.6,183,n/a,n/a,n/a,n/a,16.5,151+
351-400,355,Instituto Federal do Espírito Santo,Brazil,Vitória,Latin America,n/a,https://www.topuniversities.com/universities/instituto-federal-do-espirito-santo,,40.7,171,13.9,201+,1.6,151+,23.1,201+,n/a,n/a,20.9,201+,61.2,57,6.2,151+
351-400,356,Instituto Tecnológico Metropolitano - ITM ,Colombia,Medellín,Latin America,n/a,https://www.topuniversities.com/universities/instituto-tecnologico-metropolitano-itm,https://www.topuniversities.com/sites/default/files/instituto-tecnolgico-metropolitano-itm-_592560cf2aeae70239af5484_medium.jpg,20,201+,23,193,10.5,151+,6.2,201+,7.4,201+,32.9,201+,11.9,201+,8.8,151+
351-400,357,UNIVA Universidad del Valle de Atemajac,Mexico,Guadalajara,Latin America,n/a,https://www.topuniversities.com/universities/univa-universidad-del-valle-de-atemajac,https://www.topuniversities.com/sites/default/files/univa-universidad-del-valle-de-atemajac_592560cf2aeae70239af5a30_medium.jpg,n/a,n/a,1.8,201+,9.6,151+,53.5,112,30.5,184,n/a,n/a,8.4,201+,7.9,151+
351-400,358,UNIVERSIDAD NACIONAL DE TRES DE FEBRERO,Argentina,Buenos Aires,Latin America,n/a,https://www.topuniversities.com/universities/universidad-nacional-de-tres-de-febrero,https://www.topuniversities.com/sites/default/files/universidad-nacional-de-tres-de-febrero_592560df9988f300e2320983_medium.jpg,1.6,201+,6,201+,18.8,151+,45.5,134,n/a,n/a,8.2,201+,24.6,201+,13.4,151+
351-400,359,Universidad Ana G. Méndez,Puerto Rico,San Juan,Latin America,n/a,https://www.topuniversities.com/universities/universidad-ana-g-mendez,https://www.topuniversities.com/sites/default/files/231220022744pm686801uagm-logo-90x90.jpg,45.5,157,4.8,201+,5.7,151+,15.7,201+,15.7,201+,12.6,201+,12.2,201+,13,151+
351-400,360,Universidad Argentina John F. Kennedy,Argentina,Buenos Aires,Latin America,n/a,https://www.topuniversities.com/universities/universidad-argentina-john-f-kennedy,https://www.topuniversities.com/sites/default/files/universidad-argentina-john-f.-kennedy_592560cf2aeae70239af5495_medium.jpg,n/a,n/a,1.2,201+,13,151+,56.2,106,n/a,n/a,n/a,n/a,7.4,201+,30.3,142
351-400,361,Universidad Autónoma De Occidente ,Colombia,Cali,Latin America,n/a,https://www.topuniversities.com/universities/universidad-autonoma-de-occidente,https://www.topuniversities.com/sites/default/files/universidad-autnoma-de-occidente-_592560cf2aeae70239af54a2_medium.jpg,21.8,201+,18.5,201+,11.3,151+,14.1,201+,22.6,201+,19.6,201+,17.9,201+,9.6,151+
351-400,362,Universidad Autónoma de Chiapas (UNACH),Mexico,Tuxtla Gutiérrez,Latin America,n/a,https://www.topuniversities.com/universities/universidad-autonoma-de-chiapas-unach,https://www.topuniversities.com/sites/default/files/universidad-autnoma-de-chiapas-unach_592560cf2aeae70239af549a_medium.jpg,11.2,201+,5.8,201+,10.4,151+,26.1,201+,23.1,201+,29.2,201+,14.1,201+,3,151+
351-400,363,Universidad Autónoma de Guerrero (UAGRO),Mexico,Chilpancingo,Latin America,n/a,https://www.topuniversities.com/universities/universidad-autonoma-de-guerrero-uagro,https://www.topuniversities.com/sites/default/files/universidad-autnoma-de-guerrero-uagro_592560cf2aeae70239af54a1_medium.jpg,22.8,201+,11.8,201+,5.6,151+,9.4,201+,26.9,200,25.2,201+,26.9,192,6.3,151+
351-400,364,Universidad Autónoma de Manizales ,Colombia,Manizales,Latin America,n/a,https://www.topuniversities.com/universities/universidad-autonoma-de-manizales,https://www.topuniversities.com/sites/default/files/universidad-autnoma-de-manizales-_592560cf2aeae70239af54a3_medium.jpg,10.8,201+,31.5,153,10.8,151+,25.8,201+,14.1,201+,32.3,201+,15.4,201+,7.9,151+
351-400,365,Universidad Autónoma de Santo Domingo (UASD),Dominican Republic,Santo Domingo,Latin America,n/a,https://www.topuniversities.com/universities/universidad-autonoma-de-santo-domingo-uasd,https://www.topuniversities.com/sites/default/files/230818013640pm458491logouasd-90x90.jpg,9.7,201+,1.6,201+,16.9,151+,1.9,201+,5.8,201+,16.6,201+,15.3,201+,24.7,151+
351-400,366,Universidad Autónoma de Sinaloa (UAS),Mexico,Culiacán,Latin America,n/a,https://www.topuniversities.com/universities/universidad-autonoma-de-sinaloa-uas,https://www.topuniversities.com/sites/default/files/universidad-autnoma-de-sinaloa-uas_592560cf2aeae70239af54a6_medium.jpg,32.8,201+,2.6,201+,14.8,151+,5.8,201+,7,201+,38.5,201+,20.2,201+,6.3,151+
351-400,367,Universidad Autónoma de Tamaulipas (UAT),Mexico,Ciudad Victoria,Latin America,n/a,https://www.topuniversities.com/universities/universidad-autonoma-de-tamaulipas-uat,https://www.topuniversities.com/sites/default/files/universidad-autnoma-de-tamaulipas-uat_592560cf2aeae70239af54a7_medium.jpg,9.9,201+,7.2,201+,8.4,151+,30.3,201+,13.7,201+,29.9,201+,14.2,201+,7.9,151+
351-400,368,Universidad Católica de Cuenca,Ecuador,Cuenca,Latin America,n/a,https://www.topuniversities.com/universities/universidad-catolica-de-cuenca,https://www.topuniversities.com/sites/default/files/universidad-catlica-de-cuenca_5d11bb0310ca605cf7512e4e_medium.jpg,3.2,201+,13.3,201+,14.5,151+,12.7,201+,4.4,201+,53.5,153,20,201+,11.8,151+
351-400,369,Universidad Del Quindío ,Colombia,Armenia,Latin America,n/a,https://www.topuniversities.com/universities/universidad-del-quindio,https://www.topuniversities.com/sites/default/files/universidad-del-quindo-_592560cf2aeae70239af5156_medium.jpg,35.7,194,9.8,201+,16.5,151+,15.6,201+,6.2,201+,20.9,201+,18,201+,8.3,151+
351-400,370,Universidad Galileo ,Guatemala,Guatemala City,Latin America,n/a,https://www.topuniversities.com/universities/universidad-galileo,https://www.topuniversities.com/sites/default/files/universidad-galileo-_592560cf2aeae70239af54f4_medium.jpg,n/a,n/a,1.2,201+,8.4,151+,86.8,38,1.2,201+,2.6,201+,14.9,201+,11.3,151+
351-400,371,Universidad Interamericana de Puerto Rico,Puerto Rico,Bayamón,Latin America,n/a,https://www.topuniversities.com/universities/universidad-interamericana-de-puerto-rico,https://www.topuniversities.com/sites/default/files/universidad-interamericana-de-puerto-rico_14211_medium.jpg,n/a,n/a,1.5,201+,9.1,151+,11.2,201+,41.3,143,1.4,201+,30.7,167,34.5,127
351-400,372,Universidad Internacional SEK,Ecuador,Distrito Metropolitano de Quito,Latin America,n/a,https://www.topuniversities.com/universities/universidad-internacional-sek,https://www.topuniversities.com/sites/default/files/logo_a4-002-90x90.jpg,11.5,201+,38.7,124,11.3,151+,11.2,201+,24.2,201+,8.3,201+,8.9,201+,11.7,151+
351-400,373,Universidad Libre ,Colombia,Bogotá D.C,Latin America,n/a,https://www.topuniversities.com/universities/universidad-libre,https://www.topuniversities.com/sites/default/files/universidad-libre-_592560cf2aeae70239af54fe_medium.jpg,3.2,201+,6.9,201+,11.5,151+,33.8,193,10.3,201+,28.4,201+,19.7,201+,19,151+
351-400,374,Universidad Nacional Federico Villarreal (UNFV),Peru,San Miguel,Latin America,n/a,https://www.topuniversities.com/universities/universidad-nacional-federico-villarreal-unfv,https://www.topuniversities.com/sites/default/files/universidad-nacional-federico-villarreal-unfv_592560cf2aeae70239af550b_medium.jpg,1.7,201+,6.8,201+,15.9,151+,20.7,201+,n/a,n/a,15.5,201+,10.1,201+,26.4,151+
351-400,375,Universidad Nacional de Chimborazo,Ecuador,Riobamba,Latin America,n/a,https://www.topuniversities.com/universities/universidad-nacional-de-chimborazo,https://www.topuniversities.com/sites/default/files/universidad-nacional-de-chimborazo_5f17016110ca607597382fc9_medium.jpg,6,201+,13.2,201+,11.4,151+,34.7,186,17,201+,33.8,201+,18.3,201+,6,151+
351-400,376,Universidad Nacional de Entre Rios,Argentina,,Latin America,n/a,https://www.topuniversities.com/universities/universidad-nacional-de-entre-rios,https://www.topuniversities.com/sites/default/files/universidad-nacional-de-entre-rios_592560df9988f300e23209d9_medium.jpg,8.7,201+,3.7,201+,13.6,151+,74.8,59,n/a,n/a,17.1,201+,26.1,201+,4.7,151+
351-400,377,Universidad Nacional de General Sarmiento (UNGS),Argentina,Polvorines,Latin America,n/a,https://www.topuniversities.com/universities/universidad-nacional-de-general-sarmiento-ungs,https://www.topuniversities.com/sites/default/files/universidad-nacional-de-general-sarmiento-ungs_592560cf2aeae70239af5698_medium.jpg,6.4,201+,15,201+,18,151+,23.2,201+,n/a,n/a,19,201+,23.3,201+,10.6,151+
351-400,378,Universidad Nacional de Itapúa,Paraguay,Encarnación,Latin America,n/a,https://www.topuniversities.com/universities/universidad-nacional-de-itapua,https://www.topuniversities.com/sites/default/files/240119030242pm949330lo.-UNI-oficial-90x90.jpg,n/a,n/a,1.4,201+,8.4,151+,93.4,27,8,201+,n/a,n/a,6.2,201+,14.5,151+
351-400,379,Universidad Nacional de Lujan,Argentina,Luján,Latin America,n/a,https://www.topuniversities.com/universities/universidad-nacional-de-lujan,https://www.topuniversities.com/sites/default/files/universidad-nacional-de-lujan_592560df9988f300e23209d3_medium.jpg,25,201+,5.2,201+,10.7,151+,40.3,154,n/a,n/a,20.8,201+,14.2,201+,11.1,151+
351-400,380,Universidad Nacional de Misiones,Argentina,Posadas,Latin America,n/a,https://www.topuniversities.com/universities/universidad-nacional-de-misiones,https://www.topuniversities.com/sites/default/files/universidad-nacional-de-misiones_592560df9988f300e23209d0_medium.jpg,36.2,191,7,201+,21.6,151+,19.1,201+,n/a,n/a,24.3,201+,19.6,201+,4.7,151+
351-400,381,Universidad Nacional de San Antonio Abad del Cusco,Peru,Cusco,Latin America,n/a,https://www.topuniversities.com/universities/universidad-nacional-de-san-antonio-abad-del-cusco,https://www.topuniversities.com/sites/default/files/universidad-nacional-de-san-antonio-abad-del-cusco_592560cf2aeae70239af5623_medium.jpg,7.5,201+,14.5,201+,25.7,151+,6.2,201+,n/a,n/a,36,201+,12.8,201+,5.5,151+
351-400,382,Universidad Nacional del Altiplano,Peru,Puno,Latin America,n/a,https://www.topuniversities.com/universities/universidad-nacional-del-altiplano,https://www.topuniversities.com/sites/default/files/universidad-nacional-del-altiplano_592560cf2aeae70239af5507_medium.jpg,1.5,201+,14.4,201+,15.2,151+,3.6,201+,38.8,152,21,201+,25.7,201+,3.8,151+
351-400,383,Universidad Politécnica de Puerto Rico - PUPR,Puerto Rico,San Juan,Latin America,n/a,https://www.topuniversities.com/universities/universidad-politecnica-de-puerto-rico-pupr,https://www.topuniversities.com/sites/default/files/universidad-politcnica-de-puerto-rico-pupr_592560cf2aeae70239af562d_medium.jpg,n/a,n/a,2.4,201+,9.6,151+,20.5,201+,51.3,120,n/a,n/a,21.5,201+,23.8,151+
351-400,384,Universidad Sergio Arboleda,Colombia,Bogotá,Latin America,n/a,https://www.topuniversities.com/universities/universidad-sergio-arboleda,https://www.topuniversities.com/sites/default/files/universidad-sergio-arboleda_592560cf2aeae70239af5155_medium.jpg,18.6,201+,15.1,201+,9.9,151+,20.9,201+,n/a,n/a,14.5,201+,16.6,201+,26.4,151+
351-400,385,Universidad Técnica de Manabí,Ecuador,Portoviejo,Latin America,n/a,https://www.topuniversities.com/universities/universidad-tecnica-de-manabi,https://www.topuniversities.com/sites/default/files/220617071556pm516635utm-logo-90x90.jpg,29.4,201+,17.1,201+,9,151+,3.9,201+,26.7,201+,45.3,190,11.2,201+,6.7,151+
351-400,386,Universidad de Guayaquil (UG),Ecuador,Guayaquil,Latin America,n/a,https://www.topuniversities.com/universities/universidad-de-guayaquil-ug,https://www.topuniversities.com/sites/default/files/241118081512pm852800Logo-UG-90x90.jpg,2.1,201+,12.7,201+,17.1,151+,3.5,201+,3.5,201+,25.3,201+,21.5,201+,21.6,151+
351-400,387,Universidad de Ibagué,Colombia,Ibagué,Latin America,n/a,https://www.topuniversities.com/universities/universidad-de-ibague,https://www.topuniversities.com/sites/default/files/universidad-de-ibagu_592560cf2aeae70239af54ce_medium.jpg,28,201+,32.3,150,8.2,151+,13.7,201+,10,201+,54.8,144,12.3,201+,4.6,151+
351-400,388,Universidad de Matanzas Camilo Cienfuegos,Cuba,Matanzas,Latin America,n/a,https://www.topuniversities.com/universities/universidad-de-matanzas-camilo-cienfuegos,,2.7,201+,4,201+,15.4,151+,74.7,60,n/a,n/a,16,201+,10,201+,4.4,151+
351-400,389,Universidad del Norte - Paraguay,Paraguay,Asunción,Latin America,n/a,https://www.topuniversities.com/universities/universidad-del-norte-paraguay,https://www.topuniversities.com/sites/default/files/universidad-del-norte-paraguay_592560ea9988f300e2322727_medium.jpg,n/a,n/a,1.2,201+,23.1,151+,9.3,201+,36.5,161,n/a,n/a,7,201+,11.4,151+
351-400,390,Universidade Catolica de Brasilia,Brazil,Brasília,Latin America,n/a,https://www.topuniversities.com/universities/universidade-catolica-de-brasilia,,69.8,70,18.9,201+,7.1,151+,16.3,201+,n/a,n/a,32.9,201+,5.5,201+,3.6,151+
351-400,391,Universidade Estadual da Paraíba,Brazil,Campina Grande,Latin America,n/a,https://www.topuniversities.com/universities/universidade-estadual-da-paraiba,https://www.topuniversities.com/sites/default/files/universidade-estadual-da-paraba_592560cf2aeae70239af5527_medium.jpg,12.1,201+,18.7,201+,6.9,151+,35.5,182,50.1,125,23.7,201+,21.4,201+,n/a,n/a
351-400,392,Universidade Estadual da Região Tocantina do Maranhão,Brazil,Imperatriz,Latin America,n/a,https://www.topuniversities.com/universities/universidade-estadual-da-regiao-tocantina-do-maranhao,,19.8,201+,7.9,201+,2.5,151+,61.1,94,43.3,137,2.2,201+,n/a,n/a,n/a,n/a
351-400,393,Universidade Estadual de Goiàs,Brazil,Goiânia,Latin America,n/a,https://www.topuniversities.com/universities/universidade-estadual-de-goias,https://www.topuniversities.com/sites/default/files/universidade-estadual-de-gois_592560cf2aeae70239af552b_medium.jpg,12,201+,9.1,201+,7.3,151+,71.8,68,14.8,201+,20.2,201+,25,201+,3.6,151+
351-400,394,Universidade Estadual de Montes Claros ,Brazil,Montes Claros,Latin America,n/a,https://www.topuniversities.com/universities/universidade-estadual-de-montes-claros,https://www.topuniversities.com/sites/default/files/universidade-estadual-de-montes-claros-_592560cf2aeae70239af552a_medium.jpg,4.5,201+,12.6,201+,4.4,151+,75.1,57,25.2,201+,11.8,201+,21.4,201+,2.5,151+
351-400,395,Universidade Estadual do Centro-Oeste ,Brazil,Guarapuava,Latin America,n/a,https://www.topuniversities.com/universities/universidade-estadual-do-centro-oeste,https://www.topuniversities.com/sites/default/files/universidade-estadual-do-centro-oeste-_592560cf2aeae70239af552d_medium.jpg,5.4,201+,20.9,201+,2,151+,34.1,191,70,80,10.4,201+,18.7,201+,10,151+
351-400,396,Universidade Estadual do Maranhão,Brazil,São Luís,Latin America,n/a,https://www.topuniversities.com/universities/universidade-estadual-do-maranhao,https://www.topuniversities.com/sites/default/files/universidade-estadual-do-maranho_592560cf2aeae70239af552f_medium.jpg,4.7,201+,18.2,201+,5.6,151+,26.5,201+,39.4,150,27.2,201+,40.5,116,3.6,151+
351-400,397,Universidade Estadual do Piaui,Brazil,Teresina,Latin America,n/a,https://www.topuniversities.com/universities/universidade-estadual-do-piaui,,7.8,201+,9.2,201+,2.5,151+,49.2,124,72.8,77,9.1,201+,n/a,n/a,n/a,n/a
351-400,398,Universidade Ibirapuera,Brazil,São Paulo,Latin America,n/a,https://www.topuniversities.com/universities/universidade-ibirapuera,https://www.topuniversities.com/sites/default/files/universidade-ibirapuera_592560cf2aeae70239af561f_medium.jpg,92.5,24,34.9,137,3.5,151+,14.7,201+,n/a,n/a,5.9,201+,4.7,201+,7.9,151+
351-400,399,Universidade Luterana do Brasil ,Brazil,Canoas,Latin America,n/a,https://www.topuniversities.com/universities/universidade-luterana-do-brasil,https://www.topuniversities.com/sites/default/files/universidade-luterana-do-brasil-_592560cf2aeae70239af5552_medium.jpg,34.5,201+,6.7,201+,17.4,151+,4.6,201+,23.9,201+,11.6,201+,14.5,201+,13.9,151+
351-400,400,Universidade Positivo (UP),Brazil,Curitiba,Latin America,n/a,https://www.topuniversities.com/universities/universidade-positivo,https://www.topuniversities.com/sites/default/files/240731052110pm26025001.-UNIVERSIDADE-POSITIVO-AZUL-90x90.jpg,51.1,138,20.6,201+,1.8,151+,7.1,201+,24.1,201+,23,201+,16.5,201+,7.9,151+
351-400,401,Universidade Potiguar,Brazil,Natal,Latin America,n/a,https://www.topuniversities.com/universities/universidade-potiguar,https://www.topuniversities.com/sites/default/files/universidade-potiguar_24575_medium.jpg,80.4,53,7.8,201+,n/a,n/a,2.3,201+,35.9,165,n/a,n/a,8.5,201+,6,151+
351-400,402,Universidade Regional Integrada do Alto Uruguai e das Missoes,Brazil,Erechim,Latin America,n/a,https://www.topuniversities.com/universities/universidade-regional-integrada-do-alto-uruguai-e-das-missoes,,22.8,201+,9.7,201+,2.4,151+,58.4,101,37.6,156,2.2,201+,n/a,n/a,n/a,n/a
351-400,403,Universidade Veiga de Almeida,Brazil,Rio de Janeiro,Latin America,n/a,https://www.topuniversities.com/universities/universidade-veiga-de-almeida,https://www.topuniversities.com/sites/default/files/universidade-veiga-de-almeida_592560cf2aeae70239af585a_medium.jpg,99.9,6,10.8,201+,1.5,151+,9.5,201+,7.3,201+,4.9,201+,10.7,201+,4.5,151+
351-400,404,Universidade da Regiao de Joinville,Brazil,Joinville,Latin America,n/a,https://www.topuniversities.com/universities/universidade-da-regiao-de-joinville,,22.4,201+,13.6,201+,1.2,151+,59.2,99,40.9,144,5.2,201+,n/a,n/a,n/a,n/a
351-400,405,Universidade do Oeste de Santa Catarina,Brazil,Joaçaba,Latin America,n/a,https://www.topuniversities.com/universities/universidade-do-oeste-de-santa-catarina,,58.7,104,9.1,201+,1.9,151+,12.4,201+,37.5,157,5.3,201+,17.6,201+,n/a,n/a
401+,406,Centro Universitario de Belo Horizonte,Brazil,Belo Horizonte,Latin America,n/a,https://www.topuniversities.com/universities/centro-universitario-de-belo-horizonte,,n/a,n/a,8,201+,1.8,151+,5,201+,60.4,102,3.8,201+,9.6,201+,4.4,151+
401+,407,Centro Universitário Ritter dos Reis,Brazil,Porto Alegre,Latin America,n/a,https://www.topuniversities.com/universities/centro-universitario-ritter-dos-reis,https://www.topuniversities.com/sites/default/files/centro-universitrio-ritter-dos-reis_24568_medium.jpg,n/a,n/a,n/a,n/a,4.1,151+,3.3,201+,28.7,192,n/a,n/a,n/a,n/a,22.5,151+
401+,408,Colégio Mayor de Antioquia,Colombia,Medellin,Latin America,n/a,https://www.topuniversities.com/universities/colegio-mayor-de-antioquia,https://www.topuniversities.com/sites/default/files/colgio-mayor-de-antioquia_592560e09988f300e2320bc0_medium.jpg,52,131,7.9,201+,2.5,151+,21,201+,2.3,201+,1.7,201+,12.4,201+,4.2,151+
401+,409,Corporación Universitaria Minuto de Dios - UNIMINUTO,Colombia,Bogotá,Latin America,n/a,https://www.topuniversities.com/universities/corporacion-universitaria-minuto-de-dios-uniminuto,https://www.topuniversities.com/sites/default/files/corporacin-universitaria-minuto-de-dios-uniminuto_5ab8d86e6ee6c841f64196dd_medium.jpg,1.9,201+,4,201+,14.9,151+,6.5,201+,2.4,201+,18.5,201+,27.9,180,14.1,151+
401+,410,Escuela Superior de Administracion Pública (ESAP),Colombia,Bogotá,Latin America,n/a,https://www.topuniversities.com/universities/escuela-superior-de-administracion-publica-esap,https://www.topuniversities.com/sites/default/files/escuela-superior-de-administracion-pblica-esap_592560cf2aeae70239af52c2_medium.jpg,n/a,n/a,1.2,201+,10.5,151+,17.6,201+,3.6,201+,n/a,n/a,24.7,201+,20.5,151+
401+,411,Federal Rural University of the Semi-Arid Region,Brazil,Mossoró,Latin America,n/a,https://www.topuniversities.com/universities/federal-rural-university-semi-arid-region,,4.7,201+,44.7,112,3.2,151+,25.1,201+,n/a,n/a,27.9,201+,22.4,201+,10,151+
401+,412,Fundacion Universitaria del Area Andina- AREANDINA,Colombia,Bogotá,Latin America,n/a,https://www.topuniversities.com/universities/fundacion-universitaria-del-area-andina-areandina,https://www.topuniversities.com/sites/default/files/fundacin-universitaria-del-rea-andina-areandina_592560ea9988f300e232271d_medium.jpg,7.3,201+,2.6,201+,12.8,151+,12.1,201+,2.5,201+,4.6,201+,12.8,201+,6.8,151+
401+,413,Fundación Universitaria Juan N. Corpas,Colombia,"Bogotá,",Latin America,n/a,https://www.topuniversities.com/universities/fundacion-universitaria-juan-n-corpas,https://www.topuniversities.com/sites/default/files/230904015324pm209255Juan-Corpas-logo-200x200-90x90.jpg,n/a,n/a,9.4,201+,6.8,151+,18.9,201+,12.1,201+,2.2,201+,7.1,201+,5.3,151+
401+,414,Pontificia Universidad Católica de Puerto Rico,Puerto Rico,Ponce,Latin America,n/a,https://www.topuniversities.com/universities/pontificia-universidad-catolica-de-puerto-rico,https://www.topuniversities.com/sites/default/files/pontificia-universidad-catlica-de-puerto-rico_592560e09988f300e2320d12_medium.jpg,n/a,n/a,1.6,201+,13.2,151+,16.3,201+,n/a,n/a,n/a,n/a,14,201+,24.2,151+
401+,415,Senac São Paulo,Brazil,São Paulo,Latin America,n/a,https://www.topuniversities.com/universities/senac-sao-paulo,https://www.topuniversities.com/sites/default/files/senac-so-paulo_592560cf2aeae70239af548f_medium.jpg,n/a,n/a,1.6,201+,2.9,151+,6.9,201+,n/a,n/a,n/a,n/a,5.2,201+,17.8,151+
401+,416,Universidad Tecmilenio,Mexico,Monterrey,Latin America,n/a,https://www.topuniversities.com/universities/universidad-tecmilenio,https://www.topuniversities.com/sites/default/files/universidad-tecmilenio_592560de9988f300e2320863_medium.jpg,n/a,n/a,1,201+,3.8,151+,24.2,201+,2.2,201+,n/a,n/a,11.5,201+,14,151+
401+,417,Universidad APEC,Dominican Republic,Santo Domingo,Latin America,n/a,https://www.topuniversities.com/universities/universidad-apec,https://www.topuniversities.com/sites/default/files/universidad-accion-pro-educacin-y-cultura_592560df9988f300e23209fc_medium.jpg,n/a,n/a,1.2,201+,7.2,151+,13.5,201+,2,201+,n/a,n/a,7.5,201+,17.8,151+
401+,418,Universidad Americana  ,Paraguay,Asunción,Latin America,n/a,https://www.topuniversities.com/universities/universidad-americana,https://www.topuniversities.com/sites/default/files/universidad-americana-_592560cf2aeae70239af5491_medium.jpg,n/a,n/a,3.3,201+,14.5,151+,1.3,201+,12.4,201+,11.1,201+,4.5,201+,17.5,151+
401+,419,Universidad Autnoma Toms Fras,Bolivia,Potosi,Latin America,n/a,https://www.topuniversities.com/universities/universidad-autnoma-toms-fras,https://www.topuniversities.com/sites/default/files/210802013604pm463130Webp.net-resizeimage-2021-08-02T163600.733-90x90.jpg,n/a,n/a,1.2,201+,6.1,151+,7.7,201+,1.4,201+,n/a,n/a,4.1,201+,3.7,151+
401+,420,Universidad Autnoma del Beni Jos Ballivin,Bolivia,Trinidad,Latin America,n/a,https://www.topuniversities.com/universities/universidad-autnoma-del-beni-jos-ballivin,https://www.topuniversities.com/sites/default/files/210802014102pm372975Webp.net-resizeimage-2021-08-02T164057.250-90x90.jpg,n/a,n/a,1.7,201+,2.7,151+,6.4,201+,n/a,n/a,7.8,201+,4.8,201+,n/a,n/a
401+,421,Universidad Autónoma de Asunción (UAA),Paraguay,Asunción,Latin America,n/a,https://www.topuniversities.com/universities/universidad-autonoma-de-asuncion-uaa,https://www.topuniversities.com/sites/default/files/universidad-autnoma-de-asuncin-uaa_592560cf2aeae70239af5497_medium.jpg,n/a,n/a,3.4,201+,13.2,151+,7.2,201+,8.6,201+,6.2,201+,8.3,201+,18.2,151+
401+,422,Universidad Autónoma de Nayarit,Mexico,Tepic,Latin America,n/a,https://www.topuniversities.com/universities/universidad-autonoma-de-nayarit,https://www.topuniversities.com/sites/default/files/universidad-autnoma-de-nayarit_592560cf2aeae70239af5693_medium.jpg,20.5,201+,6.9,201+,5.5,151+,31,201+,12.7,201+,9.1,201+,14.8,201+,4.3,151+
401+,423,Universidad Autónoma del Peru,Peru,Villa El Salvador,Latin America,n/a,https://www.topuniversities.com/universities/universidad-autonoma-del-peru,https://www.topuniversities.com/sites/default/files/240422050739pm959931Logo-UA-200x200px-90x90.jpg,1.1,201+,77,57,5.9,151+,1.9,201+,n/a,n/a,7.5,201+,3.7,201+,n/a,n/a
401+,424,Universidad Catolica de Manizales,Colombia,Manizales,Latin America,n/a,https://www.topuniversities.com/universities/universidad-catolica-de-manizales,https://www.topuniversities.com/sites/default/files/211011104632pm290718TopUniversities-QS-02-90x90.jpg,3.5,201+,12,201+,10,151+,23.3,201+,8,201+,1.7,201+,10.3,201+,8.5,151+
401+,425,Universidad Católica Santo Domingo (UCSD),Dominican Republic,Santo Domingo,Latin America,n/a,https://www.topuniversities.com/universities/universidad-catolica-santo-domingo-ucsd,https://www.topuniversities.com/sites/default/files/universidad-catlica-santo-domingo-ucsd_592560cf2aeae70239af54b5_medium.jpg,n/a,n/a,1.2,201+,8.2,151+,15.4,201+,n/a,n/a,n/a,n/a,4.6,201+,5.8,151+
401+,426,Universidad Católica Silva Henríquez,Chile,Santiago,Latin America,n/a,https://www.topuniversities.com/universities/universidad-catolica-silva-henriquez,https://www.topuniversities.com/sites/default/files/universidad-catlica-silva-henrquez_592560cf2aeae70239af54b2_medium.jpg,4.9,201+,17.8,201+,13.5,151+,18.5,201+,8.8,201+,8.8,201+,13.3,201+,15.1,151+
401+,427,Universidad Católica Tecnológica del Cibao - UCATECI,Dominican Republic,La Vega,Latin America,n/a,https://www.topuniversities.com/universities/universidad-catolica-tecnologica-del-cibao-ucateci,https://www.topuniversities.com/sites/default/files/universidad-catlica-tecnolgica-del-cibao-ucateci_592560cf2aeae70239af5682_medium.jpg,n/a,n/a,1.5,201+,4.4,151+,23,201+,n/a,n/a,n/a,n/a,4.1,201+,7.5,151+
401+,428,Universidad Católica de El Salvador,El Salvador,Santa Ana,Latin America,n/a,https://www.topuniversities.com/universities/universidad-catolica-de-el-salvador,https://www.topuniversities.com/sites/default/files/universidad-catlica-de-el-salvador_592560cf2aeae70239af5399_medium.jpg,n/a,n/a,2.4,201+,14.5,151+,14.1,201+,1.1,201+,n/a,n/a,4.8,201+,3.5,151+
401+,429,Universidad Central del Este,Dominican Republic,San Pedro de Macorís,Latin America,n/a,https://www.topuniversities.com/universities/universidad-central-del-este,https://www.topuniversities.com/sites/default/files/universidad-central-del-este_592560cf2aeae70239af54bf_medium.jpg,n/a,n/a,1.8,201+,5.5,151+,12.8,201+,5.8,201+,16.6,201+,5.7,201+,9,151+
401+,430,Universidad Centroamericana (UCA),Nicaragua,Managua,Latin America,n/a,https://www.topuniversities.com/universities/universidad-centroamericana-uca,https://www.topuniversities.com/sites/default/files/universidad-centroamericana-uca_2623_medium.jpg,n/a,n/a,1.6,201+,9.9,151+,6.5,201+,4.2,201+,n/a,n/a,11.8,201+,14.4,151+
401+,431,Universidad Continental,Peru,Huancayo,Latin America,n/a,https://www.topuniversities.com/universities/universidad-continental,https://www.topuniversities.com/sites/default/files/220329022436pm284373VERTICAL-ok-90x90.jpg,1.7,201+,12.4,201+,6.5,151+,4.8,201+,6.2,201+,54.2,146,11.2,201+,3.8,151+
401+,432,Universidad Cristiana de Bolivia,Bolivia,Santa Cruz de la Sierra,Latin America,n/a,https://www.topuniversities.com/universities/universidad-cristiana-de-bolivia,https://www.topuniversities.com/sites/default/files/universidad-cristiana-de-bolivia_5b474e0446113256395eed4c_medium.jpg,n/a,n/a,n/a,n/a,7.7,151+,34.4,189,1.2,201+,n/a,n/a,2.7,201+,5.9,151+
401+,433,Universidad Cristóbal Colón,Mexico,Veracruz,Latin America,n/a,https://www.topuniversities.com/universities/universidad-cristobal-colon,https://www.topuniversities.com/sites/default/files/universidad-cristbal-coln_592560cf2aeae70239af54c3_medium.jpg,n/a,n/a,6.9,201+,5.1,151+,43.9,140,n/a,n/a,n/a,n/a,5.9,201+,n/a,n/a
401+,434,Universidad Cuauhtémoc - Campus Guadalajara,Mexico,Guadalajara,Latin America,n/a,https://www.topuniversities.com/universities/universidad-cuauhtemoc-campus-guadalajara,https://www.topuniversities.com/sites/default/files/universidad-cuauhtmoc-campus-guadalajara_592560cf2aeae70239af5a3d_medium.jpg,n/a,n/a,49.6,100,4.1,151+,1,201+,2.6,201+,3.8,201+,2.9,201+,6.3,151+
401+,435,Universidad César Vallejo,Peru,Trujillo,Latin America,n/a,https://www.topuniversities.com/universities/universidad-cesar-vallejo,https://www.topuniversities.com/sites/default/files/220929123023am611274logo-universidad-cesar-vallejo-90x90.jpg,1,201+,3,201+,9.6,151+,12.3,201+,17.7,201+,22.2,201+,48.9,86,3.8,151+
401+,436,Universidad Dominicana O&M (EXAE ),Dominican Republic,Santo Domingo,Latin America,n/a,https://www.topuniversities.com/universities/universidad-dominicana-om-exae,https://www.topuniversities.com/sites/default/files/universidad-dominicana-om-exae-_592560cf2aeae70239af52c4_medium.jpg,n/a,n/a,n/a,n/a,3.9,151+,2.9,201+,n/a,n/a,n/a,n/a,4.7,201+,13.4,151+
401+,437,Universidad Don Bosco,El Salvador,San Salvador/Soyapango,Latin America,n/a,https://www.topuniversities.com/universities/universidad-don-bosco,https://www.topuniversities.com/sites/default/files/220118011204pm631136Logo-UDB-reducido-90x90.jpg,1.1,201+,4.7,201+,13.8,151+,3.5,201+,4.7,201+,10.5,201+,8.3,201+,32.5,132
401+,438,Universidad ECCI ,Colombia,Bogotá,Latin America,n/a,https://www.topuniversities.com/universities/universidad-ecci,https://www.topuniversities.com/sites/default/files/universidad-ecci-_592560cf2aeae70239af547c_medium.jpg,1.8,201+,6.4,201+,2.9,151+,5.1,201+,2.4,201+,9.2,201+,6.9,201+,7.9,151+
401+,439,Universidad Estatal de Sonora,Mexico,Hermosillo,Latin America,n/a,https://www.topuniversities.com/universities/universidad-estatal-de-sonora,https://www.topuniversities.com/sites/default/files/universidad-estatal-de-sonora_592560cf2aeae70239af5479_medium.jpg,n/a,n/a,1,201+,5,151+,5,201+,11.3,201+,n/a,n/a,6.2,201+,8.2,151+
401+,440,Universidad Evangelica de El Salvador,El Salvador,San Salvador,Latin America,n/a,https://www.topuniversities.com/universities/universidad-evangelica-de-el-salvador,https://www.topuniversities.com/sites/default/files/universidad-evangelica-de-el-salvador_592560cf2aeae70239af565e_medium.jpg,n/a,n/a,1.6,201+,2,151+,20,201+,1.3,201+,1,201+,5,201+,10.4,151+
401+,441,Universidad Federico Henríquez y Carvajal (UFHEC),Dominican Republic,Santo Domingo,Latin America,n/a,https://www.topuniversities.com/universities/universidad-federico-henriquez-y-carvajal-ufhec,https://www.topuniversities.com/sites/default/files/240109035548am334927ufhec-logo-oficial-90x90.jpg,n/a,n/a,2.3,201+,2.3,151+,4,201+,2.2,201+,4.9,201+,4.3,201+,4,151+
401+,442,Universidad Francisco Gavidia,El Salvador,San Salvador,Latin America,n/a,https://www.topuniversities.com/universities/universidad-francisco-gavidia,https://www.topuniversities.com/sites/default/files/250909080826am931609LOGO-UFG-90x90.jpg,n/a,n/a,1.5,201+,9.2,151+,4.5,201+,1.6,201+,3.5,201+,8.2,201+,13.5,151+
401+,443,Universidad Interamericana de Panamá ,Panama,Panama City,Latin America,n/a,https://www.topuniversities.com/universities/universidad-interamericana-de-panama,https://www.topuniversities.com/sites/default/files/universidad-interamericana-de-panam-_592560cf2aeae70239af54f7_medium.jpg,n/a,n/a,1.7,201+,16.8,151+,9.2,201+,1.7,201+,n/a,n/a,4.6,201+,21.2,151+
401+,444,Universidad Juárez Autónoma de Tabasco (UJAT),Mexico,Villahermosa,Latin America,n/a,https://www.topuniversities.com/universities/universidad-juarez-autonoma-de-tabasco-ujat,https://www.topuniversities.com/sites/default/files/universidad-jurez-autnoma-de-tabasco-ujat_592560cf2aeae70239af54f9_medium.jpg,26.4,201+,10.4,201+,7.9,151+,29,201+,16.2,201+,16.9,201+,13.6,201+,4.2,151+
401+,445,Universidad Latina de Panamà,Panama,Panama City,Latin America,n/a,https://www.topuniversities.com/universities/universidad-latina-de-panama,https://www.topuniversities.com/sites/default/files/universidad-latina-de-panam_592560cf2aeae70239af54fc_medium.jpg,n/a,n/a,1.5,201+,9.3,151+,4.8,201+,n/a,n/a,3.5,201+,4,201+,20.4,151+
401+,446,Universidad Manuela Beltrán,Colombia,Bogota,Latin America,n/a,https://www.topuniversities.com/universities/universidad-manuela-beltran,https://www.topuniversities.com/sites/default/files/230116093223pm548132Logo-UMB-horizontal-90x90.jpg,49.7,144,8,201+,2.9,151+,41.6,151,4.4,201+,11.5,201+,8.2,201+,n/a,n/a
401+,447,Universidad Mexiquense del Bicentenario,Mexico,Ocoyoacac,Latin America,n/a,https://www.topuniversities.com/universities/universidad-mexiquense-del-bicentenario,https://www.topuniversities.com/sites/default/files/universidad-mexiquense-del-bicentenario_5cd1618510ca6074830512e7_medium.jpg,n/a,n/a,n/a,n/a,n/a,n/a,10.6,201+,7.4,201+,n/a,n/a,n/a,n/a,4.8,151+
401+,448,Universidad Modelo,Mexico,MÃ©rida,Latin America,n/a,https://www.topuniversities.com/universities/universidad-modelo,,n/a,n/a,4,201+,2.1,151+,26.8,201+,5.9,201+,n/a,n/a,4.5,201+,4.3,151+
401+,449,Universidad Nacional Autónoma de Nicaragua ,Nicaragua,Managua,Latin America,n/a,https://www.topuniversities.com/universities/universidad-nacional-autonoma-de-nicaragua,https://www.topuniversities.com/sites/default/files/universidad-nacional-autnoma-de-nicaragua-_592560cf2aeae70239af54ae_medium.jpg,n/a,n/a,1.8,201+,20.1,151+,4,201+,2.3,201+,15.2,201+,27.2,189,8.4,151+
401+,450,Universidad Nacional de Lanús (UNLa),Argentina,Remedios de Escalada,Latin America,n/a,https://www.topuniversities.com/universities/universidad-nacional-de-lanus-unla,https://www.topuniversities.com/sites/default/files/national-university-of-lans_592560df9988f300e232097d_medium.jpg,2.8,201+,3.2,201+,14.8,151+,11,201+,3.3,201+,7.6,201+,16.9,201+,4.7,151+
401+,451,Universidad Nacional de Lomas de Zamora,Argentina,Lomas de Zamora,Latin America,n/a,https://www.topuniversities.com/universities/universidad-nacional-de-lomas-de-zamora,https://www.topuniversities.com/sites/default/files/universidad-nacional-de-lomas-de-zamora_592560cf2aeae70239af568d_medium.jpg,17.3,201+,1.6,201+,7.9,151+,28,201+,1,201+,5.8,201+,9.8,201+,12.4,151+
401+,452,Universidad Nacional de Pilar,Paraguay,Pilar,Latin America,n/a,https://www.topuniversities.com/universities/universidad-nacional-de-pilar,https://www.topuniversities.com/sites/default/files/universidad-nacional-de-pilar_592560cf2aeae70239af5509_medium.jpg,n/a,n/a,1.2,201+,6.2,151+,10.5,201+,n/a,n/a,n/a,n/a,4.1,201+,8.6,151+
401+,453,Universidad Pedagógica Nacional Francisco Morazán (UPNFM),Honduras,Tegucigalpa,Latin America,n/a,https://www.topuniversities.com/universities/universidad-pedagogica-nacional-francisco-morazan-upnfm,https://www.topuniversities.com/sites/default/files/universidad-pedaggica-nacional-francisco-morazn-upnfm_592560df9988f300e2320a0a_medium.jpg,n/a,n/a,1.6,201+,12.1,151+,3.9,201+,7.1,201+,2.7,201+,7.4,201+,12.2,151+
401+,454,Universidad Privada Dr. Rafael Belloso Chacín,Venezuela,Maracaibo,Latin America,n/a,https://www.topuniversities.com/universities/universidad-privada-dr-rafael-belloso-chacin,https://www.topuniversities.com/sites/default/files/universidad-privada-dr.-rafael-belloso-chacn_592560cf2aeae70239af54b0_medium.jpg,n/a,n/a,2,201+,6.7,151+,10,201+,38.5,153,11,201+,14.4,201+,2.1,151+
401+,455,Universidad Privada San Juan Bautista,Peru,Lima,Latin America,n/a,https://www.topuniversities.com/universities/universidad-privada-san-juan-bautista,https://www.topuniversities.com/sites/default/files/220210081923pm693025AF-LOGO-UPSJB-R-NACIONALES-E-INTER-90x90.jpg,2.4,201+,7.1,201+,2.3,151+,45,136,6.3,201+,29.7,201+,6.1,201+,n/a,n/a
401+,456,Universidad Privada del Valle (Univalle),Bolivia,Tiquipaya,Latin America,n/a,https://www.topuniversities.com/universities/universidad-privada-del-valle-univalle,https://www.topuniversities.com/sites/default/files/universidad-privada-del-valle-univalle_592560df9988f300e23209f3_medium.jpg,n/a,n/a,1.6,201+,11.5,151+,5.1,201+,4.6,201+,n/a,n/a,7.3,201+,16,151+
401+,457,Universidad Regiomontana,Mexico,Monterrey,Latin America,n/a,https://www.topuniversities.com/universities/universidad-regiomontana,https://www.topuniversities.com/sites/default/files/universidad-regiomontana_592560cf2aeae70239af513f_medium.jpg,n/a,n/a,1.2,201+,3.5,151+,37.1,170,2.1,201+,n/a,n/a,2.9,201+,7.9,151+
401+,458,Universidad Regional Autónoma de Los Andes,Ecuador,Ambato,Latin America,n/a,https://www.topuniversities.com/universities/universidad-regional-autonoma-de-los-andes,https://www.topuniversities.com/sites/default/files/250404043011pm623416LOGO-UNIANDES-200X200-jpg-90x90.jpg,1.1,201+,24.5,186,1.2,151+,16.7,201+,n/a,n/a,14,201+,13.3,201+,n/a,n/a
401+,459,Universidad San Francisco Xavier (USFX),Bolivia,Sucre,Latin America,n/a,https://www.topuniversities.com/universities/universidad-san-francisco-xavier-usfx,https://www.topuniversities.com/sites/default/files/universidad-mayor-de-san-francisco-xavier_592560df9988f300e23209e5_medium.jpg,n/a,n/a,1.9,201+,19.6,151+,4.7,201+,6.3,201+,17.7,201+,13.9,201+,16.1,151+
401+,460,Universidad Tecnológica Privada de Santa Cruz (UTEPSA),Bolivia,Santa Cruz de la Sierra,Latin America,n/a,https://www.topuniversities.com/universities/universidad-tecnologica-privada-de-santa-cruz-utepsa,https://www.topuniversities.com/sites/default/files/universidad-tecnolgica-privada-de-santa-cruz_592560e29988f300e2321196_medium.jpg,n/a,n/a,n/a,n/a,4.5,151+,2.1,201+,2.1,201+,n/a,n/a,3.8,201+,2.1,151+
401+,461,Universidad Tecnológica de El Salvador (UTEC),El Salvador,San Salvador,Latin America,n/a,https://www.topuniversities.com/universities/universidad-tecnologica-de-el-salvador-utec,https://www.topuniversities.com/sites/default/files/universidad-tecnolgica-de-el-salvador-utec_592560cf2aeae70239af5687_medium.jpg,n/a,n/a,1.5,201+,9.3,151+,3.5,201+,1.8,201+,11,201+,8.7,201+,11.7,151+
401+,462,Universidad Tecnológica de Honduras (UTH),Honduras,San Pedro Sula,Latin America,n/a,https://www.topuniversities.com/universities/universidad-tecnologica-de-honduras-uth,https://www.topuniversities.com/sites/default/files/universidad-tecnolgica-de-honduras-uth_592560df9988f300e2320a06_medium.jpg,n/a,n/a,n/a,n/a,9.2,151+,5.3,201+,6.2,201+,n/a,n/a,9,201+,13.8,151+
401+,463,Universidad Tecnológica del Centro,Venezuela,Guacara,Latin America,n/a,https://www.topuniversities.com/universities/universidad-tecnologica-del-centro,https://www.topuniversities.com/sites/default/files/universidad-tecnolgica-del-centro_592560cf2aeae70239af589f_medium.jpg,n/a,n/a,1,201+,5.8,151+,45.5,133,3.1,201+,n/a,n/a,3.9,201+,23.5,151+
401+,464,Universidad Tecnológica del Perú,Peru,Lima,Latin America,n/a,https://www.topuniversities.com/universities/universidad-tecnologica-del-peru,https://www.topuniversities.com/sites/default/files/newman-university-college_2100_large.jpg,1.1,201+,17.1,201+,8.5,151+,1.8,201+,n/a,n/a,38.7,201+,15.4,201+,10.5,151+
401+,465,Universidad Técnica de Cotopaxi,Ecuador,Latacunga,Latin America,n/a,https://www.topuniversities.com/universities/universidad-tecnica-de-cotopaxi,https://www.topuniversities.com/sites/default/files/240105113443am346224LOGO-utc-qs-90x90.jpg,3.4,201+,8.8,201+,4.3,151+,8.9,201+,12.9,201+,14.5,201+,24.1,201+,2.7,151+
401+,466,Universidad Técnica de Oruro,Bolivia,Oruro,Latin America,n/a,https://www.topuniversities.com/universities/universidad-tecnica-de-oruro,https://www.topuniversities.com/sites/default/files/universidad-tcnica-de-oruro_592560df9988f300e23209ed_medium.jpg,n/a,n/a,1.6,201+,3.7,151+,2.8,201+,1,201+,n/a,n/a,4.8,201+,6.3,151+
401+,467,Universidad UNIACC,Chile,Santiago,Latin America,n/a,https://www.topuniversities.com/universities/universidad-uniacc,https://www.topuniversities.com/sites/default/files/universidad-uniacc_592560cf2aeae70239af5131_medium.jpg,n/a,n/a,1.2,201+,4,151+,23.6,201+,2.1,201+,n/a,n/a,7.4,201+,5.8,151+
401+,468,Universidad Vasco de Quiroga (UVAQ),Mexico,MÃ©rida,Latin America,n/a,https://www.topuniversities.com/universities/universidad-vasco-de-quiroga-uvaq,https://www.topuniversities.com/sites/default/files/universidad-vasco-de-quiroga-uvaq_592560cf2aeae70239af551c_medium.jpg,n/a,n/a,1.3,201+,2.9,151+,100,3,5.2,201+,n/a,n/a,5,201+,1.1,151+
401+,469,Universidad de America,Colombia,Bogotá,Latin America,n/a,https://www.topuniversities.com/universities/universidad-de-america,,3.1,201+,6.5,201+,3.6,151+,33.4,194,1.3,201+,6.3,201+,8.3,201+,7.8,151+
401+,470,Universidad de El Salvador - UES,El Salvador,San Salvador,Latin America,n/a,https://www.topuniversities.com/universities/universidad-de-el-salvador-ues,https://www.topuniversities.com/sites/default/files/universidad-de-el-salvador-ues_592560cf2aeae70239af54ee_medium.jpg,7.7,201+,1.5,201+,10.5,151+,3.4,201+,1.5,201+,19.8,201+,20.7,201+,26.1,151+
401+,471,Universidad de La Amazonía ,Colombia,Florence,Latin America,n/a,https://www.topuniversities.com/universities/universidad-de-la-amazonia,https://www.topuniversities.com/sites/default/files/universidad-de-la-amazona-_592560cf2aeae70239af54cf_medium.jpg,13.5,201+,9.6,201+,7.9,151+,21,201+,2.2,201+,26.5,201+,8.3,201+,6.8,151+
401+,472,Universidad de Manizales ,Colombia,Manizales,Latin America,n/a,https://www.topuniversities.com/universities/universidad-de-manizales,https://www.topuniversities.com/sites/default/files/universidad-de-manizales-_592560cf2aeae70239af54d5_medium.jpg,2.9,201+,4.6,201+,16.4,151+,4,201+,n/a,n/a,8.2,201+,12.6,201+,4.6,151+
401+,473,Universidad de Occidente (UdeO),Mexico,Los Mochis,Latin America,n/a,https://www.topuniversities.com/universities/universidad-de-occidente-udeo,https://www.topuniversities.com/sites/default/files/universidad-de-occidente-udeo_592560cf2aeae70239af54d7_medium.jpg,n/a,n/a,1.5,201+,2.6,151+,18.1,201+,8.5,201+,n/a,n/a,8.1,201+,4.9,151+
401+,474,Universidad de Pamplona,Colombia,Pamplona,Latin America,n/a,https://www.topuniversities.com/universities/universidad-de-pamplona,https://www.topuniversities.com/sites/default/files/universidad-de-pamplona-_592560cf2aeae70239af54da_medium.jpg,2.6,201+,3.8,201+,14,151+,19,201+,4.2,201+,17.9,201+,13.2,201+,5.2,151+
401+,475,Universidad de los Llanos,Colombia,Villavicencio,Latin America,n/a,https://www.topuniversities.com/universities/universidad-de-los-llanos,https://www.topuniversities.com/sites/default/files/210825034306pm523381universidad-de-los-llanos--592560cf2aeae70239af54d9-large-90x90.jpg,2.2,201+,15.6,201+,4.9,151+,15.3,201+,2.1,201+,15.6,201+,11.5,201+,6.7,151+
401+,476,Universidad del Caribe,Mexico,CancÃºn,Latin America,n/a,https://www.topuniversities.com/universities/universidad-del-caribe,https://www.topuniversities.com/sites/default/files/universidad-del-caribe_592560cf2aeae70239af54e7_medium.jpg,n/a,n/a,7.8,201+,2.2,151+,8.3,201+,42.4,140,n/a,n/a,4.1,201+,5.1,151+
401+,477,Universidad del Caribe (UNICARIBE),Dominican Republic,Santo Domingo,Latin America,n/a,https://www.topuniversities.com/universities/universidad-del-caribe-unicaribe,https://www.topuniversities.com/sites/default/files/240209120218am576867Logo-R-90x90.jpg,n/a,n/a,n/a,n/a,10.5,151+,1.7,201+,2.5,201+,n/a,n/a,7.5,201+,6.1,151+
401+,478,Universidad del Distrito Federal (UDF),Mexico,Mexico City,Latin America,n/a,https://www.topuniversities.com/universities/universidad-del-distrito-federal-udf,https://www.topuniversities.com/sites/default/files/universidad-del-distrito-federal-udf_592560cf2aeae70239af5398_medium.jpg,n/a,n/a,n/a,n/a,n/a,n/a,7.2,201+,n/a,n/a,n/a,n/a,2.7,201+,5.9,151+
401+,479,Universidad del Istmo - UDELISTMO,Panama,Panama City,Latin America,n/a,https://www.topuniversities.com/universities/universidad-del-istmo-udelistmo,https://www.topuniversities.com/sites/default/files/universidad-del-istmo-udelistmo_592560cf2aeae70239af54e8_medium.jpg,n/a,n/a,1.2,201+,9.5,151+,10.5,201+,7.3,201+,n/a,n/a,4.5,201+,12.7,151+
401+,480,Universidad del Noreste (UNE),Mexico,Tampico,Latin America,n/a,https://www.topuniversities.com/universities/universidad-del-noreste-une,https://www.topuniversities.com/sites/default/files/universidad-del-noreste-une_592560cf2aeae70239af54eb_medium.jpg,n/a,n/a,1.8,201+,3.4,151+,39.3,161,5.3,201+,n/a,n/a,5.7,201+,3,151+
401+,481,Universidad del Viña del Mar,Chile,Viña del Mar,Latin America,n/a,https://www.topuniversities.com/universities/universidad-del-vina-del-mar,https://www.topuniversities.com/sites/default/files/universidad-del-via-del-mar_1710_medium.jpg,4,201+,9.3,201+,8.3,151+,33.3,195,3.7,201+,18,201+,10.4,201+,5.5,151+
401+,482,Universidade Bandeirante ,Brazil,São Paulo,Latin America,n/a,https://www.topuniversities.com/universities/universidade-bandeirante,https://www.topuniversities.com/sites/default/files/universidade-bandeirante-_592560cf2aeae70239af5620_medium.jpg,n/a,n/a,1.2,201+,1,151+,2,201+,8.3,201+,n/a,n/a,n/a,n/a,5.3,151+
401+,483,Universidade Candido Mendes,Brazil,Rio de Janeiro,Latin America,n/a,https://www.topuniversities.com/universities/universidade-candido-mendes,,n/a,n/a,4.7,201+,1.5,151+,34.9,184,25.8,201+,n/a,n/a,n/a,n/a,n/a,n/a
401+,484,Universidade Paranaense,Brazil,Umuarama,Latin America,n/a,https://www.topuniversities.com/universities/universidade-paranaense,,9.2,201+,6.8,201+,2.9,151+,24,201+,18.6,201+,3.8,201+,15.9,201+,n/a,n/a
401+,485,Universidade Regional do Noroeste do Estado do Rio Grande do Sul ,Brazil,Ijuí,Latin America,n/a,https://www.topuniversities.com/universities/universidade-regional-do-noroeste-do-estado-do-rio-grande-do-sul,https://www.topuniversities.com/sites/default/files/universidade-regional-do-noroeste-do-estado-do-rio-grande-do-sul-_592560cf2aeae70239af5555_medium.jpg,1.6,201+,17.4,201+,4.6,151+,25.4,201+,36.3,163,1.9,201+,24.6,201+,2.5,151+
401+,486,Universidade Salgado de Oliveira,Brazil,São Gonçalo,Latin America,n/a,https://www.topuniversities.com/universities/universidade-salgado-de-oliveira,,9.4,201+,5.6,201+,2,151+,19.2,201+,30.1,186,7.5,201+,8.7,201+,n/a,n/a
401+,487,Universidade Salvador (UNIFACS),Brazil,Salvador,Latin America,n/a,https://www.topuniversities.com/universities/universidade-salvador-unifacs,https://www.topuniversities.com/sites/default/files/universidade-salvador-unifacs_592560e49988f300e23217de_medium.jpg,55.4,115,12.4,201+,n/a,n/a,2.9,201+,17.7,201+,8.4,201+,18.7,201+,5.3,151+
401+,488,Universidade Santo Amaro ,Brazil,São Paulo,Latin America,n/a,https://www.topuniversities.com/universities/universidade-santo-amaro,https://www.topuniversities.com/sites/default/files/universidade-santo-amaro-_592560cf2aeae70239af561e_medium.jpg,33.8,201+,19.1,201+,n/a,n/a,2.5,201+,35.7,166,11.9,201+,12.8,201+,7.7,151+
401+,489,Universidade Sao Judas Tadeu,Brazil,São Paulo,Latin America,n/a,https://www.topuniversities.com/universities/universidade-sao-judas-tadeu,,13.7,201+,7.6,201+,2.6,151+,3.3,201+,60,104,22.1,201+,12,201+,n/a,n/a
401+,490,Universidade de Taubaté,Brazil,Taubaté,Latin America,n/a,https://www.topuniversities.com/universities/universidade-de-taubate,https://www.topuniversities.com/sites/default/files/universidade-de-taubat_592560cf2aeae70239af5521_medium.jpg,14.1,201+,11.5,201+,1.7,151+,13.1,201+,44.8,134,10,201+,18.6,201+,4.5,151+
401+,491,Universidade do Estado de Mato Grosso,Brazil,Cáceres,Latin America,n/a,https://www.topuniversities.com/universities/universidade-do-estado-de-mato-grosso,,22.2,201+,13.4,201+,6.9,151+,23.1,201+,n/a,n/a,19.1,201+,27.5,184,n/a,n/a
401+,492,University of Belize,Belize,Belize,Latin America,n/a,https://www.topuniversities.com/universities/university-belize,,n/a,n/a,8,201+,1.3,151+,3.3,201+,n/a,n/a,7.1,201+,7.4,201+,7.7,151+
401+,493,University of Cundinamarca,Colombia,Fusagasuga,Latin America,n/a,https://www.topuniversities.com/universities/university-cundinamarca,,53.5,122,5.8,201+,1.9,151+,4.4,201+,28.5,194,1.7,201+,n/a,n/a,10.5,151+
401+,494,University of Technology - Jamaica,Jamaica,Kingston,Latin America,n/a,https://www.topuniversities.com/universities/university-technology-jamaica,,4,201+,4.4,201+,1.4,151+,15.4,201+,n/a,n/a,3.6,201+,10.9,201+,4.4,151+
