rank_display,rank,name,country,city,region,overall_score,url,logo,employer_reputation_score,employer_reputation_rank,h_index_citations_score,h_index_citations_rank,citations_per_paper_score,citations_per_paper_rank,academic_reputation_score,academic_reputation_rank,international_research_network_score,international_research_network_rank
1,1,Harvard University,United States,Cambridge,North America,97.4,https://www.topuniversities.com/universities/harvard-university,https://www.topuniversities.com/sites/default/files/harvard-university_253_medium.jpg,100,1,96.5,=3,89.7,=62,98.2,2,87.2,6
2,2,University of Oxford,United Kingdom,Oxford,Europe,94.7,https://www.topuniversities.com/universities/university-oxford,https://www.topuniversities.com/sites/default/files/university-of-oxford_478_medium.jpg,96.6,2,94,8,85.1,=295,94.5,3,100,1
3,3,Stanford University,United States,Stanford,North America,93.3,https://www.topuniversities.com/universities/stanford-university,https://www.topuniversities.com/sites/default/files/stanford-university_573_medium.jpg,95.3,4,96.5,=3,93.8,=11,94.2,4,66.1,=133
4,4,University of Cambridge,United Kingdom,Cambridge,Europe,92.7,https://www.topuniversities.com/universities/university-cambridge,https://www.topuniversities.com/sites/default/files/university-of-cambridge_95_medium.jpg,95.9,3,91.4,=18,84.7,=330,93.4,=6,80.6,11
5,5,The London School of Economics and Political Science (LSE),United Kingdom,London,Europe,91.8,https://www.topuniversities.com/universities/london-school-economics-political-science-lse,https://www.topuniversities.com/sites/default/files/london-school-of-economics-and-political-science-lse_362_medium.jpg,85.9,=11,85.3,=98,87.9,=118,100,1,60.2,=256
6,6,Massachusetts Institute of Technology (MIT),United States,Cambridge,North America,91.5,https://www.topuniversities.com/universities/massachusetts-institute-technology-mit,https://www.topuniversities.com/sites/default/files/massachusetts-institute-of-technology-mit_410_medium.jpg,94.2,5,92.8,11,95.4,=5,92.3,8,59.8,=269
7,7,Yale University,United States,New Haven,North America,88.6,https://www.topuniversities.com/universities/yale-university,https://www.topuniversities.com/sites/default/files/yale-university_684_medium.jpg,90.4,7,88.8,=35,88.2,=107,89.6,14,67.3,=110
8,8,National University of Singapore (NUS),Singapore,Singapore,Asia,88.5,https://www.topuniversities.com/universities/national-university-singapore-nus,https://www.topuniversities.com/sites/default/files/national-university-of-singapore-nus_443_medium.jpg,93.3,6,92.2,14,86.9,=167,88,17,62.1,206
9,9,"University of California, Berkeley (UCB)",United States,Berkeley,North America,88.1,https://www.topuniversities.com/universities/university-california-berkeley-ucb,https://www.topuniversities.com/sites/default/files/university-of-california-berkeley-ucb_84_medium.jpg,84.9,14,91.6,17,88.9,=81,91.2,10,70.7,=64
10,10,Columbia University,United States,New York City,North America,88,https://www.topuniversities.com/universities/columbia-university,https://www.topuniversities.com/sites/default/files/211207010540pm571294Webp.net-resizeimage-2021-12-07T150514.382-90x90.jpg,84.6,15,89.7,=26,85.7,=246,91,11,79.2,15
11,11,University of Pennsylvania,United States,Philadelphia,North America,86.9,https://www.topuniversities.com/universities/university-pennsylvania,https://www.topuniversities.com/sites/default/files/university-of-pennsylvania_495_medium.jpg,82.6,20,86.1,=85,86.8,=172,92.2,9,61.7,=211
=12,12,Bocconi University,Italy,Milan,Europe,85.4,https://www.topuniversities.com/universities/bocconi-university,https://www.topuniversities.com/sites/default/files/bocconi-university_592560cf2aeae70239af4abf_medium.jpg,81.1,28,76.7,=332,89.4,=67,93.4,=6,38.1,401+
=12,13,University of Chicago,United States,Chicago,North America,85.4,https://www.topuniversities.com/universities/university-chicago,https://www.topuniversities.com/sites/default/files/university-of-chicago_120_medium.jpg,74.6,64,86.8,=63,90.4,=47,93.7,5,57.3,337
14,14,New York University (NYU),United States,New York City,North America,85.2,https://www.topuniversities.com/universities/new-york-university-nyu,https://www.topuniversities.com/sites/default/files/240530125524pm936168NYUShanghai-90x90.jpg,78.2,41,87.8,=48,84.8,=321,90.9,12,67.2,=112
=15,15,Peking University,China (Mainland),Beijing,Asia,85,https://www.topuniversities.com/universities/peking-university,https://www.topuniversities.com/sites/default/files/peking-university_50_medium.jpg,84.2,=16,94.1,7,87.9,=118,86.9,19,52.4,401+
=15,16,University of Toronto,Canada,Toronto,North America,85,https://www.topuniversities.com/universities/university-toronto,https://www.topuniversities.com/sites/default/files/university-of-toronto_619_medium.jpg,83.7,18,90.7,=21,83.8,401+,86.5,=20,72,=55
17,17,UCL,United Kingdom,London,Europe,84.8,https://www.topuniversities.com/universities/ucl,https://www.topuniversities.com/sites/default/files/240209111134am850728QS-UCL-icon-90x90.jpg,79.9,34,93.4,10,86.5,=190,85.8,24,88.8,4
18,18,University of British Columbia,Canada,Vancouver,North America,83.8,https://www.topuniversities.com/universities/university-british-columbia,https://www.topuniversities.com/sites/default/files/university-of-british-columbia_70_medium.jpg,83.3,19,88.1,=44,84.3,=366,84.2,32,76.1,27
=19,19,The University of Melbourne,Australia,Melbourne,Oceania,83.7,https://www.topuniversities.com/universities/university-melbourne,https://www.topuniversities.com/sites/default/files/211118103607am165180PRIMARY-A-A4-Vertical-Housed-RGB-200px-90x90.jpg,80.5,29,88.5,=37,83.7,401+,86.5,=20,66.7,=124
=19,20,Tsinghua University,China (Mainland),Beijing,Asia,83.7,https://www.topuniversities.com/universities/tsinghua-university,https://www.topuniversities.com/sites/default/files/tsinghua-university_626_medium.jpg,84.2,=16,100,1,90.8,43,82.5,=41,58.2,310
21,21,"Nanyang Technological University, Singapore (NTU Singapore)",Singapore,Singapore,Asia,83.3,https://www.topuniversities.com/universities/nanyang-technological-university-singapore-ntu-singapore,https://www.topuniversities.com/sites/default/files/nanyang-technological-university-singapore-ntu_592560cf2aeae70239af4c32_medium.jpg,87.3,8,88.8,=35,86.5,=190,82.1,49,57.6,=328
22,22,The University of Hong Kong,Hong Kong SAR,Hong Kong,Asia,83.2,https://www.topuniversities.com/universities/university-hong-kong,https://www.topuniversities.com/sites/default/files/250912101330am198735HKUcolour-low-resolution-90x90.jpg,80.3,=30,88.1,=44,87,=158,86.4,22,55.5,=382
23,23,"University of California, Los Angeles (UCLA)",United States,Los Angeles,North America,82.4,https://www.topuniversities.com/universities/university-california-los-angeles-ucla,https://www.topuniversities.com/sites/default/files/university-of-california-los-angeles-ucla_87_medium.jpg,76.5,=49,86.6,=73,85,=306,87.6,18,55.5,=382
24,24,INSEAD,France,Fontainebleau,Europe,81.4,https://www.topuniversities.com/universities/insead,https://www.topuniversities.com/sites/default/files/insead_592560cf2aeae70239af4ba8_medium.jpg,82.5,=21,63.4,401+,69,401+,90.4,13,31.1,401+
25,25,Princeton University,United States,Princeton,North America,81.2,https://www.topuniversities.com/universities/princeton-university,https://www.topuniversities.com/sites/default/files/princeton-university_508_medium.jpg,78.4,=38,86.4,=79,92.7,21,83.4,37,50.3,401+
26,26,The University of Sydney,Australia,Sydney,Oceania,81.1,https://www.topuniversities.com/universities/university-sydney,https://www.topuniversities.com/sites/default/files/the-university-of-sydney_592560cf2aeae70239af4cd0_medium.jpg,75.9,56,89.2,=29,84.8,=321,83.7,35,67.9,100
27,27,The University of New South Wales (UNSW Sydney),Australia,Sydney,Oceania,80.9,https://www.topuniversities.com/universities/university-new-south-wales-unsw-sydney,https://www.topuniversities.com/sites/default/files/221220094647am317557UNSW-Sydney-Logo-jpeg-90x90.jpg,74.7,=62,89.7,=26,84.6,=340,83.5,36,73.6,43
28,28,Tecnológico de Monterrey,Mexico,Monterrey,Latin America,80.8,https://www.topuniversities.com/universities/tecnologico-de-monterrey,https://www.topuniversities.com/sites/default/files/instituto-tecnolgico-y-de-estudios-superiores-de-monterrey_592560cf2aeae70239af4cd6_medium.jpg,81.7,25,77.5,=311,80.6,401+,82.2,=47,65.8,139
29,29,London Business School,United Kingdom,London,Europe,80.6,https://www.topuniversities.com/universities/london-business-school,https://www.topuniversities.com/sites/default/files/london-business-school_592560cf2aeae70239af4be5_medium.jpg,78.4,=38,66.7,401+,79.2,401+,89.3,=15,28.9,401+
30,30,The University of Manchester,United Kingdom,Manchester,Europe,80.4,https://www.topuniversities.com/universities/university-manchester,https://www.topuniversities.com/sites/default/files/the-university-of-manchester_389_medium.jpg,74.1,=67,87.6,=53,85.8,=240,82,50,82.8,9
31,31,University of Amsterdam,Netherlands,Amsterdam,Europe,80.3,https://www.topuniversities.com/universities/university-amsterdam,https://www.topuniversities.com/sites/default/files/240924020914pm288471UvA-logo-90x90.jpg,70,=102,89,=32,86.7,=178,85,28,73,=45
=32,32,Cornell University,United States,Ithaca,North America,80.2,https://www.topuniversities.com/universities/cornell-university,https://www.topuniversities.com/sites/default/files/cornell-university_143_medium.jpg,76.9,=45,88.1,=44,85.8,=240,81.6,=52,66.7,=124
=32,33,McGill University,Canada,Montreal,North America,80.2,https://www.topuniversities.com/universities/mcgill-university,https://www.topuniversities.com/sites/default/files/250528065103pm337251shield-McGill-red-200x200px-90x90.jpg,78.9,37,86.6,=73,84.5,=345,80,=59,73.8,38
=34,34,Monash University,Australia,Melbourne,Oceania,80.1,https://www.topuniversities.com/universities/monash-university,https://www.topuniversities.com/sites/default/files/monash-university_412_medium.jpg,75.8,57,89.2,=29,85.6,=255,81.6,=52,68.6,=90
=34,35,Seoul National University,South Korea,Seoul,Asia,80.1,https://www.topuniversities.com/universities/seoul-national-university,https://www.topuniversities.com/sites/default/files/graduate-school-of-business-seoul-national-university_553_medium.jpg,76.3,52,79.8,=239,79.9,401+,85.2,27,52.8,401+
=36,36,Australian National University (ANU),Australia,Canberra,Oceania,79.9,https://www.topuniversities.com/universities/australian-national-university-anu,https://www.topuniversities.com/sites/default/files/251223044806am137327ANU-Crest-Inversed-Gold200x200-90x90.jpg,75.1,61,80.5,=213,79.7,401+,84.5,=30,62.3,202
=36,37,The University of Tokyo,Japan,Tokyo,Asia,79.9,https://www.topuniversities.com/universities/university-tokyo,https://www.topuniversities.com/sites/default/files/the-university-of-tokyo_615_medium.jpg,82.5,=21,76.7,=332,77.9,401+,81.9,51,52.8,401+
=38,38,Northwestern University,United States,Evanston,North America,79.6,https://www.topuniversities.com/universities/northwestern-university,https://www.topuniversities.com/sites/default/files/northwestern-university_592560cf2aeae70239af4c50_medium.jpg,68.5,=124,85.6,=91,89.4,=67,85.6,25,61.6,=214
=38,39,Pontificia Universidad Católica de Chile (UC),Chile,Santiago,Latin America,79.6,https://www.topuniversities.com/universities/pontificia-universidad-católica-de-chile-uc,https://www.topuniversities.com/sites/default/files/pontificia-universidad-catlica-de-chile-uc_107_medium.jpg,79.8,=35,70.7,401+,75.2,401+,84.5,=30,48.7,401+
40,40,Imperial College London,United Kingdom,London,Europe,79.5,https://www.topuniversities.com/universities/imperial-college-london,https://www.topuniversities.com/sites/default/files/240430033452pm869301QS-Imperial-Logo-white-text-blue-background-90x90.jpg,85.3,13,87.6,=53,90.9,=41,74,127,70.9,=62
=41,41,The University of Edinburgh,United Kingdom,Edinburgh,Europe,79.4,https://www.topuniversities.com/universities/university-edinburgh,https://www.topuniversities.com/sites/default/files/the-university-of-edinburgh_180_medium.jpg,75.7,58,86.8,=63,83.8,401+,79.9,=61,79.8,14
=41,42,Universidad Nacional Autónoma de México  (UNAM),Mexico,Mexico City,Latin America,79.4,https://www.topuniversities.com/universities/universidad-nacional-autonoma-de-mexico-unam,https://www.topuniversities.com/sites/default/files/universidad-nacional-autnoma-de-mxico-unam_425_medium.jpg,80,=32,71.6,401+,70.2,401+,83.8,=33,57,=343
43,43,The University of Warwick,United Kingdom,Coventry,Europe,79.3,https://www.topuniversities.com/universities/university-warwick,https://www.topuniversities.com/sites/default/files/240325030130pm310608Warwick-logo-90x90.jpg,71.7,=80,83.4,=137,84.6,=340,83.8,=33,65.6,=144
44,44,HEC Paris,France,Paris,Europe,79,https://www.topuniversities.com/universities/hec-paris,https://www.topuniversities.com/sites/default/files/hec-paris-school-of-management_257_medium.jpg,76.7,48,60.8,401+,67.9,401+,89.3,=15,33.9,401+
=45,45,Erasmus University Rotterdam ,Netherlands,Rotterdam,Europe,78.9,https://www.topuniversities.com/universities/erasmus-university-rotterdam,https://www.topuniversities.com/sites/default/files/erasmus-university-rotterdam_190_medium.jpg,67.8,135,84.8,=107,86,=226,85.4,26,61.1,=236
=45,46,King's College London,United Kingdom,London,Europe,78.9,https://www.topuniversities.com/universities/kings-college-london,https://www.topuniversities.com/sites/default/files/231024034600pm558869KCL-box-red-485-rgb-90x90.jpg,76.5,=49,85.8,=88,83.5,401+,78.7,=74,78.2,=18
47,47,University of Michigan-Ann Arbor,United States,Ann Arbor,North America,78.5,https://www.topuniversities.com/universities/university-michigan-ann-arbor,https://www.topuniversities.com/sites/default/files/university-of-michigan_403_medium.jpg,65,=190,89.9,25,86.5,=190,84.7,29,67.5,=107
48,48,The Chinese University of Hong Kong (CUHK),Hong Kong SAR,Hong Kong,Asia,78.2,https://www.topuniversities.com/universities/chinese-university-hong-kong-cuhk,https://www.topuniversities.com/sites/default/files/230719090304am589775CUHK-acronym-logo-thumb-200x200%20%281%29.jpg,72.5,=76,84.8,=107,85.9,=234,82.7,40,45.9,401+
49,49,Universidad de los Andes,Colombia,Bogotá,Latin America,78,https://www.topuniversities.com/universities/universidad-de-los-andes,https://www.topuniversities.com/sites/default/files/universidad-de-los-andes_592560cf2aeae70239af4bf6_medium.jpg,81.5,26,62.1,401+,74.5,401+,82.5,=41,40.4,401+
50,50,The Hong Kong University of Science and Technology,Hong Kong SAR,Hong Kong,Asia,77.9,https://www.topuniversities.com/universities/hong-kong-university-science-technology,https://www.topuniversities.com/sites/default/files/the-hong-kong-university-of-science-and-technology_269_medium.jpg,73.4,=71,82.3,=163,88.2,=107,82.2,=47,38.9,401+
=51,51,Korea University,South Korea,Seoul,Asia,77.6,https://www.topuniversities.com/universities/korea-university,https://www.topuniversities.com/sites/default/files/korea-university_325_medium.jpg,71.1,87,84.3,=116,86.1,=218,82.5,=41,45.5,401+
=51,52,Universidad de Buenos Aires (UBA),Argentina,Buenos Aires,Latin America,77.6,https://www.topuniversities.com/universities/universidad-de-buenos-aires-uba,https://www.topuniversities.com/sites/default/files/universidad-de-buenos-aires-uba_78_medium.jpg,82.1,23,62.1,401+,62.5,401+,82.9,39,42.6,401+
=53,53,Fudan University,China (Mainland),Shanghai,Asia,77.5,https://www.topuniversities.com/universities/fudan-university,https://www.topuniversities.com/sites/default/files/fudan-university_218_medium.jpg,76.2,=53,83.7,=130,84.7,=330,79,=72,49.4,401+
=53,54,The University of Queensland,Australia,Brisbane City,Oceania,77.5,https://www.topuniversities.com/universities/university-queensland,https://www.topuniversities.com/sites/default/files/210824044126am970441uq-logo-90x90.jpg,69.9,=104,91.4,=18,86.8,=172,79.2,70,70.5,=67
=53,55,Yonsei University,South Korea,Seoul,Asia,77.5,https://www.topuniversities.com/universities/yonsei-university,https://www.topuniversities.com/sites/default/files/yonsei-university_688_medium.jpg,70.3,=97,82.6,=154,86,=226,82.4,=45,51.4,401+
56,56,Shanghai Jiao Tong University,China (Mainland),Shanghai,Asia,77.2,https://www.topuniversities.com/universities/shanghai-jiao-tong-university,https://www.topuniversities.com/sites/default/files/shanghai-jiao-tong-university_556_medium.jpg,76.8,47,92.4,13,87.8,=121,76.3,=96,49.7,401+
57,57,Université Paris 1 Panthéon-Sorbonne,France,Paris,Europe,77,https://www.topuniversities.com/universities/universite-paris-1-pantheon-sorbonne,https://www.topuniversities.com/sites/default/files/260305110034am945966P1PS-logo-90x90.jpg,74.7,=62,71.6,401+,75.5,401+,80.6,56,64.5,=159
58,58,The University of Auckland,New Zealand,Auckland,Oceania,76.9,https://www.topuniversities.com/universities/university-auckland,https://www.topuniversities.com/sites/default/files/221206065357am877738QS-Website-logo-01-90x90.jpg,70.9,89,85.3,=98,88.9,=81,79,=72,61.8,210
59,59,Duke University,United States,Durham,North America,76.6,https://www.topuniversities.com/universities/duke-university,https://www.topuniversities.com/sites/default/files/duke-university_168_medium.jpg,69,=115,81.4,=189,85.3,=279,80.1,=57,66.8,=121
=60,60,ETH Zurich,Switzerland,Zürich,Europe,76.4,https://www.topuniversities.com/universities/eth-zurich,https://www.topuniversities.com/sites/default/files/eth-zurich-swiss-federal-institute-of-technology_201_medium.jpg,80,=32,88.5,=37,90.1,=51,71.2,=176,68.1,=96
=60,61,University of Texas at Austin,United States,Austin,North America,76.4,https://www.topuniversities.com/universities/university-texas-austin,https://www.topuniversities.com/sites/default/files/university-of-texas-at-austin_604_medium.jpg,68.8,=117,89.4,28,87,=158,79.3,=67,56.6,=352
62,62,The Hong Kong Polytechnic University,Hong Kong SAR,Hong Kong,Asia,76.3,https://www.topuniversities.com/universities/hong-kong-polytechnic-university,https://www.topuniversities.com/sites/default/files/the-hong-kong-polytechnic-university_267_medium.jpg,66.7,=152,96,=5,91.5,=31,78.5,77,60.1,=261
63,63,Copenhagen Business School,Denmark,Frederiksberg,Europe,76.1,https://www.topuniversities.com/universities/copenhagen-business-school,https://www.topuniversities.com/sites/default/files/copenhagen-business-school_710_medium.jpg,58.1,=358,81.7,=177,89.8,=58,86,23,56.4,=361
64,64,Universidade de São Paulo,Brazil,São Paulo,Latin America,76,https://www.topuniversities.com/universities/universidade-de-sao-paulo,https://www.topuniversities.com/sites/default/files/universidade-de-so-paulo_550_medium.jpg,74.2,66,79.5,=247,73.3,401+,77.9,=81,67.2,=112
65,65,Pennsylvania State University,United States,University Park,North America,75.7,https://www.topuniversities.com/universities/pennsylvania-state-university,https://www.topuniversities.com/sites/default/files/pennsylvania-state-university_494_medium.jpg,70.8,=90,86.6,=73,82.7,401+,76.4,=93,72,=55
66,66,Indian Institute of Management (IIM) - Ahmedabad,India,Ahmedabad,Asia,75.6,https://www.topuniversities.com/universities/indian-institute-management-iim-ahmedabad,https://www.topuniversities.com/sites/default/files/indian-institute-of-management-ahmedabad_1901_medium.jpg,86.2,10,60.8,401+,73.4,401+,77.2,=86,21.7,401+
67,67,National Taiwan University (NTU),Taiwan,Taipei,Asia,75.4,https://www.topuniversities.com/universities/national-taiwan-university-ntu,https://www.topuniversities.com/sites/default/files/national-taiwan-university-ntu_592560cf2aeae70239af4c3c_medium.jpg,73.2,74,79.5,=247,83.3,401+,78.7,=74,37.6,401+
=68,68,Adelaide University,Australia,Adelaide,Oceania,75.3,https://www.topuniversities.com/universities/adelaide-university,https://www.topuniversities.com/sites/default/files/251230064220am949573AU-stacked-300x300-90x90.jpg,74,70,88.3,=40,86.2,=210,72.6,=151,73.3,44
=68,69,City University of Hong Kong (CityUHK),Hong Kong SAR,"Kowloon,",Asia,75.3,https://www.topuniversities.com/universities/city-university-hong-kong-cityuhk,https://www.topuniversities.com/sites/default/files/240301064743am994206logo-90x90.jpg,67.5,=138,86.8,=63,87.4,=139,79.3,=67,45.7,401+
=68,70,KU Leuven,Belgium,Leuven,Europe,75.3,https://www.topuniversities.com/universities/ku-leuven,https://www.topuniversities.com/sites/default/files/ku-leuven_592560cf2aeae70239af4aec_medium.jpg,68,=131,86.4,=79,83.9,=393,76.2,=98,81,10
71,71,Universidad de Chile,Chile,Santiago,Latin America,75.1,https://www.topuniversities.com/universities/universidad-de-chile,https://www.topuniversities.com/sites/default/files/universidad-de-chile_121_medium.jpg,75.6,59,68.3,401+,72.8,401+,79.3,=67,43,401+
72,72,Universiti Malaya (UM),Malaysia,Kuala Lumpur,Asia,75,https://www.topuniversities.com/universities/universiti-malaya-um,https://www.topuniversities.com/sites/default/files/universiti-malaya-um_383_medium.jpg,65,=190,82.3,=163,82.8,401+,79.7,64,65.2,=150
=73,73,Alma Mater Studiorum - Università di Bologna,Italy,Bologna,Europe,74.7,https://www.topuniversities.com/universities/alma-mater-studiorum-universita-di-bologna,https://www.topuniversities.com/sites/default/files/240304015357pm262606Unibo-200X200-90x90.jpg,67.1,=143,82,=168,79.2,401+,78.6,76,64,166
=73,74,Kyoto University,Japan,Kyoto,Asia,74.7,https://www.topuniversities.com/universities/kyoto-university,https://www.topuniversities.com/sites/default/files/kyoto-university_328_medium.jpg,73.4,=71,71.6,401+,77.3,401+,76.9,=89,60.4,=250
=73,75,University of Navarra,Spain,Pamplona,Europe,74.7,https://www.topuniversities.com/universities/university-navarra,https://www.topuniversities.com/sites/default/files/230606111821am961353marcaunav-rojo-1x1-90x90.jpg,68.4,=126,69.7,401+,81.1,401+,80,=59,58.1,=311
=73,76,Zhejiang University,China (Mainland),Hangzhou,Asia,74.7,https://www.topuniversities.com/universities/zhejiang-university,https://www.topuniversities.com/sites/default/files/zhejiang-university_592560cf2aeae70239af4d37_medium.jpg,73.3,73,93.8,9,87.7,=125,72.1,=161,61,=238
77,77,University of Leeds,United Kingdom,Leeds,Europe,74.6,https://www.topuniversities.com/universities/university-leeds,https://www.topuniversities.com/sites/default/files/250929041939pm876425Logo-200x200-v2-90x90.jpg,70.3,=97,85.3,=98,85.2,=289,72.7,=147,87.7,5
=78,78,Durham University,United Kingdom,Durham,Europe,74.3,https://www.topuniversities.com/universities/durham-university,https://www.topuniversities.com/sites/default/files/durham-university_170_medium.jpg,70.3,=97,80.8,=203,84.7,=330,74.4,=120,71.4,58
=78,79,Humboldt-Universität zu Berlin,Germany,Berlin,Europe,74.3,https://www.topuniversities.com/universities/humboldt-universitat-zu-berlin,https://www.topuniversities.com/sites/default/files/humboldt-universitt-zu-berlin_272_medium.jpg,62,=250,78.5,=281,82.3,401+,80.1,=57,72.6,52
=78,80,Sciences Po,France,Paris,Europe,74.3,https://www.topuniversities.com/universities/sciences-po,https://www.topuniversities.com/sites/default/files/sciences-po-_592560cf2aeae70239af4c64_medium.jpg,65.7,=173,68.8,401+,80.1,401+,82.5,=41,43.2,401+
=78,81,Waseda University,Japan,Tokyo,Asia,74.3,https://www.topuniversities.com/universities/waseda-university,https://www.topuniversities.com/sites/default/files/waseda-university_592560cf2aeae70239af4d1c_medium.jpg,71.5,82,66.2,401+,76.4,401+,79.5,66,47.8,401+
82,82,Luiss University,Italy,Rome,Europe,74.2,https://www.topuniversities.com/universities/luiss-university,https://www.topuniversities.com/sites/default/files/260202103306am481275Luiss-UniversitaDiRoma-ML-POS-COL-PANTONE-90x90.jpg,74.4,65,69.3,401+,82.5,401+,77,88,40.5,401+
83,83,Boston University,United States,Boston,North America,74.1,https://www.topuniversities.com/universities/boston-university,https://www.topuniversities.com/sites/default/files/boston-university_592560cf2aeae70239af4ac2_medium.jpg,71.2,86,83.4,=137,87,=158,75,=114,49.8,401+
84,84,Indian Institute of Technology Delhi (IITD),India,New Delhi,Asia,73.9,https://www.topuniversities.com/universities/indian-institute-technology-delhi-iitd,https://www.topuniversities.com/sites/default/files/indian-institute-of-technology-delhi-iitd_282_medium.jpg,87.1,9,81.7,=177,88.4,=94,65.2,=347,49,401+
85,85,University of Glasgow,United Kingdom,Glasgow,Europe,73.8,https://www.topuniversities.com/universities/university-glasgow,https://www.topuniversities.com/sites/default/files/university-of-glasgow_592560cf2aeae70239af4b6c_medium.jpg,65.8,=170,80.1,=229,81.7,401+,76.2,=98,75.5,29
=86,86,Singapore Management University,Singapore,Singapore,Asia,73.7,https://www.topuniversities.com/universities/singapore-management-university,https://www.topuniversities.com/sites/default/files/singapore-management-university_1177_medium.jpg,68,=131,70.7,401+,82.4,401+,79.8,63,39.2,401+
=86,87,University of St.Gallen,Switzerland,St. Gallen,Europe,73.7,https://www.topuniversities.com/universities/university-stgallen,https://www.topuniversities.com/sites/default/files/220202052805pm846901HSG-Bildmarke-RGB-90x90.jpg,69.4,=112,76.4,=345,91.5,=31,76.7,91,38.2,401+
88,88,Universitat Ramon Llull,Spain,Barcelona,Europe,73.5,https://www.topuniversities.com/universities/universitat-ramon-llull,https://www.topuniversities.com/sites/default/files/RL-logo-90x90.jpg,69.7,108,72.4,401+,86.1,=218,77.9,=81,36,401+
=89,89,ESSEC Business School,France,Cergy,Europe,73.4,https://www.topuniversities.com/universities/essec-business-school,https://www.topuniversities.com/sites/default/files/essec-business-school_198_medium.jpg,70.3,=97,61.5,401+,70.9,401+,81.2,55,35.4,401+
=89,90,Ludwig-Maximilians-Universität München,Germany,Munich,Europe,73.4,https://www.topuniversities.com/universities/ludwig-maximilians-universitat-munchen,https://www.topuniversities.com/sites/default/files/ludwig-maximilians-universitt-mnchen_420_medium.jpg,61.8,=258,82.9,=147,85.1,=295,77.9,=81,66.8,=121
91,91,"Trinity College Dublin, The University of Dublin",Ireland,Dublin,Europe,73.3,https://www.topuniversities.com/universities/trinity-college-dublin-university-dublin,https://www.topuniversities.com/sites/default/files/trinity-college-dublin-the-university-of-dublin_167_medium.jpg,71.3,=84,78.5,=281,84.9,=313,72.7,=147,66.1,=133
=92,92,Arizona State University,United States,Tempe,North America,73.1,https://www.topuniversities.com/universities/arizona-state-university,https://www.topuniversities.com/sites/default/files/arizona-state-university_592560cf2aeae70239af4a9c_medium.jpg,66.2,=160,86.4,=79,84,=385,73.9,128,70.1,=73
=92,93,University of Bristol,United Kingdom,Bristol,Europe,73.1,https://www.topuniversities.com/universities/university-bristol,https://www.topuniversities.com/sites/default/files/240227125013pm861333White-90x90.jpg,69.5,=110,80.8,=203,86.6,=185,72.5,=153,69.7,80
94,94,Renmin (People's) University of China,China (Mainland),Beijing,Asia,72.9,https://www.topuniversities.com/universities/renmin-peoples-university-china,https://www.topuniversities.com/sites/default/files/renmin-peoples-university-of-china_884_medium.jpg,63.9,209,81.4,=189,85.4,=271,78.3,78,40.4,401+
95,95,Pontificia Universidad Javeriana,Colombia,Bogotá,Latin America,72.8,https://www.topuniversities.com/universities/pontificia-universidad-javeriana,https://www.topuniversities.com/sites/default/files/pontificia-universidad-javeriana_592560cf2aeae70239af514a_medium.jpg,78,42,57.3,401+,71.5,401+,76.4,=93,31.6,401+
=96,96,"Macquarie University (Sydney, Australia)",Australia,Sydney,Oceania,72.7,https://www.topuniversities.com/universities/macquarie-university-sydney-australia,https://www.topuniversities.com/sites/default/files/macquarie-university_378_medium.jpg,68.6,=120,85.3,=98,86.4,=195,72.3,=157,62.2,=203
=96,97,Universidad Nacional de Colombia,Colombia,Bogotá,Latin America,72.7,https://www.topuniversities.com/universities/universidad-nacional-de-colombia,https://www.topuniversities.com/sites/default/files/universidad-nacional-de-colombia_592560cf2aeae70239af4b0b_medium.jpg,76.5,=49,62.1,401+,71.8,401+,74.9,117,44.2,401+
=96,98,Utrecht University,Netherlands,Utrecht,Europe,72.7,https://www.topuniversities.com/universities/utrecht-university,https://www.topuniversities.com/sites/default/files/utrecht-university_646_medium.jpg,61,=277,91.2,20,88.4,=94,74.4,=120,73.7,=39
99,99,Georgetown University,United States,Washington D.C.,North America,72.6,https://www.topuniversities.com/universities/georgetown-university,https://www.topuniversities.com/sites/default/files/220714055746am997087Georgetown-90x90.jpg,68.3,128,72.9,401+,79.8,401+,76.3,=96,50.6,401+
100,100,Keio University,Japan,Tokyo,Asia,72.4,https://www.topuniversities.com/universities/keio-university,https://www.topuniversities.com/sites/default/files/keio-university_592560cf2aeae70239af4bbe_medium.jpg,70.8,=90,64,401+,79.3,401+,75.9,=101,48.8,401+
101,101,University of Technology Sydney,Australia,Sydney,Oceania,72.3,https://www.topuniversities.com/universities/university-technology-sydney,https://www.topuniversities.com/sites/default/files/university-of-technology-sydney_592560cf2aeae70239af4ccf_medium.jpg,66.7,=152,90.7,=21,87.8,=121,70.8,=182,70.7,=64
=102,102,Michigan State University,United States,East Lansing,North America,72.2,https://www.topuniversities.com/universities/michigan-state-university,https://www.topuniversities.com/sites/default/files/michigan-state-university_402_medium.jpg,59.5,=318,86.8,=63,85.1,=295,75,=114,79,16
=102,103,University of Southern California,United States,Los Angeles,North America,72.2,https://www.topuniversities.com/universities/university-southern-california,https://www.topuniversities.com/sites/default/files/university-of-southern-california_569_medium.jpg,60.8,=285,84.8,=107,84.7,=330,76.4,=93,60,=265
104,104,Stockholm School of Economics,Sweden,"Stockholm,",Europe,72.1,https://www.topuniversities.com/universities/stockholm-school-economics,https://www.topuniversities.com/sites/default/files/stockholm-school-of-economics_576_medium.jpg,58.7,=338,71.6,401+,84.2,=373,82.4,=45,31.3,401+
=105,105,Beijing Normal University ,China (Mainland),Beijing,Asia,72,https://www.topuniversities.com/universities/beijing-normal-university,https://www.topuniversities.com/sites/default/files/beijing-normal-university_869_medium.jpg,68.1,=129,92,15,87.5,=134,69.7,=215,65,=152
=105,106,Indian Institute of Technology Bombay (IITB),India,Mumbai,Asia,72,https://www.topuniversities.com/universities/indian-institute-technology-bombay-iitb,https://www.topuniversities.com/sites/default/files/indian-institute-of-technology-bombay-iitb_281_medium.jpg,85.9,=11,71.6,401+,80.6,401+,65.7,=328,40.1,401+
=105,107,Pontificia Universidad Catolica del Peru (PUCP),Peru,Lima,Latin America,72,https://www.topuniversities.com/universities/pontificia-universidad-catolica-del-peru-pucp,https://www.topuniversities.com/sites/default/files/210825042529am231772Isotipo-PUCP-200x200-90x90.jpg,69,=115,62.8,401+,73.3,401+,77.6,84,45.3,401+
=105,108,University of Copenhagen,Denmark,Copenhagen,Europe,72,https://www.topuniversities.com/universities/university-copenhagen,https://www.topuniversities.com/sites/default/files/university-of-copenhagen_141_medium.jpg,59.6,=316,83.4,=137,83.8,401+,75.5,=107,76.2,26
=105,109,University of Zurich,Switzerland,Zürich,Europe,72,https://www.topuniversities.com/universities/university-zurich,https://www.topuniversities.com/sites/default/files/250124123220pm124063Logo-90x90.jpg,62.9,=230,84.3,=116,87,=158,74.5,119,60.3,=254
=105,110,Universität Mannheim,Germany,Mannheim,Europe,72,https://www.topuniversities.com/universities/universitat-mannheim,https://www.topuniversities.com/sites/default/files/universitt-mannheim_592560cf2aeae70239af4c0b_medium.jpg,55.2,401+,72,401+,87.4,=139,83.1,38,38.4,401+
=105,111,Western University,Canada,London,North America,72,https://www.topuniversities.com/universities/western-university,https://www.topuniversities.com/sites/default/files/the-university-of-western-ontario_674_medium.jpg,67.9,=133,81.1,=196,84.8,=321,72.5,=153,58.5,=299
=112,113,Universitat Pompeu Fabra (Barcelona),Spain,Barcelona,Europe,71.9,https://www.topuniversities.com/universities/universitat-pompeu-fabra,https://www.topuniversities.com/sites/default/files/universitat-pompeu-fabra_504_medium.jpg,56.7,401+,71.6,401+,81.1,401+,81.3,54,55.6,=378
=112,114,University of Birmingham,United Kingdom,Birmingham,Europe,71.9,https://www.topuniversities.com/universities/university-birmingham,https://www.topuniversities.com/sites/default/files/university-of-birmingham_59_medium.jpg,66.1,=163,82.6,=154,84.7,=330,71.6,=167,73.7,=39
=112,115,Université PSL,France,Paris,Europe,71.9,https://www.topuniversities.com/universities/universite-psl,https://www.topuniversities.com/sites/default/files/universit-psl_592560e69988f300e2321dfe_medium.jpg,67.1,=143,78.5,=281,78.2,401+,72.1,=161,80.2,13
=116,116,Universidad Carlos III de Madrid (UC3M),Spain,Madrid,Europe,71.8,https://www.topuniversities.com/universities/universidad-carlos-iii-de-madrid-uc3m,https://www.topuniversities.com/sites/default/files/universidad-carlos-iii-de-madrid-uc3m_1509_medium.jpg,63,=226,63.4,401+,74.7,401+,79.6,65,54,401+
=116,117,Universitat de Barcelona,Spain,Barcelona,Europe,71.8,https://www.topuniversities.com/universities/universitat-de-barcelona,https://www.topuniversities.com/sites/default/files/university-of-barcelona_592560cf2aeae70239af4aaf_medium.jpg,67.3,142,77.8,=300,77.1,401+,73.4,=134,65.6,=144
=118,118,Oxford Brookes University,United Kingdom,Oxford,Europe,71.7,https://www.topuniversities.com/universities/oxford-brookes-university,https://www.topuniversities.com/sites/default/files/oxford-brookes-university_592560cf2aeae70239af4c61_medium.jpg,77.4,43,65.7,401+,80.5,401+,69.4,=221,55.6,=378
=118,119,University of Washington,United States,Seattle,North America,71.7,https://www.topuniversities.com/universities/university-washington,https://www.topuniversities.com/sites/default/files/240709093150am256263W-Logo-Purple-RGB-resized-90x90.jpg,62.4,=243,88.5,=37,87,=158,72.8,=145,69.1,84
=120,120,Leiden University,Netherlands,Leiden,Europe,71.5,https://www.topuniversities.com/universities/leiden-university,https://www.topuniversities.com/sites/default/files/leiden-university_340_medium.jpg,61.2,=270,80.5,=213,82.4,401+,75.1,=112,66.8,=121
=120,121,Politecnico di Milano,Italy,"Milan,",Europe,71.5,https://www.topuniversities.com/universities/politecnico-di-milano,https://www.topuniversities.com/sites/default/files/260325021911pm966918POLIMI-logo-200x200-v2--90x90.jpg,75.2,60,82.9,=147,82.6,401+,67.1,=285,60.1,=261
122,122,University of Nottingham,United Kingdom,Nottingham,Europe,71.4,https://www.topuniversities.com/universities/university-nottingham,https://www.topuniversities.com/sites/default/files/240606102649am426810UoN-NottinghamBlue-CastleBox-RGB-90x90.jpg,65.3,=182,82.6,=154,85.2,=289,71.2,=176,72.5,=53
123,123,University of Bath,United Kingdom,Bath,Europe,71.3,https://www.topuniversities.com/universities/university-bath,https://www.topuniversities.com/sites/default/files/university-of-bath_47_medium.jpg,67.4,141,81.7,=177,89.9,=56,70.2,199,61.2,=230
=124,124,Carnegie Mellon University,United States,Pittsburgh,North America,71.2,https://www.topuniversities.com/universities/carnegie-mellon-university,https://www.topuniversities.com/sites/default/files/carnegie-mellon-university_101_medium.jpg,66.8,=150,82.9,=147,88.9,=81,71,=180,54.9,401+
=124,125,Freie Universitaet Berlin,Germany,Berlin,Europe,71.2,https://www.topuniversities.com/universities/freie-universitaet-berlin,https://www.topuniversities.com/sites/default/files/freie-universitaet-berlin_215_medium.jpg,57.8,=371,76.4,=345,81.2,401+,78.1,=79,59.6,=273
=124,126,IE University,Spain,Segovia,Europe,71.2,https://www.topuniversities.com/universities/ie-university,https://www.topuniversities.com/sites/default/files/230302024505pm732571IE-univ-logo-200x200-90x90.jpg,70.2,101,60.8,401+,70.4,401+,76.9,=89,36.8,401+
=127,127,HSE University,Russia,Moscow,Europe,70.9,https://www.topuniversities.com/universities/hse-university,https://www.topuniversities.com/sites/default/files/220303011024pm152717HSE-logo-90x90.jpg,69.8,=106,73.3,401+,72.3,401+,71.3,=174,67.8,101
=127,128,Lancaster University,United Kingdom,"Lancaster,",Europe,70.9,https://www.topuniversities.com/universities/lancaster-university,https://www.topuniversities.com/sites/default/files/lancaster-university_335_medium.jpg,59.4,=321,83.4,=137,86.8,=172,74.4,=120,61.6,=214
=127,129,University of North Carolina at Chapel Hill,United States,Chapel Hill,North America,70.9,https://www.topuniversities.com/universities/university-north-carolina-chapel-hill,https://www.topuniversities.com/sites/default/files/251009050439pm793541SOEBlueLogo-200x200-Vertical-Resized-90x90.jpg,58,=363,83.7,=130,84,=385,75.6,=104,63.4,=177
130,130,Tilburg University,Netherlands,Tilburg,Europe,70.8,https://www.topuniversities.com/universities/tilburg-university,https://www.topuniversities.com/sites/default/files/tilburg-university_592560cf2aeae70239af4ce5_medium.jpg,52.7,401+,78.8,=267,85.5,=264,79.9,=61,54.2,401+
=131,131,Brown University,United States,Providence,North America,70.7,https://www.topuniversities.com/universities/brown-university,https://www.topuniversities.com/sites/default/files/brown-university_72_medium.jpg,68.5,=124,76,=360,84.5,=345,70,=202,61.4,=221
=131,132,Fundação Getulio Vargas (FGV),Brazil,Rio de Janeiro,Latin America,70.7,https://www.topuniversities.com/universities/fundacao-getulio-vargas-fgv,https://www.topuniversities.com/sites/default/files/fundao-getulio-vargas-fgv_206_medium.jpg,61.3,=268,66.7,401+,80.9,401+,79.1,71,34.1,401+
=133,133,Johns Hopkins University,United States,Baltimore,North America,70.6,https://www.topuniversities.com/universities/johns-hopkins-university,https://www.topuniversities.com/sites/default/files/johns-hopkins-university_305_medium.jpg,67.9,=133,84.3,=116,82.1,401+,67.6,=267,78.2,=18
=133,134,Lund University,Sweden,Lund,Europe,70.6,https://www.topuniversities.com/universities/lund-university,https://www.topuniversities.com/sites/default/files/lund-university_371_medium.jpg,56.5,401+,85.6,=91,84.4,=355,74.3,=123,74.8,=33
=133,135,Technical University of Munich,Germany,Munich,Europe,70.6,https://www.topuniversities.com/universities/technical-university-munich,https://www.topuniversities.com/sites/default/files/technical-university-of-munich_599_medium.jpg,67,=146,81.4,=189,83.9,=393,68.8,=233,73.9,37
=133,136,The University of Sheffield,United Kingdom,"Sheffield,",Europe,70.6,https://www.topuniversities.com/universities/university-sheffield,https://www.topuniversities.com/sites/default/files/230919100158am438629UoS-logo-90x90.jpg,64.1,208,83.7,=130,85.4,=271,69.3,224,80.5,12
=133,137,Universitat Autònoma de Barcelona,Spain,Barcelona,Europe,70.6,https://www.topuniversities.com/universities/universitat-autonoma-de-barcelona,https://www.topuniversities.com/sites/default/files/240404114804am190222logo-uab-qs-90x90.jpg,57.5,=383,82.9,=147,82.5,401+,75.3,=110,66.4,130
=138,138,Nanjing University,China (Mainland),Nanjing,Asia,70.5,https://www.topuniversities.com/universities/nanjing-university,https://www.topuniversities.com/sites/default/files/nanjing-university_430_medium.jpg,68.1,=129,90.5,23,88.3,=101,68.2,=245,50.4,401+
=138,139,Sapienza University of Rome,Italy,Rome,Europe,70.5,https://www.topuniversities.com/universities/sapienza-university-rome,https://www.topuniversities.com/sites/default/files/sapienza-university-of-rome_592560cf2aeae70239af4c97_medium.jpg,67.5,=138,80.5,=213,79.3,401+,69.8,=209,66.3,=131
=138,140,Université de Montréal,Canada,Montreal,North America,70.5,https://www.topuniversities.com/universities/universite-de-montreal,https://www.topuniversities.com/sites/default/files/universit-de-montral_417_medium.jpg,63.3,=217,83.7,=130,82.3,401+,72.2,160,58.8,=292
=141,141,Chulalongkorn University,Thailand,Bangkok,Asia,70.3,https://www.topuniversities.com/universities/chulalongkorn-university,https://www.topuniversities.com/sites/default/files/chulalongkorn-university_592560cf2aeae70239af4b01_medium.jpg,60.9,=280,71.6,401+,80.3,401+,76.5,92,47.3,401+
=141,142,Complutense University of Madrid,Spain,Madrid,Europe,70.3,https://www.topuniversities.com/universities/complutense-university-madrid,https://www.topuniversities.com/sites/default/files/complutense-university-of-madrid_592560cf2aeae70239af4bff_medium.jpg,65.9,=167,71.1,401+,73,401+,73.4,=134,61.3,=226
=141,143,Queen's University at Kingston,Canada,Kingston,North America,70.3,https://www.topuniversities.com/universities/queens-university-kingston,https://www.topuniversities.com/sites/default/files/queens-university-at-kingston_513_medium.jpg,74.1,=67,72.4,401+,81.3,401+,68.2,=245,48,401+
=141,144,"University of California, San Diego (UCSD)",United States,San Diego,North America,70.3,https://www.topuniversities.com/universities/university-california-san-diego-ucsd,https://www.topuniversities.com/sites/default/files/university-of-california-san-diego-ucsd_89_medium.jpg,62.7,=234,82.6,=154,86,=226,71.4,=171,61.9,209
145,145,Universidad Autónoma de Madrid,Spain,Madrid,Europe,70.2,https://www.topuniversities.com/universities/universidad-autonoma-de-madrid,https://www.topuniversities.com/sites/default/files/230914073612am166112marcaUAM-centroColor-expandHQg-90x90.jpg,64.9,194,74.1,401+,79.6,401+,71.6,=167,67.2,=112
=146,146,Universitas Indonesia,Indonesia,Depok,Asia,70.1,https://www.topuniversities.com/universities/universitas-indonesia,https://www.topuniversities.com/sites/default/files/universitas-indonesia_290_medium.jpg,65.7,=173,62.1,401+,70.2,401+,77.2,=86,36.5,401+
=146,147,Universiti Kebangsaan Malaysia (UKM),Malaysia,Bangi,Asia,70.1,https://www.topuniversities.com/universities/universiti-kebangsaan-malaysia-ukm,https://www.topuniversities.com/sites/default/files/universiti-kebangsaan-malaysia-ukm_384_medium.jpg,59.1,=330,78.8,=267,80.4,401+,75.3,=110,55.8,=375
=146,148,University of Vienna,Austria,Vienna,Europe,70.1,https://www.topuniversities.com/universities/university-vienna,https://www.topuniversities.com/sites/default/files/university-of-vienna_652_medium.jpg,56.6,401+,78.2,=291,80.6,401+,75.6,=104,68.8,=87
=149,149,RMIT University,Australia,Melbourne,Oceania,70,https://www.topuniversities.com/universities/rmit-university,https://www.topuniversities.com/sites/default/files/rmit-university_592560cf2aeae70239af4c95_medium.jpg,66.1,=163,86.6,=73,86.3,=202,68.2,=245,61.2,=230
=149,150,Texas A&M University,United States,College Station,North America,70,https://www.topuniversities.com/universities/texas-am-university,https://www.topuniversities.com/sites/default/files/texas-am-university_592560cf2aeae70239af4ce2_medium.jpg,65.2,=186,87.6,=53,84.7,=330,68.1,=252,69.8,79
=149,151,The University of Western Australia,Australia,Perth,Oceania,70,https://www.topuniversities.com/universities/university-western-australia,https://www.topuniversities.com/sites/default/files/the-university-of-western-australia_673_medium.jpg,62,=250,83.7,=130,86.1,=218,71.3,=174,61,=238
=149,152,University of Exeter,United Kingdom,Exeter,Europe,70,https://www.topuniversities.com/universities/university-exeter,https://www.topuniversities.com/sites/default/files/221117102054am246521University-of-Exeter-Simplified-Logo-Portrait-positive-200-x-200-90x90.jpg,63.3,=217,87.8,=48,86.7,=178,68.9,=227,68.7,89
=153,153,Cardiff University,United Kingdom,Cardiff,Europe,69.9,https://www.topuniversities.com/universities/cardiff-university,https://www.topuniversities.com/sites/default/files/241218121747pm405354CU-Logo-Cardiff-Logo-Red-100-90x90.jpg,60.6,=289,83.1,=144,84.8,=321,71.6,=167,66.1,=133
=153,154,George Washington University,United States,Washington D.C.,North America,69.9,https://www.topuniversities.com/universities/george-washington-university,https://www.topuniversities.com/sites/default/files/george-washington-university_223_medium.jpg,62.5,=240,77.5,=311,83.2,401+,71.8,166,63.6,=170
=153,155,Queen Mary University of London,United Kingdom,London,Europe,69.9,https://www.topuniversities.com/universities/queen-mary-university-london,https://www.topuniversities.com/sites/default/files/queen-mary-university-of-london_592560cf2aeae70239af4bea_medium.jpg,66.1,=163,76.7,=332,83,401+,70.3,=192,58,=315
=153,156,The Ohio State University,United States,Columbus,North America,69.9,https://www.topuniversities.com/universities/ohio-state-university,https://www.topuniversities.com/sites/default/files/the-ohio-state-university_465_medium.jpg,57.5,=383,86.8,=63,83.9,=393,73.3,=136,63,188
=153,157,University College Dublin,Ireland,Dublin,Europe,69.9,https://www.topuniversities.com/universities/university-college-dublin,https://www.topuniversities.com/sites/default/files/university-college-dublin_166_medium.jpg,65.1,=188,80.5,=213,86,=226,69.7,=215,60.2,=256
=153,158,WU (Vienna University of Economics and Business),Austria,Vienna,Europe,69.9,https://www.topuniversities.com/universities/wu-vienna-university-economics-business,https://www.topuniversities.com/sites/default/files/wu-vienna-university-of-economics-and-business_592560cf2aeae70239af4d89_medium.jpg,54.4,401+,76,=360,86.4,=195,78.1,=79,46.1,401+
159,159,University of Alberta,Canada,"Edmonton,",North America,69.8,https://www.topuniversities.com/universities/university-alberta,https://www.topuniversities.com/sites/default/files/240306052437pm316638378168-RankingLogo-QS-200x200px-90x90.jpg,65.7,=173,82.9,=147,82.1,401+,68.9,=227,64.5,=159
160,160,Vrije Universiteit Amsterdam,Netherlands,Amsterdam,Europe,69.7,https://www.topuniversities.com/universities/vrije-universiteit-amsterdam,https://www.topuniversities.com/sites/default/files/vrije-universiteit-amsterdam_658_medium.jpg,54.2,401+,84,=126,86.3,=202,74.7,118,67.1,=116
=161,161,ESCP Business School - Paris,France,Paris,Europe,69.6,https://www.topuniversities.com/universities/escp-business-school-paris,https://www.topuniversities.com/sites/default/files/escp-business-school-paris_592560cf2aeae70239af4b44_medium.jpg,69.2,114,58.1,401+,81.3,401+,73.7,=129,30,401+
=161,162,University of Groningen,Netherlands,Groningen,Europe,69.6,https://www.topuniversities.com/universities/university-groningen,https://www.topuniversities.com/sites/default/files/university-of-groningen_243_medium.jpg,53.3,401+,85.6,=91,87.5,=134,74.3,=123,68.6,=90
=161,163,University of Illinois Urbana-Champaign,United States,Champaign,North America,69.6,https://www.topuniversities.com/universities/university-illinois-urbana-champaign,https://www.topuniversities.com/sites/default/files/250319093914am927515Illinois-Logo-Full-Color-200x200-90x90.jpg,61.1,=273,84.8,=107,82.6,401+,71.2,=176,61.4,=221
=164,164,KFUPM,Saudi Arabia,Dhahran,Asia,69.5,https://www.topuniversities.com/universities/kfupm,https://www.topuniversities.com/sites/default/files/250616011103pm115163linkedin-90x90.jpg,63.2,222,76.7,=332,88.4,=94,70.7,185,55.3,=390
=164,165,Lomonosov Moscow State University,Russia,Moscow,Europe,69.5,https://www.topuniversities.com/universities/lomonosov-moscow-state-university,https://www.topuniversities.com/sites/default/files/lomonosov-moscow-state-university-_592560cf2aeae70239af4c27_medium.jpg,77.2,44,56.6,401+,57.8,401+,69.2,225,63.5,=174
=166,166,Taylor's University,Malaysia,Kuala Lumpur,Asia,69.4,https://www.topuniversities.com/universities/taylors-university,https://www.topuniversities.com/sites/default/files/taylors-university_592560cf2aeae70239af57af_medium.jpg,58.7,=338,79.2,=251,92.9,=18,72.4,=155,54.4,401+
=166,167,Universiti Sains Malaysia (USM),Malaysia,Gelugor,Asia,69.4,https://www.topuniversities.com/universities/universiti-sains-malaysia-usm,https://www.topuniversities.com/sites/default/files/universiti-sains-malaysia-usm_386_medium.jpg,57.4,=386,84,=126,83.9,=393,72.4,=155,68.1,=96
=166,168,University of Wisconsin-Madison,United States,Madison,North America,69.4,https://www.topuniversities.com/universities/university-wisconsin-madison,https://www.topuniversities.com/sites/default/files/university-of-wisconsin-madison_678_medium.jpg,52.7,401+,85.1,=104,84.7,=330,75.9,=101,58.1,=311
169,169,Loughborough University,United Kingdom,Loughborough,Europe,69.3,https://www.topuniversities.com/universities/loughborough-university,https://www.topuniversities.com/sites/default/files/loughborough-university_592560cf2aeae70239af4bf3_medium.jpg,64.2,=206,80.1,=229,85.7,=246,68.4,=240,67.1,=116
=170,170,Universidad Adolfo Ibáñez,Chile,Santiago,Latin America,69.2,https://www.topuniversities.com/universities/universidad-adolfo-ibanez,https://www.topuniversities.com/sites/default/files/universidad-adolfo-ibez-_11_medium.jpg,71.9,79,57.3,401+,69.2,401+,73.1,140,31.7,401+
=170,171,Universiti Putra Malaysia (UPM),Malaysia,Serdang,Asia,69.2,https://www.topuniversities.com/universities/universiti-putra-malaysia-upm,https://www.topuniversities.com/sites/default/files/241015052445am567301logo-upm-petak-90x90.jpg,56.7,401+,80.1,=229,85,=306,73.2,=138,63.4,=177
=170,172,University of Liverpool,United Kingdom,Liverpool,Europe,69.2,https://www.topuniversities.com/universities/university-liverpool,https://www.topuniversities.com/sites/default/files/university-of-liverpool_350_medium.jpg,65.8,=170,79.2,=251,83.7,401+,67.1,=285,73.7,=39
=173,173,Maastricht University,Netherlands,Maastricht,Europe,69.1,https://www.topuniversities.com/universities/maastricht-university,https://www.topuniversities.com/sites/default/files/231218042543pm676051UM-triangles-200-x-200-pixels-90x90.jpg,59.8,=310,78.5,=281,85.9,=234,71.4,=171,62.2,=203
=173,174,Middle East Technical University,Türkiye,Ankara,Asia,69.1,https://www.topuniversities.com/universities/middle-east-technical-university,https://www.topuniversities.com/sites/default/files/middle-east-technical-university_2110_medium.jpg,69.8,=106,72,401+,82.6,401+,67.2,=281,58.9,=288
=173,175,Victoria University of Wellington,New Zealand,"Kelburn, Wellington",Oceania,69.1,https://www.topuniversities.com/universities/victoria-university-wellington,https://www.topuniversities.com/sites/default/files/victoria-university-of-wellington_592560cf2aeae70239af4d0f_medium.jpg,61.2,=270,72.9,401+,81,401+,72.7,=147,56.5,=356
176,176,Sun Yat-sen University,China (Mainland),Guangzhou,Asia,69,https://www.topuniversities.com/universities/sun-yat-sen-university,https://www.topuniversities.com/sites/default/files/sun-yat-sen-university_888_medium.jpg,65,=190,87.3,=58,86.7,=178,67.8,=261,50.4,401+
177,177,University of Delhi,India,New Delhi,Asia,68.9,https://www.topuniversities.com/universities/university-delhi,https://www.topuniversities.com/sites/default/files/university-of-delhi_156_medium.jpg,65.6,=176,73.7,401+,74.8,401+,70,=202,62.4,=199
=178,178,Indian Institute of Management (IIM) - Calcutta,India,Kolkata,Asia,68.8,https://www.topuniversities.com/universities/indian-institute-management-iim-calcutta,https://www.topuniversities.com/sites/default/files/indian-institute-of-management-iim-calcutta_592560cf2aeae70239af5204_medium.jpg,79.8,=35,55,401+,61.5,401+,70.4,191,18.2,401+
=178,179,University of Florida,United States,Gainesville,North America,68.8,https://www.topuniversities.com/universities/university-florida,https://www.topuniversities.com/sites/default/files/university-of-florida_212_medium.jpg,57.1,=394,87.8,=48,83.7,401+,69.8,=209,77.8,=21
=178,180,Université catholique de Louvain (UCLouvain),Belgium,Louvain-la-Neuve,Europe,68.8,https://www.topuniversities.com/universities/universite-catholique-de-louvain-uclouvain,https://www.topuniversities.com/sites/default/files/universit-catholique-de-louvain-uclouvain_592560cf2aeae70239af4aed_medium.jpg,62.7,=234,73.3,401+,81.6,401+,70.3,=192,64.7,=155
=181,181,Gadjah Mada University,Indonesia,Yogyakarta,Asia,68.7,https://www.topuniversities.com/universities/gadjah-mada-university,https://www.topuniversities.com/sites/default/files/gadjah-mada-university_219_medium.jpg,63,=226,60.8,401+,70.5,401+,76,100,39.1,401+
=181,182,University of Minnesota (System),United States,Minneapolis,North America,68.7,https://www.topuniversities.com/universities/university-minnesota-system,https://www.topuniversities.com/sites/default/files/university-of-minnesota_408_medium.jpg,51.2,401+,86.4,=79,84.5,=345,75.1,=112,59.1,=281
=181,183,University of Virginia,United States,Charlottesville,North America,68.7,https://www.topuniversities.com/universities/university-virginia,https://www.topuniversities.com/sites/default/files/university-of-virginia_656_medium.jpg,60.9,=280,80.5,=213,85,=306,69.9,=206,61.1,=236
184,184,Queensland University of Technology (QUT),Australia,Brisbane,Oceania,68.6,https://www.topuniversities.com/universities/queensland-university-technology-qut,https://www.topuniversities.com/sites/default/files/queensland-university-of-technology-qut_592560cf2aeae70239af4c88_medium.jpg,57.6,=380,85.6,=91,86.9,=167,69.9,=206,67.7,=102
=185,185,Deakin University,Australia,Melbourne,Oceania,68.5,https://www.topuniversities.com/universities/deakin-university,https://www.topuniversities.com/sites/default/files/download-90x90.png,57.8,=371,84.3,=116,85.6,=255,70,=202,69,85
=185,186,King Saud University,Saudi Arabia,Riyadh,Asia,68.5,https://www.topuniversities.com/universities/king-saud-university,https://www.topuniversities.com/sites/default/files/king-saud-university_1175_medium.jpg,58.3,=348,86.8,=63,87.7,=125,68.2,=245,75.6,28
=187,187,Hitotsubashi University,Japan,Tokyo,Asia,68.4,https://www.topuniversities.com/universities/hitotsubashi-university,https://www.topuniversities.com/sites/default/files/hitotsubashi-university-business-school-school-of-international-corporate-strategy_592560cf2aeae70239af4b8d_medium.jpg,65.1,=188,50.5,401+,62.2,401+,77.4,85,33.9,401+
=187,188,Newcastle University,United Kingdom,Newcastle upon Tyne,Europe,68.4,https://www.topuniversities.com/universities/newcastle-university,https://www.topuniversities.com/sites/default/files/newcastle-university_592560cf2aeae70239af4c45_medium.jpg,66.2,=160,84,=126,85.8,=240,64.5,=372,70.4,=69
=187,189,Sungkyunkwan University (SKKU),South Korea,Seoul,Asia,68.4,https://www.topuniversities.com/universities/sungkyunkwan-university-skku,https://www.topuniversities.com/sites/default/files/sungkyunkwan-universityskku_592560cf2aeae70239af4cc9_medium.jpg,62.4,=243,74.9,401+,82.6,401+,72.7,=147,29.5,401+
=190,190,Aarhus University,Denmark,Aarhus,Europe,68.3,https://www.topuniversities.com/universities/aarhus-university,https://www.topuniversities.com/sites/default/files/aarhus-university_592560cf2aeae70239af4a8a_medium.jpg,51.8,401+,85.6,=91,84.6,=340,72.3,=157,77.8,=21
=190,191,Ghent University,Belgium,Ghent,Europe,68.3,https://www.topuniversities.com/universities/ghent-university,https://www.topuniversities.com/sites/default/files/ghent-university_228_medium.jpg,58.5,=344,85.3,=98,84.3,=366,67.1,=285,89,3
=190,192,Sorbonne University,France,Paris,Europe,68.3,https://www.topuniversities.com/universities/sorbonne-university,https://www.topuniversities.com/sites/default/files/sorbonne-university_5a6afcfecb4de709397114fe_medium.jpg,70.6,95,72,401+,75.6,401+,65.2,=347,68.3,95
=193,193,Stockholm University,Sweden,Stockholm,Europe,68.2,https://www.topuniversities.com/universities/stockholm-university,https://www.topuniversities.com/sites/default/files/stockholm-university_577_medium.jpg,51.9,401+,84.3,=116,85.7,=246,72.9,=143,67.6,106
=193,194,University of Sussex,United Kingdom,Brighton,Europe,68.2,https://www.topuniversities.com/universities/university-sussex,https://www.topuniversities.com/sites/default/files/260317044134pm839571UoS-Stacked-logo-CMYK-Black-on-White-90x90.jpg,55.4,401+,84,=126,86.3,=202,70.6,=186,71.1,61
=193,195,York University,Canada,Toronto,North America,68.2,https://www.topuniversities.com/universities/york-university,https://www.topuniversities.com/sites/default/files/york-university_592560cf2aeae70239af4d39_medium.jpg,61.4,=265,78.8,=267,80.2,401+,70.3,=192,54.5,401+
=196,196,"City St George’s, University of London",United Kingdom,London,Europe,68.1,https://www.topuniversities.com/universities/city-st-georges-university-london,https://www.topuniversities.com/sites/default/files/250714100347am877855240911011532pm115235Picture1-200x200-90x90.jpg,59.6,=316,77.1,=323,85.4,=271,70.3,=192,58.1,=311
=196,197,Indian Institute of Technology Kharagpur (IIT-KGP),India,Kharagpur,Asia,68.1,https://www.topuniversities.com/universities/indian-institute-technology-kharagpur-iit-kgp,https://www.topuniversities.com/sites/default/files/indian-institute-of-technology-kharagpur-iit-kgp_285_medium.jpg,78.4,=38,80.5,=213,87.4,=139,58.7,401+,53.7,401+
=196,198,Universidade Nova de Lisboa,Portugal,Lisbon,Europe,68.1,https://www.topuniversities.com/universities/universidade-nova-de-lisboa,https://www.topuniversities.com/sites/default/files/250708114440am556961NOVA-logo-square-90x90.jpg,59.7,=314,77.5,=311,81.9,401+,70.5,=188,60.4,=250
=199,199,Griffith University,Australia,Nathan,Oceania,68,https://www.topuniversities.com/universities/griffith-university,https://www.topuniversities.com/sites/default/files/250520124305am681487GU-Logo-International-Red-on-White-Square-90x90.jpg,53.1,401+,87.6,=53,86.5,=190,70.8,=182,73,=45
=199,200,Universidade Estadual de Campinas (Unicamp),Brazil,Campinas,Latin America,68,https://www.topuniversities.com/universities/universidade-estadual-de-campinas-unicamp,https://www.topuniversities.com/sites/default/files/universidade-estadual-de-campinas-unicamp_96_medium.jpg,66.7,=152,72.4,401+,74.9,401+,68.9,=227,49.4,401+
=199,201,University of Otago,New Zealand,Dunedin,Oceania,68,https://www.topuniversities.com/universities/university-otago,https://www.topuniversities.com/sites/default/files/250220051447pm493728240508092847pm590994Image-09-05-2024-at-9.28%E2%80%AFAM-200x200-90x90.jpg,59.9,=303,76,=360,83.6,401+,70.3,=192,58.6,=296
=202,202,EPFL – École polytechnique fédérale de Lausanne,Switzerland,Lausanne,Europe,67.9,https://www.topuniversities.com/universities/epfl-ecole-polytechnique-federale-de-lausanne,https://www.topuniversities.com/sites/default/files/epfl-ecole-polytechnique-federale-de-lausanne_592560cf2aeae70239af4b34_medium.jpg,76.2,=53,78.5,=281,87.3,=144,59.8,401+,54.9,401+
=202,203,Hanyang University,South Korea,Seoul,Asia,67.9,https://www.topuniversities.com/universities/hanyang-university,https://www.topuniversities.com/sites/default/files/hanyang-university_250_medium.jpg,62.9,=230,80.1,=229,87.3,=144,68.8,=233,41.7,401+
204,204,Osaka University,Japan,Osaka City,Asia,67.8,https://www.topuniversities.com/universities/osaka-university,https://www.topuniversities.com/sites/default/files/osaka-university_472_medium.jpg,67.7,=136,62.8,401+,74.8,401+,69.8,=209,46.3,401+
=205,205,King Abdulaziz University (KAU),Saudi Arabia,Jeddah,Asia,67.7,https://www.topuniversities.com/universities/king-abdulaziz-university-kau,https://www.topuniversities.com/sites/default/files/king-abdulaziz-university-kau_1172_medium.jpg,56.3,401+,86.1,=85,90.3,50,67.9,=258,72,=55
=205,206,National Cheng Kung University (NCKU),Taiwan,Tainan City,Asia,67.7,https://www.topuniversities.com/universities/national-cheng-kung-university-ncku,https://www.topuniversities.com/sites/default/files/230407032250am673777NCKU-Alt-GraphicSignature-NL-RGB-AW-90x90.jpg,64.4,=203,77.8,=300,84.9,=313,68,=254,43.8,401+
=205,207,Università Cattolica del Sacro Cuore,Italy,Milan,Europe,67.7,https://www.topuniversities.com/universities/universita-cattolica-del-sacro-cuore,https://www.topuniversities.com/sites/default/files/250121113309am654785Logo-Verticale-RGB-150x150-90x90.jpg,62.6,=238,73.3,401+,80.8,401+,68.8,=233,60.1,=261
=205,208,emlyon business school,France,LYON,Europe,67.7,https://www.topuniversities.com/universities/emlyon-business-school,https://www.topuniversities.com/sites/default/files/211005052214pm924585emlyon-logo-seul-cmjn-90x90.jpg,60.5,=291,69.7,401+,77.5,401+,73.7,=129,33.2,401+
=209,209,Curtin University,Australia,Perth,Oceania,67.6,https://www.topuniversities.com/universities/curtin-university,https://www.topuniversities.com/sites/default/files/curtin-university_150_medium.jpg,57.1,=394,86.4,=79,87.3,=144,67.7,=264,72.5,=53
=209,210,Universiti Teknologi Malaysia ,Malaysia,Skudai,Asia,67.6,https://www.topuniversities.com/universities/universiti-teknologi-malaysia,https://www.topuniversities.com/sites/default/files/universiti-teknologi-malaysia_387_medium.jpg,58.4,347,84.3,=116,85.5,=264,67.5,=272,72.7,=50
=209,211,University of Oslo,Norway,Oslo,Europe,67.6,https://www.topuniversities.com/universities/university-oslo,https://www.topuniversities.com/sites/default/files/university-of-oslo_473_medium.jpg,49.9,401+,79.5,=247,82,401+,74.3,=123,67.7,=102
=209,212,University of Warsaw,Poland,Warsaw,Europe,67.6,https://www.topuniversities.com/universities/university-warsaw,https://www.topuniversities.com/sites/default/files/221121121702pm909597logo-University-of-Warsaw-90x90.jpg,58,=363,69.7,401+,70.3,401+,74.1,126,53.7,401+
=213,213,Universite libre de Bruxelles,Belgium,Brussels,Europe,67.5,https://www.topuniversities.com/universities/universite-libre-de-bruxelles,https://www.topuniversities.com/sites/default/files/universite-libre-de-bruxelles_75_medium.jpg,64.8,=195,69.3,401+,79.3,401+,68.1,=252,57.5,=331
=213,214,Wuhan University,China (Mainland),Wuhan,Asia,67.5,https://www.topuniversities.com/universities/wuhan-university,https://www.topuniversities.com/sites/default/files/wuhan-university_889_medium.jpg,62.9,=230,89,=32,85.6,=255,65.7,=328,54.6,401+
=215,215,Purdue University,United States,West Lafayette,North America,67.4,https://www.topuniversities.com/universities/purdue-university,https://www.topuniversities.com/sites/default/files/230619052213pm191066PU-SIG-Logo-RGB--PU-V-Full-RGB-90x90.jpg,60.9,=280,83.7,=130,84,=385,66.6,=298,65.7,=140
=215,216,Universidad Externado de Colombia ,Colombia,Bogotá,Latin America,67.4,https://www.topuniversities.com/universities/universidad-externado-de-colombia,https://www.topuniversities.com/sites/default/files/universidad-externado-de-colombia_795_medium.jpg,71.7,=80,39.7,401+,47.4,401+,75.6,=104,30.2,401+
=217,217,Bogaziçi Üniversitesi,Türkiye,Istanbul,Asia,67.2,https://www.topuniversities.com/universities/bogazici-universitesi,https://www.topuniversities.com/sites/default/files/bogazii-niversitesi_1575_medium.jpg,68.6,=120,62.1,401+,74,401+,68.3,=243,44.5,401+
=217,218,Universität Heidelberg,Germany,Heidelberg,Europe,67.2,https://www.topuniversities.com/universities/universitat-heidelberg,https://www.topuniversities.com/sites/default/files/221104124726pm969012uniHD-siegel-200x200k-90x90.jpg,59.9,=303,70.7,401+,80,401+,70,=202,58.3,=307
=219,219,California Institute of Technology (Caltech),United States,Pasadena,North America,67.1,https://www.topuniversities.com/universities/california-institute-technology-caltech,https://www.topuniversities.com/sites/default/files/california-institute-of-technology-caltech_94_medium.jpg,76,55,67.8,401+,80.2,401+,62.4,401+,39.6,401+
=219,220,University of Helsinki,Finland,Helsinki,Europe,67.1,https://www.topuniversities.com/universities/university-helsinki,https://www.topuniversities.com/sites/default/files/university-of-helsinki_260_medium.jpg,54,401+,80.5,=213,80.3,401+,70.8,=182,69.2,=82
=219,221,University of Strathclyde,United Kingdom,Glasgow,Europe,67.1,https://www.topuniversities.com/universities/university-strathclyde,https://www.topuniversities.com/sites/default/files/251006032129pm964983strath-crest-200x200px-90x90.jpg,61,=277,76.4,=345,83.8,401+,67.4,=275,62.6,=195
=222,222,EDHEC Business School,France,Lille,Europe,67,https://www.topuniversities.com/universities/edhec-business-school,https://www.topuniversities.com/sites/default/files/251128040531pm935341logo-carr%C3%A9-EDHEC-90x90.jpg,63.6,=214,65.1,401+,73.5,401+,71.6,=167,33.5,401+
=222,223,University of Cape Town,South Africa,Cape Town,Africa,67,https://www.topuniversities.com/universities/university-cape-town,https://www.topuniversities.com/sites/default/files/210830024732pm396697UCTcircular-logo1-CMYK-90x90.jpg,58.1,=358,73.7,401+,77.7,401+,69.6,218,68,=98
=222,224,University of Reading,United Kingdom,Reading,Europe,67,https://www.topuniversities.com/universities/university-reading,https://www.topuniversities.com/sites/default/files/university-of-reading_517_medium.jpg,58.6,=342,82.6,=154,88.3,=101,66.6,=298,65.5,147
=222,225,University of Surrey,United Kingdom,Guildford,Europe,67,https://www.topuniversities.com/universities/university-surrey,https://www.topuniversities.com/sites/default/files/230822021755pm944389Surrey-Logo-200x200px-90x90.jpg,57.9,=369,83.4,=137,91.9,=26,66.1,=313,67.7,=102
=222,226,University of Waterloo,Canada,Waterloo,North America,67,https://www.topuniversities.com/universities/university-waterloo,https://www.topuniversities.com/sites/default/files/university-of-waterloo_670_medium.jpg,69.9,=104,82.9,=147,84.1,=378,60.6,401+,63.8,167
=222,227,University of York,United Kingdom,York,Europe,67,https://www.topuniversities.com/universities/university-york,https://www.topuniversities.com/sites/default/files/250204120245pm633652UOY-Logo-Stacked-shield-Black-white-background-200x200px-90x90.jpg,59.4,=321,80.5,=213,84.1,=378,66.7,=296,70,=75
=228,228,Delft University of Technology,Netherlands,Delft,Europe,66.9,https://www.topuniversities.com/universities/delft-university-technology,https://www.topuniversities.com/sites/default/files/241219075823am191478thumbnail-logo-voor-QS-90x90.jpg,70.4,96,87.8,=48,87,=158,58.3,401+,70.4,=69
=228,229,European University Institute,Italy,Florence,Europe,66.9,https://www.topuniversities.com/universities/european-university-institute,https://www.topuniversities.com/sites/default/files/european-university-institute_15283_medium.jpg,53.1,401+,66.7,401+,80.6,401+,75.5,=107,44.2,401+
=228,230,Instituto Tecnológico Autónomo de México (ITAM),Mexico,Mexico City,Latin America,66.9,https://www.topuniversities.com/universities/instituto-tecnologico-autonomo-de-mexico-itam,https://www.topuniversities.com/sites/default/files/instituto-tecnolgico-autnomo-de-mxico-itam_592560cf2aeae70239af4da6_medium.jpg,71.3,=84,41.2,401+,53.6,401+,75,=114,18.6,401+
=228,231,Università di Padova,Italy,Padova,Europe,66.9,https://www.topuniversities.com/universities/universita-di-padova,https://www.topuniversities.com/sites/default/files/universitdi-padova_480_medium.jpg,59.9,=303,80.1,=229,82.3,401+,66.8,=290,67.4,109
=232,232,Dartmouth College,United States,Hanover,North America,66.8,https://www.topuniversities.com/universities/dartmouth-college,https://www.topuniversities.com/sites/default/files/dartmouth-college_592560cf2aeae70239af4b1c_medium.jpg,60.4,=293,76,=360,90.6,=44,68.4,=240,39.7,401+
=232,233,O.P. Jindal Global University (JGU),India,Sonepat,Asia,66.8,https://www.topuniversities.com/universities/op-jindal-global-university-jgu,https://www.topuniversities.com/sites/default/files/o.p.-jindal-global-university_592560cf2aeae70239af5884_medium.jpg,59.7,=314,66.2,401+,79.3,401+,72.3,=157,37.1,401+
=232,234,Universidad del Rosario,Colombia,Bogotá,Latin America,66.8,https://www.topuniversities.com/universities/universidad-del-rosario,https://www.topuniversities.com/sites/default/files/universidad-del-rosario_592560cf2aeae70239af514d_medium.jpg,70.7,=93,50.5,401+,66.1,401+,70.5,=188,30.9,401+
=232,235,University of Jordan,Jordan,Amman,Asia,66.8,https://www.topuniversities.com/universities/university-jordan,https://www.topuniversities.com/sites/default/files/250728110941am245519200-90x90.jpg,66.3,=158,68.8,401+,75.5,401+,67.1,=285,50.3,401+
=232,236,University of the Philippines,Philippines,Quezon City,Asia,66.8,https://www.topuniversities.com/universities/university-philippines,https://www.topuniversities.com/sites/default/files/university-of-the-philippines_498_medium.jpg,63.3,=217,64,401+,71.3,401+,71,=180,43.6,401+
=232,237,Universität Hamburg,Germany,Hamburg,Europe,66.8,https://www.topuniversities.com/universities/universitat-hamburg,https://www.topuniversities.com/sites/default/files/universitt-hamburg_592560cf2aeae70239af4b79_medium.jpg,54.6,401+,76,=360,81.2,401+,71.1,179,61.7,=211
=238,238,Cairo University,Egypt,Giza,Africa,66.7,https://www.topuniversities.com/universities/cairo-university,https://www.topuniversities.com/sites/default/files/cairo-university_80_medium.jpg,65.5,=180,72.4,401+,78.9,401+,66.2,=308,52.5,401+
=238,239,University of Geneva,Switzerland,Geneva,Europe,66.7,https://www.topuniversities.com/universities/university-geneva,https://www.topuniversities.com/sites/default/files/university-of-geneva_221_medium.jpg,64.8,=195,72,401+,79.9,401+,66.3,307,55.2,=392
=240,240,"University of Maryland, College Park",United States,College Park,North America,66.6,https://www.topuniversities.com/universities/university-maryland-college-park,https://www.topuniversities.com/sites/default/files/university-of-maryland-college-park_393_medium.jpg,52.9,401+,86.6,=73,85.6,=255,68.9,=227,68,=98
=240,241,University of Southampton,United Kingdom,Southampton,Europe,66.6,https://www.topuniversities.com/universities/university-southampton,https://www.topuniversities.com/sites/default/files/241015033016pm657896University-of-Southampton-shield-blue-200-px-square-90x90.jpg,59.2,=326,85.1,=104,88.3,=101,64.3,=380,73.7,=39
=242,242,Goethe-University Frankfurt am Main,Germany,Frankfurt am Main,Europe,66.5,https://www.topuniversities.com/universities/goethe-university-frankfurt-am-main,https://www.topuniversities.com/sites/default/files/universitt-frankfurt-am-main_214_medium.jpg,53.2,401+,72.4,401+,80.7,401+,73,=141,50.5,401+
=242,243,The University of Georgia,United States,Athens,North America,66.5,https://www.topuniversities.com/universities/university-georgia,https://www.topuniversities.com/sites/default/files/the-university-of-georgia_227_medium.jpg,58.3,=348,81.4,=189,83.7,401+,66.8,=290,64.2,=164
=242,244,Universidade Federal do Rio de Janeiro,Brazil,Rio de Janeiro,Latin America,66.5,https://www.topuniversities.com/universities/universidade-federal-do-rio-de-janeiro,https://www.topuniversities.com/sites/default/files/220127083943pm152751UFRJ-Vertical-Impresso-Positivo-ai-90x90.jpg,61.5,=263,70.7,401+,71.8,401+,69.8,=209,49.6,401+
=242,245,University of Wollongong,Australia,Wollongong,Oceania,66.5,https://www.topuniversities.com/universities/university-wollongong,https://www.topuniversities.com/sites/default/files/university-of-wollongong_680_medium.jpg,58.6,=342,81.4,=189,86.2,=210,66.5,=302,62.6,=195
=246,246,Boston College,United States,Chestnut Hill,North America,66.4,https://www.topuniversities.com/universities/boston-college,https://www.topuniversities.com/sites/default/files/boston-college_723_medium.jpg,55.2,401+,77.8,=300,88.1,=111,69.9,=206,49.8,401+
=246,247,Universitas Airlangga,Indonesia,Surabaya,Asia,66.4,https://www.topuniversities.com/universities/universitas-airlangga,https://www.topuniversities.com/sites/default/files/250715015254am318034UNAIR-BRANDMARK-2025-01-90x90.jpg,60.2,=298,64,401+,69.9,401+,71.9,165,46.6,401+
=246,248,University of Canterbury | Te Whare Wānanga o Waitaha,New Zealand,Christchurch,Oceania,66.4,https://www.topuniversities.com/universities/university-canterbury-te-whare-wananga-o-waitaha,https://www.topuniversities.com/sites/default/files/university-of-canterbury_97_medium.jpg,60.4,=293,75.6,=376,84.8,=321,67.6,=267,49.5,401+
=246,249,Xiamen University,China (Mainland),Xiamen,Asia,66.4,https://www.topuniversities.com/universities/xiamen-university,https://www.topuniversities.com/sites/default/files/xiamen-university_891_medium.jpg,59.2,=326,87.3,=58,89.4,=67,65.4,=336,54.4,401+
=250,250,Indiana University Bloomington,United States,Bloomington,North America,66.3,https://www.topuniversities.com/universities/indiana-university-bloomington,https://www.topuniversities.com/sites/default/files/indiana-university-bloomington_289_medium.jpg,46.5,401+,83.1,=144,84.4,=355,73.3,=136,62.8,=190
=250,251,Universidad de La Sabana,Colombia,Bogotá,Latin America,66.3,https://www.topuniversities.com/universities/universidad-de-la-sabana,https://www.topuniversities.com/sites/default/files/260224073040pm756920square-image-90x90.jpg,67,=146,53.2,401+,63.6,401+,72.1,=161,27.1,401+
=252,252,American University of Beirut (AUB),Lebanon,Beirut,Asia,66.2,https://www.topuniversities.com/universities/american-university-beirut-aub,https://www.topuniversities.com/sites/default/files/230707125949pm449470AUB-Profile-Photo-only%5B99%5D-90x90.jpg,68.8,=117,66.2,401+,78.2,401+,64.8,=360,45.8,401+
=252,253,Georgia Institute of Technology,United States,Atlanta,North America,66.2,https://www.topuniversities.com/universities/georgia-institute-technology,https://www.topuniversities.com/sites/default/files/250219111124am560242GTVertical-CMYK-90x90.jpg,67.7,=136,84.3,=116,86.5,=190,61.5,401+,46.2,401+
=252,254,Koç University,,,,66.2,https://www.topuniversities.com/universities/koc-university,https://www.topuniversities.com/sites/default/files/ko-university_592560cf2aeae70239af4d7e_medium.jpg,66.8,=150,62.8,401+,73.9,401+,68.7,=236,30.4,401+
=252,255,Queen's University Belfast,United Kingdom,Belfast,Europe,66.2,https://www.topuniversities.com/universities/queens-university-belfast,https://www.topuniversities.com/sites/default/files/queens-university-belfast_592560cf2aeae70239af4c86_medium.jpg,62.4,=243,74.9,401+,80.6,401+,64.8,=360,67.7,=102
=252,256,Universidad Austral,Argentina,Pilar,Latin America,66.2,https://www.topuniversities.com/universities/universidad-austral,https://www.topuniversities.com/sites/default/files/universidad-austral_38_medium.jpg,69.6,109,45,401+,48.2,401+,73.5,=132,31.1,401+
=252,257,Universiti Utara Malaysia (UUM),Malaysia,Sintok,Asia,66.2,https://www.topuniversities.com/universities/universiti-utara-malaysia-uum,https://www.topuniversities.com/sites/default/files/universiti-utara-malaysia-uum_388_medium.jpg,48.2,401+,79.2,=251,84.1,=378,73.2,=138,58.5,=299
258,258,University of St Andrews,United Kingdom,St. Andrews,Europe,66,https://www.topuniversities.com/universities/university-st-andrews,https://www.topuniversities.com/sites/default/files/university-of-st-andrews_570_medium.jpg,66.7,=152,68.8,401+,80.4,401+,64.4,=376,52.1,401+
259,259,Aalto University,Finland,Espoo (Helsinki capital region),Europe,65.9,https://www.topuniversities.com/universities/aalto-university,https://www.topuniversities.com/sites/default/files/230913111738am272302Aalto-University-logo-200x200-90x90.jpg,50.3,401+,81.1,=196,88.9,=81,70.6,=186,55.4,=387
=260,260,Beijing Institute of Technology,China (Mainland),Beijing,Asia,65.8,https://www.topuniversities.com/universities/beijing-institute-technology,https://www.topuniversities.com/sites/default/files/beijing-institute-of-technology_868_medium.jpg,70.7,=93,96,=5,96.4,2,54.8,401+,54.5,401+
=260,261,Rheinische Friedrich-Wilhelms-Universität Bonn,Germany,Bonn,Europe,65.8,https://www.topuniversities.com/universities/rheinische-friedrich-wilhelms-universitat-bonn,https://www.topuniversities.com/sites/default/files/rheinische-friedrich-wilhelms-universitt-bonn_592560cf2aeae70239af4ac1_medium.jpg,49.5,401+,72,401+,79.1,401+,72.6,=151,66.3,=131
=260,262,Universidad Nacional de La Plata (UNLP),Argentina,La Plata,Latin America,65.8,https://www.topuniversities.com/universities/universidad-nacional-de-la-plata-unlp,https://www.topuniversities.com/sites/default/files/universidad-nacional-de-la-plata-unlp_1690_medium.jpg,71,88,57.3,401+,65.1,401+,66.7,=296,38.6,401+
=263,263,National Chengchi University,Taiwan,Taipei City,Asia,65.7,https://www.topuniversities.com/universities/national-chengchi-university,https://www.topuniversities.com/sites/default/files/national-chengchi-university_436_medium.jpg,58.7,=338,62.1,401+,75.1,401+,73.5,=132,21.2,401+
=263,264,University of Cologne,Germany,Cologne,Europe,65.7,https://www.topuniversities.com/universities/university-cologne,https://www.topuniversities.com/sites/default/files/university-of-cologne_592560cf2aeae70239af4bc6_medium.jpg,53.2,401+,72.9,401+,81,401+,70.3,=192,61.2,=230
=263,265,University of Lausanne,Switzerland,Lausanne,Europe,65.7,https://www.topuniversities.com/universities/university-lausanne,https://www.topuniversities.com/sites/default/files/university-of-lausanne_592560cf2aeae70239af4bd3_medium.jpg,58.1,=358,73.3,401+,80.3,401+,67.6,=267,59,=283
=266,266,Central European University,Austria,Vienna,Europe,65.6,https://www.topuniversities.com/universities/central-european-university,https://www.topuniversities.com/sites/default/files/251008121605pm655149CEU-Logo-square-90x90.jpg,55.1,401+,63.4,401+,79,401+,72.1,=161,46.9,401+
=266,267,Swansea University,United Kingdom,Swansea,Europe,65.6,https://www.topuniversities.com/universities/swansea-university,https://www.topuniversities.com/sites/default/files/220308050407pm529761Swansea-Uni-logo-200x200-photo-90x90.jpg,56.5,401+,84.5,=112,92.9,=18,64.4,=376,62.7,=192
=268,268,Indian Institute of Technology Madras (IITM),India,Chennai,Asia,65.5,https://www.topuniversities.com/universities/indian-institute-technology-madras-iitm,https://www.topuniversities.com/sites/default/files/indian-institute-of-technology-madras-iitm_286_medium.jpg,76.9,=45,69.3,401+,80.1,401+,59.3,401+,31.9,401+
=268,269,Institut Polytechnique de Paris,France,Paris,Europe,65.5,https://www.topuniversities.com/universities/institut-polytechnique-de-paris,https://www.topuniversities.com/sites/default/files/240924074028am263366logo-ipp-pour-qs-90x90.jpg,68.6,=120,78.8,=267,85.3,=279,59.3,401+,58.5,=299
=268,270,University of Granada,Spain,Granada,Europe,65.5,https://www.topuniversities.com/universities/university-granada,https://www.topuniversities.com/sites/default/files/university-of-granada_235_medium.jpg,53.3,401+,79.2,=251,80.4,401+,67.9,=258,72.7,=50
=268,271,University of Massachusetts Amherst,United States,Amherst,North America,65.5,https://www.topuniversities.com/universities/university-massachusetts-amherst,https://www.topuniversities.com/sites/default/files/university-of-massachusetts-amherst_592560cf2aeae70239af4c0e_medium.jpg,59.2,=326,79.8,=239,85.9,=234,64.6,=367,60,=265
=272,272,Florida International University,United States,Miami,North America,65.4,https://www.topuniversities.com/universities/florida-international-university,https://www.topuniversities.com/sites/default/files/florida-international-university_592560cf2aeae70239af4b55_medium.jpg,60.3,297,75.6,=376,81.6,401+,64.9,=356,61.2,=230
=272,273,United Arab Emirates University,United Arab Emirates,Al Ain,Asia,65.4,https://www.topuniversities.com/universities/united-arab-emirates-university,https://www.topuniversities.com/sites/default/files/united-arab-emirates-university_778_medium.jpg,61.1,=273,72.4,401+,82.9,401+,64.1,386,67.2,=112
=272,274,University of Lisbon ,Portugal,Lisbon,Europe,65.4,https://www.topuniversities.com/universities/university-lisbon,https://www.topuniversities.com/sites/default/files/university-of-lisbon_1475_medium.jpg,58,=363,82,=168,78.4,401+,64.2,=382,78,20
=272,275,Uppsala University,Sweden,Uppsala,Europe,65.4,https://www.topuniversities.com/universities/uppsala-university,https://www.topuniversities.com/sites/default/files/uppsala-university_643_medium.jpg,51.4,401+,76,=360,80.6,401+,70.5,=188,60.4,=250
276,276,University of Ottawa,Canada,Ottawa,North America,65.3,https://www.topuniversities.com/universities/university-ottawa,https://www.topuniversities.com/sites/default/files/university-of-ottawa_475_medium.jpg,63.7,=212,79.2,=251,81.7,401+,61.6,401+,65.6,=144
277,277,University of Milan,Italy,Milan,Europe,65.2,https://www.topuniversities.com/universities/university-milan,https://www.topuniversities.com/sites/default/files/230331095733am940735university-of-milan-1873-large-90x90.jpg,58.1,=358,74.1,401+,77.6,401+,67.4,=275,53.8,401+
278,278,Bilkent University,Türkiye,Ankara,Asia,65.1,https://www.topuniversities.com/universities/bilkent-university,https://www.topuniversities.com/sites/default/files/bilkent-university_58_medium.jpg,64.2,=206,61.5,401+,76.6,401+,67.2,=281,38.4,401+
=279,279,McMaster University,Canada,Hamilton,North America,65,https://www.topuniversities.com/universities/mcmaster-university,https://www.topuniversities.com/sites/default/files/mcmaster-university_397_medium.jpg,65.3,=182,76.7,=332,83.8,401+,60.6,401+,60.9,=241
=279,280,National Tsing Hua University - NTHU,Taiwan,Hsinchu City,Asia,65,https://www.topuniversities.com/universities/national-tsing-hua-university-nthu,https://www.topuniversities.com/sites/default/files/national-tsing-hua-university_442_medium.jpg,65.5,=180,62.1,401+,78.8,401+,67.1,=285,25.4,401+
=279,281,Qatar University,Qatar,Doha,Asia,65,https://www.topuniversities.com/universities/qatar-university,https://www.topuniversities.com/sites/default/files/251111064230am907511QULlOGO-90x90.jpg,54.8,401+,80.8,=203,88.4,=94,64.9,=356,68.6,=90
=279,282,Shanghai University of Finance and Economics,China (Mainland),Shanghai,Asia,65,https://www.topuniversities.com/universities/shanghai-university-finance-economics,https://www.topuniversities.com/sites/default/files/shanghai-university-of-finance-and-economics_2026_medium.jpg,56.1,401+,81.7,=177,89.8,=58,68,=254,26.6,401+
=283,283,"Essex, University of",United Kingdom,Colchester,Europe,64.9,https://www.topuniversities.com/universities/essex-university,https://www.topuniversities.com/sites/default/files/university-of-essex_592560cf2aeae70239af4b4c_medium.jpg,44.2,401+,76.7,=332,84.4,=355,73,=141,60.7,=244
=283,284,Massey University,New Zealand,Palmerston North,Oceania,64.9,https://www.topuniversities.com/universities/massey-university,https://www.topuniversities.com/sites/default/files/massey-university_395_medium.jpg,55.2,401+,72.9,401+,82.5,401+,66.8,=290,64.7,=155
=283,285,The American University in Cairo,Egypt,Cairo,Africa,64.9,https://www.topuniversities.com/universities/american-university-cairo,https://www.topuniversities.com/sites/default/files/250603090341am967303AUC-Logo-Blue-200X200-90x90.jpg,66.5,=156,55.8,401+,63.9,401+,67.9,=258,39.7,401+
=283,286,Tohoku University,Japan,Sendai City,Asia,64.9,https://www.topuniversities.com/universities/tohoku-university,https://www.topuniversities.com/sites/default/files/tohoku-university_611_medium.jpg,65.9,=167,68.8,401+,80,401+,64.4,=376,35.4,401+
287,287,University of Waikato,New Zealand,Hamilton ,Oceania,64.8,https://www.topuniversities.com/universities/university-waikato,https://www.topuniversities.com/sites/default/files/230815114906pm995093UoW-NZ-logo-CMYK-vert-1061x1693-27c69c2-90x90.jpg,53.6,401+,74.9,401+,92.9,=18,66.8,=290,54.8,401+
=288,288,UCSI University,Malaysia,Kuala Lumpur,Asia,64.7,https://www.topuniversities.com/universities/ucsi-university,https://www.topuniversities.com/sites/default/files/ucsi-university_592560e09988f300e2320ce5_medium.jpg,52.9,401+,71.1,401+,85.6,=255,69.5,=219,46.9,401+
=288,289,University of Sharjah,United Arab Emirates,Sharjah,Asia,64.7,https://www.topuniversities.com/universities/university-sharjah,https://www.topuniversities.com/sites/default/files/230214053157pm550724UOS-logo-90x90.jpg,59.8,=310,81.1,=196,90.1,=51,61.8,401+,61,=238
=288,290,Université Paris-Saclay,France,Paris,Europe,64.7,https://www.topuniversities.com/universities/universite-paris-saclay,https://www.topuniversities.com/sites/default/files/universit-paris-saclay_592560cf2aeae70239af4c6e_medium.jpg,65.3,=182,77.1,=323,79.4,401+,59,401+,77,24
=288,291,Washington University in St. Louis,United States,St. Louis,North America,64.7,https://www.topuniversities.com/universities/washington-university-st-louis,https://www.topuniversities.com/sites/default/files/250209012951am920550WashU-Shield-FullColor-RGB-200x200-90x90.jpg,53.2,401+,76.7,=332,84.6,=340,68.2,=245,50.9,401+
=292,292,Auckland University of Technology (AUT),New Zealand,Auckland,Oceania,64.6,https://www.topuniversities.com/universities/auckland-university-technology-aut,https://www.topuniversities.com/sites/default/files/auckland-university-of-technology-aut_592560cf2aeae70239af4ef7_medium.jpg,56,401+,71.6,401+,84.2,=373,67.4,=275,48.8,401+
=292,293,Kyung Hee University,South Korea,Seoul,Asia,64.6,https://www.topuniversities.com/universities/kyung-hee-university,https://www.topuniversities.com/sites/default/files/241022045426am285667%EB%8C%80%ED%95%99%ED%9C%98%EC%9E%A5-%ED%99%9C%EC%9A%A9%ED%98%95-A-90x90.jpg,55.7,401+,77.5,=311,85.4,=271,66.5,=302,49.4,401+
=292,294,Universidad Torcuato Di Tella,Argentina,Buenos Aires,Latin America,64.6,https://www.topuniversities.com/universities/universidad-torcuato-di-tella,https://www.topuniversities.com/sites/default/files/universidad-torcuato-di-tella_592560cf2aeae70239af4ced_medium.jpg,69.4,=112,36.6,401+,43.4,401+,73.6,131,19.4,401+
=295,295,Dublin City University,Ireland,Dublin,Europe,64.5,https://www.topuniversities.com/universities/dublin-city-university,https://www.topuniversities.com/sites/default/files/251001112050am424289Study-Portals-Logo-QS-90x90.jpg,58.2,=353,73.7,401+,84.3,=366,64.5,=372,59,=283
=295,296,SOAS University of London,United Kingdom,London,Europe,64.5,https://www.topuniversities.com/universities/soas-university-london,https://www.topuniversities.com/sites/default/files/soas-university-of-london-_592560cf2aeae70239af4bf0_medium.jpg,56.2,401+,65.7,401+,76.8,401+,69.4,=221,45.2,401+
=297,297,The University of Arizona,United States,Tucson,North America,64.4,https://www.topuniversities.com/universities/university-arizona,https://www.topuniversities.com/sites/default/files/the-university-of-arizona_26_medium.jpg,56.4,401+,82,=168,83.1,401+,64,=387,61.6,=214
=297,298,Université Toulouse 1 Capitole,France,Toulouse,Europe,64.4,https://www.topuniversities.com/universities/universite-toulouse-1-capitole,https://www.topuniversities.com/sites/default/files/universit-toulouse-1-capitole_620_medium.jpg,46.2,401+,64.5,401+,79.6,401+,75.5,=107,39.3,401+
=299,299,Charles University,Czechia,Prague,Europe,64.3,https://www.topuniversities.com/universities/charles-university,https://www.topuniversities.com/sites/default/files/charles-university_117_medium.jpg,54.5,401+,67.3,401+,71.5,401+,68.2,=245,69.3,81
=299,300,RUDN University,Russia,Moscow,Europe,64.3,https://www.topuniversities.com/universities/rudn-university,https://www.topuniversities.com/sites/default/files/rudn-university_1503_medium.jpg,74.1,=67,67.3,401+,71.5,401+,58.5,401+,48.6,401+
=299,301,Thammasat University,Thailand,Bangkok,Asia,64.3,https://www.topuniversities.com/universities/thammasat-university,https://www.topuniversities.com/sites/default/files/thammasat-university_592560cf2aeae70239af4ce1_medium.jpg,55.6,401+,60.2,401+,73,401+,71.4,=171,38.2,401+
=299,302,University of Calgary,Canada,Calgary,North America,64.3,https://www.topuniversities.com/universities/university-calgary,https://www.topuniversities.com/sites/default/files/250514083129pm658203Canadas-Entreprenuerial-University-University-of-Calgary-UCalgary-90x90.jpg,61.4,=265,78.8,=267,82.4,401+,61.8,401+,58,=315
=303,303,Universidad EAFIT,Colombia,Medellin,Latin America,64.2,https://www.topuniversities.com/universities/universidad-eafit,https://www.topuniversities.com/sites/default/files/universidad-eafit_592560cf2aeae70239af4d9b_medium.jpg,68.4,=126,50.5,401+,58.6,401+,68.2,=245,28,401+
=303,304,Wageningen University & Research,Netherlands,Wageningen,Europe,64.2,https://www.topuniversities.com/universities/wageningen-university-research,https://www.topuniversities.com/sites/default/files/260407070739am768792WUR-logo-200x200-90x90.jpg,55.6,401+,88.3,=40,88.9,=81,59.8,401+,85.8,7
=305,305,Hong Kong Baptist University,Hong Kong SAR,Hong Kong,Asia,64.1,https://www.topuniversities.com/universities/hong-kong-baptist-university,https://www.topuniversities.com/sites/default/files/hong-kong-baptist-university_893_medium.jpg,52.6,401+,79.2,=251,87.7,=125,67.7,=264,39.9,401+
=305,306,Nagoya University,Japan,Nagoya,Asia,64.1,https://www.topuniversities.com/universities/nagoya-university,https://www.topuniversities.com/sites/default/files/nagoya-university_427_medium.jpg,62.7,=234,64,401+,76.4,401+,65.3,=341,41.5,401+
=305,307,Sultan Qaboos University,Oman,Muscat,Asia,64.1,https://www.topuniversities.com/universities/sultan-qaboos-university,https://www.topuniversities.com/sites/default/files/sultan-qaboos-university_2530_medium.jpg,60.2,=298,74.9,401+,88.7,=88,61.8,401+,58,=315
=305,308,University of Illinois Chicago (UIC),United States,Chicago,North America,64.1,https://www.topuniversities.com/universities/university-illinois-chicago-uic,https://www.topuniversities.com/sites/default/files/university-of-illinois-chicago-uic_592560cf2aeae70239af4b9a_medium.jpg,60.9,=280,75.6,=376,81.8,401+,62.8,401+,53.2,401+
=309,309,Florida State University,United States,Tallahassee,North America,64,https://www.topuniversities.com/universities/florida-state-university,https://www.topuniversities.com/sites/default/files/florida-state-university_211_medium.jpg,55.8,401+,81.4,=189,84.7,=330,64.5,=372,51.2,401+
=309,310,Indian Institute of Technology Kanpur (IITK),India,Kanpur,Asia,64,https://www.topuniversities.com/universities/indian-institute-technology-kanpur-iitk,https://www.topuniversities.com/sites/default/files/indian-institute-of-technology-kanpur-iitk_592560cf2aeae70239af4ba5_medium.jpg,81.8,24,62.8,401+,71.8,401+,56.4,401+,24.2,401+
=309,311,Simon Fraser University,Canada,Burnaby,North America,64,https://www.topuniversities.com/universities/simon-fraser-university,https://www.topuniversities.com/sites/default/files/simon-fraser-university_562_medium.jpg,51.7,401+,77.5,=311,80.9,401+,67.5,=272,57.1,=339
=312,312,La Trobe University,Australia,Melbourne,Oceania,63.9,https://www.topuniversities.com/universities/la-trobe-university,https://www.topuniversities.com/sites/default/files/220913045650am561995LTU-Int-V-RGB-JPG-90x90.jpg,52.6,401+,77.1,=323,81.7,401+,66.1,=313,62.4,=199
=312,313,Universidad de Santiago de Chile (USACH),Chile,Santiago,Latin America,63.9,https://www.topuniversities.com/universities/universidad-de-santiago-de-chile-usach,https://www.topuniversities.com/sites/default/files/universidad-de-santiago-de-chile-usach_548_medium.jpg,66,166,58.1,401+,70.8,401+,65.3,=341,35.8,401+
=314,314,Tongji University,China (Mainland),Shanghai,Asia,63.8,https://www.topuniversities.com/universities/tongji-university,https://www.topuniversities.com/sites/default/files/tongji-university_617_medium.jpg,63.7,=212,92.6,12,87.7,=125,57.7,401+,46.5,401+
=314,315,University College Cork,Ireland,Cork,Europe,63.8,https://www.topuniversities.com/universities/university-college-cork,https://www.topuniversities.com/sites/default/files/250831075941pm373153UCC-Master-Logo-2025-RGB-DIGITAL-90x90.jpg,59.8,=310,71.6,401+,80.2,401+,63.7,=400,51.7,401+
=314,316,University of Gothenburg,Sweden,Gothenburg,Europe,63.8,https://www.topuniversities.com/universities/university-gothenburg,https://www.topuniversities.com/sites/default/files/university-of-gothenburg_233_medium.jpg,43.2,401+,81.1,=196,83.5,401+,69.8,=209,71.2,60
=317,317,Indian Institute of Management (IIM) - Kozhikode,India,Kozhikode,Asia,63.7,https://www.topuniversities.com/universities/indian-institute-management-iim-kozhikode,https://www.topuniversities.com/sites/default/files/indian-institute-of-management-iim-kozhikode_592560cf2aeae70239af51f4_medium.jpg,71.4,83,60.8,401+,73.6,401+,62.3,401+,21.3,401+
=317,318,Jawaharlal Nehru University,India,New Delhi,Asia,63.7,https://www.topuniversities.com/universities/jawaharlal-nehru-university,https://www.topuniversities.com/sites/default/files/jawaharlal-nehru-university_302_medium.jpg,54.7,401+,68.8,401+,73.4,401+,68.6,=238,47.4,401+
=317,319,Lahore University of Management Sciences (LUMS),Pakistan,Lahore,Asia,63.7,https://www.topuniversities.com/universities/lahore-university-management-sciences-lums,https://www.topuniversities.com/sites/default/files/lahore-university-of-management-sciences-lums_592560cf2aeae70239af531b_medium.jpg,61.8,=258,65.7,401+,76.2,401+,65.9,=321,32,401+
=317,320,Universidad Diego Portales (UDP),Chile,Santiago,Latin America,63.7,https://www.topuniversities.com/universities/universidad-diego-portales-udp,https://www.topuniversities.com/sites/default/files/universidad-diego-portales-udp_159_medium.jpg,63,=226,58.1,401+,71.2,401+,67.6,=267,25.4,401+
=317,321,"University of California, Davis",United States,Davis,North America,63.7,https://www.topuniversities.com/universities/university-california-davis,https://www.topuniversities.com/sites/default/files/university-of-california-davis_592560cf2aeae70239af4ad8_medium.jpg,55.2,401+,84.5,=112,86.2,=210,62.8,401+,58.1,=311
=322,322,Athens University of Economics and Business,Greece,Athens,Europe,63.6,https://www.topuniversities.com/universities/athens-university-economics-business,https://www.topuniversities.com/sites/default/files/220228075444am741134AUEBLogo-90x90.jpg,57.8,=371,58.1,401+,75.2,401+,69.7,=215,29.1,401+
=322,323,Jagiellonian University,Poland,Krakow,Europe,63.6,https://www.topuniversities.com/universities/jagiellonian-university,https://www.topuniversities.com/sites/default/files/jagiellonian-university_300_medium.jpg,52.1,401+,65.7,401+,69.3,401+,70.1,=200,54.9,401+
=322,324,University of Science and Technology of China,China (Mainland),Hefei,Asia,63.6,https://www.topuniversities.com/universities/university-science-technology-china,https://www.topuniversities.com/sites/default/files/university-of-science-and-technology-of-china_122_medium.jpg,63,=226,88.1,=44,91.2,=37,57.5,401+,49.4,401+
=325,325,Al-Ahliyya Amman University,Jordan,Amman,Asia,63.5,https://www.topuniversities.com/universities/al-ahliyya-amman-university,https://www.topuniversities.com/sites/default/files/al-ahliyya-amman-university_592560e29988f300e232131e_medium.jpg,73,75,58.8,401+,63.9,401+,62.4,401+,23.1,401+
=325,326,Management and Science University,Malaysia,Shah Alam,Asia,63.5,https://www.topuniversities.com/universities/management-science-university,https://www.topuniversities.com/sites/default/files/management-and-science-university_22618_medium.jpg,68.6,=120,51.4,401+,59.5,401+,66.8,=290,24.6,401+
=325,327,Rutgers University–New Brunswick,United States,New Brunswick,North America,63.5,https://www.topuniversities.com/universities/rutgers-university-new-brunswick,https://www.topuniversities.com/sites/default/files/240206105603pm596685Rutgers-Image-200x200-90x90.jpg,56.8,401+,78.8,=267,82.5,401+,63.8,=397,49.7,401+
=325,328,Universidad del Pacífico,Peru,Jesús María,Latin America,63.5,https://www.topuniversities.com/universities/universidad-del-pacifico,https://www.topuniversities.com/sites/default/files/230418045249pm477630profilePic01-90x90.jpg,64.4,=203,50.5,401+,60.1,401+,69.4,=221,24.6,401+
=325,329,Universitat de Valencia,Spain,València,Europe,63.5,https://www.topuniversities.com/universities/universitat-de-valencia,https://www.topuniversities.com/sites/default/files/universitat-de-valencia_647_medium.jpg,47.1,401+,81.7,=177,81.1,401+,68,=254,63.5,=174
=325,330,University of Central Florida,United States,Orlando,North America,63.5,https://www.topuniversities.com/universities/university-central-florida,https://www.topuniversities.com/sites/default/files/university-of-central-florida_209_medium.jpg,58.3,=348,82,=168,84.8,=321,61.4,401+,55.2,=392
=331,331,American University of Sharjah,United Arab Emirates,Sharjah,Asia,63.4,https://www.topuniversities.com/universities/american-university-sharjah,https://www.topuniversities.com/sites/default/files/211216011743pm346028American-University-of-Sharjah-AUS-Stacked-200X200px-90x90.jpg,61.7,261,67.8,401+,78.8,401+,63.2,401+,45.7,401+
=331,332,BI Norwegian Business School,Norway,Oslo,Europe,63.4,https://www.topuniversities.com/universities/bi-norwegian-business-school,https://www.topuniversities.com/sites/default/files/bi-norwegian-business-school_592560cf2aeae70239af4abb_medium.jpg,42.7,401+,70.2,401+,91.7,=29,72.8,=145,41.2,401+
=331,333,Hokkaido University,Japan,Sapporo,Asia,63.4,https://www.topuniversities.com/universities/hokkaido-university,https://www.topuniversities.com/sites/default/files/hokkaido-university_266_medium.jpg,60.4,=293,69.3,401+,81.7,401+,62.5,401+,54.8,401+
=331,334,Pontifícia Universidade Católica do Rio de Janeiro,Brazil,Rio de Janeiro,Latin America,63.4,https://www.topuniversities.com/universities/pontificia-universidade-catolica-do-rio-de-janeiro,https://www.topuniversities.com/sites/default/files/pontifcia-universidade-catlica-do-rio-de-janeiro_526_medium.jpg,57.1,=394,62.1,401+,74.2,401+,67.2,=281,48.4,401+
=335,335,Kobe University,Japan,Kobe City,Asia,63.3,https://www.topuniversities.com/universities/kobe-university,https://www.topuniversities.com/sites/default/files/kobe-university_320_medium.jpg,54.1,401+,62.8,401+,75.1,401+,69.8,=209,35.8,401+
=335,336,National University of Sciences & Technology (NUST) Islamabad,Pakistan,Islamabad,Asia,63.3,https://www.topuniversities.com/universities/national-university-sciences-technology-nust-islamabad,https://www.topuniversities.com/sites/default/files/240603070305am370964NUST-Signature-blue-90x90.jpg,62,=250,77.5,=311,88.3,=101,59.3,401+,52.3,401+
=335,337,Pontificia Universidad Católica de Valparaíso,Chile,Valparaíso,Latin America,63.3,https://www.topuniversities.com/universities/pontificia-universidad-catolica-de-valparaiso,https://www.topuniversities.com/sites/default/files/pontificia-universidad-catlica-de-valparaso_733_medium.jpg,61.8,=258,58.1,401+,71.9,401+,66.6,=298,33.2,401+
=335,338,University of Naples - Federico II,Italy,Naples,Europe,63.3,https://www.topuniversities.com/universities/university-naples-federico-ii,https://www.topuniversities.com/sites/default/files/university-of-naples-federico-ii_432_medium.jpg,56.5,401+,80.8,=203,81.8,401+,61.5,401+,68.9,86
=339,339,"The University of Newcastle, Australia (UON)",Australia,Callaghan,Oceania,63.2,https://www.topuniversities.com/universities/university-newcastle-australia-uon,https://www.topuniversities.com/sites/default/files/the-university-of-newcastle-australia-uon_449_medium.jpg,55.5,401+,85.6,=91,88.8,87,60.9,401+,59.7,272
=339,340,Ural Federal University - UrFU,Russia,Ekaterinburg,Europe,63.2,https://www.topuniversities.com/universities/ural-federal-university-urfu,https://www.topuniversities.com/sites/default/files/ural-federal-university-urfu_592560cf2aeae70239af505a_medium.jpg,62.9,=230,71.1,401+,75.1,401+,60.3,401+,64.7,=155
=341,341,Bina Nusantara University (BINUS),Indonesia,Jakarta,Asia,63.1,https://www.topuniversities.com/universities/bina-nusantara-university-binus,https://www.topuniversities.com/sites/default/files/bina-nusantara-university-binus_937_medium.jpg,63.3,=217,58.8,401+,67.6,401+,66.2,=308,29.8,401+
=341,342,University of Notre Dame,United States,Notre Dame,North America,63.1,https://www.topuniversities.com/universities/university-notre-dame,https://www.topuniversities.com/sites/default/files/university-of-notre-dame_458_medium.jpg,52.8,401+,74.5,401+,82.6,401+,66.2,=308,47.8,401+
=341,343,University of Porto,Portugal,Porto,Europe,63.1,https://www.topuniversities.com/universities/university-porto,https://www.topuniversities.com/sites/default/files/220603114500am903324university-of-porto-logo-90x90.jpg,53,401+,81.7,=177,80.2,401+,63.2,401+,70,=75
=341,344,University of Trento,Italy,Trento,Europe,63.1,https://www.topuniversities.com/universities/university-trento,https://www.topuniversities.com/sites/default/files/university-of-trento_623_medium.jpg,52.1,401+,72,401+,80.7,401+,66.6,=298,55.1,396
=341,345,Viet Nam National University Ho Chi Minh City (VNU-HCM),Vietnam,Ho Chi Minh City,Asia,63.1,https://www.topuniversities.com/universities/viet-nam-national-university-ho-chi-minh-city-vnu-hcm,https://www.topuniversities.com/sites/default/files/vietnam-national-university-ho-chi-minh-city-vnu-hcm_592560cf2aeae70239af4d92_medium.jpg,61.1,=273,70.7,401+,80.7,401+,62.8,401+,41,401+
=346,346,Istanbul University,Türkiye,Istanbul,Asia,63,https://www.topuniversities.com/universities/istanbul-university,https://www.topuniversities.com/sites/default/files/istanbul-university_592560cf2aeae70239af4bac_medium.jpg,62.5,=240,58.1,401+,69.7,401+,65.3,=341,40.4,401+
=346,347,National Taiwan Normal University (NTNU),Taiwan,Taipei City,Asia,63,https://www.topuniversities.com/universities/national-taiwan-normal-university-ntnu,https://www.topuniversities.com/sites/default/files/national-taiwan-normal-university_440_medium.jpg,53.3,401+,72,401+,84.5,=345,67.8,=261,28,401+
=346,348,UNESP,Brazil,Sao Paulo,Latin America,63,https://www.topuniversities.com/universities/unesp,https://www.topuniversities.com/sites/default/files/unesp_492_medium.jpg,59.9,=303,71.1,401+,73.1,401+,63.5,401+,48.7,401+
=346,349,Western Sydney University,Australia,Milperra,Oceania,63,https://www.topuniversities.com/universities/western-sydney-university,https://www.topuniversities.com/sites/default/files/western-sydney-university_848_medium.jpg,55.2,401+,75.3,=387,81.5,401+,62.4,401+,70.4,=69
=350,350,American University,United States,Washington D.C.,North America,62.9,https://www.topuniversities.com/universities/american-university,https://www.topuniversities.com/sites/default/files/american-university_17_medium.jpg,57.6,=380,69.7,401+,82.2,401+,64.7,=364,37.9,401+
=350,351,Kyushu University,Japan,Fukuoka City,Asia,62.9,https://www.topuniversities.com/universities/kyushu-university,https://www.topuniversities.com/sites/default/files/kyushu-university_331_medium.jpg,60.9,=280,71.1,401+,81.1,401+,61.8,401+,45.9,401+
=350,352,University of Antwerp,Belgium,Antwerp,Europe,62.9,https://www.topuniversities.com/universities/university-antwerp,https://www.topuniversities.com/sites/default/files/220301072725am708442Logo-UAntwerpen-90x90.jpg,50.1,401+,78.2,=291,82.7,401+,64.6,=367,70.5,=67
=353,353,Audencia Business School,France,Nantes,Europe,62.8,https://www.topuniversities.com/universities/audencia-business-school,https://www.topuniversities.com/sites/default/files/audencia-business-school_592560cf2aeae70239af4db3_medium.jpg,53.3,401+,67.8,401+,79.9,401+,67.4,=275,40.3,401+
=353,354,Heriot-Watt University,United Kingdom,Edinburgh,Europe,62.8,https://www.topuniversities.com/universities/heriot-watt-university,https://www.topuniversities.com/sites/default/files/241128020331pm630627qs-logo-90x90.jpg,62,=250,73.7,401+,87.1,=153,58.8,401+,55.5,=382
=353,355,Istanbul Technical University,Türkiye,Istanbul,Asia,62.8,https://www.topuniversities.com/universities/istanbul-technical-university,https://www.topuniversities.com/sites/default/files/istanbul-technical-university_296_medium.jpg,69.5,=110,68.3,401+,76.8,401+,58.3,401+,39,401+
=353,356,Sabanci University,Türkiye,Istanbul,Asia,62.8,https://www.topuniversities.com/universities/sabanci-university,https://www.topuniversities.com/sites/default/files/250702100245pm254411Sabanci-University-90x90.jpeg,64.5,=200,58.1,401+,67,401+,65.1,=352,31.3,401+
=353,357,Saint Petersburg State University,Russia,Saint Petersburg,Europe,62.8,https://www.topuniversities.com/universities/saint-petersburg-state-university,https://www.topuniversities.com/sites/default/files/saint-petersburg-state-university_592560cf2aeae70239af4cc0_medium.jpg,64.6,=198,59.5,401+,60.4,401+,63.6,401+,53.1,401+
=353,358,Universidad de Sevilla,Spain,Seville,Europe,62.8,https://www.topuniversities.com/universities/universidad-de-sevilla,https://www.topuniversities.com/sites/default/files/universidad-de-sevilla_554_medium.jpg,50.3,401+,77.5,=311,78.6,401+,66,=316,59.8,=269
=353,359,University of Kent,United Kingdom,Canterbury,Europe,62.8,https://www.topuniversities.com/universities/university-kent,https://www.topuniversities.com/sites/default/files/university-of-kent_315_medium.jpg,51.9,401+,78.5,=281,86.1,=218,62.7,401+,70.9,=62
=353,360,University of Pittsburgh,United States,Pittsburgh,North America,62.8,https://www.topuniversities.com/universities/university-pittsburgh,https://www.topuniversities.com/sites/default/files/250923063818pm705607114803-Grad-Stud-Logo-Resize-for-Handshake-Profile-150x150-90x90.jpg,54.1,401+,79.2,=251,82.9,401+,63.1,401+,58,=315
=353,361,"Vietnam National University, Hanoi",Vietnam,Hanoi,Asia,62.8,https://www.topuniversities.com/universities/vietnam-national-university-hanoi,https://www.topuniversities.com/sites/default/files/vietnam-national-university-hanoi-_592560cf2aeae70239af523a_medium.jpg,58.5,=344,71.1,401+,85.6,=255,61,401+,60,=265
=362,362,Cranfield University,United Kingdom,Bedford,Europe,62.7,https://www.topuniversities.com/universities/cranfield-university,https://www.topuniversities.com/sites/default/files/220318023223pm780246Cranf-logo-90x90.jpg,57.3,=390,79.2,=251,90.6,=44,59.2,401+,63.1,=184
=362,363,Universiti Teknologi MARA - UiTM,Malaysia,Shah Alam,Asia,62.7,https://www.topuniversities.com/universities/universiti-teknologi-mara-uitm,https://www.topuniversities.com/sites/default/files/universiti-teknologi-mara-uitm_732_medium.jpg,49.9,401+,71.6,401+,73.7,401+,68.9,=227,48,401+
=362,364,University of Turin,Italy,Turin,Europe,62.7,https://www.topuniversities.com/universities/university-turin,https://www.topuniversities.com/sites/default/files/university-of-turin_632_medium.jpg,49.8,401+,82,=168,82.4,401+,64.8,=360,61.3,=226
=365,365,Azerbaijan State University of Economics,Azerbaijan,Baku,Asia,62.6,https://www.topuniversities.com/universities/azerbaijan-state-university-economics,https://www.topuniversities.com/sites/default/files/azerbaijan-state-university-of-economics_14955_medium.jpg,66.9,149,53.2,401+,57.7,401+,65.7,=328,27.7,401+
=365,366,Paris School of Economics ,France,Paris,Europe,62.6,https://www.topuniversities.com/universities/paris-school-economics,https://www.topuniversities.com/sites/default/files/paris-school-of-economics-_592560cf2aeae70239af5806_medium.jpg,42.7,401+,62.8,401+,75.7,401+,75.9,=101,29.2,401+
=365,367,Sogang University,South Korea,Seoul,Asia,62.6,https://www.topuniversities.com/universities/sogang-university,https://www.topuniversities.com/sites/default/files/sogang-university_565_medium.jpg,61.9,=256,55,401+,64.9,401+,68,=254,21.3,401+
=365,368,Sunway University,Malaysia,Kuala Lumpur,Asia,62.6,https://www.topuniversities.com/universities/sunway-university,https://www.topuniversities.com/sites/default/files/sunway-university_592560cf2aeae70239af4db8_medium.jpg,56.6,401+,74.5,401+,88,=113,61.4,401+,54,401+
=365,369,"University of Rome ""Tor Vergata""",Italy,Rome,Europe,62.6,https://www.topuniversities.com/universities/university-rome-tor-vergata,https://www.topuniversities.com/sites/default/files/university-of-rome-tor-vergata_592560cf2aeae70239af4c99_medium.jpg,54.8,401+,71.6,401+,81.5,401+,65.2,=347,42.5,401+
=365,370,University of Salamanca,Spain,Salamanca,Europe,62.6,https://www.topuniversities.com/universities/university-salamanca,https://www.topuniversities.com/sites/default/files/university-of-salamanca_544_medium.jpg,54.8,401+,72.4,401+,77.2,401+,64,=387,59.1,=281
=371,371,Aston University,United Kingdom,Birmingham,Europe,62.5,https://www.topuniversities.com/universities/aston-university,https://www.topuniversities.com/sites/default/files/250909012709pm723207Untitled-design-90x90.jpg,51.5,401+,80.8,=203,92.3,23,61.9,401+,61.7,=211
=371,372,University of Dhaka,Bangladesh,Dhaka,Asia,62.5,https://www.topuniversities.com/universities/university-dhaka,https://www.topuniversities.com/sites/default/files/university-of-dhaka_158_medium.jpg,55.8,401+,73.3,401+,84.1,=378,63.6,401+,42.8,401+
=371,373,Vrije Universiteit Brussel (VUB),Belgium,Brussels,Europe,62.5,https://www.topuniversities.com/universities/vrije-universiteit-brussel-vub,https://www.topuniversities.com/sites/default/files/vrije-universiteit-brussel-vub_74_medium.jpg,52.1,401+,74.5,401+,83.3,401+,63.4,401+,65.7,=140
=374,374,Institut Teknologi Bandung (ITB),Indonesia,Bandung,Asia,62.4,https://www.topuniversities.com/universities/institut-teknologi-bandung-itb,https://www.topuniversities.com/sites/default/files/bandung-institute-of-technology-itb_41_medium.jpg,60.6,=289,61.5,401+,71.9,401+,65.4,=336,31.2,401+
=374,375,University of Colorado Boulder,United States,Boulder,North America,62.4,https://www.topuniversities.com/universities/university-colorado-boulder,https://www.topuniversities.com/sites/default/files/university-of-colorado-boulder_137_medium.jpg,55,401+,81.1,=196,83.9,=393,61.7,401+,54,401+
=374,376,WHU - Otto Beisheim School of Management ,Germany,Vallendar,Europe,62.4,https://www.topuniversities.com/universities/whu-otto-beisheim-school-management,https://www.topuniversities.com/sites/default/files/Design-ohne-Titel-90x90.jpg,52.5,401+,66.7,401+,75,401+,69,226,29.9,401+
=377,377,East China Normal University,China (Mainland),Shanghai,Asia,62.3,https://www.topuniversities.com/universities/east-china-normal-university,https://www.topuniversities.com/sites/default/files/east-china-normal-university_592560cf2aeae70239af4def_medium.jpg,57.3,=390,86.4,=79,87.3,=144,58.8,401+,53.2,401+
=377,378,Shanghai University,China (Mainland),Shanghai,Asia,62.3,https://www.topuniversities.com/universities/shanghai-university,https://www.topuniversities.com/sites/default/files/shanghai-university_557_medium.jpg,58.9,=334,81.7,=177,87.5,=134,59.3,401+,46.3,401+
=377,379,Universidad de Antioquia,Colombia,Medellin,Latin America,62.3,https://www.topuniversities.com/universities/universidad-de-antioquia,https://www.topuniversities.com/sites/default/files/universidad-de-antioquia_592560cf2aeae70239af5149_medium.jpg,64.5,=200,60.2,401+,70.2,401+,63.5,401+,27.6,401+
=377,380,University of Miami,United States,Miami,North America,62.3,https://www.topuniversities.com/universities/university-miami,https://www.topuniversities.com/sites/default/files/university-of-miami_401_medium.jpg,56.8,401+,76,=360,84,=385,60.2,401+,62.2,=203
=377,381,University of Pretoria,South Africa,Pretoria,Africa,62.3,https://www.topuniversities.com/universities/university-pretoria,https://www.topuniversities.com/sites/default/files/university-of-pretoria_506_medium.jpg,51.9,401+,74.5,401+,76.6,401+,63.7,=400,70,=75
=382,382,Corvinus University of Budapest,Hungary,Budapest,Europe,62.2,https://www.topuniversities.com/universities/corvinus-university-budapest,https://www.topuniversities.com/sites/default/files/250321103918am220555corvinus-University-logo-black-90x90.jpg,55.5,401+,58.8,401+,75.4,401+,66.1,=313,47.8,401+
=382,383,Coventry University,United Kingdom,Coventry,Europe,62.2,https://www.topuniversities.com/universities/coventry-university,https://www.topuniversities.com/sites/default/files/coventry-university_592560cf2aeae70239af4b16_medium.jpg,55.7,401+,79.2,=251,87.2,=150,58.8,401+,72.8,49
=382,384,De La Salle University,Philippines,Manila,Asia,62.2,https://www.topuniversities.com/universities/de-la-salle-university,https://www.topuniversities.com/sites/default/files/de-la-salle-university_153_medium.jpg,58.2,=353,60.8,401+,74,401+,66,=316,32.1,401+
=382,385,Rice University,United States,Houston,North America,62.2,https://www.topuniversities.com/universities/rice-university,https://www.topuniversities.com/sites/default/files/rice-university_524_medium.jpg,57.1,=394,69.7,401+,82.1,401+,64,=387,34.1,401+
=382,386,Universidad de Costa Rica,Costa Rica,San Jose,Latin America,62.2,https://www.topuniversities.com/universities/universidad-de-costa-rica,https://www.topuniversities.com/sites/default/files/universidad-de-costa-rica_789_medium.jpg,54.9,401+,55.8,401+,64.3,401+,69.5,=219,40.4,401+
=382,387,University of Galway,Ireland,Galway,Europe,62.2,https://www.topuniversities.com/universities/university-galway,https://www.topuniversities.com/sites/default/files/230111113541am417642Logo-QS-90x90.jpg,58.2,=353,73.7,401+,83.4,401+,60.6,401+,53.9,401+
=388,388,Abu Dhabi University,United Arab Emirates,Abu Dhabi,Asia,62.1,https://www.topuniversities.com/universities/abu-dhabi-university,https://www.topuniversities.com/sites/default/files/250227042852am570201Logo-ADU-90x90.jpg,56.1,401+,72.4,401+,84.4,=355,61.7,401+,54.1,401+
=388,389,Al-Farabi Kazakh National University,Kazakhstan,Almaty,Asia,62.1,https://www.topuniversities.com/universities/al-farabi-kazakh-national-university,https://www.topuniversities.com/sites/default/files/240206083847am456393logo-1-90x90.jpg,60,302,55,401+,64.7,401+,65.3,=341,48.9,401+
=388,390,Mahidol University,Thailand,Nakhon Pathom,Asia,62.1,https://www.topuniversities.com/universities/mahidol-university,https://www.topuniversities.com/sites/default/files/mahidol-university_381_medium.jpg,52.6,401+,68.3,401+,78.3,401+,65.9,=321,46.5,401+
=388,391,National Sun Yat-sen University,Taiwan,Kaohsiung City,Asia,62.1,https://www.topuniversities.com/universities/national-sun-yat-sen-university,https://www.topuniversities.com/sites/default/files/national-sun-yat-sen-university_439_medium.jpg,54.1,401+,66.7,401+,81.1,401+,66.4,306,31.2,401+
=388,392,Plekhanov Russian University of Economics,Russia,Moscow,Europe,62.1,https://www.topuniversities.com/universities/plekhanov-russian-university-economics,https://www.topuniversities.com/sites/default/files/250206094506am819525Logo200x200-90x90.jpg,63.6,=214,56.6,401+,68.9,401+,61.8,401+,54.9,401+
=388,393,"University of California, Irvine",United States,Irvine,North America,62.1,https://www.topuniversities.com/universities/university-california-irvine,https://www.topuniversities.com/sites/default/files/251015062328pm672635SSoE-200x200-90x90.jpg,51.3,401+,83.4,=137,86.3,=202,62.8,401+,51,401+
=394,394,Babes-Bolyai University,Romania,Cluj-Napoca,Europe,62,https://www.topuniversities.com/universities/babes-bolyai-university,https://www.topuniversities.com/sites/default/files/babes-bolyai-university_592560cf2aeae70239af5299_medium.jpg,54.9,401+,69.3,401+,78.9,401+,62.3,401+,64.4,=162
=394,395,City University of New York,United States,New York City,North America,62,https://www.topuniversities.com/universities/city-university-new-york,https://www.topuniversities.com/sites/default/files/city-university-of-new-york_149_medium.jpg,58,=363,80.5,=213,78,401+,58.8,401+,66,138
=394,396,Universidad Nacional de Córdoba - UNC,Argentina,Córdoba,Latin America,62,https://www.topuniversities.com/universities/universidad-nacional-de-cordoba-unc,https://www.topuniversities.com/sites/default/files/universidad-nacional-de-crdoba-unc_592560cf2aeae70239af511e_medium.jpg,64.6,=198,55.8,401+,66.2,401+,63.8,=397,30.9,401+
=394,397,Universidad Panamericana (UP),Mexico,Mexico City,Latin America,62,https://www.topuniversities.com/universities/universidad-panamericana,https://www.topuniversities.com/sites/default/files/220110044732pm195521Logo-QS-Hub-v2-90x90.jpg,66.2,=160,43.8,401+,52.5,401+,68.3,=243,14.7,401+
=394,398,University of Florence,Italy,Florence,Europe,62,https://www.topuniversities.com/universities/university-florence,https://www.topuniversities.com/sites/default/files/university-of-florence_208_medium.jpg,52,401+,76.7,=332,80.3,401+,63.5,401+,57.7,=323
=394,399,University of Johannesburg,South Africa,Johannesburg,Africa,62,https://www.topuniversities.com/universities/university-johannesburg,https://www.topuniversities.com/sites/default/files/university-of-johannesburg-_592560cf2aeae70239af4f46_medium.jpg,47.4,401+,86.8,=63,81.8,401+,61.1,401+,92.4,2
=394,400,Vanderbilt University,United States,Nashville,North America,62,https://www.topuniversities.com/universities/vanderbilt-university,https://www.topuniversities.com/sites/default/files/vanderbilt-university_649_medium.jpg,48.3,401+,79.5,=247,86.4,=195,64.8,=360,53.9,401+
401-450,401,Aix-Marseille University,France,Marseille,Europe,n/a,https://www.topuniversities.com/universities/aix-marseille-university,https://www.topuniversities.com/sites/default/files/aix-marseille-university_592560cf2aeae70239af51e1_medium.jpg,44.3,401+,71.1,401+,74.8,401+,66,=316,76.5,25
401-450,402,Albert-Ludwigs-Universitaet Freiburg,Germany,Freiburg im Breisgau,Europe,n/a,https://www.topuniversities.com/universities/albert-ludwigs-universitaet-freiburg,https://www.topuniversities.com/sites/default/files/240117022940pm384573UFR-Kurzform-200x200-Zeichenfl%C3%A4che-1-Zeichenfl%C3%A4che-1-90x90.jpg,46.7,401+,71.6,401+,84.1,=378,64.7,=364,59,=283
401-450,403,Ateneo de Manila University,Philippines,Quezon City,Asia,n/a,https://www.topuniversities.com/universities/ateneo-de-manila-university,https://www.topuniversities.com/sites/default/files/ateneo-de-manila-university_592560cf2aeae70239af4aa1_medium.jpg,58,=363,52.3,401+,60.9,401+,67.8,=261,39.9,401+
401-450,404,"Babson College, F.W. Olin Graduate School of Business",United States,Wellesley,North America,n/a,https://www.topuniversities.com/universities/babson-college-fw-olin-graduate-school-business,https://www.topuniversities.com/sites/default/files/220404025748pm977408BabsonWordmark-S-green-jpg-logo-90x90.jpg,54.2,401+,64.5,401+,75.4,401+,66.5,=302,28.8,401+
401-450,405,Brunel University of London,United Kingdom,London,Europe,n/a,https://www.topuniversities.com/universities/brunel-university-london,https://www.topuniversities.com/sites/default/files/241011103940am405152BD-691-QS-Logo-for-brand-profile-200x200px-HP-v1-90x90.jpg,55.3,401+,79.8,=239,88.1,=111,57,401+,65.2,=150
401-450,406,COMSATS University Islamabad,Pakistan,Islamabad,Asia,n/a,https://www.topuniversities.com/universities/comsats-university-islamabad,https://www.topuniversities.com/sites/default/files/comsats-university-islamabad_592560cf2aeae70239af52bb_medium.jpg,54.9,401+,84.8,=107,93.7,13,56.2,401+,64.6,158
401-450,407,Ca' Foscari University of Venice,Italy,Venice,Europe,n/a,https://www.topuniversities.com/universities/ca-foscari-university-venice,https://www.topuniversities.com/sites/default/files/250311030733pm324084Logo-Square-JPEG-ZOOM-WAITING-ROOM-90x90.jpg,54,401+,70.2,401+,78.7,401+,63.9,=392,50.6,401+
401-450,408,Chandigarh University,India,Mohali,Asia,n/a,https://www.topuniversities.com/universities/chandigarh-university,https://www.topuniversities.com/sites/default/files/chandigarh-university_600ebd4710ca6037cb12c714_medium.jpg,63.8,=210,66.2,401+,74.8,401+,58.8,401+,51.3,401+
401-450,409,Chung-Ang University (CAU),South Korea,Seoul,Asia,n/a,https://www.topuniversities.com/universities/chung-ang-university-cau,https://www.topuniversities.com/sites/default/files/260330120819am627163%ED%99%94%EB%A9%B4-%EC%BA%A1%EC%B2%98-2026-03-30-090753-90x90.jpg,55,401+,71.1,401+,86,=226,64.7,=364,24.1,401+
401-450,410,Emory University,United States,Atlanta,North America,n/a,https://www.topuniversities.com/universities/emory-university,https://www.topuniversities.com/sites/default/files/emory-university_185_medium.jpg,53,401+,76,=360,82.8,401+,62,401+,60.6,=246
401-450,411,Ewha Womans University,South Korea,Seoul,Asia,n/a,https://www.topuniversities.com/universities/ewha-womans-university,https://www.topuniversities.com/sites/default/files/ewha-womans-university_592560cf2aeae70239af4b38_medium.jpg,52.4,401+,64.5,401+,75.9,401+,65.7,=328,40.5,401+
401-450,412,Federal University of Minas Gerais (UFMG),Brazil,Belo Horizonte,Latin America,n/a,https://www.topuniversities.com/universities/federal-university-minas-gerais-ufmg,https://www.topuniversities.com/sites/default/files/universidade-federal-de-minas-gerais_1727_medium.jpg,54.4,401+,68.3,401+,72.3,401+,63.9,=392,42.5,401+
401-450,413,Hacettepe University ,Türkiye,Ankara,Asia,n/a,https://www.topuniversities.com/universities/hacettepe-university,https://www.topuniversities.com/sites/default/files/hacettepe-university-_592560cf2aeae70239af4d8c_medium.jpg,60.8,=285,62.1,401+,73.1,401+,60.9,401+,43.3,401+
401-450,414,INTI International University,Malaysia,Nilai,Asia,n/a,https://www.topuniversities.com/universities/inti-international-university,https://www.topuniversities.com/sites/default/files/inti-international-university-colleges_592560e49988f300e2321830_medium.jpg,67.1,=143,47.3,401+,52,401+,63.5,401+,31.1,401+
401-450,415,Indian Institute of Management (IIM) - Indore,India,Indore,Asia,n/a,https://www.topuniversities.com/universities/indian-institute-management-iim-indore,https://www.topuniversities.com/sites/default/files/indian-institute-of-management-iim-indore_592560cf2aeae70239af51f5_medium.jpg,65,=190,60.2,401+,69.8,401+,60.9,401+,30.3,401+
401-450,416,"IÉSEG School of Management, Lille - Paris, France",France,Lille,Europe,n/a,https://www.topuniversities.com/universities/ieseg-school-management-lille-paris-france,https://www.topuniversities.com/sites/default/files/iseg-school-of-management-lille-paris-france_2447_medium.jpg,47.5,401+,66.2,401+,80.7,401+,68.6,=238,42.7,401+
401-450,417,Lebanese American University,Lebanon,Byblos,Asia,n/a,https://www.topuniversities.com/universities/lebanese-american-university,https://www.topuniversities.com/sites/default/files/lebanese-american-university_592560cf2aeae70239af4eed_medium.jpg,58.9,=334,73.7,401+,88.9,=81,56,401+,66.7,=124
401-450,418,Lovely Professional University (LPU),India,Chaheru,Asia,n/a,https://www.topuniversities.com/universities/lovely-professional-university-lpu,https://www.topuniversities.com/sites/default/files/Logo-2-90x90.jpg,65.6,=176,72.4,401+,79.2,401+,56.1,401+,38.9,401+
401-450,419,Multimedia University (MMU),Malaysia,Cyberjaya,Asia,n/a,https://www.topuniversities.com/universities/multimedia-university-mmu,https://www.topuniversities.com/sites/default/files/250303023213am305823MMU-logo-QS-90x90.jpg,58.8,337,62.8,401+,72.5,401+,63.5,401+,40.9,401+
401-450,420,NEOMA Business School France,France,Paris,Europe,n/a,https://www.topuniversities.com/universities/neoma-business-school-france,https://www.topuniversities.com/sites/default/files/neoma-business-school-france_592560cf2aeae70239af4fae_medium.jpg,46.6,401+,71.1,401+,86.1,=218,67.4,=275,47.5,401+
401-450,421,Nankai University,China (Mainland),Tianjin,Asia,n/a,https://www.topuniversities.com/universities/nankai-university,https://www.topuniversities.com/sites/default/files/nankai-university_882_medium.jpg,52.8,401+,87.6,=53,91.3,=35,60.3,401+,37.6,401+
401-450,422,National Taiwan University of Science and Technology (Taiwan Tech),Taiwan,Taipei City,Asia,n/a,https://www.topuniversities.com/universities/national-taiwan-university-science-technology-taiwan-tech,https://www.topuniversities.com/sites/default/files/national-taiwan-university-of-science-and-technology-taiwan-tech_590_medium.jpg,59.1,=330,73.7,401+,85.7,=246,59.6,401+,34.3,401+
401-450,423,National Yang Ming Chiao Tung University (NYCU Taiwan),Taiwan,Hsinchu City,Asia,n/a,https://www.topuniversities.com/universities/national-yang-ming-chiao-tung-university-nycu-taiwan,https://www.topuniversities.com/sites/default/files/230525091126am408938230525%40400x-100-90x90.jpg,60.8,=285,68.8,401+,79.9,401+,61,401+,36.1,401+
401-450,424,National and Kapodistrian University of Athens,Greece,Athens,Europe,n/a,https://www.topuniversities.com/universities/national-kapodistrian-university-athens,https://www.topuniversities.com/sites/default/files/national-and-kapodistrian-university-of-athens_33_medium.jpg,56.5,401+,69.7,401+,76.9,401+,61.4,401+,49,401+
401-450,425,Northeastern University,United States,Boston,North America,n/a,https://www.topuniversities.com/universities/northeastern-university,https://www.topuniversities.com/sites/default/files/northeastern-university_454_medium.jpg,51.4,401+,82,=168,89,=77,62.6,401+,47.2,401+
401-450,426,Norwegian University of Science And Technology,Norway,Trondheim,Europe,n/a,https://www.topuniversities.com/universities/norwegian-university-science-technology,https://www.topuniversities.com/sites/default/files/norwegian-university-of-science-and-technology_457_medium.jpg,50.6,401+,84.3,=116,85.3,=279,60.2,401+,70.3,72
401-450,427,Prague University of Economics and Business,Czechia,Prague,Europe,n/a,https://www.topuniversities.com/universities/prague-university-economics-business,https://www.topuniversities.com/sites/default/files/221024091131am643122VSE-5-EN-logo-rgb-90x90.jpg,52.9,401+,58.1,401+,75,401+,67.3,280,44.8,401+
401-450,428,Sichuan University,China (Mainland),Chengdu,Asia,n/a,https://www.topuniversities.com/universities/sichuan-university,https://www.topuniversities.com/sites/default/files/sichuan-university_885_medium.jpg,63.1,=223,86.6,=73,86.3,=202,54.4,401+,51.1,401+
401-450,429,Stellenbosch University,South Africa,Stellenbosch,Africa,n/a,https://www.topuniversities.com/universities/stellenbosch-university,https://www.topuniversities.com/sites/default/files/231205074857am619842su-logo-200x200-90x90.jpg,51,401+,71.6,401+,76.7,401+,64.4,=376,62.6,=195
401-450,430,Symbiosis International (Deemed University),India,Pune,Asia,n/a,https://www.topuniversities.com/universities/symbiosis-international-deemed-university,https://www.topuniversities.com/sites/default/files/231020084546am287151Symbiosis-International-University-Logo-90x90.jpg,61,=277,72.4,401+,81.3,401+,58.5,401+,41.5,401+
401-450,431,Technische Universität Berlin (TU Berlin),Germany,Berlin,Europe,n/a,https://www.topuniversities.com/universities/technische-universitat-berlin-tu-berlin,https://www.topuniversities.com/sites/default/files/technische-universitt-berlin-tu-berlin_595_medium.jpg,61.4,=265,78.2,=291,84.8,=321,55.2,401+,57.5,=331
401-450,432,Universidad Anáhuac México,Mexico,Huixquilucan,Latin America,n/a,https://www.topuniversities.com/universities/universidad-anahuac-mexico,https://www.topuniversities.com/sites/default/files/universidad-anahuac_592560cf2aeae70239af4a97_medium.jpg,65.6,=176,42.5,401+,47.1,401+,66.2,=308,27.8,401+
401-450,433,Universidad San Francisco de Quito USFQ,Ecuador,Quito,Latin America,n/a,https://www.topuniversities.com/universities/universidad-san-francisco-de-quito-usfq,https://www.topuniversities.com/sites/default/files/250514080051pm522863logo-usfq1500x1500px-90x90.jpg,65.8,=170,50.5,401+,56,401+,64.2,=382,31.8,401+
401-450,434,Universidad de Concepción,Chile,Concepción,Latin America,n/a,https://www.topuniversities.com/universities/universidad-de-concepcion,https://www.topuniversities.com/sites/default/files/universidad-de-concepcin_1700_medium.jpg,65.2,=186,64,401+,78.1,401+,59.4,401+,37.9,401+
401-450,435,Universidad de Lima,Peru,Lima,Latin America,n/a,https://www.topuniversities.com/universities/universidad-de-lima,https://www.topuniversities.com/sites/default/files/230207011108pm679897LOGO-ULIMA-90x90.jpg,66.5,=156,48.4,401+,53,401+,63.8,=397,30.8,401+
401-450,436,Universidad de San Andrés - UdeSA,Argentina,Buenos Aires,Latin America,n/a,https://www.topuniversities.com/universities/universidad-de-san-andres-udesa,https://www.topuniversities.com/sites/default/files/universidad-de-san-andrs-udesa_1699_medium.jpg,66.3,=158,39.7,401+,44.2,401+,68.4,=240,22.8,401+
401-450,437,Universidade Católica Portuguesa,Portugal,Lisbon,Europe,n/a,https://www.topuniversities.com/universities/universidade-catolica-portuguesa,https://www.topuniversities.com/sites/default/files/260414111537am918917020926-CATOLICA-LogoMarca-CMYK-Logo-Catolica-Dark-Blue-90x90.jpg,50.1,401+,67.3,401+,81.1,401+,65.8,=323,44.2,401+
401-450,438,Universidade de Brasília,Brazil,Brasília,Latin America,n/a,https://www.topuniversities.com/universities/universidade-de-brasilia,https://www.topuniversities.com/sites/default/files/universidade-de-braslia_1726_medium.jpg,51.2,401+,66.7,401+,68.5,401+,66.5,=302,42.3,401+
401-450,439,University of Aberdeen,United Kingdom,Aberdeen,Europe,n/a,https://www.topuniversities.com/universities/university-aberdeen,https://www.topuniversities.com/sites/default/files/250617044352pm441031UoA-Stacked-Logo-RGB-90x90.jpg,55.9,401+,72.4,401+,83.3,401+,60.3,401+,60.7,=244
401-450,440,University of Bergen,Norway,Bergen,Europe,n/a,https://www.topuniversities.com/universities/university-bergen,https://www.topuniversities.com/sites/default/files/university-of-bergen_53_medium.jpg,45.3,401+,77.5,=311,85.2,=289,65.1,=352,67.5,=107
401-450,441,University of Limerick,Ireland,Limerick,Europe,n/a,https://www.topuniversities.com/universities/university-limerick,https://www.topuniversities.com/sites/default/files/university-of-limerick_592560cf2aeae70239af4be0_medium.jpg,56.9,401+,69.7,401+,82.9,401+,60.6,401+,58.8,=292
401-450,442,University of Macau,Macau SAR,,Asia,n/a,https://www.topuniversities.com/universities/university-macau,https://www.topuniversities.com/sites/default/files/university-of-macau_14378_medium.jpg,50.4,401+,77.1,=323,85.3,=279,62.9,401+,46.2,401+
401-450,443,University of Milano-Bicocca,Italy,Milan,Europe,n/a,https://www.topuniversities.com/universities/university-milano-bicocca,https://www.topuniversities.com/sites/default/files/university-of-milano-bicocca_14336_medium.jpg,50.8,401+,74.1,401+,82.8,401+,62.3,401+,55,=397
401-450,444,University of Münster,Germany,Munster,Europe,n/a,https://www.topuniversities.com/universities/university-munster,https://www.topuniversities.com/sites/default/files/231027093236am438692Logo-UniMuenster-200PixelBreite-RGB-90x90.jpg,46.3,401+,75.6,=376,83.2,401+,65.2,=347,51.1,401+
401-450,445,University of Rochester,United States,Rochester,North America,n/a,https://www.topuniversities.com/universities/university-rochester,https://www.topuniversities.com/sites/default/files/university-of-rochester_592560cf2aeae70239af4c96_medium.jpg,57.5,=383,73.3,401+,86.6,=185,60.4,401+,44.4,401+
401-450,446,University of Texas at Dallas,United States,Richardson,North America,n/a,https://www.topuniversities.com/universities/university-texas-dallas,https://www.topuniversities.com/sites/default/files/university-of-texas-dallas_592560cf2aeae70239af5355_medium.jpg,54.2,401+,71.6,401+,83.3,401+,62.3,401+,39.2,401+
401-450,447,University of Tsukuba,Japan,Tsukuba City,Asia,n/a,https://www.topuniversities.com/universities/university-tsukuba,https://www.topuniversities.com/sites/default/files/university-of-tsukuba_592560cf2aeae70239af4cf7_medium.jpg,58,=363,65.7,401+,76.8,401+,62.3,401+,46.7,401+
401-450,448,University of Witwatersrand,South Africa,Johannesburg,Africa,n/a,https://www.topuniversities.com/universities/university-witwatersrand,https://www.topuniversities.com/sites/default/files/university-of-the-witwatersrand_679_medium.jpg,50.9,401+,72.4,401+,74.4,401+,63.2,401+,68.5,=93
401-450,449,University of the Punjab,Pakistan,Lahore,Asia,n/a,https://www.topuniversities.com/universities/university-punjab,https://www.topuniversities.com/sites/default/files/university-of-the-punjab_592560cf2aeae70239af4f07_medium.jpg,56.9,401+,74.5,401+,86.3,=202,59.4,401+,51.2,401+
401-450,450,Washington State University,United States,Pullman,North America,n/a,https://www.topuniversities.com/universities/washington-state-university,https://www.topuniversities.com/sites/default/files/washington-state-university_666_medium.jpg,55.4,401+,79.2,=251,85,=306,57.8,401+,61.4,=221
401-450,451,Xi’an Jiaotong University,China (Mainland),Xi'an,Asia,n/a,https://www.topuniversities.com/universities/xian-jiaotong-university,https://www.topuniversities.com/sites/default/files/xian-jiaotong-university_683_medium.jpg,56.6,401+,86.8,=63,87.4,=139,56.1,401+,59.9,268
451-500,452,Ankara Üniversitesi,Türkiye,Ankara,Asia,n/a,https://www.topuniversities.com/universities/ankara-universitesi,https://www.topuniversities.com/sites/default/files/ankara-niversitesi_592560cf2aeae70239af50a5_medium.jpg,58.1,=358,55.8,401+,70,401+,62.5,401+,48.1,401+
451-500,453,Aristotle University of Thessaloniki,Greece,Thessaloniki,Europe,n/a,https://www.topuniversities.com/universities/aristotle-university-thessaloniki,https://www.topuniversities.com/sites/default/files/aristotle-university-of-thessaloniki_24_medium.jpg,54.2,401+,75.6,=376,79.5,401+,59.1,401+,62.4,=199
451-500,454,Asia Pacific University of Technology and Innovation (APU) Malaysia,Malaysia,Kuala Lumpur,Asia,n/a,https://www.topuniversities.com/universities/asia-pacific-university-technology-innovation-apu-malaysia,https://www.topuniversities.com/sites/default/files/asia-pacific-university-of-technology-and-innovation-apu_592560e79988f300e2322131_medium.jpg,60.1,301,48.4,401+,57.9,401+,67.2,=281,18.4,401+
451-500,455,"Asian Institute of Technology, Thailand",Thailand,Pathumthani,Asia,n/a,https://www.topuniversities.com/universities/asian-institute-technology-thailand,https://www.topuniversities.com/sites/default/files/asian-institute-of-technology-thailand_14653_medium.jpg,52.5,401+,66.2,401+,74.3,401+,63.6,401+,36.4,401+
451-500,456,Chiang Mai University,Thailand,Chiang Mai,Asia,n/a,https://www.topuniversities.com/universities/chiang-mai-university,https://www.topuniversities.com/sites/default/files/chiang-mai-university_118_medium.jpg,52.3,401+,65.7,401+,76.9,401+,63.9,=392,49.8,401+
451-500,457,Comillas Pontifical University,Spain,Madrid,Europe,n/a,https://www.topuniversities.com/universities/comillas-pontifical-university,https://www.topuniversities.com/sites/default/files/241009094956am596302COMILLAS-300x300-90x90.jpg,62.4,=243,57.3,401+,68.6,401+,61.4,401+,25.9,401+
451-500,458,Diponegoro University,Indonesia,Semarang,Asia,n/a,https://www.topuniversities.com/universities/diponegoro-university,https://www.topuniversities.com/sites/default/files/diponegoro-university_592560cf2aeae70239af4b23_medium.jpg,54.9,401+,57.3,401+,67.9,401+,65.4,=336,24.8,401+
451-500,459,Edith Cowan University,Australia,Joondalup,Oceania,n/a,https://www.topuniversities.com/universities/edith-cowan-university,https://www.topuniversities.com/sites/default/files/251111045132am451526ECU-90x90.jpg,48.9,401+,77.8,=300,90,=53,59.1,401+,61.4,=221
451-500,460,Escuela Superior Politécnica del Litoral (ESPOL),Ecuador,Guayaquil,Latin America,n/a,https://www.topuniversities.com/universities/escuela-superior-politecnica-del-litoral-espol,https://www.topuniversities.com/sites/default/files/escuela-superior-politcnica-del-litoral-espol_592560cf2aeae70239af547f_medium.jpg,65.3,=182,55.8,401+,64.8,401+,61.1,401+,33.1,401+
451-500,461,Georgia State University,United States,Atlanta,North America,n/a,https://www.topuniversities.com/universities/georgia-state-university,https://www.topuniversities.com/sites/default/files/georgia-state-university_592560cf2aeae70239af4b65_medium.jpg,53.4,401+,76.7,=332,87.7,=125,59.3,401+,46.7,401+
451-500,462,Grenoble Ecole de Management,France,Grenoble,Europe,n/a,https://www.topuniversities.com/universities/grenoble-ecole-de-management,https://www.topuniversities.com/sites/default/files/260107013435pm506094GEM-Alpine-Business-School-90x90.jpg,50.3,401+,61.5,401+,71.8,401+,67.6,=267,32.5,401+
451-500,463,Harbin Institute of Technology,China (Mainland),Harbin,Asia,n/a,https://www.topuniversities.com/universities/harbin-institute-technology,https://www.topuniversities.com/sites/default/files/harbin-institute-of-technology_877_medium.jpg,63.3,=217,88.3,=40,89,=77,51.1,401+,48,401+
451-500,464,IMD,Switzerland,Lausanne,Europe,n/a,https://www.topuniversities.com/universities/imd,https://www.topuniversities.com/sites/default/files/240821014727pm413862IMD-Logo-White-on-Blue-square-safe-space-RGB-90x90.jpg,61.3,=268,47.3,401+,51.4,401+,66.2,=308,18.2,401+
451-500,465,Indian Institute of Technology Guwahati (IITG),India,Guwahati,Asia,n/a,https://www.topuniversities.com/universities/indian-institute-technology-guwahati-iitg,https://www.topuniversities.com/sites/default/files/indian-institute-of-technology-guwahati-iitg_283_medium.jpg,80.3,=30,72,401+,80.6,401+,46.9,401+,36.9,401+
451-500,466,Institute of Business Administration (IBA),Pakistan,Karachi,Asia,n/a,https://www.topuniversities.com/universities/institute-business-administration-iba,https://www.topuniversities.com/sites/default/files/InsituteofBusinessAdministrationIBA-logo-90x90.jpg,57.8,=371,59.5,401+,66.5,401+,62.2,401+,33.2,401+
451-500,467,International Islamic University Malaysia (IIUM),Malaysia,Kuala Lumpur,Asia,n/a,https://www.topuniversities.com/universities/international-islamic-university-malaysia-iium,https://www.topuniversities.com/sites/default/files/international-islamic-university-malaysia-iium_717_medium.jpg,51.2,401+,59.5,401+,73.1,401+,66,=316,38.5,401+
451-500,468,KEDGE Business School,France,Talence,Europe,n/a,https://www.topuniversities.com/universities/kedge-business-school,https://www.topuniversities.com/sites/default/files/kedge-business-school_592560e19988f300e2320ed3_medium.jpg,46.2,401+,68.3,401+,81.6,401+,65.8,=323,48.8,401+
451-500,469,KTH Royal Institute of Technology,Sweden,Stockholm,Europe,n/a,https://www.topuniversities.com/universities/kth-royal-institute-technology,https://www.topuniversities.com/sites/default/files/260305113719am179277kth-royal-institute-of-technology--592560cf2aeae70239af4c9b-large-90x90.jpg,59.2,=326,80.1,=229,86.3,=202,54.4,401+,65.4,=148
451-500,470,"Kingston University, London",United Kingdom,Kingston upon Thames,Europe,n/a,https://www.topuniversities.com/universities/kingston-university-london,https://www.topuniversities.com/sites/default/files/kingston-university-london_592560cf2aeae70239af4bc2_medium.jpg,63.4,216,65.7,401+,78.4,401+,57,401+,43.4,401+
451-500,471,Manchester Metropolitan University.,United Kingdom,Manchester,Europe,n/a,https://www.topuniversities.com/universities/manchester-metropolitan-university,https://www.topuniversities.com/sites/default/files/251203115155am858066Manchester-Met-RGB-Black-Centred-200x200-90x90.jpg,47.6,401+,75.6,=376,83.9,=393,61,401+,75,31
451-500,472,North Carolina State University,United States,Raleigh,North America,n/a,https://www.topuniversities.com/universities/north-carolina-state-university,https://www.topuniversities.com/sites/default/files/north-carolina-state-university_592560cf2aeae70239af4c2a_medium.jpg,54.8,401+,79.8,=239,82.7,401+,57,401+,57.7,=323
451-500,473,North South University,Bangladesh,Dhaka,Asia,n/a,https://www.topuniversities.com/universities/north-south-university,https://www.topuniversities.com/sites/default/files/north-south-university_592560cf2aeae70239af4de2_medium.jpg,56.8,401+,71.1,401+,81.3,401+,59.9,401+,45,401+
451-500,474,Nottingham Trent University,United Kingdom,Nottingham,Europe,n/a,https://www.topuniversities.com/universities/nottingham-trent-university,https://www.topuniversities.com/sites/default/files/nottingham-trent-university_592560cf2aeae70239af50e6_medium.jpg,49.5,401+,76,=360,87.1,=153,59.1,401+,66.6,129
451-500,475,Pontificia Universidad Católica Argentina,Argentina,Buenos Aires,Latin America,n/a,https://www.topuniversities.com/universities/pontificia-universidad-catolica-argentina,https://www.topuniversities.com/sites/default/files/pontificia-universidad-catlica-argentina_592560cf2aeae70239af5486_medium.jpg,68.7,119,31.1,401+,37.8,401+,65.3,=341,23.5,401+
451-500,476,Quaid-i-Azam University,Pakistan,Islamabad,Asia,n/a,https://www.topuniversities.com/universities/quaid-i-azam-university,https://www.topuniversities.com/sites/default/files/quaid-i-azam-university_592560cf2aeae70239af4d41_medium.jpg,53.7,401+,76.4,=345,85.9,=234,59.2,401+,42.7,401+
451-500,477,Radboud University,Netherlands,Nijmegen,Europe,n/a,https://www.topuniversities.com/universities/radboud-university,https://www.topuniversities.com/sites/default/files/240410065850am767670Logo-Radboud-University-90x90.jpg,47.9,401+,76,=360,82.5,401+,61.2,401+,62.7,=192
451-500,478,Ritsumeikan University,Japan,Kyoto,Asia,n/a,https://www.topuniversities.com/universities/ritsumeikan-university,https://www.topuniversities.com/sites/default/files/ritsumeikan-university_592560cf2aeae70239af4c92_medium.jpg,54.1,401+,56.6,401+,65.9,401+,65.4,=336,32.7,401+
451-500,479,SGH Warsaw School of Economics,Poland,Warsaw,Europe,n/a,https://www.topuniversities.com/universities/sgh-warsaw-school-economics,https://www.topuniversities.com/sites/default/files/220425010507pm495709SGHlogoRGB-02-90x90.jpg,47.4,401+,53.2,401+,67.8,401+,70.3,=192,31,401+
451-500,480,SKEMA Business School,France,Lille,Europe,n/a,https://www.topuniversities.com/universities/skema-business-school,https://www.topuniversities.com/sites/default/files/skema-business-school_592560cf2aeae70239af4af5_medium.jpg,51.8,401+,62.8,401+,72.6,401+,65.6,=333,31.8,401+
451-500,481,Syracuse University,United States,Syracuse,North America,n/a,https://www.topuniversities.com/universities/syracuse-university,https://www.topuniversities.com/sites/default/files/syracuse-university_812_medium.jpg,49.9,401+,73.7,401+,82.3,401+,64,=387,41.2,401+
451-500,482,TBS Education - Business School,France,Toulouse,Europe,n/a,https://www.topuniversities.com/universities/tbs-education-business-school,https://www.topuniversities.com/sites/default/files/251029010810pm425360LOGO-TBS-EDUCATION-ROND-ROUGE-CMJN-90x90.jpg,43.6,401+,71.6,401+,80.4,401+,67.7,=264,33.4,401+
451-500,483,Tashkent State University of Economics,Uzbekistan,Tashkent,Asia,n/a,https://www.topuniversities.com/universities/tashkent-state-university-economics,https://www.topuniversities.com/sites/default/files/220202093023am5173262-90x90.jpg,61.2,=270,47.3,401+,55.5,401+,65.8,=323,33.9,401+
451-500,484,Temple University,United States,Philadelphia,North America,n/a,https://www.topuniversities.com/universities/temple-university,https://www.topuniversities.com/sites/default/files/260227034612pm664097BIG-T-90x90.jpg,44.3,401+,78.2,=291,84.2,=373,63.5,401+,51.8,401+
451-500,485,Universidad Iberoamericana Ciudad de México - IBERO,Mexico,Mexico City,Latin America,n/a,https://www.topuniversities.com/universities/universidad-iberoamericana-ciudad-de-mexico-ibero,https://www.topuniversities.com/sites/default/files/240131094720pm844056LOGO-200x200-90x90.jpg,67,=146,38.2,401+,45.3,401+,65.5,335,12.4,401+
451-500,486,Universidad Politécnica de Madrid (UPM),Spain,Madrid,Europe,n/a,https://www.topuniversities.com/universities/universidad-politecnica-de-madrid,https://www.topuniversities.com/sites/default/files/politcnica-de-madrid_1507_medium.jpg,64.5,=200,72.9,401+,79.5,401+,52.8,401+,61.6,=214
451-500,487,Universidad de los Andes - Chile,Chile,Santiago,Latin America,n/a,https://www.topuniversities.com/universities/universidad-de-los-andes-chile,https://www.topuniversities.com/sites/default/files/universidad-de-los-andes-chile_2638_medium.jpg,64.7,197,45,401+,50.9,401+,65.6,=333,20,401+
451-500,488,Universitas Brawijaya ,Indonesia,Malang,Asia,n/a,https://www.topuniversities.com/universities/universitas-brawijaya,https://www.topuniversities.com/sites/default/files/university-of-brawijaya_761_medium.jpg,55.9,401+,55.8,401+,68.4,401+,66,=316,29.8,401+
451-500,489,Universitas Padjadjaran (UNPAD),Indonesia,Bandung,Asia,n/a,https://www.topuniversities.com/universities/universitas-padjadjaran-unpad,https://www.topuniversities.com/sites/default/files/universitas-padjadjaran_592560cf2aeae70239af4e3c_medium.jpg,54.1,401+,54.1,401+,64.5,401+,67.5,=272,24.5,401+
451-500,490,University of Bucharest,Romania,Bucharest,Europe,n/a,https://www.topuniversities.com/universities/university-bucharest,https://www.topuniversities.com/sites/default/files/university-of-bucharest_77_medium.jpg,55.8,401+,62.8,401+,71.3,401+,60.4,401+,53.7,401+
451-500,491,"University of California, Santa Barbara (UCSB)",United States,Santa Barbara,North America,n/a,https://www.topuniversities.com/universities/university-california-santa-barbara-ucsb,https://www.topuniversities.com/sites/default/files/university-of-california-santa-barbara-ucsb_91_medium.jpg,52.4,401+,82.3,=163,86.9,=167,59.8,401+,49.3,401+
451-500,492,University of Coimbra,Portugal,Coimbra,Europe,n/a,https://www.topuniversities.com/universities/university-coimbra,https://www.topuniversities.com/sites/default/files/university-of-coimbra_592560cf2aeae70239af4b07_medium.jpg,52.2,401+,76,=360,77.7,401+,60.4,401+,66.7,=124
451-500,493,University of Göttingen,Germany,Göttingen,Europe,n/a,https://www.topuniversities.com/universities/university-gottingen,https://www.topuniversities.com/sites/default/files/university-of-gttingen_234_medium.jpg,44.7,401+,76.7,=332,81.7,401+,61.2,401+,78.5,17
451-500,494,University of Leicester,United Kingdom,Leicester,Europe,n/a,https://www.topuniversities.com/universities/university-leicester,https://www.topuniversities.com/sites/default/files/university-of-leicester_339_medium.jpg,51.3,401+,73.7,401+,82.6,401+,60.4,401+,62.5,198
451-500,495,University of South Carolina,United States,Columbia,North America,n/a,https://www.topuniversities.com/universities/university-south-carolina,https://www.topuniversities.com/sites/default/files/university-of-south-carolina_539_medium.jpg,44.9,401+,80.8,=203,87.2,=150,61.9,401+,58.3,=307
451-500,496,University of Tartu,Estonia,Tartu,Europe,n/a,https://www.topuniversities.com/universities/university-tartu,https://www.topuniversities.com/sites/default/files/university-of-tartu_592560cf2aeae70239af4d08_medium.jpg,49.5,401+,69.7,401+,79.1,401+,62.7,401+,65.4,=148
451-500,497,University of Victoria (UVic),Canada,Victoria,North America,n/a,https://www.topuniversities.com/universities/university-victoria-uvic,https://www.topuniversities.com/sites/default/files/university-of-victoria-uvic_592560cf2aeae70239af4d0e_medium.jpg,56.6,401+,73.3,401+,81.5,401+,59.2,401+,42.9,401+
451-500,498,Université Grenoble Alpes,France,Grenoble,Europe,n/a,https://www.topuniversities.com/universities/universite-grenoble-alpes,https://www.topuniversities.com/sites/default/files/universit-grenoble-alpes_592560cf2aeae70239af5ab2_medium.jpg,53.3,401+,71.1,401+,78.9,401+,59.5,401+,63.6,=170
451-500,499,Van Lang University,Vietnam,Ho Chi Minh City,Asia,n/a,https://www.topuniversities.com/universities/van-lang-university,https://www.topuniversities.com/sites/default/files/230418061805am147438QS-Logo-90x90.jpg,54.4,401+,60.2,401+,66.2,401+,64.6,=367,41.3,401+
451-500,500,Vilnius University,Lithuania,Vilnius,Europe,n/a,https://www.topuniversities.com/universities/vilnius-university,https://www.topuniversities.com/sites/default/files/vilnius-university-_592560cf2aeae70239af4d7f_medium.jpg,53.1,401+,59.5,401+,69.7,401+,62.8,401+,63.6,=170
451-500,501,Virginia Polytechnic Institute and State University,United States,Blacksburg,North America,n/a,https://www.topuniversities.com/universities/virginia-polytechnic-institute-state-university,https://www.topuniversities.com/sites/default/files/virginia-polytechnic-institute-and-state-university_592560cf2aeae70239af4d15_medium.jpg,56.2,401+,80.5,=213,82.7,401+,57.1,401+,56.6,=352
501-550,502,"Ain Shams University in Cairo (ASU, Cairo)",Egypt,Cairo,Africa,n/a,https://www.topuniversities.com/universities/ain-shams-university-cairo-asu-cairo,https://www.topuniversities.com/sites/default/files/ain-shams-university-_592560cf2aeae70239af4f38_medium.jpg,57.3,=390,64,401+,73.7,401+,58.9,401+,39.5,401+
501-550,503,Ajman University,United Arab Emirates,Ajman,Asia,n/a,https://www.topuniversities.com/universities/ajman-university,https://www.topuniversities.com/sites/default/files/ajman-university-of-science-technology_592560cf2aeae70239af4f31_medium.jpg,55.1,401+,55.8,401+,68.9,401+,62,401+,44.2,401+
501-550,504,Alexandria University ,Egypt,Alexandria,Africa,n/a,https://www.topuniversities.com/universities/alexandria-university,https://www.topuniversities.com/sites/default/files/alexandria-university_1209_medium.jpg,52.6,401+,67.8,401+,81,401+,58.7,401+,53.9,401+
501-550,505,Barcelona School of Economics,Spain,Barcelona,Europe,n/a,https://www.topuniversities.com/universities/barcelona-school-economics,https://www.topuniversities.com/sites/default/files/220420111104am868463barcelona-school-economics-90x90.jpg,51,401+,56.6,401+,69.9,401+,64.3,=380,28.8,401+
501-550,506,Concordia University,Canada,Montreal,North America,n/a,https://www.topuniversities.com/universities/concordia-university,https://www.topuniversities.com/sites/default/files/concordia-university_592560cf2aeae70239af4b0e_medium.jpg,50.8,401+,75.3,=387,80.6,401+,57.7,401+,56.2,368
501-550,507,Dalhousie University,Canada,Nova Scotia,North America,n/a,https://www.topuniversities.com/universities/dalhousie-university,https://www.topuniversities.com/sites/default/files/250221040601pm770441logo-200x200-90x90.jpg,57,=399,76.4,=345,82,401+,55.4,401+,53.4,401+
501-550,508,Duy Tan University,Vietnam,Da Nang,Asia,n/a,https://www.topuniversities.com/universities/duy-tan-university,https://www.topuniversities.com/sites/default/files/duy-tan-university_59e5a998acb295021d569f1b_medium.jpg,50.6,401+,83.7,=130,93.8,=11,53.7,401+,66.7,=124
501-550,509,EHL Hospitality Business School,Switzerland,Lausanne,Europe,n/a,https://www.topuniversities.com/universities/ehl-hospitality-business-school,https://www.topuniversities.com/sites/default/files/ehl-ecole-htelire-de-lausanne_592560cf2aeae70239af4b31_medium.jpg,70.8,=90,48.4,401+,53.8,401+,59.4,401+,18.8,401+
501-550,510,Eberhard Karls Universität Tübingen,Germany,Tübingen,Europe,n/a,https://www.topuniversities.com/universities/eberhard-karls-universitat-tubingen,https://www.topuniversities.com/sites/default/files/eberhard-karls-universitt-tbingen_629_medium.jpg,44.7,401+,72.9,401+,81.7,401+,62.7,401+,56.6,=352
501-550,511,Eötvös Loránd University,Hungary,Budapest,Europe,n/a,https://www.topuniversities.com/universities/eotvos-lorand-university,https://www.topuniversities.com/sites/default/files/etvs-lornd-university_366_medium.jpg,53.3,401+,62.1,401+,73.2,401+,60.9,401+,51.8,401+
501-550,512,Financial University under the Government of the Russian Federation,Russia,Moscow,Europe,n/a,https://www.topuniversities.com/universities/financial-university-under-government-russian-federation,https://www.topuniversities.com/sites/default/files/financial-university-under-the-government-of-the-russian-federation_592560cf2aeae70239af5850_medium.jpg,54.5,401+,63.4,401+,69,401+,59.8,401+,53.9,401+
501-550,513,Huazhong University of Science and Technology,China (Mainland),Wuhan,Asia,n/a,https://www.topuniversities.com/universities/huazhong-university-science-technology,https://www.topuniversities.com/sites/default/files/huazhong-university-of-science-and-technology_592560cf2aeae70239af5256_medium.jpg,56.3,401+,90.1,24,89.4,=67,52.9,401+,54.6,401+
501-550,514,Indian Institute of Technology Roorkee (IITR),India,Roorkee,Asia,n/a,https://www.topuniversities.com/universities/indian-institute-technology-roorkee-iitr,https://www.topuniversities.com/sites/default/files/indian-institute-of-technology-roorkee-iitr_287_medium.jpg,67.5,=138,74.5,401+,85.9,=234,49.6,401+,48.3,401+
501-550,515,Instituto Politécnico Nacional (IPN),Mexico,Ciudad de México,Latin America,n/a,https://www.topuniversities.com/universities/instituto-politecnico-nacional-ipn,https://www.topuniversities.com/sites/default/files/instituto-politcnico-nacional-ipn_592560cf2aeae70239af5483_medium.jpg,65.6,=176,61.5,401+,73.4,401+,55.8,401+,32.5,401+
501-550,516,Iscte - University Institute of Lisbon,Portugal,Lisbon,Europe,n/a,https://www.topuniversities.com/universities/iscte-university-institute-lisbon,https://www.topuniversities.com/sites/default/files/260225112350am145109rgb-iscte-pt-vertical-positive-90x90.jpg,48,401+,73.7,401+,81.4,401+,60.3,401+,63.1,=184
501-550,517,"KIT, Karlsruhe Institute of Technology",Germany,Karlsruhe,Europe,n/a,https://www.topuniversities.com/universities/kit-karlsruhe-institute-technology,https://www.topuniversities.com/sites/default/files/kit-karlsruhe-institute-of-technology_310_medium.jpg,58.7,=338,78.8,=267,85.2,=289,53.4,401+,57.6,=328
501-550,518,MGIMO University,Russia,Moscow,Europe,n/a,https://www.topuniversities.com/universities/mgimo-university,https://www.topuniversities.com/sites/default/files/moscow-state-institute-of-international-relations-mgimo-university_2156_medium.jpg,63.8,=210,48.4,401+,58.1,401+,61.8,401+,28,401+
501-550,519,Masaryk University,Czechia,Brno,Europe,n/a,https://www.topuniversities.com/universities/masaryk-university,https://www.topuniversities.com/sites/default/files/masaryk-university_592560cf2aeae70239af4d5a_medium.jpg,47.8,401+,68.8,401+,75.8,401+,61.8,401+,55.3,=390
501-550,520,National Central University,Taiwan,Taoyuan,Asia,n/a,https://www.topuniversities.com/universities/national-central-university,https://www.topuniversities.com/sites/default/files/national-central-university_434_medium.jpg,53.8,401+,67.8,401+,79.1,401+,59.9,401+,23.4,401+
501-550,521,RWTH Aachen University,Germany,Aachen,Europe,n/a,https://www.topuniversities.com/universities/rwth-aachen-university,https://www.topuniversities.com/sites/default/files/rwth-aachen-university_4_medium.jpg,59.4,=321,79.2,=251,83,401+,53.3,401+,52.6,401+
501-550,522,"Royal Holloway, University of London",United Kingdom,London,Europe,n/a,https://www.topuniversities.com/universities/royal-holloway-university-london,https://www.topuniversities.com/sites/default/files/250117013204pm929619Royal-Holloway%2C-University-of-London-RGB-200x200-pixel-logo-90x90.jpg,49.6,401+,70.7,401+,82.5,401+,60.7,401+,54.6,401+
501-550,523,Shandong University,China (Mainland),Jinan,Asia,n/a,https://www.topuniversities.com/universities/shandong-university,https://www.topuniversities.com/sites/default/files/shandong-university_555_medium.jpg,53.8,401+,87.3,=58,88,=113,54.7,401+,48.4,401+
501-550,524,Swinburne University of Technology,Australia,Melbourne,Oceania,n/a,https://www.topuniversities.com/universities/swinburne-university-technology,https://www.topuniversities.com/sites/default/files/swinburne-university-of-technology_759_medium.jpg,50.5,401+,82,=168,91.8,28,57.3,401+,53.6,401+
501-550,525,Taras Shevchenko National University of Kyiv,Ukraine,Kyiv,Europe,n/a,https://www.topuniversities.com/universities/taras-shevchenko-national-university-kyiv,https://www.topuniversities.com/sites/default/files/taras-shevchenko-national-university-of-kyiv_14977_medium.jpg,61.1,=273,48.4,401+,61.8,401+,62.3,401+,29,401+
501-550,526,Tel Aviv University,Israel,Tel Aviv,Asia,n/a,https://www.topuniversities.com/universities/tel-aviv-university,https://www.topuniversities.com/sites/default/files/tel-aviv-university_592560cf2aeae70239af4cde_medium.jpg,43.8,401+,72.4,401+,77.1,401+,64.6,=367,48.4,401+
501-550,527,The Education University of Hong Kong,Hong Kong SAR,Hong Kong,Asia,n/a,https://www.topuniversities.com/universities/education-university-hong-kong,https://www.topuniversities.com/sites/default/files/the-education-university-of-hong-kong_592560cf2aeae70239af5734_medium.jpg,41.9,401+,80.8,=203,88.4,=94,61.7,401+,42.8,401+
501-550,528,The Hebrew University of Jerusalem,Israel,Jerusalem,Asia,n/a,https://www.topuniversities.com/universities/hebrew-university-jerusalem,https://www.topuniversities.com/sites/default/files/260323113836am686713Hebrew-U-90x90.jpg,44.8,401+,72,401+,78,401+,63.2,401+,48.3,401+
501-550,529,The University of Lahore,Pakistan,Lahore,Asia,n/a,https://www.topuniversities.com/universities/university-lahore,https://www.topuniversities.com/sites/default/files/the-university-of-lahore_592560cf2aeae70239af4bda_medium.jpg,53.2,401+,70.7,401+,82,401+,57.3,401+,55.5,=382
501-550,530,Tianjin University,China (Mainland),Tianjin,Asia,n/a,https://www.topuniversities.com/universities/tianjin-university,https://www.topuniversities.com/sites/default/files/tianjin-university_609_medium.jpg,58.3,=348,89,=32,88.7,=88,50.9,401+,51.7,401+
501-550,531,Universidad Autónoma Metropolitana (UAM),Mexico,Mexico City,Latin America,n/a,https://www.topuniversities.com/universities/universidad-autonoma-metropolitana-uam,https://www.topuniversities.com/sites/default/files/universidad-autnoma-metropolitana-uam_592560cf2aeae70239af54af_medium.jpg,55.4,401+,52.3,401+,65.1,401+,64,=387,26.5,401+
501-550,532,Universidad Nacional Mayor de San Marcos,Peru,Lima,Latin America,n/a,https://www.topuniversities.com/universities/universidad-nacional-mayor-de-san-marcos,https://www.topuniversities.com/sites/default/files/universidad-nacional-mayor-de-san-marcos_592560cf2aeae70239af5158_medium.jpg,59.8,=310,47.3,401+,57,401+,63.3,401+,31,401+
501-550,533,Universidad de Guadalajara (UDG),Mexico,Guadalajara,Latin America,n/a,https://www.topuniversities.com/universities/universidad-de-guadalajara-udg,https://www.topuniversities.com/sites/default/files/universidad-de-guadalajara-udg_592560cf2aeae70239af5137_medium.jpg,54.9,401+,51.4,401+,64.2,401+,65.1,=352,23.7,401+
501-550,534,Universidad de la República (Udelar),Uruguay,Montevideo,Latin America,n/a,https://www.topuniversities.com/universities/universidad-de-la-republica-udelar,https://www.topuniversities.com/sites/default/files/universidad-de-la-repblica-udelar_592560cf2aeae70239af515e_medium.jpg,49.7,401+,58.1,401+,69.2,401+,64.9,=356,47.2,401+
501-550,535,Universidad del Desarrollo (UDD),Chile,Santiago,Latin America,n/a,https://www.topuniversities.com/universities/universidad-del-desarrollo-udd,https://www.topuniversities.com/sites/default/files/universidad-del-desarrollo-udd_592560cf2aeae70239af52cd_medium.jpg,58.2,=353,58.1,401+,69,401+,60.6,401+,35.4,401+
501-550,536,Universidad del Norte ,Colombia,Barranquilla,Latin America,n/a,https://www.topuniversities.com/universities/universidad-del-norte,https://www.topuniversities.com/sites/default/files/universidad-del-norte-_592560cf2aeae70239af54ec_medium.jpg,63.1,=223,55.8,401+,65.5,401+,59.2,401+,31.3,401+
501-550,537,Universidade Federal do Rio Grande Do Sul,Brazil,Porto Alegre,Latin America,n/a,https://www.topuniversities.com/universities/universidade-federal-do-rio-grande-do-sul,https://www.topuniversities.com/sites/default/files/universidade-federal-do-rio-grande-do-sul_2239_medium.jpg,45.5,401+,75.3,=387,76.4,401+,62.6,401+,58.4,=304
501-550,538,Universitas Sebelas Maret,Indonesia,Surakarta,Asia,n/a,https://www.topuniversities.com/universities/universitas-sebelas-maret,https://www.topuniversities.com/sites/default/files/universitas-sebelas-maret_592560cf2aeae70239af4e43_medium.jpg,49,401+,54.1,401+,71.7,401+,65.8,=323,30.2,401+
501-550,539,Universiti Teknologi PETRONAS (UTP),Malaysia,Seri Iskandar,Asia,n/a,https://www.topuniversities.com/universities/universiti-teknologi-petronas-utp,https://www.topuniversities.com/sites/default/files/universiti-teknologi-petronas-utp_592560cf2aeae70239af4ef2_medium.jpg,51.6,401+,75.3,=387,86,=226,57.8,401+,57.1,=339
501-550,540,University of Bern,Switzerland,Bern,Europe,n/a,https://www.topuniversities.com/universities/university-bern,https://www.topuniversities.com/sites/default/files/university-of-bern_55_medium.jpg,50.9,401+,79.2,=251,85.1,=295,56,401+,65.7,=140
501-550,541,University of Deusto,Spain,Bilbao,Europe,n/a,https://www.topuniversities.com/universities/university-deusto,https://www.topuniversities.com/sites/default/files/university-of-deusto_592560cf2aeae70239af57cd_medium.jpg,48.7,401+,65.1,401+,81.3,401+,61,401+,49.7,401+
501-550,542,University of East Anglia (UEA),United Kingdom,Norwich,Europe,n/a,https://www.topuniversities.com/universities/university-east-anglia-uea,https://www.topuniversities.com/sites/default/files/university-of-east-anglia-uea_637_medium.jpg,48.5,401+,79.8,=239,87,=158,56.3,401+,66.1,=133
501-550,543,"University of Economics Ho Chi Minh City, Viet Nam",Vietnam,Ho Chi Minh City,Asia,n/a,https://www.topuniversities.com/universities/university-economics-ho-chi-minh-city-viet-nam,https://www.topuniversities.com/sites/default/files/220112034159am170290logo-ueh-90x90.jpg,47.5,401+,81.1,=196,97.1,1,55.6,401+,59.6,=273
501-550,544,"University of Missouri, Columbia",United States,Columbia,North America,n/a,https://www.topuniversities.com/universities/university-missouri-columbia,https://www.topuniversities.com/sites/default/files/university-of-missouri-columbia_409_medium.jpg,51.6,401+,72.9,401+,82.2,401+,58.3,401+,50.9,401+
501-550,545,University of Pisa,Italy,Pisa,Europe,n/a,https://www.topuniversities.com/universities/university-pisa,https://www.topuniversities.com/sites/default/files/university-of-pisa_499_medium.jpg,52,401+,73.7,401+,79.5,401+,57.9,401+,52.6,401+
501-550,546,University of South Florida,United States,Tampa,North America,n/a,https://www.topuniversities.com/universities/university-south-florida,https://www.topuniversities.com/sites/default/files/Webp.net-resizeimage-90-90x90.jpg,49.9,401+,79.2,=251,83.2,401+,58.1,401+,59.8,=269
501-550,547,University of Stirling,United Kingdom,Stirling,Europe,n/a,https://www.topuniversities.com/universities/university-stirling,https://www.topuniversities.com/sites/default/files/university-of-stirling_575_medium.jpg,45.6,401+,70.7,401+,84.9,=313,61,401+,57.1,=339
501-550,548,University of Turku,Finland,Turku,Europe,n/a,https://www.topuniversities.com/universities/university-turku,https://www.topuniversities.com/sites/default/files/university-of-turku_592560cf2aeae70239af4cfe_medium.jpg,38.9,401+,78.8,=267,86.2,=210,64.2,=382,66.1,=133
501-550,549,University of Twente,Netherlands,Enschede,Europe,n/a,https://www.topuniversities.com/universities/university-twente,https://www.topuniversities.com/sites/default/files/university-of-twente_635_medium.jpg,47.9,401+,80.8,=203,87.7,=125,57.5,401+,61.3,=226
501-550,550,Yarmouk University,Jordan,Irbid,Asia,n/a,https://www.topuniversities.com/universities/yarmouk-university,https://www.topuniversities.com/sites/default/files/yarmouk-university_592560cf2aeae70239af4e72_medium.jpg,56.8,401+,56.6,401+,70.7,401+,61.9,401+,35.4,401+
501-550,551,Zayed University,United Arab Emirates,"Abu Dhabi,",Asia,n/a,https://www.topuniversities.com/universities/zayed-university,https://www.topuniversities.com/sites/default/files/zayed-university_592560cf2aeae70239af4f36_medium.jpg,50.3,401+,73.7,401+,87.8,=121,58.4,401+,54.4,401+
