rank_display,rank,name,country,city,region,overall_score,url,logo,employer_reputation_score,employer_reputation_rank,h_index_citations_score,h_index_citations_rank,citations_per_paper_score,citations_per_paper_rank,academic_reputation_score,academic_reputation_rank
1,1,Harvard University,United States,Cambridge,North America,95.2,https://www.topuniversities.com/universities/harvard-university,https://www.topuniversities.com/sites/default/files/harvard-university_253_medium.jpg,100,1,91.3,=95,70.3,151+,98,3
2,2,Stanford University,United States,Stanford,North America,91,https://www.topuniversities.com/universities/stanford-university,https://www.topuniversities.com/sites/default/files/stanford-university_573_medium.jpg,95.8,4,86.9,151+,70.6,151+,93.1,=7
3,3,Massachusetts Institute of Technology (MIT),United States,Cambridge,North America,90.9,https://www.topuniversities.com/universities/massachusetts-institute-technology-mit,https://www.topuniversities.com/sites/default/files/massachusetts-institute-of-technology-mit_410_medium.jpg,95.1,5,88.2,151+,71,151+,92.9,9
4,4,INSEAD,France,Fontainebleau,Europe,89.8,https://www.topuniversities.com/universities/insead,https://www.topuniversities.com/sites/default/files/insead_592560cf2aeae70239af4ba8_medium.jpg,82,=21,80.6,151+,71.3,151+,100,1
5,5,University of Oxford,United Kingdom,Oxford,Europe,89.5,https://www.topuniversities.com/universities/university-oxford,https://www.topuniversities.com/sites/default/files/university-of-oxford_478_medium.jpg,96.6,2,90.3,=113,69.7,151+,89.1,12
6,6,University of Cambridge,United Kingdom,Cambridge,Europe,89.2,https://www.topuniversities.com/universities/university-cambridge,https://www.topuniversities.com/sites/default/files/university-of-cambridge_95_medium.jpg,95.9,3,91.1,=99,71,151+,88.4,14
7,7,University of Pennsylvania,United States,Philadelphia,North America,88.9,https://www.topuniversities.com/universities/university-pennsylvania,https://www.topuniversities.com/sites/default/files/university-of-pennsylvania_495_medium.jpg,82.9,19,87.3,151+,71.3,151+,96.3,4
8,8,National University of Singapore (NUS),Singapore,Singapore,Asia,88.8,https://www.topuniversities.com/universities/national-university-singapore-nus,https://www.topuniversities.com/sites/default/files/national-university-of-singapore-nus_443_medium.jpg,90.5,6,91.8,=78,71.2,151+,90.6,11
9,9,London Business School,United Kingdom,London,Europe,88.2,https://www.topuniversities.com/universities/london-business-school,https://www.topuniversities.com/sites/default/files/london-business-school_592560cf2aeae70239af4be5_medium.jpg,78.8,36,78.9,151+,71.8,151+,99,2
10,10,Bocconi University,Italy,Milan,Europe,87.4,https://www.topuniversities.com/universities/bocconi-university,https://www.topuniversities.com/sites/default/files/bocconi-university_592560cf2aeae70239af4abf_medium.jpg,80.4,25,86.9,151+,71.5,151+,94.8,5
11,11,The London School of Economics and Political Science (LSE),United Kingdom,London,Europe,85.7,https://www.topuniversities.com/universities/london-school-economics-political-science-lse,https://www.topuniversities.com/sites/default/files/london-school-of-economics-and-political-science-lse_362_medium.jpg,84.3,=13,83.6,151+,66.4,151+,90.8,10
12,12,HEC Paris,France,Paris,Europe,85.4,https://www.topuniversities.com/universities/hec-paris,https://www.topuniversities.com/sites/default/files/hec-paris-school-of-management_257_medium.jpg,79.7,=29,74.6,151+,68.6,151+,94.4,6
13,13,"University of California, Berkeley (UCB)",United States,Berkeley,North America,84.7,https://www.topuniversities.com/universities/university-california-berkeley-ucb,https://www.topuniversities.com/sites/default/files/university-of-california-berkeley-ucb_84_medium.jpg,86.2,8,89.5,=138,73,151+,85.1,20
14,14,"Nanyang Technological University, Singapore (NTU Singapore)",Singapore,Singapore,Asia,83.8,https://www.topuniversities.com/universities/nanyang-technological-university-singapore-ntu-singapore,https://www.topuniversities.com/sites/default/files/nanyang-technological-university-singapore-ntu_592560cf2aeae70239af4c32_medium.jpg,85.2,10,89.9,=122,71.6,151+,84.1,22
15,15,Columbia University,United States,New York City,North America,82.7,https://www.topuniversities.com/universities/columbia-university,https://www.topuniversities.com/sites/default/files/211207010540pm571294Webp.net-resizeimage-2021-12-07T150514.382-90x90.jpg,84.3,=13,85.9,151+,68.4,151+,84,23
16,16,New York University (NYU),United States,New York City,North America,82.2,https://www.topuniversities.com/universities/new-york-university-nyu,https://www.topuniversities.com/sites/default/files/240530125524pm936168NYUShanghai-90x90.jpg,79.4,32,86.4,151+,69.3,151+,85.6,19
17,17,Northwestern University,United States,Evanston,North America,81.5,https://www.topuniversities.com/universities/northwestern-university,https://www.topuniversities.com/sites/default/files/northwestern-university_592560cf2aeae70239af4c50_medium.jpg,71.3,=96,85.7,151+,71.1,151+,88.8,13
18,18,Universitat Ramon Llull,Spain,Barcelona,Europe,81.3,https://www.topuniversities.com/universities/universitat-ramon-llull,https://www.topuniversities.com/sites/default/files/RL-logo-90x90.jpg,71.7,=89,87.1,151+,75.2,=114,87.2,15
19,19,Copenhagen Business School,Denmark,Frederiksberg,Europe,81.2,https://www.topuniversities.com/universities/copenhagen-business-school,https://www.topuniversities.com/sites/default/files/copenhagen-business-school_710_medium.jpg,58.6,151+,96.6,=7,73.9,151+,93.1,=7
20,20,Yale University,United States,New Haven,North America,81,https://www.topuniversities.com/universities/yale-university,https://www.topuniversities.com/sites/default/files/yale-university_684_medium.jpg,90.1,7,77.5,151+,67.5,151+,78.9,=33
21,21,Indian Institute of Management (IIM) - Ahmedabad,India,Ahmedabad,Asia,80.8,https://www.topuniversities.com/universities/indian-institute-management-iim-ahmedabad,https://www.topuniversities.com/sites/default/files/indian-institute-of-management-ahmedabad_1901_medium.jpg,82,=21,82.4,151+,72,151+,81.6,28
=22,22,Imperial College London,United Kingdom,London,Europe,80.5,https://www.topuniversities.com/universities/imperial-college-london,https://www.topuniversities.com/sites/default/files/240430033452pm869301QS-Imperial-Logo-white-text-blue-background-90x90.jpg,85.5,9,86.2,151+,73.7,151+,77.7,36
=22,23,Tecnológico de Monterrey,Mexico,Monterrey,Latin America,80.5,https://www.topuniversities.com/universities/tecnologico-de-monterrey,https://www.topuniversities.com/sites/default/files/instituto-tecnolgico-y-de-estudios-superiores-de-monterrey_592560cf2aeae70239af4cd6_medium.jpg,79.7,=29,83.9,151+,67.1,151+,83,26
=24,24,Erasmus University Rotterdam ,Netherlands,Rotterdam,Europe,80.3,https://www.topuniversities.com/universities/erasmus-university-rotterdam,https://www.topuniversities.com/sites/default/files/erasmus-university-rotterdam_190_medium.jpg,69.3,113,94,=28,71.3,151+,85.9,17
=24,25,University of Chicago,United States,Chicago,North America,80.3,https://www.topuniversities.com/universities/university-chicago,https://www.topuniversities.com/sites/default/files/university-of-chicago_120_medium.jpg,76.7,51,77.1,151+,67.7,151+,85.7,18
26,26,IE University,Spain,Segovia,Europe,79.4,https://www.topuniversities.com/universities/ie-university,https://www.topuniversities.com/sites/default/files/230302024505pm732571IE-univ-logo-200x200-90x90.jpg,71.1,99,81.5,151+,68.9,151+,86,16
27,27,Tsinghua University,China (Mainland),Beijing,Asia,79.1,https://www.topuniversities.com/universities/tsinghua-university,https://www.topuniversities.com/sites/default/files/tsinghua-university_626_medium.jpg,84.6,12,95,=14,72.8,151+,73.9,=56
28,28,University of Toronto,Canada,Toronto,North America,79,https://www.topuniversities.com/universities/university-toronto,https://www.topuniversities.com/sites/default/files/university-of-toronto_619_medium.jpg,83.7,=16,87.1,151+,68.4,151+,76.7,40
29,29,Indian Institute of Management Bangalore (IIMB),India,Bengaluru,Asia,78.7,https://www.topuniversities.com/universities/indian-institute-management-bangalore-iimb,https://www.topuniversities.com/sites/default/files/indian-institute-of-management-iim-bangalore_1903_medium.jpg,80.9,24,78.9,151+,71.3,151+,78.9,=33
30,30,The Hong Kong University of Science and Technology,Hong Kong SAR,Hong Kong,Asia,78.5,https://www.topuniversities.com/universities/hong-kong-university-science-technology,https://www.topuniversities.com/sites/default/files/the-hong-kong-university-of-science-and-technology_269_medium.jpg,72.7,=75,78.6,151+,70.5,151+,83.5,24
31,31,Cornell University,United States,Ithaca,North America,78.2,https://www.topuniversities.com/universities/cornell-university,https://www.topuniversities.com/sites/default/files/cornell-university_143_medium.jpg,79.5,31,87.6,151+,68.8,151+,77.4,37
=32,32,ESSEC Business School,France,Cergy,Europe,78.1,https://www.topuniversities.com/universities/essec-business-school,https://www.topuniversities.com/sites/default/files/essec-business-school_198_medium.jpg,72,85,79.6,151+,73.5,151+,82.4,27
=32,33,The University of Hong Kong,Hong Kong SAR,Hong Kong,Asia,78.1,https://www.topuniversities.com/universities/university-hong-kong,https://www.topuniversities.com/sites/default/files/250912101330am198735HKUcolour-low-resolution-90x90.jpg,78.5,=38,87.8,151+,71.8,151+,77.2,38
34,34,Peking University,China (Mainland),Beijing,Asia,77.6,https://www.topuniversities.com/universities/peking-university,https://www.topuniversities.com/sites/default/files/peking-university_50_medium.jpg,84.8,11,89.1,=150,68.9,151+,72.7,69
35,35,The University of Warwick,United Kingdom,Coventry,Europe,77.4,https://www.topuniversities.com/universities/university-warwick,https://www.topuniversities.com/sites/default/files/240325030130pm310608Warwick-logo-90x90.jpg,71.5,=94,91.4,=87,72.4,151+,79.2,31
=36,36,University of Michigan-Ann Arbor,United States,Ann Arbor,North America,77.2,https://www.topuniversities.com/universities/university-michigan-ann-arbor,https://www.topuniversities.com/sites/default/files/university-of-michigan_403_medium.jpg,69.6,112,87.1,151+,69.2,151+,81.4,29
=36,37,University of Navarra,Spain,Pamplona,Europe,77.2,https://www.topuniversities.com/universities/university-navarra,https://www.topuniversities.com/sites/default/files/230606111821am961353marcaunav-rojo-1x1-90x90.jpg,68.5,=121,82.4,151+,68.1,151+,83.2,25
=36,38,University of St.Gallen,Switzerland,St. Gallen,Europe,77.2,https://www.topuniversities.com/universities/university-stgallen,https://www.topuniversities.com/sites/default/files/220202052805pm846901HSG-Bildmarke-RGB-90x90.jpg,68.6,=117,93,=49,77.4,=53,79.1,32
39,39,Singapore Management University,Singapore,Singapore,Asia,77.1,https://www.topuniversities.com/universities/singapore-management-university,https://www.topuniversities.com/sites/default/files/singapore-management-university_1177_medium.jpg,66,151+,81.2,151+,69.3,151+,84.4,21
40,40,ESCP Business School - Paris,France,Paris,Europe,77,https://www.topuniversities.com/universities/escp-business-school-paris,https://www.topuniversities.com/sites/default/files/escp-business-school-paris_592560cf2aeae70239af4b44_medium.jpg,71.8,=87,84.9,151+,89.6,5,76,41
41,41,The University of Manchester,United Kingdom,Manchester,Europe,76.8,https://www.topuniversities.com/universities/university-manchester,https://www.topuniversities.com/sites/default/files/the-university-of-manchester_389_medium.jpg,74.9,=59,94.4,=20,72.3,151+,75.4,47
=42,42,The University of Melbourne,Australia,Melbourne,Oceania,76.7,https://www.topuniversities.com/universities/university-melbourne,https://www.topuniversities.com/sites/default/files/211118103607am165180PRIMARY-A-A4-Vertical-Housed-RGB-200px-90x90.jpg,79.2,33,90.9,=103,69.7,151+,73.8,58
=42,43,University of British Columbia,Canada,Vancouver,North America,76.7,https://www.topuniversities.com/universities/university-british-columbia,https://www.topuniversities.com/sites/default/files/university-of-british-columbia_70_medium.jpg,82.2,20,80.9,151+,68.1,151+,74.3,54
=44,44,McGill University,Canada,Montreal,North America,76.6,https://www.topuniversities.com/universities/mcgill-university,https://www.topuniversities.com/sites/default/files/250528065103pm337251shield-McGill-red-200x200px-90x90.jpg,78.7,37,84.1,151+,69.2,151+,75.3,48
=44,45,"University of California, Los Angeles (UCLA)",United States,Los Angeles,North America,76.6,https://www.topuniversities.com/universities/university-california-los-angeles-ucla,https://www.topuniversities.com/sites/default/files/university-of-california-los-angeles-ucla_87_medium.jpg,80.3,=26,79.6,151+,69.2,151+,75.2,=49
46,46,Shanghai Jiao Tong University,China (Mainland),Shanghai,Asia,75.8,https://www.topuniversities.com/universities/shanghai-jiao-tong-university,https://www.topuniversities.com/sites/default/files/shanghai-jiao-tong-university_556_medium.jpg,77.2,=46,92.9,=55,71.1,151+,72.4,70
47,47,Indian Institute of Management (IIM) - Calcutta,India,Kolkata,Asia,75.7,https://www.topuniversities.com/universities/indian-institute-management-iim-calcutta,https://www.topuniversities.com/sites/default/files/indian-institute-of-management-iim-calcutta_592560cf2aeae70239af5204_medium.jpg,78.3,41,78.2,151+,67.7,151+,75.2,=49
48,48,The University of New South Wales (UNSW Sydney),Australia,Sydney,Oceania,75.4,https://www.topuniversities.com/universities/university-new-south-wales-unsw-sydney,https://www.topuniversities.com/sites/default/files/221220094647am317557UNSW-Sydney-Logo-jpeg-90x90.jpg,74,=66,94.4,=20,71,151+,73.3,59
49,49,Seoul National University,South Korea,Seoul,Asia,75.2,https://www.topuniversities.com/universities/seoul-national-university,https://www.topuniversities.com/sites/default/files/graduate-school-of-business-seoul-national-university_553_medium.jpg,78.9,35,82.7,151+,66.5,151+,73.2,=60
50,50,Korea University,South Korea,Seoul,Asia,74.9,https://www.topuniversities.com/universities/korea-university,https://www.topuniversities.com/sites/default/files/korea-university_325_medium.jpg,73.3,69,84.4,151+,69.3,151+,75,=51
51,51,Yonsei University,South Korea,Seoul,Asia,74.7,https://www.topuniversities.com/universities/yonsei-university,https://www.topuniversities.com/sites/default/files/yonsei-university_688_medium.jpg,72.6,=77,90.9,=103,74.3,151+,72.8,=67
52,52,The Hong Kong Polytechnic University,Hong Kong SAR,Hong Kong,Asia,74.6,https://www.topuniversities.com/universities/hong-kong-polytechnic-university,https://www.topuniversities.com/sites/default/files/the-hong-kong-polytechnic-university_267_medium.jpg,65.8,151+,98.6,3,75.4,=103,75,=51
53,53,The Chinese University of Hong Kong (CUHK),Hong Kong SAR,Hong Kong,Asia,74.5,https://www.topuniversities.com/universities/chinese-university-hong-kong-cuhk,https://www.topuniversities.com/sites/default/files/230719090304am589775CUHK-acronym-logo-thumb-200x200%20%281%29.jpg,71.2,98,83.6,151+,70.2,151+,75.5,=43
54,54,The University of Sydney,Australia,Sydney,Oceania,74.4,https://www.topuniversities.com/universities/university-sydney,https://www.topuniversities.com/sites/default/files/the-university-of-sydney_592560cf2aeae70239af4cd0_medium.jpg,75.1,58,94,=28,71,151+,70.8,80
=55,55,Pennsylvania State University,United States,University Park,North America,74.3,https://www.topuniversities.com/universities/pennsylvania-state-university,https://www.topuniversities.com/sites/default/files/pennsylvania-state-university_494_medium.jpg,71.5,=94,93.2,=46,70.1,151+,73.1,=62
=55,56,University of Texas at Austin,United States,Austin,North America,74.3,https://www.topuniversities.com/universities/university-texas-austin,https://www.topuniversities.com/sites/default/files/university-of-texas-at-austin_604_medium.jpg,72.3,=80,86.4,151+,69.6,151+,74,55
=57,57,Fudan University,China (Mainland),Shanghai,Asia,74.2,https://www.topuniversities.com/universities/fudan-university,https://www.topuniversities.com/sites/default/files/fudan-university_218_medium.jpg,77.1,49,89.5,=138,72.3,151+,69.7,87
=57,58,Monash University,Australia,Melbourne,Oceania,74.2,https://www.topuniversities.com/universities/monash-university,https://www.topuniversities.com/sites/default/files/monash-university_412_medium.jpg,74.3,63,96.6,=7,72.9,151+,70,=84
59,59,Luiss University,Italy,Rome,Europe,74.1,https://www.topuniversities.com/universities/luiss-university,https://www.topuniversities.com/sites/default/files/260202103306am481275Luiss-UniversitaDiRoma-ML-POS-COL-PANTONE-90x90.jpg,72.8,=73,85.9,151+,72.4,151+,72.9,66
60,60,Duke University,United States,Durham,North America,74,https://www.topuniversities.com/universities/duke-university,https://www.topuniversities.com/sites/default/files/duke-university_168_medium.jpg,70.5,105,82.4,151+,68.1,151+,75.5,=43
=61,61,ETH Zurich,Switzerland,Zürich,Europe,73.8,https://www.topuniversities.com/universities/eth-zurich,https://www.topuniversities.com/sites/default/files/eth-zurich-swiss-federal-institute-of-technology_201_medium.jpg,81.2,23,86.4,151+,75.2,=114,66.5,119
=61,62,Universidad de los Andes,Colombia,Bogotá,Latin America,73.8,https://www.topuniversities.com/universities/universidad-de-los-andes,https://www.topuniversities.com/sites/default/files/universidad-de-los-andes_592560cf2aeae70239af4bf6_medium.jpg,77.2,=46,73.8,151+,63.5,151+,73.9,=56
63,63,Oxford Brookes University,United Kingdom,Oxford,Europe,73.5,https://www.topuniversities.com/universities/oxford-brookes-university,https://www.topuniversities.com/sites/default/files/oxford-brookes-university_592560cf2aeae70239af4c61_medium.jpg,76.2,54,78.2,151+,67.1,151+,72.3,71
=64,64,Pontificia Universidad Católica de Chile (UC),Chile,Santiago,Latin America,73.1,https://www.topuniversities.com/universities/pontificia-universidad-católica-de-chile-uc,https://www.topuniversities.com/sites/default/files/pontificia-universidad-catlica-de-chile-uc_107_medium.jpg,77.7,=43,74.6,151+,65.5,151+,71.5,77
=64,65,emlyon business school,France,LYON,Europe,73.1,https://www.topuniversities.com/universities/emlyon-business-school,https://www.topuniversities.com/sites/default/files/211005052214pm924585emlyon-logo-seul-cmjn-90x90.jpg,63.7,151+,89.7,=129,75.7,=95,74.8,53
=66,66,King's College London,United Kingdom,London,Europe,73,https://www.topuniversities.com/universities/kings-college-london,https://www.topuniversities.com/sites/default/files/231024034600pm558869KCL-box-red-485-rgb-90x90.jpg,74.8,62,93.4,=38,73.1,151+,67.9,=96
=66,67,Politecnico di Milano,Italy,"Milan,",Europe,73,https://www.topuniversities.com/universities/politecnico-di-milano,https://www.topuniversities.com/sites/default/files/260325021911pm966918POLIMI-logo-200x200-v2--90x90.jpg,75.8,56,93.9,=32,70.7,151+,67.5,=102
68,68,UCL,United Kingdom,London,Europe,72.9,https://www.topuniversities.com/universities/ucl,https://www.topuniversities.com/sites/default/files/240209111134am850728QS-UCL-icon-90x90.jpg,78.4,40,87.3,151+,67.2,151+,67.9,=96
69,69,WU (Vienna University of Economics and Business),Austria,Vienna,Europe,72.8,https://www.topuniversities.com/universities/wu-vienna-university-economics-business,https://www.topuniversities.com/sites/default/files/wu-vienna-university-of-economics-and-business_592560cf2aeae70239af4d89_medium.jpg,56.1,151+,88,151+,70.1,151+,80.4,30
70,70,Carnegie Mellon University,United States,Pittsburgh,North America,72.7,https://www.topuniversities.com/universities/carnegie-mellon-university,https://www.topuniversities.com/sites/default/files/carnegie-mellon-university_101_medium.jpg,70.6,=102,84.4,151+,72.2,151+,71.8,74
71,71,Indian Institute of Technology Delhi (IITD),India,New Delhi,Asia,72.6,https://www.topuniversities.com/universities/indian-institute-technology-delhi-iitd,https://www.topuniversities.com/sites/default/files/indian-institute-of-technology-delhi-iitd_282_medium.jpg,83.7,=16,90.9,=103,74.9,=130,61.9,151+
72,72,The University of Tokyo,Japan,Tokyo,Asia,72.5,https://www.topuniversities.com/universities/university-tokyo,https://www.topuniversities.com/sites/default/files/the-university-of-tokyo_615_medium.jpg,83.2,18,77.5,151+,61.8,151+,67.2,=108
=73,73,City University of Hong Kong (CityUHK),Hong Kong SAR,"Kowloon,",Asia,72.4,https://www.topuniversities.com/universities/city-university-hong-kong-cityuhk,https://www.topuniversities.com/sites/default/files/240301064743am994206logo-90x90.jpg,66.6,=143,92.3,=66,72.3,151+,72,73
=73,74,Stockholm School of Economics,Sweden,"Stockholm,",Europe,72.4,https://www.topuniversities.com/universities/stockholm-school-economics,https://www.topuniversities.com/sites/default/files/stockholm-school-of-economics_576_medium.jpg,58.7,151+,89.9,=122,73.9,151+,76.9,39
75,75,Indian Institute of Management (IIM) - Lucknow,India,Lucknow,Asia,72.2,https://www.topuniversities.com/universities/indian-institute-management-iim-lucknow,https://www.topuniversities.com/sites/default/files/indian-institute-of-management-iim-lucknow_592560cf2aeae70239af51f3_medium.jpg,76,55,82.7,151+,73.8,151+,67.5,=102
76,76,Western University,Canada,London,North America,72.1,https://www.topuniversities.com/universities/western-university,https://www.topuniversities.com/sites/default/files/the-university-of-western-ontario_674_medium.jpg,66.6,=143,85.9,151+,70.9,151+,72.8,=67
77,77,University of Leeds,United Kingdom,Leeds,Europe,71.9,https://www.topuniversities.com/universities/university-leeds,https://www.topuniversities.com/sites/default/files/250929041939pm876425Logo-200x200-v2-90x90.jpg,69.7,=110,96.6,=7,73.4,151+,67.9,=96
78,78,Indian Institute of Management (IIM) - Kozhikode,India,Kozhikode,Asia,71.5,https://www.topuniversities.com/universities/indian-institute-management-iim-kozhikode,https://www.topuniversities.com/sites/default/files/indian-institute-of-management-iim-kozhikode_592560cf2aeae70239af51f4_medium.jpg,71,100,85.4,151+,77.9,48,67.8,=99
=79,79,Boston University,United States,Boston,North America,71.4,https://www.topuniversities.com/universities/boston-university,https://www.topuniversities.com/sites/default/files/boston-university_592560cf2aeae70239af4ac2_medium.jpg,72.1,84,83.9,151+,73.1,151+,68.1,=94
=79,80,Zhejiang University,China (Mainland),Hangzhou,Asia,71.4,https://www.topuniversities.com/universities/zhejiang-university,https://www.topuniversities.com/sites/default/files/zhejiang-university_592560cf2aeae70239af4d37_medium.jpg,74.9,=59,93.4,=38,71.9,151+,64.8,=138
81,81,Princeton University,United States,Princeton,North America,71.3,https://www.topuniversities.com/universities/princeton-university,https://www.topuniversities.com/sites/default/files/princeton-university_508_medium.jpg,80.3,=26,70.8,151+,68.3,151+,66.6,118
=82,82,Arizona State University,United States,Tempe,North America,71.2,https://www.topuniversities.com/universities/arizona-state-university,https://www.topuniversities.com/sites/default/files/arizona-state-university_592560cf2aeae70239af4a9c_medium.jpg,65,151+,89.7,=129,68.9,151+,71.7,=75
=82,83,University of Bath,United Kingdom,Bath,Europe,71.2,https://www.topuniversities.com/universities/university-bath,https://www.topuniversities.com/sites/default/files/university-of-bath_47_medium.jpg,66.6,=143,91.4,=87,73.4,151+,69.5,=89
84,84,Indian Institute of Technology Bombay (IITB),India,Mumbai,Asia,71.1,https://www.topuniversities.com/universities/indian-institute-technology-bombay-iitb,https://www.topuniversities.com/sites/default/files/indian-institute-of-technology-bombay-iitb_281_medium.jpg,83.8,15,75.9,151+,67.2,151+,63.2,151+
=85,85,Australian National University (ANU),Australia,Canberra,Oceania,71,https://www.topuniversities.com/universities/australian-national-university-anu,https://www.topuniversities.com/sites/default/files/251223044806am137327ANU-Crest-Inversed-Gold200x200-90x90.jpg,73,71,86.4,151+,66.9,151+,67.5,=102
=85,86,Université de Montréal,Canada,Montreal,North America,71,https://www.topuniversities.com/universities/universite-de-montreal,https://www.topuniversities.com/sites/default/files/universit-de-montral_417_medium.jpg,62.6,151+,87.6,151+,69.8,151+,73,=64
87,87,Texas A&M University,United States,College Station,North America,70.9,https://www.topuniversities.com/universities/texas-am-university,https://www.topuniversities.com/sites/default/files/texas-am-university_592560cf2aeae70239af4ce2_medium.jpg,67.4,128,92.9,=55,73,151+,68.1,=94
=88,88,Fundação Getulio Vargas (FGV),Brazil,Rio de Janeiro,Latin America,70.8,https://www.topuniversities.com/universities/fundacao-getulio-vargas-fgv,https://www.topuniversities.com/sites/default/files/fundao-getulio-vargas-fgv_206_medium.jpg,59.7,151+,84.7,151+,66.9,151+,75.5,=43
=88,89,University of Southern California,United States,Los Angeles,North America,70.8,https://www.topuniversities.com/universities/university-southern-california,https://www.topuniversities.com/sites/default/files/university-of-southern-california_569_medium.jpg,64.2,151+,85.7,151+,70.8,151+,71.7,=75
90,90,EDHEC Business School,France,Lille,Europe,70.7,https://www.topuniversities.com/universities/edhec-business-school,https://www.topuniversities.com/sites/default/files/251128040531pm935341logo-carr%C3%A9-EDHEC-90x90.jpg,66.1,151+,85.2,151+,75.3,=110,69.6,88
=91,91,Technical University of Munich,Germany,Munich,Europe,70.6,https://www.topuniversities.com/universities/technical-university-munich,https://www.topuniversities.com/sites/default/files/technical-university-of-munich_599_medium.jpg,72.6,=77,86.2,151+,68.1,151+,66.8,=114
=91,92,Universidad Adolfo Ibáñez,Chile,Santiago,Latin America,70.6,https://www.topuniversities.com/universities/universidad-adolfo-ibanez,https://www.topuniversities.com/sites/default/files/universidad-adolfo-ibez-_11_medium.jpg,68.7,116,77.9,151+,71.9,151+,70,=84
=93,93,The University of Queensland,Australia,Brisbane City,Oceania,70.5,https://www.topuniversities.com/universities/university-queensland,https://www.topuniversities.com/sites/default/files/210824044126am970441uq-logo-90x90.jpg,68.6,=117,95.3,13,72.3,151+,66.4,=120
=93,94,Universidade de São Paulo,Brazil,São Paulo,Latin America,70.5,https://www.topuniversities.com/universities/universidade-de-sao-paulo,https://www.topuniversities.com/sites/default/files/universidade-de-so-paulo_550_medium.jpg,72.6,=77,87.3,151+,65.7,151+,66.8,=114
=93,95,University of Amsterdam,Netherlands,Amsterdam,Europe,70.5,https://www.topuniversities.com/universities/university-amsterdam,https://www.topuniversities.com/sites/default/files/240924020914pm288471UvA-logo-90x90.jpg,69.9,108,86.9,151+,69.4,151+,67.8,=99
96,96,Lancaster University,United Kingdom,"Lancaster,",Europe,70.3,https://www.topuniversities.com/universities/lancaster-university,https://www.topuniversities.com/sites/default/files/lancaster-university_335_medium.jpg,59.3,151+,94.7,=17,74.6,=144,71.2,79
97,97,Georgia Institute of Technology,United States,Atlanta,North America,70.2,https://www.topuniversities.com/universities/georgia-institute-technology,https://www.topuniversities.com/sites/default/files/250219111124am560242GTVertical-CMYK-90x90.jpg,71.9,86,82.7,151+,69.5,151+,66.9,=111
98,98,INCAE Business School,Costa Rica,La Garita,Latin America,70.1,https://www.topuniversities.com/universities/incae-business-school,https://www.topuniversities.com/sites/default/files/incae-business-school_592560cf2aeae70239af5799_medium.jpg,61.2,151+,65.3,151+,59.8,151+,78.5,35
99,99,IMD,Switzerland,Lausanne,Europe,69.9,https://www.topuniversities.com/universities/imd,https://www.topuniversities.com/sites/default/files/240821014727pm413862IMD-Logo-White-on-Blue-square-safe-space-RGB-90x90.jpg,61.6,151+,68.6,151+,67.7,151+,75.6,42
100,100,Universidad de Chile,Chile,Santiago,Latin America,69.7,https://www.topuniversities.com/universities/universidad-de-chile,https://www.topuniversities.com/sites/default/files/universidad-de-chile_121_medium.jpg,72.3,=80,77.5,151+,67.8,151+,66.9,=111
101,101,Durham University,United Kingdom,Durham,Europe,69.6,https://www.topuniversities.com/universities/durham-university,https://www.topuniversities.com/sites/default/files/durham-university_170_medium.jpg,69.7,=110,92,=75,74.9,=130,64,147
102,102,National Taiwan University (NTU),Taiwan,Taipei,Asia,69.5,https://www.topuniversities.com/universities/national-taiwan-university-ntu,https://www.topuniversities.com/sites/default/files/national-taiwan-university-ntu_592560cf2aeae70239af4c3c_medium.jpg,74.1,=64,84.1,151+,70.9,151+,63.5,151+
103,103,Aalto University,Finland,Espoo (Helsinki capital region),Europe,69.4,https://www.topuniversities.com/universities/aalto-university,https://www.topuniversities.com/sites/default/files/230913111738am272302Aalto-University-logo-200x200-90x90.jpg,53.6,151+,93,=49,74.1,151+,73.2,=60
=104,104,Universiti Malaya (UM),Malaysia,Kuala Lumpur,Asia,69.2,https://www.topuniversities.com/universities/universiti-malaya-um,https://www.topuniversities.com/sites/default/files/universiti-malaya-um_383_medium.jpg,67.1,=134,92,=75,69.9,151+,65.8,=127
=104,105,Universität Mannheim,Germany,Mannheim,Europe,69.2,https://www.topuniversities.com/universities/universitat-mannheim,https://www.topuniversities.com/sites/default/files/universitt-mannheim_592560cf2aeae70239af4c0b_medium.jpg,60,151+,78.6,151+,68.3,151+,73.1,=62
=106,106,Michigan State University,United States,East Lansing,North America,69.1,https://www.topuniversities.com/universities/michigan-state-university,https://www.topuniversities.com/sites/default/files/michigan-state-university_402_medium.jpg,61,151+,90.1,=119,71.6,151+,69.2,91
=106,107,Universidad Nacional Autónoma de México  (UNAM),Mexico,Mexico City,Latin America,69.1,https://www.topuniversities.com/universities/universidad-nacional-autonoma-de-mexico-unam,https://www.topuniversities.com/sites/default/files/universidad-nacional-autnoma-de-mxico-unam_425_medium.jpg,77.7,=43,69.7,151+,58.9,151+,65.8,=127
108,108,University of Washington,United States,Seattle,North America,69,https://www.topuniversities.com/universities/university-washington,https://www.topuniversities.com/sites/default/files/240709093150am256263W-Logo-Purple-RGB-resized-90x90.jpg,65.2,151+,88.7,151+,77,=59,65.7,130
=109,109,The University of Edinburgh,United Kingdom,Edinburgh,Europe,68.9,https://www.topuniversities.com/universities/university-edinburgh,https://www.topuniversities.com/sites/default/files/the-university-of-edinburgh_180_medium.jpg,74.9,=59,87.8,151+,70.1,151+,61.2,151+
=109,110,Waseda University,Japan,Tokyo,Asia,68.9,https://www.topuniversities.com/universities/waseda-university,https://www.topuniversities.com/sites/default/files/waseda-university_592560cf2aeae70239af4d1c_medium.jpg,72.8,=73,73.3,151+,63.2,151+,66.8,=114
111,111,University of Florida,United States,Gainesville,North America,68.7,https://www.topuniversities.com/universities/university-florida,https://www.topuniversities.com/sites/default/files/university-of-florida_212_medium.jpg,59.3,151+,87.3,151+,69.7,151+,70.5,81
=112,112,Management and Science University,Malaysia,Shah Alam,Asia,68.6,https://www.topuniversities.com/universities/management-science-university,https://www.topuniversities.com/sites/default/files/management-and-science-university_22618_medium.jpg,67.8,127,74.6,151+,70.1,151+,67.5,=102
=112,113,The University of Auckland,New Zealand,Auckland,Oceania,68.6,https://www.topuniversities.com/universities/university-auckland,https://www.topuniversities.com/sites/default/files/221206065357am877738QS-Website-logo-01-90x90.jpg,68.6,=117,94.2,=24,73.8,151+,62.5,151+
=114,114,"Babson College, F.W. Olin Graduate School of Business",United States,Wellesley,North America,68.5,https://www.topuniversities.com/universities/babson-college-fw-olin-graduate-school-business,https://www.topuniversities.com/sites/default/files/220404025748pm977408BabsonWordmark-S-green-jpg-logo-90x90.jpg,53.9,151+,87.8,151+,75.3,=110,72.1,72
=114,115,"City St George’s, University of London",United Kingdom,London,Europe,68.5,https://www.topuniversities.com/universities/city-st-georges-university-london,https://www.topuniversities.com/sites/default/files/250714100347am877855240911011532pm115235Picture1-200x200-90x90.jpg,59.4,151+,88.7,151+,73.3,151+,69,92
=114,116,"Macquarie University (Sydney, Australia)",Australia,Sydney,Oceania,68.5,https://www.topuniversities.com/universities/macquarie-university-sydney-australia,https://www.topuniversities.com/sites/default/files/macquarie-university_378_medium.jpg,66,151+,94,=28,73.8,151+,63.9,=148
117,117,Tilburg University,Netherlands,Tilburg,Europe,68.4,https://www.topuniversities.com/universities/tilburg-university,https://www.topuniversities.com/sites/default/files/tilburg-university_592560cf2aeae70239af4ce5_medium.jpg,52.9,151+,89.3,=146,70.6,151+,73,=64
118,118,Adelaide University,Australia,Adelaide,Oceania,68.3,https://www.topuniversities.com/universities/adelaide-university,https://www.topuniversities.com/sites/default/files/251230064220am949573AU-stacked-300x300-90x90.jpg,71.7,=89,93.9,=32,72.4,151+,60.3,151+
119,119,Universidade Nova de Lisboa,Portugal,Lisbon,Europe,68.1,https://www.topuniversities.com/universities/universidade-nova-de-lisboa,https://www.topuniversities.com/sites/default/files/250708114440am556961NOVA-logo-square-90x90.jpg,60.9,151+,88.9,151+,72.4,151+,67.3,=106
120,120,KU Leuven,Belgium,Leuven,Europe,68,https://www.topuniversities.com/universities/ku-leuven,https://www.topuniversities.com/sites/default/files/ku-leuven_592560cf2aeae70239af4aec_medium.jpg,68,126,90.9,=103,69.1,151+,63.1,151+
=121,121,BI Norwegian Business School,Norway,Oslo,Europe,67.9,https://www.topuniversities.com/universities/bi-norwegian-business-school,https://www.topuniversities.com/sites/default/files/bi-norwegian-business-school_592560cf2aeae70239af4abb_medium.jpg,44.2,151+,88.7,151+,80,=27,75.5,=43
=121,122,University of Technology Sydney,Australia,Sydney,Oceania,67.9,https://www.topuniversities.com/universities/university-technology-sydney,https://www.topuniversities.com/sites/default/files/university-of-technology-sydney_592560cf2aeae70239af4ccf_medium.jpg,66.2,151+,94,=28,71.3,151+,63.1,151+
=123,123,Purdue University,United States,West Lafayette,North America,67.8,https://www.topuniversities.com/universities/purdue-university,https://www.topuniversities.com/sites/default/files/230619052213pm191066PU-SIG-Logo-RGB--PU-V-Full-RGB-90x90.jpg,66.6,=143,86.4,151+,68.7,151+,64.7,140
=123,124,WHU - Otto Beisheim School of Management ,Germany,Vallendar,Europe,67.8,https://www.topuniversities.com/universities/whu-otto-beisheim-school-management,https://www.topuniversities.com/sites/default/files/Design-ohne-Titel-90x90.jpg,57.1,151+,82.7,151+,72.2,151+,70.3,82
125,125,University of Minnesota (System),United States,Minneapolis,North America,67.7,https://www.topuniversities.com/universities/university-minnesota-system,https://www.topuniversities.com/sites/default/files/university-of-minnesota_408_medium.jpg,54.6,151+,90.5,=109,71.7,151+,70.1,83
=126,126,Alma Mater Studiorum - Università di Bologna,Italy,Bologna,Europe,67.6,https://www.topuniversities.com/universities/alma-mater-studiorum-universita-di-bologna,https://www.topuniversities.com/sites/default/files/240304015357pm262606Unibo-200X200-90x90.jpg,66.3,151+,92.5,=64,70.9,151+,62.7,151+
=126,127,University of Birmingham,United Kingdom,Birmingham,Europe,67.6,https://www.topuniversities.com/universities/university-birmingham,https://www.topuniversities.com/sites/default/files/university-of-birmingham_59_medium.jpg,65.7,151+,93.4,=38,73.2,151+,62.5,151+
=126,128,University of Illinois Urbana-Champaign,United States,Champaign,North America,67.6,https://www.topuniversities.com/universities/university-illinois-urbana-champaign,https://www.topuniversities.com/sites/default/files/250319093914am927515Illinois-Logo-Full-Color-200x200-90x90.jpg,66.6,=143,87.6,151+,67.9,151+,64.2,=143
=126,129,University of North Carolina at Chapel Hill,United States,Chapel Hill,North America,67.6,https://www.topuniversities.com/universities/university-north-carolina-chapel-hill,https://www.topuniversities.com/sites/default/files/251009050439pm793541SOEBlueLogo-200x200-Vertical-Resized-90x90.jpg,60.9,151+,81.2,151+,70.2,151+,68.4,93
=126,130,University of Virginia,United States,Charlottesville,North America,67.6,https://www.topuniversities.com/universities/university-virginia,https://www.topuniversities.com/sites/default/files/university-of-virginia_656_medium.jpg,62.7,151+,83.6,151+,73,151+,66.3,=122
=131,131,Indiana University Bloomington,United States,Bloomington,North America,67.4,https://www.topuniversities.com/universities/indiana-university-bloomington,https://www.topuniversities.com/sites/default/files/indiana-university-bloomington_289_medium.jpg,50.4,151+,92.3,=66,73.9,151+,71.3,78
=131,132,Universidad Austral,Argentina,Pilar,Latin America,67.4,https://www.topuniversities.com/universities/universidad-austral,https://www.topuniversities.com/sites/default/files/universidad-austral_38_medium.jpg,67.3,=129,69.1,151+,65.2,151+,67.6,101
=131,133,University of Alberta,Canada,"Edmonton,",North America,67.4,https://www.topuniversities.com/universities/university-alberta,https://www.topuniversities.com/sites/default/files/240306052437pm316638378168-RankingLogo-QS-200x200px-90x90.jpg,65.4,151+,83.3,151+,70.3,151+,64.8,=138
=134,134,Hitotsubashi University,Japan,Tokyo,Asia,67.3,https://www.topuniversities.com/universities/hitotsubashi-university,https://www.topuniversities.com/sites/default/files/hitotsubashi-university-business-school-school-of-international-corporate-strategy_592560cf2aeae70239af4b8d_medium.jpg,66,151+,66,151+,59,151+,70,=84
=134,135,"Trinity College Dublin, The University of Dublin",Ireland,Dublin,Europe,67.3,https://www.topuniversities.com/universities/trinity-college-dublin-university-dublin,https://www.topuniversities.com/sites/default/files/trinity-college-dublin-the-university-of-dublin_167_medium.jpg,70.1,106,85.7,151+,70.2,151+,61.3,151+
136,136,Dartmouth College,United States,Hanover,North America,67.1,https://www.topuniversities.com/universities/dartmouth-college,https://www.topuniversities.com/sites/default/files/dartmouth-college_592560cf2aeae70239af4b1c_medium.jpg,61,151+,79.3,151+,74.2,151+,66.8,=114
137,137,EPFL – École polytechnique fédérale de Lausanne,Switzerland,Lausanne,Europe,67,https://www.topuniversities.com/universities/epfl-ecole-polytechnique-federale-de-lausanne,https://www.topuniversities.com/sites/default/files/epfl-ecole-polytechnique-federale-de-lausanne_592560cf2aeae70239af4b34_medium.jpg,76.8,50,73.8,151+,72.9,151+,58.6,151+
138,138,Keio University,Japan,Tokyo,Asia,66.9,https://www.topuniversities.com/universities/keio-university,https://www.topuniversities.com/sites/default/files/keio-university_592560cf2aeae70239af4bbe_medium.jpg,71.8,=87,70.8,151+,64,151+,63.7,151+
=139,139,Cranfield University,United Kingdom,Bedford,Europe,66.8,https://www.topuniversities.com/universities/cranfield-university,https://www.topuniversities.com/sites/default/files/220318023223pm780246Cranf-logo-90x90.jpg,59.1,151+,87.6,151+,73.6,151+,65.9,126
=139,140,Renmin (People's) University of China,China (Mainland),Beijing,Asia,66.8,https://www.topuniversities.com/universities/renmin-peoples-university-china,https://www.topuniversities.com/sites/default/files/renmin-peoples-university-of-china_884_medium.jpg,63.8,151+,89.9,=122,70.1,151+,63.3,151+
=141,141,Cardiff University,United Kingdom,Cardiff,Europe,66.7,https://www.topuniversities.com/universities/cardiff-university,https://www.topuniversities.com/sites/default/files/241218121747pm405354CU-Logo-Cardiff-Logo-Red-100-90x90.jpg,60.7,151+,93.4,=38,72.9,151+,63.8,151+
=141,142,Universidad EAFIT,Colombia,Medellin,Latin America,66.7,https://www.topuniversities.com/universities/universidad-eafit,https://www.topuniversities.com/sites/default/files/universidad-eafit_592560cf2aeae70239af4d9b_medium.jpg,65.4,151+,70.8,151+,63.3,151+,67.3,=106
=141,143,University of Liverpool,United Kingdom,Liverpool,Europe,66.7,https://www.topuniversities.com/universities/university-liverpool,https://www.topuniversities.com/sites/default/files/university-of-liverpool_350_medium.jpg,63.9,151+,93,=49,73.7,151+,61.7,151+
=144,144,Taylor's University,Malaysia,Kuala Lumpur,Asia,66.6,https://www.topuniversities.com/universities/taylors-university,https://www.topuniversities.com/sites/default/files/taylors-university_592560cf2aeae70239af57af_medium.jpg,60.7,151+,86.4,151+,71.3,151+,65.2,133
=144,145,University of Nottingham,United Kingdom,Nottingham,Europe,66.6,https://www.topuniversities.com/universities/university-nottingham,https://www.topuniversities.com/sites/default/files/240606102649am426810UoN-NottinghamBlue-CastleBox-RGB-90x90.jpg,65,151+,89.7,=129,71.9,151+,61.8,151+
=144,146,York University,Canada,Toronto,North America,66.6,https://www.topuniversities.com/universities/york-university,https://www.topuniversities.com/sites/default/files/york-university_592560cf2aeae70239af4d39_medium.jpg,59.4,151+,86.9,151+,69.6,151+,66.2,=124
=147,147,Queen's University at Kingston,Canada,Kingston,North America,66.5,https://www.topuniversities.com/universities/queens-university-kingston,https://www.topuniversities.com/sites/default/files/queens-university-at-kingston_513_medium.jpg,72.2,83,76.7,151+,67.1,151+,61,151+
=147,148,Swansea University,United Kingdom,Swansea,Europe,66.5,https://www.topuniversities.com/universities/swansea-university,https://www.topuniversities.com/sites/default/files/220308050407pm529761Swansea-Uni-logo-200x200-photo-90x90.jpg,57.2,151+,97,5,83.2,=11,62.7,151+
=147,149,Universidad de Buenos Aires (UBA),Argentina,Buenos Aires,Latin America,66.5,https://www.topuniversities.com/universities/universidad-de-buenos-aires-uba,https://www.topuniversities.com/sites/default/files/universidad-de-buenos-aires-uba_78_medium.jpg,78.5,=38,59.7,151+,53.2,151+,63.4,151+
=150,150,Indian Institute of Technology Kharagpur (IIT-KGP),India,Kharagpur,Asia,66.4,https://www.topuniversities.com/universities/indian-institute-technology-kharagpur-iit-kgp,https://www.topuniversities.com/sites/default/files/indian-institute-of-technology-kharagpur-iit-kgp_285_medium.jpg,77.5,45,89.5,=138,71.7,151+,54,151+
=150,151,Pontificia Universidad Javeriana,Colombia,Bogotá,Latin America,66.4,https://www.topuniversities.com/universities/pontificia-universidad-javeriana,https://www.topuniversities.com/sites/default/files/pontificia-universidad-javeriana_592560cf2aeae70239af514a_medium.jpg,74,=66,70.8,151+,65.6,151+,61.1,151+
=150,152,RMIT University,Australia,Melbourne,Oceania,66.4,https://www.topuniversities.com/universities/rmit-university,https://www.topuniversities.com/sites/default/files/rmit-university_592560cf2aeae70239af4c95_medium.jpg,65.5,151+,92.9,=55,70.5,151+,60.9,151+
151-200,153,Abu Dhabi University,United Arab Emirates,Abu Dhabi,Asia,n/a,https://www.topuniversities.com/universities/abu-dhabi-university,https://www.topuniversities.com/sites/default/files/250227042852am570201Logo-ADU-90x90.jpg,56.9,151+,87.1,151+,80.2,26,60.8,151+
151-200,154,American University of Beirut (AUB),Lebanon,Beirut,Asia,n/a,https://www.topuniversities.com/universities/american-university-beirut-aub,https://www.topuniversities.com/sites/default/files/230707125949pm449470AUB-Profile-Photo-only%5B99%5D-90x90.jpg,68.8,115,74.2,151+,70.7,151+,57.9,151+
151-200,155,Aston University,United Kingdom,Birmingham,Europe,n/a,https://www.topuniversities.com/universities/aston-university,https://www.topuniversities.com/sites/default/files/250909012709pm723207Untitled-design-90x90.jpg,52.1,151+,95,=14,76.7,=71,65.4,132
151-200,156,Audencia Business School,France,Nantes,Europe,n/a,https://www.topuniversities.com/universities/audencia-business-school,https://www.topuniversities.com/sites/default/files/audencia-business-school_592560cf2aeae70239af4db3_medium.jpg,54.7,151+,88.7,151+,76.7,=71,64.1,=145
151-200,157,Boston College,United States,Chestnut Hill,North America,n/a,https://www.topuniversities.com/universities/boston-college,https://www.topuniversities.com/sites/default/files/boston-college_723_medium.jpg,55.6,151+,84.1,151+,76,=85,64.9,=136
151-200,158,Delft University of Technology,Netherlands,Delft,Europe,n/a,https://www.topuniversities.com/universities/delft-university-technology,https://www.topuniversities.com/sites/default/files/241219075823am191478thumbnail-logo-voor-QS-90x90.jpg,72.9,72,85.7,151+,70,151+,54.8,151+
151-200,159,George Washington University,United States,Washington D.C.,North America,n/a,https://www.topuniversities.com/universities/george-washington-university,https://www.topuniversities.com/sites/default/files/george-washington-university_223_medium.jpg,61.1,151+,83.6,151+,70.2,151+,61.9,151+
151-200,160,Georgetown University,United States,Washington D.C.,North America,n/a,https://www.topuniversities.com/universities/georgetown-university,https://www.topuniversities.com/sites/default/files/220714055746am997087Georgetown-90x90.jpg,65.6,151+,75.9,151+,67.8,151+,63.9,=148
151-200,161,HSE University,Russia,Moscow,Europe,n/a,https://www.topuniversities.com/universities/hse-university,https://www.topuniversities.com/sites/default/files/220303011024pm152717HSE-logo-90x90.jpg,68.3,124,85.7,151+,64.6,151+,60.9,151+
151-200,162,Hanyang University,South Korea,Seoul,Asia,n/a,https://www.topuniversities.com/universities/hanyang-university,https://www.topuniversities.com/sites/default/files/hanyang-university_250_medium.jpg,65.7,151+,89.5,=138,74.1,151+,59.9,151+
151-200,163,Indian Institute of Management (IIM) - Indore,India,Indore,Asia,n/a,https://www.topuniversities.com/universities/indian-institute-management-iim-indore,https://www.topuniversities.com/sites/default/files/indian-institute-of-management-iim-indore_592560cf2aeae70239af51f5_medium.jpg,63.8,151+,84.1,151+,72,151+,61.4,151+
151-200,164,Indian Institute of Technology Kanpur (IITK),India,Kanpur,Asia,n/a,https://www.topuniversities.com/universities/indian-institute-technology-kanpur-iitk,https://www.topuniversities.com/sites/default/files/indian-institute-of-technology-kanpur-iitk_592560cf2aeae70239af4ba5_medium.jpg,80.2,28,71.3,151+,63.6,151+,53.2,151+
151-200,165,Indian Institute of Technology Madras (IITM),India,Chennai,Asia,n/a,https://www.topuniversities.com/universities/indian-institute-technology-madras-iitm,https://www.topuniversities.com/sites/default/files/indian-institute-of-technology-madras-iitm_286_medium.jpg,76.4,53,77.9,151+,66.1,151+,55.1,151+
151-200,166,Indian School of Business,India,Hyderabad,Asia,n/a,https://www.topuniversities.com/universities/indian-school-business,https://www.topuniversities.com/sites/default/files/indian-school-of-business_592560de9988f300e23206ba_medium.jpg,53.8,151+,78.2,151+,73.7,151+,66.4,=120
151-200,167,Institute of Science Tokyo,Japan,Tokyo,Asia,n/a,https://www.topuniversities.com/universities/institute-science-tokyo,https://www.topuniversities.com/sites/default/files/250205060513am175429Icon-for-Instagram%2C-Treads%2C-Facebook-320px-90x90.jpg,78.1,42,63.9,151+,62.8,151+,59.2,151+
151-200,168,"IÉSEG School of Management, Lille - Paris, France",France,Lille,Europe,n/a,https://www.topuniversities.com/universities/ieseg-school-management-lille-paris-france,https://www.topuniversities.com/sites/default/files/iseg-school-of-management-lille-paris-france_2447_medium.jpg,47.8,151+,89.9,=122,75.3,=110,67.1,110
151-200,169,Koç University,,,,n/a,https://www.topuniversities.com/universities/koc-university,https://www.topuniversities.com/sites/default/files/ko-university_592560cf2aeae70239af4d7e_medium.jpg,67.2,=132,70.8,151+,68.8,151+,60.6,151+
151-200,170,Kyoto University,Japan,Kyoto,Asia,n/a,https://www.topuniversities.com/universities/kyoto-university,https://www.topuniversities.com/sites/default/files/kyoto-university_328_medium.jpg,75.5,57,69.1,151+,60.2,151+,60.9,151+
151-200,171,Loughborough University,United Kingdom,Loughborough,Europe,n/a,https://www.topuniversities.com/universities/loughborough-university,https://www.topuniversities.com/sites/default/files/loughborough-university_592560cf2aeae70239af4bf3_medium.jpg,63.8,151+,92.2,=71,72.9,151+,58.6,151+
151-200,172,Ludwig-Maximilians-Universität München,Germany,Munich,Europe,n/a,https://www.topuniversities.com/universities/ludwig-maximilians-universitat-munchen,https://www.topuniversities.com/sites/default/files/ludwig-maximilians-universitt-mnchen_420_medium.jpg,66.2,151+,86.2,151+,69.7,151+,60.7,151+
151-200,173,Lund University,Sweden,Lund,Europe,n/a,https://www.topuniversities.com/universities/lund-university,https://www.topuniversities.com/sites/default/files/lund-university_371_medium.jpg,57.4,151+,89.3,=146,70.9,151+,63.2,151+
151-200,174,NEOMA Business School France,France,Paris,Europe,n/a,https://www.topuniversities.com/universities/neoma-business-school-france,https://www.topuniversities.com/sites/default/files/neoma-business-school-france_592560cf2aeae70239af4fae_medium.jpg,47.1,151+,94.7,=17,76.6,=73,66.9,=111
151-200,175,Nanjing University,China (Mainland),Nanjing,Asia,n/a,https://www.topuniversities.com/universities/nanjing-university,https://www.topuniversities.com/sites/default/files/nanjing-university_430_medium.jpg,68.6,=117,86.4,151+,71,151+,55.9,151+
151-200,176,Newcastle University,United Kingdom,Newcastle upon Tyne,Europe,n/a,https://www.topuniversities.com/universities/newcastle-university,https://www.topuniversities.com/sites/default/files/newcastle-university_592560cf2aeae70239af4c45_medium.jpg,65.4,151+,94.2,=24,74.4,151+,55.5,151+
151-200,177,Northeastern University,United States,Boston,North America,n/a,https://www.topuniversities.com/universities/northeastern-university,https://www.topuniversities.com/sites/default/files/northeastern-university_454_medium.jpg,52.9,151+,86.6,151+,75.4,=103,64.1,=145
151-200,178,O.P. Jindal Global University (JGU),India,Sonepat,Asia,n/a,https://www.topuniversities.com/universities/op-jindal-global-university-jgu,https://www.topuniversities.com/sites/default/files/o.p.-jindal-global-university_592560cf2aeae70239af5884_medium.jpg,58.2,151+,89.1,=150,73.5,151+,62.7,151+
151-200,179,Pontificia Universidad Catolica del Peru (PUCP),Peru,Lima,Latin America,n/a,https://www.topuniversities.com/universities/pontificia-universidad-catolica-del-peru-pucp,https://www.topuniversities.com/sites/default/files/210825042529am231772Isotipo-PUCP-200x200-90x90.jpg,67.1,=134,74.6,151+,62.7,151+,62.9,151+
151-200,180,Queensland University of Technology (QUT),Australia,Brisbane,Oceania,n/a,https://www.topuniversities.com/universities/queensland-university-technology-qut,https://www.topuniversities.com/sites/default/files/queensland-university-of-technology-qut_592560cf2aeae70239af4c88_medium.jpg,56,151+,94.4,=20,73.1,151+,61.4,151+
151-200,181,Sun Yat-sen University,China (Mainland),Guangzhou,Asia,n/a,https://www.topuniversities.com/universities/sun-yat-sen-university,https://www.topuniversities.com/sites/default/files/sun-yat-sen-university_888_medium.jpg,65.1,151+,93.4,=38,73.5,151+,56.1,151+
151-200,182,Sungkyunkwan University (SKKU),South Korea,Seoul,Asia,n/a,https://www.topuniversities.com/universities/sungkyunkwan-university-skku,https://www.topuniversities.com/sites/default/files/sungkyunkwan-universityskku_592560cf2aeae70239af4cc9_medium.jpg,65.1,151+,85.4,151+,71.1,151+,60.8,151+
151-200,183,The Ohio State University,United States,Columbus,North America,n/a,https://www.topuniversities.com/universities/ohio-state-university,https://www.topuniversities.com/sites/default/files/the-ohio-state-university_465_medium.jpg,59.9,151+,87.1,151+,71.1,151+,64.2,=143
151-200,184,The University of Georgia,United States,Athens,North America,n/a,https://www.topuniversities.com/universities/university-georgia,https://www.topuniversities.com/sites/default/files/the-university-of-georgia_227_medium.jpg,60,151+,90.5,=109,71.5,151+,60.8,151+
151-200,185,UCSI University,Malaysia,Kuala Lumpur,Asia,n/a,https://www.topuniversities.com/universities/ucsi-university,https://www.topuniversities.com/sites/default/files/ucsi-university_592560e09988f300e2320ce5_medium.jpg,55.3,151+,88,151+,82,=17,62.9,151+
151-200,186,Universidad Carlos III de Madrid (UC3M),Spain,Madrid,Europe,n/a,https://www.topuniversities.com/universities/universidad-carlos-iii-de-madrid-uc3m,https://www.topuniversities.com/sites/default/files/universidad-carlos-iii-de-madrid-uc3m_1509_medium.jpg,61.6,151+,75.5,151+,65.4,151+,65,=134
151-200,187,Universidad Nacional de Colombia,Colombia,Bogotá,Latin America,n/a,https://www.topuniversities.com/universities/universidad-nacional-de-colombia,https://www.topuniversities.com/sites/default/files/universidad-nacional-de-colombia_592560cf2aeae70239af4b0b_medium.jpg,72.7,=75,68,151+,59.8,151+,60,151+
151-200,188,Universidad Panamericana (UP),Mexico,Mexico City,Latin America,n/a,https://www.topuniversities.com/universities/universidad-panamericana,https://www.topuniversities.com/sites/default/files/220110044732pm195521Logo-QS-Hub-v2-90x90.jpg,64.2,151+,63.1,151+,59.7,151+,65.8,=127
151-200,189,Universiti Putra Malaysia (UPM),Malaysia,Serdang,Asia,n/a,https://www.topuniversities.com/universities/universiti-putra-malaysia-upm,https://www.topuniversities.com/sites/default/files/241015052445am567301logo-upm-petak-90x90.jpg,58,151+,93.5,=35,73.8,151+,60.7,151+
151-200,190,University of Bristol,United Kingdom,Bristol,Europe,n/a,https://www.topuniversities.com/universities/university-bristol,https://www.topuniversities.com/sites/default/files/240227125013pm861333White-90x90.jpg,69.2,114,91.6,=83,74.8,=135,54.6,151+
151-200,191,University of Glasgow,United Kingdom,Glasgow,Europe,n/a,https://www.topuniversities.com/universities/university-glasgow,https://www.topuniversities.com/sites/default/files/university-of-glasgow_592560cf2aeae70239af4b6c_medium.jpg,66.1,151+,87.8,151+,69.8,151+,60.8,151+
151-200,192,University of Groningen,Netherlands,Groningen,Europe,n/a,https://www.topuniversities.com/universities/university-groningen,https://www.topuniversities.com/sites/default/files/university-of-groningen_243_medium.jpg,54.2,151+,92,=75,75.4,=103,66.2,=124
151-200,193,University of Jordan,Jordan,Amman,Asia,n/a,https://www.topuniversities.com/universities/university-jordan,https://www.topuniversities.com/sites/default/files/250728110941am245519200-90x90.jpg,66.9,140,80.6,151+,66.6,151+,59.9,151+
151-200,194,University of Lausanne,Switzerland,Lausanne,Europe,n/a,https://www.topuniversities.com/universities/university-lausanne,https://www.topuniversities.com/sites/default/files/university-of-lausanne_592560cf2aeae70239af4bd3_medium.jpg,58.6,151+,76.7,151+,66.9,151+,64.9,=136
151-200,195,"University of Maryland, College Park",United States,College Park,North America,n/a,https://www.topuniversities.com/universities/university-maryland-college-park,https://www.topuniversities.com/sites/default/files/university-of-maryland-college-park_393_medium.jpg,55.2,151+,86.9,151+,72,151+,67.2,=108
151-200,196,University of Reading,United Kingdom,Reading,Europe,n/a,https://www.topuniversities.com/universities/university-reading,https://www.topuniversities.com/sites/default/files/university-of-reading_517_medium.jpg,58.5,151+,95.9,=10,74.5,151+,63,151+
151-200,197,University of Strathclyde,United Kingdom,Glasgow,Europe,n/a,https://www.topuniversities.com/universities/university-strathclyde,https://www.topuniversities.com/sites/default/files/251006032129pm964983strath-crest-200x200px-90x90.jpg,60.9,151+,87.1,151+,70.6,151+,63.9,=148
151-200,198,University of Texas at Dallas,United States,Richardson,North America,n/a,https://www.topuniversities.com/universities/university-texas-dallas,https://www.topuniversities.com/sites/default/files/university-of-texas-dallas_592560cf2aeae70239af5355_medium.jpg,56.2,151+,85.4,151+,70.2,151+,66.3,=122
151-200,199,Université PSL,France,Paris,Europe,n/a,https://www.topuniversities.com/universities/universite-psl,https://www.topuniversities.com/sites/default/files/universit-psl_592560e69988f300e2321dfe_medium.jpg,71.6,=91,75.9,151+,62.6,151+,61.9,151+
151-200,200,Université Paris 1 Panthéon-Sorbonne,France,Paris,Europe,n/a,https://www.topuniversities.com/universities/universite-paris-1-pantheon-sorbonne,https://www.topuniversities.com/sites/default/files/260305110034am945966P1PS-logo-90x90.jpg,73.1,70,76.7,151+,61,151+,59.6,151+
151-200,201,Vrije Universiteit Amsterdam,Netherlands,Amsterdam,Europe,n/a,https://www.topuniversities.com/universities/vrije-universiteit-amsterdam,https://www.topuniversities.com/sites/default/files/vrije-universiteit-amsterdam_658_medium.jpg,55.4,151+,91.6,=83,70.8,151+,65,=134
201-250,202,Al-Ahliyya Amman University,Jordan,Amman,Asia,n/a,https://www.topuniversities.com/universities/al-ahliyya-amman-university,https://www.topuniversities.com/sites/default/files/al-ahliyya-amman-university_592560e29988f300e232131e_medium.jpg,71.6,=91,70.8,151+,65.1,151+,57.7,151+
201-250,203,Athens University of Economics and Business,Greece,Athens,Europe,n/a,https://www.topuniversities.com/universities/athens-university-economics-business,https://www.topuniversities.com/sites/default/files/220228075444am741134AUEBLogo-90x90.jpg,57.3,151+,83.3,151+,72.9,151+,58.7,151+
201-250,204,Bina Nusantara University (BINUS),Indonesia,Jakarta,Asia,n/a,https://www.topuniversities.com/universities/bina-nusantara-university-binus,https://www.topuniversities.com/sites/default/files/bina-nusantara-university-binus_937_medium.jpg,62,151+,80.6,151+,54.8,151+,61,151+
201-250,205,California Institute of Technology (Caltech),United States,Pasadena,North America,n/a,https://www.topuniversities.com/universities/california-institute-technology-caltech,https://www.topuniversities.com/sites/default/files/california-institute-of-technology-caltech_94_medium.jpg,79.1,34,51.7,151+,57.3,151+,58.6,151+
201-250,206,Chulalongkorn University,Thailand,Bangkok,Asia,n/a,https://www.topuniversities.com/universities/chulalongkorn-university,https://www.topuniversities.com/sites/default/files/chulalongkorn-university_592560cf2aeae70239af4b01_medium.jpg,61.1,151+,78.2,151+,68.1,151+,61.8,151+
201-250,207,Curtin University,Australia,Perth,Oceania,n/a,https://www.topuniversities.com/universities/curtin-university,https://www.topuniversities.com/sites/default/files/curtin-university_150_medium.jpg,57.1,151+,94.4,=20,73.2,151+,58.7,151+
201-250,208,Deakin University,Australia,Melbourne,Oceania,n/a,https://www.topuniversities.com/universities/deakin-university,https://www.topuniversities.com/sites/default/files/download-90x90.png,56.9,151+,91.3,=95,72.2,151+,60.7,151+
201-250,209,Florida International University,United States,Miami,North America,n/a,https://www.topuniversities.com/universities/florida-international-university,https://www.topuniversities.com/sites/default/files/florida-international-university_592560cf2aeae70239af4b55_medium.jpg,59.2,151+,85.7,151+,71.8,151+,60.9,151+
201-250,210,Gadjah Mada University,Indonesia,Yogyakarta,Asia,n/a,https://www.topuniversities.com/universities/gadjah-mada-university,https://www.topuniversities.com/sites/default/files/gadjah-mada-university_219_medium.jpg,63.8,151+,75.5,151+,57.9,151+,60.5,151+
201-250,211,Georgia State University,United States,Atlanta,North America,n/a,https://www.topuniversities.com/universities/georgia-state-university,https://www.topuniversities.com/sites/default/files/georgia-state-university_592560cf2aeae70239af4b65_medium.jpg,55.3,151+,91.4,=87,82,=17,59.7,151+
201-250,212,Grenoble Ecole de Management,France,Grenoble,Europe,n/a,https://www.topuniversities.com/universities/grenoble-ecole-de-management,https://www.topuniversities.com/sites/default/files/260107013435pm506094GEM-Alpine-Business-School-90x90.jpg,50.2,151+,83,151+,69.6,151+,64.5,=141
201-250,213,Griffith University,Australia,Nathan,Oceania,n/a,https://www.topuniversities.com/universities/griffith-university,https://www.topuniversities.com/sites/default/files/250520124305am681487GU-Logo-International-Red-on-White-Square-90x90.jpg,51.3,151+,99.1,2,74.6,=144,59.2,151+
201-250,214,Heriot-Watt University,United Kingdom,Edinburgh,Europe,n/a,https://www.topuniversities.com/universities/heriot-watt-university,https://www.topuniversities.com/sites/default/files/241128020331pm630627qs-logo-90x90.jpg,61.3,151+,86.2,151+,72.5,151+,58.7,151+
201-250,215,Hong Kong Baptist University,Hong Kong SAR,Hong Kong,Asia,n/a,https://www.topuniversities.com/universities/hong-kong-baptist-university,https://www.topuniversities.com/sites/default/files/hong-kong-baptist-university_893_medium.jpg,52.2,151+,81.2,151+,73.4,151+,62.6,151+
201-250,216,KEDGE Business School,France,Talence,Europe,n/a,https://www.topuniversities.com/universities/kedge-business-school,https://www.topuniversities.com/sites/default/files/kedge-business-school_592560e19988f300e2320ed3_medium.jpg,47.8,151+,89.7,=129,73.1,151+,65.6,131
201-250,217,KFUPM,Saudi Arabia,Dhahran,Asia,n/a,https://www.topuniversities.com/universities/kfupm,https://www.topuniversities.com/sites/default/files/250616011103pm115163linkedin-90x90.jpg,66.1,151+,80.3,151+,72,151+,55.3,151+
201-250,218,King Abdulaziz University (KAU),Saudi Arabia,Jeddah,Asia,n/a,https://www.topuniversities.com/universities/king-abdulaziz-university-kau,https://www.topuniversities.com/sites/default/files/king-abdulaziz-university-kau_1172_medium.jpg,59.1,151+,92.9,=55,75.9,=87,55.5,151+
201-250,219,Lahore University of Management Sciences (LUMS),Pakistan,Lahore,Asia,n/a,https://www.topuniversities.com/universities/lahore-university-management-sciences-lums,https://www.topuniversities.com/sites/default/files/lahore-university-of-management-sciences-lums_592560cf2aeae70239af531b_medium.jpg,64,151+,74.2,151+,69.3,151+,60.4,151+
201-250,220,Middle East Technical University,Türkiye,Ankara,Asia,n/a,https://www.topuniversities.com/universities/middle-east-technical-university,https://www.topuniversities.com/sites/default/files/middle-east-technical-university_2110_medium.jpg,71.3,=96,72.3,151+,69.1,151+,52.9,151+
201-250,221,Multimedia University (MMU),Malaysia,Cyberjaya,Asia,n/a,https://www.topuniversities.com/universities/multimedia-university-mmu,https://www.topuniversities.com/sites/default/files/250303023213am305823MMU-logo-QS-90x90.jpg,57.9,151+,77.9,151+,63,151+,62.1,151+
201-250,222,National Tsing Hua University - NTHU,Taiwan,Hsinchu City,Asia,n/a,https://www.topuniversities.com/universities/national-tsing-hua-university-nthu,https://www.topuniversities.com/sites/default/files/national-tsing-hua-university_442_medium.jpg,66.7,142,75.5,151+,78,=45,53.7,151+
201-250,223,Rice University,United States,Houston,North America,n/a,https://www.topuniversities.com/universities/rice-university,https://www.topuniversities.com/sites/default/files/rice-university_524_medium.jpg,59.8,151+,74.2,151+,68,151+,59.7,151+
201-250,224,Rutgers University–New Brunswick,United States,New Brunswick,North America,n/a,https://www.topuniversities.com/universities/rutgers-university-new-brunswick,https://www.topuniversities.com/sites/default/files/240206105603pm596685Rutgers-Image-200x200-90x90.jpg,59.1,151+,83.6,151+,67.4,151+,61.5,151+
201-250,225,SKEMA Business School,France,Lille,Europe,n/a,https://www.topuniversities.com/universities/skema-business-school,https://www.topuniversities.com/sites/default/files/skema-business-school_592560cf2aeae70239af4af5_medium.jpg,52.9,151+,83.3,151+,74.1,151+,62.2,151+
201-250,226,Sunway University,Malaysia,Kuala Lumpur,Asia,n/a,https://www.topuniversities.com/universities/sunway-university,https://www.topuniversities.com/sites/default/files/sunway-university_592560cf2aeae70239af4db8_medium.jpg,56.6,151+,87.6,151+,75.7,=95,57.5,151+
201-250,227,Symbiosis International (Deemed University),India,Pune,Asia,n/a,https://www.topuniversities.com/universities/symbiosis-international-deemed-university,https://www.topuniversities.com/sites/default/files/231020084546am287151Symbiosis-International-University-Logo-90x90.jpg,60.8,151+,90.3,=113,66.8,151+,57.6,151+
201-250,228,The American University in Cairo,Egypt,Cairo,Africa,n/a,https://www.topuniversities.com/universities/american-university-cairo,https://www.topuniversities.com/sites/default/files/250603090341am967303AUC-Logo-Blue-200X200-90x90.jpg,66.1,151+,65.3,151+,62.8,151+,60.4,151+
201-250,229,The University of Sheffield,United Kingdom,"Sheffield,",Europe,n/a,https://www.topuniversities.com/universities/university-sheffield,https://www.topuniversities.com/sites/default/files/230919100158am438629UoS-logo-90x90.jpg,63.4,151+,89.7,=129,71.4,151+,54.3,151+
201-250,230,The University of Western Australia,Australia,Perth,Oceania,n/a,https://www.topuniversities.com/universities/university-western-australia,https://www.topuniversities.com/sites/default/files/the-university-of-western-australia_673_medium.jpg,61.4,151+,89.9,=122,73.4,151+,56.6,151+
201-250,231,Tongji University,China (Mainland),Shanghai,Asia,n/a,https://www.topuniversities.com/universities/tongji-university,https://www.topuniversities.com/sites/default/files/tongji-university_617_medium.jpg,64.2,151+,95,=14,73.2,151+,52.7,151+
201-250,232,Universidad de La Sabana,Colombia,Bogotá,Latin America,n/a,https://www.topuniversities.com/universities/universidad-de-la-sabana,https://www.topuniversities.com/sites/default/files/260224073040pm756920square-image-90x90.jpg,64.4,151+,70.3,151+,67.3,151+,59.7,151+
201-250,233,Universidad del Pacífico,Peru,Jesús María,Latin America,n/a,https://www.topuniversities.com/universities/universidad-del-pacifico,https://www.topuniversities.com/sites/default/files/230418045249pm477630profilePic01-90x90.jpg,61.3,151+,66,151+,64,151+,62.8,151+
201-250,234,Universitas Indonesia,Indonesia,Depok,Asia,n/a,https://www.topuniversities.com/universities/universitas-indonesia,https://www.topuniversities.com/sites/default/files/universitas-indonesia_290_medium.jpg,66.6,=143,80,151+,55.5,151+,60.1,151+
201-250,235,Universitat de Barcelona,Spain,Barcelona,Europe,n/a,https://www.topuniversities.com/universities/universitat-de-barcelona,https://www.topuniversities.com/sites/default/files/university-of-barcelona_592560cf2aeae70239af4aaf_medium.jpg,67.1,=134,74.2,151+,63.1,151+,58,151+
201-250,236,Universiti Kebangsaan Malaysia (UKM),Malaysia,Bangi,Asia,n/a,https://www.topuniversities.com/universities/universiti-kebangsaan-malaysia-ukm,https://www.topuniversities.com/sites/default/files/universiti-kebangsaan-malaysia-ukm_384_medium.jpg,60.2,151+,88.5,151+,66.5,151+,59.9,151+
201-250,237,Universiti Sains Malaysia (USM),Malaysia,Gelugor,Asia,n/a,https://www.topuniversities.com/universities/universiti-sains-malaysia-usm,https://www.topuniversities.com/sites/default/files/universiti-sains-malaysia-usm_386_medium.jpg,59,151+,92.2,=71,69.8,151+,58.5,151+
201-250,238,Universiti Teknologi Malaysia ,Malaysia,Skudai,Asia,n/a,https://www.topuniversities.com/universities/universiti-teknologi-malaysia,https://www.topuniversities.com/sites/default/files/universiti-teknologi-malaysia_387_medium.jpg,59.9,151+,89.5,=138,69.7,151+,57.4,151+
201-250,239,Universiti Utara Malaysia (UUM),Malaysia,Sintok,Asia,n/a,https://www.topuniversities.com/universities/universiti-utara-malaysia-uum,https://www.topuniversities.com/sites/default/files/universiti-utara-malaysia-uum_388_medium.jpg,48.3,151+,89.5,=138,67.4,151+,64.5,=141
201-250,240,University College Dublin,Ireland,Dublin,Europe,n/a,https://www.topuniversities.com/universities/university-college-dublin,https://www.topuniversities.com/sites/default/files/university-college-dublin_166_medium.jpg,64.7,151+,85.9,151+,71,151+,57.6,151+
201-250,241,University of Calgary,Canada,Calgary,North America,n/a,https://www.topuniversities.com/universities/university-calgary,https://www.topuniversities.com/sites/default/files/250514083129pm658203Canadas-Entreprenuerial-University-University-of-Calgary-UCalgary-90x90.jpg,62.5,151+,83.3,151+,71.2,151+,56.8,151+
201-250,242,University of Delhi,India,New Delhi,Asia,n/a,https://www.topuniversities.com/universities/university-delhi,https://www.topuniversities.com/sites/default/files/university-of-delhi_156_medium.jpg,65.6,151+,84.7,151+,63.1,151+,58.4,151+
201-250,243,University of Exeter,United Kingdom,Exeter,Europe,n/a,https://www.topuniversities.com/universities/university-exeter,https://www.topuniversities.com/sites/default/files/221117102054am246521University-of-Exeter-Simplified-Logo-Portrait-positive-200-x-200-90x90.jpg,61.8,151+,88.5,151+,71.7,151+,58.1,151+
201-250,244,University of Lisbon ,Portugal,Lisbon,Europe,n/a,https://www.topuniversities.com/universities/university-lisbon,https://www.topuniversities.com/sites/default/files/university-of-lisbon_1475_medium.jpg,60.8,151+,91.6,=83,67.9,151+,55.8,151+
201-250,245,University of Sharjah,United Arab Emirates,Sharjah,Asia,n/a,https://www.topuniversities.com/universities/university-sharjah,https://www.topuniversities.com/sites/default/files/230214053157pm550724UOS-logo-90x90.jpg,60.1,151+,88.5,151+,72.5,151+,56.4,151+
201-250,246,University of South Carolina,United States,Columbia,North America,n/a,https://www.topuniversities.com/universities/university-south-carolina,https://www.topuniversities.com/sites/default/files/university-of-south-carolina_539_medium.jpg,47.8,151+,88.5,151+,74.5,151+,63.5,151+
201-250,247,University of Surrey,United Kingdom,Guildford,Europe,n/a,https://www.topuniversities.com/universities/university-surrey,https://www.topuniversities.com/sites/default/files/230822021755pm944389Surrey-Logo-200x200px-90x90.jpg,56.8,151+,92.5,=64,76.2,=81,58.4,151+
201-250,248,University of Sussex,United Kingdom,Brighton,Europe,n/a,https://www.topuniversities.com/universities/university-sussex,https://www.topuniversities.com/sites/default/files/260317044134pm839571UoS-Stacked-logo-CMYK-Black-on-White-90x90.jpg,52.5,151+,91.4,=87,74.8,=135,61.9,151+
201-250,249,University of Zurich,Switzerland,Zürich,Europe,n/a,https://www.topuniversities.com/universities/university-zurich,https://www.topuniversities.com/sites/default/files/250124123220pm124063Logo-90x90.jpg,62.5,151+,82.2,151+,69.5,151+,59.3,151+
201-250,250,Utrecht University,Netherlands,Utrecht,Europe,n/a,https://www.topuniversities.com/universities/utrecht-university,https://www.topuniversities.com/sites/default/files/utrecht-university_646_medium.jpg,61.5,151+,89.9,=122,71.7,151+,57.1,151+
251-300,251,Aarhus University,Denmark,Aarhus,Europe,n/a,https://www.topuniversities.com/universities/aarhus-university,https://www.topuniversities.com/sites/default/files/aarhus-university_592560cf2aeae70239af4a8a_medium.jpg,53.2,151+,92.2,=71,71,151+,58.7,151+
251-300,252,American University of Sharjah,United Arab Emirates,Sharjah,Asia,n/a,https://www.topuniversities.com/universities/american-university-sharjah,https://www.topuniversities.com/sites/default/files/211216011743pm346028American-University-of-Sharjah-AUS-Stacked-200X200px-90x90.jpg,63.3,151+,83,151+,73.2,151+,51.9,151+
251-300,253,Asia Pacific University of Technology and Innovation (APU) Malaysia,Malaysia,Kuala Lumpur,Asia,n/a,https://www.topuniversities.com/universities/asia-pacific-university-technology-innovation-apu-malaysia,https://www.topuniversities.com/sites/default/files/asia-pacific-university-of-technology-and-innovation-apu_592560e79988f300e2322131_medium.jpg,59.7,151+,57.7,151+,64.4,151+,62.5,151+
251-300,254,Auckland University of Technology (AUT),New Zealand,Auckland,Oceania,n/a,https://www.topuniversities.com/universities/auckland-university-technology-aut,https://www.topuniversities.com/sites/default/files/auckland-university-of-technology-aut_592560cf2aeae70239af4ef7_medium.jpg,54.3,151+,88.7,151+,71.4,151+,56.2,151+
251-300,255,Beijing Institute of Technology,China (Mainland),Beijing,Asia,n/a,https://www.topuniversities.com/universities/beijing-institute-technology,https://www.topuniversities.com/sites/default/files/beijing-institute-of-technology_868_medium.jpg,68.1,125,93.4,=38,76.8,=65,48.9,151+
251-300,256,Beijing Normal University ,China (Mainland),Beijing,Asia,n/a,https://www.topuniversities.com/universities/beijing-normal-university,https://www.topuniversities.com/sites/default/files/beijing-normal-university_869_medium.jpg,65.4,151+,87.8,151+,72.3,151+,51.6,151+
251-300,257,Bilkent University,Türkiye,Ankara,Asia,n/a,https://www.topuniversities.com/universities/bilkent-university,https://www.topuniversities.com/sites/default/files/bilkent-university_58_medium.jpg,65.2,151+,66.7,151+,64.5,151+,57.5,151+
251-300,258,Bogaziçi Üniversitesi,Türkiye,Istanbul,Asia,n/a,https://www.topuniversities.com/universities/bogazici-universitesi,https://www.topuniversities.com/sites/default/files/bogazii-niversitesi_1575_medium.jpg,69.8,109,66,151+,64.1,151+,55.8,151+
251-300,259,Comillas Pontifical University,Spain,Madrid,Europe,n/a,https://www.topuniversities.com/universities/comillas-pontifical-university,https://www.topuniversities.com/sites/default/files/241009094956am596302COMILLAS-300x300-90x90.jpg,62.3,151+,70.3,151+,64.7,151+,56.4,151+
251-300,260,Complutense University of Madrid,Spain,Madrid,Europe,n/a,https://www.topuniversities.com/universities/complutense-university-madrid,https://www.topuniversities.com/sites/default/files/complutense-university-of-madrid_592560cf2aeae70239af4bff_medium.jpg,65.4,151+,85.2,151+,66.8,151+,53.9,151+
251-300,261,EHL Hospitality Business School,Switzerland,Lausanne,Europe,n/a,https://www.topuniversities.com/universities/ehl-hospitality-business-school,https://www.topuniversities.com/sites/default/files/ehl-ecole-htelire-de-lausanne_592560cf2aeae70239af4b31_medium.jpg,67.3,=129,70.3,151+,64.4,151+,55.8,151+
251-300,262,ESIC University,Spain,Madrid,Europe,n/a,https://www.topuniversities.com/universities/esic-university,https://www.topuniversities.com/sites/default/files/241008025241pm140832logo-ESIC-University-cuadrado-90x90.jpg,48.8,151+,84.7,151+,78.2,=42,60.5,151+
251-300,263,Florida State University,United States,Tallahassee,North America,n/a,https://www.topuniversities.com/universities/florida-state-university,https://www.topuniversities.com/sites/default/files/florida-state-university_211_medium.jpg,55.8,151+,87.8,151+,73.3,151+,55.2,151+
251-300,264,Ghent University,Belgium,Ghent,Europe,n/a,https://www.topuniversities.com/universities/ghent-university,https://www.topuniversities.com/sites/default/files/ghent-university_228_medium.jpg,59.4,151+,89.3,=146,69.5,151+,54.1,151+
251-300,265,INTI International University,Malaysia,Nilai,Asia,n/a,https://www.topuniversities.com/universities/inti-international-university,https://www.topuniversities.com/sites/default/files/inti-international-university-colleges_592560e49988f300e2321830_medium.jpg,66,151+,62.3,151+,60.5,151+,57,151+
251-300,266,Institut Polytechnique de Paris,France,Paris,Europe,n/a,https://www.topuniversities.com/universities/institut-polytechnique-de-paris,https://www.topuniversities.com/sites/default/files/240924074028am263366logo-ipp-pour-qs-90x90.jpg,74.1,=64,73.8,151+,63.3,151+,49.8,151+
251-300,267,Institute of Business Administration (IBA),Pakistan,Karachi,Asia,n/a,https://www.topuniversities.com/universities/institute-business-administration-iba,https://www.topuniversities.com/sites/default/files/InsituteofBusinessAdministrationIBA-logo-90x90.jpg,58,151+,77.5,151+,71.9,151+,58.1,151+
251-300,268,Instituto Tecnológico Autónomo de México (ITAM),Mexico,Mexico City,Latin America,n/a,https://www.topuniversities.com/universities/instituto-tecnologico-autonomo-de-mexico-itam,https://www.topuniversities.com/sites/default/files/instituto-tecnolgico-autnomo-de-mxico-itam_592560cf2aeae70239af4da6_medium.jpg,67,=138,54.4,151+,49.9,151+,62,151+
251-300,269,Istanbul Technical University,Türkiye,Istanbul,Asia,n/a,https://www.topuniversities.com/universities/istanbul-technical-university,https://www.topuniversities.com/sites/default/files/istanbul-technical-university_296_medium.jpg,70.9,101,74.2,151+,64.3,151+,50.6,151+
251-300,270,Johns Hopkins University,United States,Baltimore,North America,n/a,https://www.topuniversities.com/universities/johns-hopkins-university,https://www.topuniversities.com/sites/default/files/johns-hopkins-university_305_medium.jpg,68.5,=121,72.8,151+,63.5,151+,54.2,151+
251-300,271,King Saud University,Saudi Arabia,Riyadh,Asia,n/a,https://www.topuniversities.com/universities/king-saud-university,https://www.topuniversities.com/sites/default/files/king-saud-university_1175_medium.jpg,60.7,151+,81.5,151+,73.2,151+,55.3,151+
251-300,272,Kyung Hee University,South Korea,Seoul,Asia,n/a,https://www.topuniversities.com/universities/kyung-hee-university,https://www.topuniversities.com/sites/default/files/241022045426am285667%EB%8C%80%ED%95%99%ED%9C%98%EC%9E%A5-%ED%99%9C%EC%9A%A9%ED%98%95-A-90x90.jpg,57.6,151+,84.4,151+,73.2,151+,56.1,151+
251-300,273,Lomonosov Moscow State University,Russia,Moscow,Europe,n/a,https://www.topuniversities.com/universities/lomonosov-moscow-state-university,https://www.topuniversities.com/sites/default/files/lomonosov-moscow-state-university-_592560cf2aeae70239af4c27_medium.jpg,76.6,52,59.7,151+,49.6,151+,53.7,151+
251-300,274,Maastricht University,Netherlands,Maastricht,Europe,n/a,https://www.topuniversities.com/universities/maastricht-university,https://www.topuniversities.com/sites/default/files/231218042543pm676051UM-triangles-200-x-200-pixels-90x90.jpg,58.9,151+,88.9,151+,72.4,151+,56,151+
251-300,275,McMaster University,Canada,Hamilton,North America,n/a,https://www.topuniversities.com/universities/mcmaster-university,https://www.topuniversities.com/sites/default/files/mcmaster-university_397_medium.jpg,64.1,151+,86.6,151+,75.5,=101,50.7,151+
251-300,276,National Cheng Kung University (NCKU),Taiwan,Tainan City,Asia,n/a,https://www.topuniversities.com/universities/national-cheng-kung-university-ncku,https://www.topuniversities.com/sites/default/files/230407032250am673777NCKU-Alt-GraphicSignature-NL-RGB-AW-90x90.jpg,66.1,151+,76.3,151+,67.3,151+,54.1,151+
251-300,277,National University of Sciences & Technology (NUST) Islamabad,Pakistan,Islamabad,Asia,n/a,https://www.topuniversities.com/universities/national-university-sciences-technology-nust-islamabad,https://www.topuniversities.com/sites/default/files/240603070305am370964NUST-Signature-blue-90x90.jpg,64.7,151+,80,151+,70.4,151+,53.5,151+
251-300,278,Prague University of Economics and Business,Czechia,Prague,Europe,n/a,https://www.topuniversities.com/universities/prague-university-economics-business,https://www.topuniversities.com/sites/default/files/221024091131am643122VSE-5-EN-logo-rgb-90x90.jpg,52.8,151+,77.9,151+,63.2,151+,63.7,151+
251-300,279,Qatar University,Qatar,Doha,Asia,n/a,https://www.topuniversities.com/universities/qatar-university,https://www.topuniversities.com/sites/default/files/251111064230am907511QULlOGO-90x90.jpg,55.7,151+,92.9,=55,74.2,151+,56.2,151+
251-300,280,Queen Mary University of London,United Kingdom,London,Europe,n/a,https://www.topuniversities.com/universities/queen-mary-university-london,https://www.topuniversities.com/sites/default/files/queen-mary-university-of-london_592560cf2aeae70239af4bea_medium.jpg,64.7,151+,86.2,151+,71.8,151+,51.2,151+
251-300,281,RWTH Aachen University,Germany,Aachen,Europe,n/a,https://www.topuniversities.com/universities/rwth-aachen-university,https://www.topuniversities.com/sites/default/files/rwth-aachen-university_4_medium.jpg,65.3,151+,84.7,151+,64.2,151+,52,151+
251-300,282,Sabanci University,Türkiye,Istanbul,Asia,n/a,https://www.topuniversities.com/universities/sabanci-university,https://www.topuniversities.com/sites/default/files/250702100245pm254411Sabanci-University-90x90.jpeg,65.1,151+,73.3,151+,67.5,151+,55.9,151+
251-300,283,Sapienza University of Rome,Italy,Rome,Europe,n/a,https://www.topuniversities.com/universities/sapienza-university-rome,https://www.topuniversities.com/sites/default/files/sapienza-university-of-rome_592560cf2aeae70239af4c97_medium.jpg,66.4,151+,88.7,151+,69.3,151+,50.6,151+
251-300,284,Shanghai University of Finance and Economics,China (Mainland),Shanghai,Asia,n/a,https://www.topuniversities.com/universities/shanghai-university-finance-economics,https://www.topuniversities.com/sites/default/files/shanghai-university-of-finance-and-economics_2026_medium.jpg,53.8,151+,85.7,151+,73.3,151+,57.4,151+
251-300,285,The University of Arizona,United States,Tucson,North America,n/a,https://www.topuniversities.com/universities/university-arizona,https://www.topuniversities.com/sites/default/files/the-university-of-arizona_26_medium.jpg,57.4,151+,79.6,151+,70.5,151+,58.9,151+
251-300,286,Universidad Autónoma de Madrid,Spain,Madrid,Europe,n/a,https://www.topuniversities.com/universities/universidad-autonoma-de-madrid,https://www.topuniversities.com/sites/default/files/230914073612am166112marcaUAM-centroColor-expandHQg-90x90.jpg,64.5,151+,80.3,151+,66.9,151+,53.5,151+
251-300,287,Universidad del Rosario,Colombia,Bogotá,Latin America,n/a,https://www.topuniversities.com/universities/universidad-del-rosario,https://www.topuniversities.com/sites/default/files/universidad-del-rosario_592560cf2aeae70239af514d_medium.jpg,65,151+,63.9,151+,60.3,151+,59.4,151+
251-300,288,Universitat Pompeu Fabra (Barcelona),Spain,Barcelona,Europe,n/a,https://www.topuniversities.com/universities/universitat-pompeu-fabra,https://www.topuniversities.com/sites/default/files/universitat-pompeu-fabra_504_medium.jpg,55.6,151+,71.3,151+,66,151+,60.9,151+
251-300,289,University of Illinois Chicago (UIC),United States,Chicago,North America,n/a,https://www.topuniversities.com/universities/university-illinois-chicago-uic,https://www.topuniversities.com/sites/default/files/university-of-illinois-chicago-uic_592560cf2aeae70239af4b9a_medium.jpg,62,151+,76.7,151+,69.8,151+,55,151+
251-300,290,University of Massachusetts Amherst,United States,Amherst,North America,n/a,https://www.topuniversities.com/universities/university-massachusetts-amherst,https://www.topuniversities.com/sites/default/files/university-of-massachusetts-amherst_592560cf2aeae70239af4c0e_medium.jpg,60,151+,83.6,151+,70.2,151+,54.1,151+
251-300,291,University of Miami,United States,Miami,North America,n/a,https://www.topuniversities.com/universities/university-miami,https://www.topuniversities.com/sites/default/files/university-of-miami_401_medium.jpg,60.3,151+,84.4,151+,72.9,151+,55.6,151+
251-300,292,University of Notre Dame,United States,Notre Dame,North America,n/a,https://www.topuniversities.com/universities/university-notre-dame,https://www.topuniversities.com/sites/default/files/university-of-notre-dame_458_medium.jpg,56.1,151+,80.9,151+,70.8,151+,57.9,151+
251-300,293,University of Science and Technology of China,China (Mainland),Hefei,Asia,n/a,https://www.topuniversities.com/universities/university-science-technology-china,https://www.topuniversities.com/sites/default/files/university-of-science-and-technology-of-china_122_medium.jpg,64,151+,91.4,=87,72.9,151+,50.4,151+
251-300,294,University of Southampton,United Kingdom,Southampton,Europe,n/a,https://www.topuniversities.com/universities/university-southampton,https://www.topuniversities.com/sites/default/files/241015033016pm657896University-of-Southampton-shield-blue-200-px-square-90x90.jpg,59.9,151+,93.5,=35,74.3,151+,52,151+
251-300,295,University of Vienna,Austria,Vienna,Europe,n/a,https://www.topuniversities.com/universities/university-vienna,https://www.topuniversities.com/sites/default/files/university-of-vienna_652_medium.jpg,56.7,151+,83.6,151+,65.4,151+,58.8,151+
251-300,296,University of Waterloo,Canada,Waterloo,North America,n/a,https://www.topuniversities.com/universities/university-waterloo,https://www.topuniversities.com/sites/default/files/university-of-waterloo_670_medium.jpg,70.6,=102,80.6,151+,66.9,151+,51.7,151+
251-300,297,University of Wisconsin-Madison,United States,Madison,North America,n/a,https://www.topuniversities.com/universities/university-wisconsin-madison,https://www.topuniversities.com/sites/default/files/university-of-wisconsin-madison_678_medium.jpg,55.8,151+,80.6,151+,67.4,151+,60.1,151+
251-300,298,University of Wollongong,Australia,Wollongong,Oceania,n/a,https://www.topuniversities.com/universities/university-wollongong,https://www.topuniversities.com/sites/default/files/university-of-wollongong_680_medium.jpg,58,151+,89.1,=150,71.5,151+,56.9,151+
251-300,299,Université catholique de Louvain (UCLouvain),Belgium,Louvain-la-Neuve,Europe,n/a,https://www.topuniversities.com/universities/universite-catholique-de-louvain-uclouvain,https://www.topuniversities.com/sites/default/files/universit-catholique-de-louvain-uclouvain_592560cf2aeae70239af4aed_medium.jpg,61.7,151+,83.6,151+,68.7,151+,55.3,151+
251-300,300,Washington University in St. Louis,United States,St. Louis,North America,n/a,https://www.topuniversities.com/universities/washington-university-st-louis,https://www.topuniversities.com/sites/default/files/250209012951am920550WashU-Shield-FullColor-RGB-200x200-90x90.jpg,54.1,151+,79.3,151+,70.9,151+,59.8,151+
301-350,301,Ajman University,United Arab Emirates,Ajman,Asia,n/a,https://www.topuniversities.com/universities/ajman-university,https://www.topuniversities.com/sites/default/files/ajman-university-of-science-technology_592560cf2aeae70239af4f31_medium.jpg,56.2,151+,75.5,151+,68.9,151+,56.6,151+
301-350,302,Azerbaijan State University of Economics,Azerbaijan,Baku,Asia,n/a,https://www.topuniversities.com/universities/azerbaijan-state-university-economics,https://www.topuniversities.com/sites/default/files/azerbaijan-state-university-of-economics_14955_medium.jpg,65.4,151+,61.5,151+,58.5,151+,55.8,151+
301-350,303,Brunel University of London,United Kingdom,London,Europe,n/a,https://www.topuniversities.com/universities/brunel-university-london,https://www.topuniversities.com/sites/default/files/241011103940am405152BD-691-QS-Logo-for-brand-profile-200x200px-HP-v1-90x90.jpg,55.8,151+,93,=49,74.4,151+,51.6,151+
301-350,304,Cairo University,Egypt,Giza,Africa,n/a,https://www.topuniversities.com/universities/cairo-university,https://www.topuniversities.com/sites/default/files/cairo-university_80_medium.jpg,65.4,151+,77.1,151+,65.5,151+,51.1,151+
301-350,305,Chandigarh University,India,Mohali,Asia,n/a,https://www.topuniversities.com/universities/chandigarh-university,https://www.topuniversities.com/sites/default/files/chandigarh-university_600ebd4710ca6037cb12c714_medium.jpg,66.5,=149,74.2,151+,58.9,151+,53.5,151+
301-350,306,Dublin City University,Ireland,Dublin,Europe,n/a,https://www.topuniversities.com/universities/dublin-city-university,https://www.topuniversities.com/sites/default/files/251001112050am424289Study-Portals-Logo-QS-90x90.jpg,57.9,151+,84.7,151+,71.7,151+,54.2,151+
301-350,307,ESAN Graduate School of Business - ESAN University,Peru,Lima,Latin America,n/a,https://www.topuniversities.com/universities/esan-graduate-school-business-esan-university,https://www.topuniversities.com/sites/default/files/esan-graduate-school-of-business_592560cf2aeae70239af5848_medium.jpg,42.6,151+,63.1,151+,57.2,151+,69.5,=89
301-350,308,Eindhoven University of Technology,Netherlands,Eindhoven,Europe,n/a,https://www.topuniversities.com/universities/eindhoven-university-technology,https://www.topuniversities.com/sites/default/files/eindhoven-university-of-technology_592560cf2aeae70239af4b3c_medium.jpg,59.6,151+,87.1,151+,71.7,151+,51.6,151+
301-350,309,Emory University,United States,Atlanta,North America,n/a,https://www.topuniversities.com/universities/emory-university,https://www.topuniversities.com/sites/default/files/emory-university_185_medium.jpg,56.1,151+,80,151+,75.8,=92,55,151+
301-350,310,Freie Universitaet Berlin,Germany,Berlin,Europe,n/a,https://www.topuniversities.com/universities/freie-universitaet-berlin,https://www.topuniversities.com/sites/default/files/freie-universitaet-berlin_215_medium.jpg,59.2,151+,77.9,151+,67.6,151+,54.7,151+
301-350,311,Harbin Institute of Technology,China (Mainland),Harbin,Asia,n/a,https://www.topuniversities.com/universities/harbin-institute-technology,https://www.topuniversities.com/sites/default/files/harbin-institute-of-technology_877_medium.jpg,64.7,151+,91.3,=95,71.9,151+,47,151+
301-350,312,Humboldt-Universität zu Berlin,Germany,Berlin,Europe,n/a,https://www.topuniversities.com/universities/humboldt-universitat-zu-berlin,https://www.topuniversities.com/sites/default/files/humboldt-universitt-zu-berlin_272_medium.jpg,63.5,151+,70.8,151+,64.3,151+,55.5,151+
301-350,313,Indian Institute of Technology Roorkee (IITR),India,Roorkee,Asia,n/a,https://www.topuniversities.com/universities/indian-institute-technology-roorkee-iitr,https://www.topuniversities.com/sites/default/files/indian-institute-of-technology-roorkee-iitr_287_medium.jpg,67,=138,85.7,151+,73.1,151+,46.2,151+
301-350,314,Kobe University,Japan,Kobe City,Asia,n/a,https://www.topuniversities.com/universities/kobe-university,https://www.topuniversities.com/sites/default/files/kobe-university_320_medium.jpg,55.3,151+,68,151+,62.5,151+,61,151+
301-350,315,Maastricht School of Management (MSM),Netherlands,Maastricht,Europe,n/a,https://www.topuniversities.com/universities/maastricht-school-management-msm,https://www.topuniversities.com/sites/default/files/230130041935pm834470MSM-Logo-200x200-90x90.jpg,54.6,151+,55.6,151+,58.3,151+,62.6,151+
301-350,316,National Chengchi University,Taiwan,Taipei City,Asia,n/a,https://www.topuniversities.com/universities/national-chengchi-university,https://www.topuniversities.com/sites/default/files/national-chengchi-university_436_medium.jpg,58.6,151+,75.5,151+,63.8,151+,56.7,151+
301-350,317,Nottingham Trent University,United Kingdom,Nottingham,Europe,n/a,https://www.topuniversities.com/universities/nottingham-trent-university,https://www.topuniversities.com/sites/default/files/nottingham-trent-university_592560cf2aeae70239af50e6_medium.jpg,49.5,151+,91.8,=78,74.6,=144,56.2,151+
301-350,318,Rennes School of Business,France,"Rennes,",Europe,n/a,https://www.topuniversities.com/universities/rennes-school-business,https://www.topuniversities.com/sites/default/files/230109035739pm488405Logo-Rennes-SB-200-90x90.jpg,49,151+,86.9,151+,78,=45,57.7,151+
301-350,319,Sciences Po,France,Paris,Europe,n/a,https://www.topuniversities.com/universities/sciences-po,https://www.topuniversities.com/sites/default/files/sciences-po-_592560cf2aeae70239af4c64_medium.jpg,64,151+,65.3,151+,59.9,151+,54.9,151+
301-350,320,Shanghai University,China (Mainland),Shanghai,Asia,n/a,https://www.topuniversities.com/universities/shanghai-university,https://www.topuniversities.com/sites/default/files/shanghai-university_557_medium.jpg,57.8,151+,92.2,=71,74.6,=144,50.6,151+
301-350,321,Simon Fraser University,Canada,Burnaby,North America,n/a,https://www.topuniversities.com/universities/simon-fraser-university,https://www.topuniversities.com/sites/default/files/simon-fraser-university_562_medium.jpg,50.4,151+,82.7,151+,68.5,151+,59.6,151+
301-350,322,Sogang University,South Korea,Seoul,Asia,n/a,https://www.topuniversities.com/universities/sogang-university,https://www.topuniversities.com/sites/default/files/sogang-university_565_medium.jpg,62.8,151+,70.3,151+,65.2,151+,54.7,151+
301-350,323,Sultan Qaboos University,Oman,Muscat,Asia,n/a,https://www.topuniversities.com/universities/sultan-qaboos-university,https://www.topuniversities.com/sites/default/files/sultan-qaboos-university_2530_medium.jpg,58.6,151+,80.9,151+,71.5,151+,52.7,151+
301-350,324,TBS Education - Business School,France,Toulouse,Europe,n/a,https://www.topuniversities.com/universities/tbs-education-business-school,https://www.topuniversities.com/sites/default/files/251029010810pm425360LOGO-TBS-EDUCATION-ROND-ROUGE-CMJN-90x90.jpg,44.1,151+,90.3,=113,78.7,36,59.2,151+
301-350,325,Temple University,United States,Philadelphia,North America,n/a,https://www.topuniversities.com/universities/temple-university,https://www.topuniversities.com/sites/default/files/260227034612pm664097BIG-T-90x90.jpg,47.9,151+,87.3,151+,72.9,151+,59.7,151+
301-350,326,Thammasat University,Thailand,Bangkok,Asia,n/a,https://www.topuniversities.com/universities/thammasat-university,https://www.topuniversities.com/sites/default/files/thammasat-university_592560cf2aeae70239af4ce1_medium.jpg,56,151+,76.7,151+,64.2,151+,57.2,151+
301-350,327,Osaka University,Japan,Osaka City,Asia,n/a,https://www.topuniversities.com/universities/osaka-university,https://www.topuniversities.com/sites/default/files/osaka-university_472_medium.jpg,68.4,123,69.7,151+,61.1,151+,51.4,151+
301-350,328,United Arab Emirates University,United Arab Emirates,Al Ain,Asia,n/a,https://www.topuniversities.com/universities/united-arab-emirates-university,https://www.topuniversities.com/sites/default/files/united-arab-emirates-university_778_medium.jpg,61.4,151+,81.5,151+,71.6,151+,52.7,151+
301-350,329,Universidad Torcuato Di Tella,Argentina,Buenos Aires,Latin America,n/a,https://www.topuniversities.com/universities/universidad-torcuato-di-tella,https://www.topuniversities.com/sites/default/files/universidad-torcuato-di-tella_592560cf2aeae70239af4ced_medium.jpg,65.5,151+,48.7,151+,43.8,151+,60.4,151+
301-350,330,Universidad del Desarrollo (UDD),Chile,Santiago,Latin America,n/a,https://www.topuniversities.com/universities/universidad-del-desarrollo-udd,https://www.topuniversities.com/sites/default/files/universidad-del-desarrollo-udd_592560cf2aeae70239af52cd_medium.jpg,55.7,151+,73.3,151+,73.9,151+,55.8,151+
301-350,331,Universidade Católica Portuguesa,Portugal,Lisbon,Europe,n/a,https://www.topuniversities.com/universities/universidade-catolica-portuguesa,https://www.topuniversities.com/sites/default/files/260414111537am918917020926-CATOLICA-LogoMarca-CMYK-Logo-Catolica-Dark-Blue-90x90.jpg,51.6,151+,81.5,151+,73,151+,58.4,151+
301-350,332,Universidade Estadual de Campinas (Unicamp),Brazil,Campinas,Latin America,n/a,https://www.topuniversities.com/universities/universidade-estadual-de-campinas-unicamp,https://www.topuniversities.com/sites/default/files/universidade-estadual-de-campinas-unicamp_96_medium.jpg,65.6,151+,76.3,151+,64.9,151+,52.3,151+
301-350,333,Universidade Federal do Rio de Janeiro,Brazil,Rio de Janeiro,Latin America,n/a,https://www.topuniversities.com/universities/universidade-federal-do-rio-de-janeiro,https://www.topuniversities.com/sites/default/files/220127083943pm152751UFRJ-Vertical-Impresso-Positivo-ai-90x90.jpg,60.5,151+,73.8,151+,61.1,151+,55.1,151+
301-350,334,Universitas Airlangga,Indonesia,Surabaya,Asia,n/a,https://www.topuniversities.com/universities/universitas-airlangga,https://www.topuniversities.com/sites/default/files/250715015254am318034UNAIR-BRANDMARK-2025-01-90x90.jpg,61.7,151+,80.3,151+,65,151+,53.1,151+
301-350,335,Universitat Autònoma de Barcelona,Spain,Barcelona,Europe,n/a,https://www.topuniversities.com/universities/universitat-autonoma-de-barcelona,https://www.topuniversities.com/sites/default/files/240404114804am190222logo-uab-qs-90x90.jpg,57.1,151+,80.3,151+,69.9,151+,55.1,151+
301-350,336,Universitat Politecnica de Valencia,Spain,València,Europe,n/a,https://www.topuniversities.com/universities/universitat-politecnica-de-valencia,https://www.topuniversities.com/sites/default/files/universitat-politcnica-de-valncia_648_medium.jpg,54.5,151+,87.3,151+,66.5,151+,55.1,151+
301-350,337,Universitat de Valencia,Spain,València,Europe,n/a,https://www.topuniversities.com/universities/universitat-de-valencia,https://www.topuniversities.com/sites/default/files/universitat-de-valencia_647_medium.jpg,48.8,151+,94.5,19,73.9,151+,56.9,151+
301-350,338,Universite libre de Bruxelles,Belgium,Brussels,Europe,n/a,https://www.topuniversities.com/universities/universite-libre-de-bruxelles,https://www.topuniversities.com/sites/default/files/universite-libre-de-bruxelles_75_medium.jpg,64.6,151+,76.3,151+,69.6,151+,50.9,151+
301-350,339,University College Cork,Ireland,Cork,Europe,n/a,https://www.topuniversities.com/universities/university-college-cork,https://www.topuniversities.com/sites/default/files/250831075941pm373153UCC-Master-Logo-2025-RGB-DIGITAL-90x90.jpg,58.7,151+,79.3,151+,70.4,151+,53.5,151+
301-350,340,"University of California, Davis",United States,Davis,North America,n/a,https://www.topuniversities.com/universities/university-california-davis,https://www.topuniversities.com/sites/default/files/university-of-california-davis_592560cf2aeae70239af4ad8_medium.jpg,58.5,151+,75.9,151+,69.9,151+,56.4,151+
301-350,341,"University of California, San Diego (UCSD)",United States,San Diego,North America,n/a,https://www.topuniversities.com/universities/university-california-san-diego-ucsd,https://www.topuniversities.com/sites/default/files/university-of-california-san-diego-ucsd_89_medium.jpg,67.3,=129,75.1,151+,68.7,151+,50.4,151+
301-350,342,University of Canterbury | Te Whare Wānanga o Waitaha,New Zealand,Christchurch,Oceania,n/a,https://www.topuniversities.com/universities/university-canterbury-te-whare-wananga-o-waitaha,https://www.topuniversities.com/sites/default/files/university-of-canterbury_97_medium.jpg,58.8,151+,83.6,151+,70.5,151+,52.9,151+
301-350,343,University of Cape Town,South Africa,Cape Town,Africa,n/a,https://www.topuniversities.com/universities/university-cape-town,https://www.topuniversities.com/sites/default/files/210830024732pm396697UCTcircular-logo1-CMYK-90x90.jpg,59.6,151+,73.3,151+,61,151+,56.7,151+
301-350,344,University of Cologne,Germany,Cologne,Europe,n/a,https://www.topuniversities.com/universities/university-cologne,https://www.topuniversities.com/sites/default/files/university-of-cologne_592560cf2aeae70239af4bc6_medium.jpg,55.5,151+,81.5,151+,72.6,151+,56.2,151+
301-350,345,University of Colorado Boulder,United States,Boulder,North America,n/a,https://www.topuniversities.com/universities/university-colorado-boulder,https://www.topuniversities.com/sites/default/files/university-of-colorado-boulder_137_medium.jpg,55.8,151+,78.2,151+,70.3,151+,56.5,151+
301-350,346,University of Otago,New Zealand,Dunedin,Oceania,n/a,https://www.topuniversities.com/universities/university-otago,https://www.topuniversities.com/sites/default/files/250220051447pm493728240508092847pm590994Image-09-05-2024-at-9.28%E2%80%AFAM-200x200-90x90.jpg,58.3,151+,84.1,151+,71.7,151+,53,151+
301-350,347,University of Ottawa,Canada,Ottawa,North America,n/a,https://www.topuniversities.com/universities/university-ottawa,https://www.topuniversities.com/sites/default/files/university-of-ottawa_475_medium.jpg,62.2,151+,84.9,151+,67.9,151+,51,151+
301-350,348,University of Porto,Portugal,Porto,Europe,n/a,https://www.topuniversities.com/universities/university-porto,https://www.topuniversities.com/sites/default/files/220603114500am903324university-of-porto-logo-90x90.jpg,55.7,151+,86.4,151+,67.5,151+,55.6,151+
301-350,349,University of Pretoria,South Africa,Pretoria,Africa,n/a,https://www.topuniversities.com/universities/university-pretoria,https://www.topuniversities.com/sites/default/files/university-of-pretoria_506_medium.jpg,54.5,151+,85.2,151+,64.9,151+,55.4,151+
301-350,350,University of St Andrews,United Kingdom,St. Andrews,Europe,n/a,https://www.topuniversities.com/universities/university-st-andrews,https://www.topuniversities.com/sites/default/files/university-of-st-andrews_570_medium.jpg,65.2,151+,71.8,151+,69.4,151+,51.3,151+
301-350,351,University of Waikato,New Zealand,Hamilton ,Oceania,n/a,https://www.topuniversities.com/universities/university-waikato,https://www.topuniversities.com/sites/default/files/230815114906pm995093UoW-NZ-logo-CMYK-vert-1061x1693-27c69c2-90x90.jpg,52.1,151+,85.7,151+,87.3,8,52.4,151+
301-350,352,Università Cattolica del Sacro Cuore,Italy,Milan,Europe,n/a,https://www.topuniversities.com/universities/universita-cattolica-del-sacro-cuore,https://www.topuniversities.com/sites/default/files/250121113309am654785Logo-Verticale-RGB-150x150-90x90.jpg,61.6,151+,80,151+,64.8,151+,53.1,151+
301-350,353,Victoria University of Wellington,New Zealand,"Kelburn, Wellington",Oceania,n/a,https://www.topuniversities.com/universities/victoria-university-wellington,https://www.topuniversities.com/sites/default/files/victoria-university-of-wellington_592560cf2aeae70239af4d0f_medium.jpg,58.9,151+,83.6,151+,67,151+,53.4,151+
301-350,354,XLRI Xavier School of Management,India,Jamshedpur,Asia,n/a,https://www.topuniversities.com/universities/xlri-xavier-school-management,https://www.topuniversities.com/sites/default/files/xlri-logo-200x200-1-1-90x90.jpg,47.6,151+,78.2,151+,74.7,=140,60.2,151+
351-400,355,"Asian Institute of Technology, Thailand",Thailand,Pathumthani,Asia,n/a,https://www.topuniversities.com/universities/asian-institute-technology-thailand,https://www.topuniversities.com/sites/default/files/asian-institute-of-technology-thailand_14653_medium.jpg,52.3,151+,70.3,151+,71,151+,58.4,151+
351-400,356,Bauman Moscow State Technical University,Russia,Moscow,Europe,n/a,https://www.topuniversities.com/universities/bauman-moscow-state-technical-university,https://www.topuniversities.com/sites/default/files/bauman-moscow-state-technical-university_592560cf2aeae70239af505c_medium.jpg,72.3,=80,56.7,151+,55.1,151+,50.9,151+
351-400,357,COMSATS University Islamabad,Pakistan,Islamabad,Asia,n/a,https://www.topuniversities.com/universities/comsats-university-islamabad,https://www.topuniversities.com/sites/default/files/comsats-university-islamabad_592560cf2aeae70239af52bb_medium.jpg,56.8,151+,92.9,=55,76.6,=73,49.5,151+
351-400,358,Chung-Ang University (CAU),South Korea,Seoul,Asia,n/a,https://www.topuniversities.com/universities/chung-ang-university-cau,https://www.topuniversities.com/sites/default/files/260330120819am627163%ED%99%94%EB%A9%B4-%EC%BA%A1%EC%B2%98-2026-03-30-090753-90x90.jpg,56.5,151+,82.4,151+,70.7,151+,53.5,151+
351-400,359,Concordia University,Canada,Montreal,North America,n/a,https://www.topuniversities.com/universities/concordia-university,https://www.topuniversities.com/sites/default/files/concordia-university_592560cf2aeae70239af4b0e_medium.jpg,51.2,151+,83.6,151+,68.1,151+,54.9,151+
351-400,360,Coventry University,United Kingdom,Coventry,Europe,n/a,https://www.topuniversities.com/universities/coventry-university,https://www.topuniversities.com/sites/default/files/coventry-university_592560cf2aeae70239af4b16_medium.jpg,55.2,151+,93.4,=38,74.3,151+,51.3,151+
351-400,361,Escuela Superior Politécnica del Litoral (ESPOL),Ecuador,Guayaquil,Latin America,n/a,https://www.topuniversities.com/universities/escuela-superior-politecnica-del-litoral-espol,https://www.topuniversities.com/sites/default/files/escuela-superior-politcnica-del-litoral-espol_592560cf2aeae70239af547f_medium.jpg,62.3,151+,58.7,151+,52.2,151+,56.1,151+
351-400,362,Frankfurt School of Finance and Management,Germany,Frankfurt,Europe,n/a,https://www.topuniversities.com/universities/frankfurt-school-finance-management,https://www.topuniversities.com/sites/default/files/260324095230am764288boxed-frankfurt-school-logo-90x90.jpg,47.1,151+,72.3,151+,71.6,151+,61,151+
351-400,363,Indian Institute of Management (IIM) - Shillong,India,Nongthymai,Asia,n/a,https://www.topuniversities.com/universities/indian-institute-management-iim-shillong,,55.3,151+,73.8,151+,69.4,151+,54,151+
351-400,364,Iscte - University Institute of Lisbon,Portugal,Lisbon,Europe,n/a,https://www.topuniversities.com/universities/iscte-university-institute-lisbon,https://www.topuniversities.com/sites/default/files/260225112350am145109rgb-iscte-pt-vertical-positive-90x90.jpg,49.3,151+,90.7,108,70.2,151+,54.3,151+
351-400,365,Istanbul University,Türkiye,Istanbul,Asia,n/a,https://www.topuniversities.com/universities/istanbul-university,https://www.topuniversities.com/sites/default/files/istanbul-university_592560cf2aeae70239af4bac_medium.jpg,62.4,151+,70.8,151+,63.7,151+,52.5,151+
351-400,366,"KIT, Karlsruhe Institute of Technology",Germany,Karlsruhe,Europe,n/a,https://www.topuniversities.com/universities/kit-karlsruhe-institute-technology,https://www.topuniversities.com/sites/default/files/kit-karlsruhe-institute-of-technology_310_medium.jpg,64.3,151+,78.2,151+,65.7,151+,49.5,151+
351-400,367,KTH Royal Institute of Technology,Sweden,Stockholm,Europe,n/a,https://www.topuniversities.com/universities/kth-royal-institute-technology,https://www.topuniversities.com/sites/default/files/260305113719am179277kth-royal-institute-of-technology--592560cf2aeae70239af4c9b-large-90x90.jpg,61.8,151+,83.9,151+,71,151+,49.8,151+
351-400,368,"Kingston University, London",United Kingdom,Kingston upon Thames,Europe,n/a,https://www.topuniversities.com/universities/kingston-university-london,https://www.topuniversities.com/sites/default/files/kingston-university-london_592560cf2aeae70239af4bc2_medium.jpg,62.5,151+,77.5,151+,68.3,151+,50.6,151+
351-400,369,La Trobe University,Australia,Melbourne,Oceania,n/a,https://www.topuniversities.com/universities/la-trobe-university,https://www.topuniversities.com/sites/default/files/220913045650am561995LTU-Int-V-RGB-JPG-90x90.jpg,51.7,151+,86.4,151+,68.9,151+,53.5,151+
351-400,370,Massey University,New Zealand,Palmerston North,Oceania,n/a,https://www.topuniversities.com/universities/massey-university,https://www.topuniversities.com/sites/default/files/massey-university_395_medium.jpg,53.9,151+,87.1,151+,68.7,151+,52.4,151+
351-400,371,North Carolina State University,United States,Raleigh,North America,n/a,https://www.topuniversities.com/universities/north-carolina-state-university,https://www.topuniversities.com/sites/default/files/north-carolina-state-university_592560cf2aeae70239af4c2a_medium.jpg,58.4,151+,84.7,151+,67.8,151+,50.8,151+
351-400,372,North South University,Bangladesh,Dhaka,Asia,n/a,https://www.topuniversities.com/universities/north-south-university,https://www.topuniversities.com/sites/default/files/north-south-university_592560cf2aeae70239af4de2_medium.jpg,58.1,151+,83,151+,76.8,=65,49.4,151+
351-400,373,Norwegian University of Science And Technology,Norway,Trondheim,Europe,n/a,https://www.topuniversities.com/universities/norwegian-university-science-technology,https://www.topuniversities.com/sites/default/files/norwegian-university-of-science-and-technology_457_medium.jpg,52.9,151+,88.5,151+,71.5,151+,52.8,151+
351-400,374,Politecnico di Torino,Italy,Turin,Europe,n/a,https://www.topuniversities.com/universities/politecnico-di-torino,https://www.topuniversities.com/sites/default/files/211027114149am317273Poli-di-Torino-logo-200x2000-90x90.jpg,66.5,=149,80.3,151+,69.3,151+,46.2,151+
351-400,375,Pontifícia Universidade Católica do Rio de Janeiro,Brazil,Rio de Janeiro,Latin America,n/a,https://www.topuniversities.com/universities/pontificia-universidade-catolica-do-rio-de-janeiro,https://www.topuniversities.com/sites/default/files/pontifcia-universidade-catlica-do-rio-de-janeiro_526_medium.jpg,56.2,151+,75.1,151+,67,151+,55.2,151+
351-400,376,Queen's University Belfast,United Kingdom,Belfast,Europe,n/a,https://www.topuniversities.com/universities/queens-university-belfast,https://www.topuniversities.com/sites/default/files/queens-university-belfast_592560cf2aeae70239af4c86_medium.jpg,61.8,151+,80.6,151+,67.1,151+,50.7,151+
351-400,377,SGH Warsaw School of Economics,Poland,Warsaw,Europe,n/a,https://www.topuniversities.com/universities/sgh-warsaw-school-economics,https://www.topuniversities.com/sites/default/files/220425010507pm495709SGHlogoRGB-02-90x90.jpg,50.8,151+,74.2,151+,58.9,151+,58.9,151+
351-400,378,Saint Petersburg State University,Russia,Saint Petersburg,Europe,n/a,https://www.topuniversities.com/universities/saint-petersburg-state-university,https://www.topuniversities.com/sites/default/files/saint-petersburg-state-university_592560cf2aeae70239af4cc0_medium.jpg,63.7,151+,79.3,151+,64.8,151+,49.5,151+
351-400,379,Sichuan University,China (Mainland),Chengdu,Asia,n/a,https://www.topuniversities.com/universities/sichuan-university,https://www.topuniversities.com/sites/default/files/sichuan-university_885_medium.jpg,65.5,151+,90.5,=109,69.7,151+,45.4,151+
351-400,380,"The University of Newcastle, Australia (UON)",Australia,Callaghan,Oceania,n/a,https://www.topuniversities.com/universities/university-newcastle-australia-uon,https://www.topuniversities.com/sites/default/files/the-university-of-newcastle-australia-uon_449_medium.jpg,55.3,151+,93.2,=46,76.1,=83,48.8,151+
351-400,381,Universidad Anáhuac México,Mexico,Huixquilucan,Latin America,n/a,https://www.topuniversities.com/universities/universidad-anahuac-mexico,https://www.topuniversities.com/sites/default/files/universidad-anahuac_592560cf2aeae70239af4a97_medium.jpg,62.7,151+,55.6,151+,51.5,151+,58,151+
351-400,382,Universidad Externado de Colombia ,Colombia,Bogotá,Latin America,n/a,https://www.topuniversities.com/universities/universidad-externado-de-colombia,https://www.topuniversities.com/sites/default/files/universidad-externado-de-colombia_795_medium.jpg,64.2,151+,61.5,151+,53.4,151+,55.7,151+
351-400,383,Universidad de Lima,Peru,Lima,Latin America,n/a,https://www.topuniversities.com/universities/universidad-de-lima,https://www.topuniversities.com/sites/default/files/230207011108pm679897LOGO-ULIMA-90x90.jpg,63.2,151+,63.1,151+,57.9,151+,53.8,151+
351-400,384,Universidad de los Andes - Chile,Chile,Santiago,Latin America,n/a,https://www.topuniversities.com/universities/universidad-de-los-andes-chile,https://www.topuniversities.com/sites/default/files/universidad-de-los-andes-chile_2638_medium.jpg,61.4,151+,60.6,151+,56.9,151+,55.3,151+
351-400,385,"University of California, Irvine",United States,Irvine,North America,n/a,https://www.topuniversities.com/universities/university-california-irvine,https://www.topuniversities.com/sites/default/files/251015062328pm672635SSoE-200x200-90x90.jpg,55.2,151+,77.5,151+,67.5,151+,53.6,151+
351-400,386,University of Central Florida,United States,Orlando,North America,n/a,https://www.topuniversities.com/universities/university-central-florida,https://www.topuniversities.com/sites/default/files/university-of-central-florida_209_medium.jpg,58.7,151+,86.6,151+,69.8,151+,49.3,151+
351-400,387,University of Galway,Ireland,Galway,Europe,n/a,https://www.topuniversities.com/universities/university-galway,https://www.topuniversities.com/sites/default/files/230111113541am417642Logo-QS-90x90.jpg,57.7,151+,83,151+,72.4,151+,52,151+
351-400,388,University of Geneva,Switzerland,Geneva,Europe,n/a,https://www.topuniversities.com/universities/university-geneva,https://www.topuniversities.com/sites/default/files/university-of-geneva_221_medium.jpg,63.2,151+,73.3,151+,66.4,151+,51.4,151+
351-400,389,University of Granada,Spain,Granada,Europe,n/a,https://www.topuniversities.com/universities/university-granada,https://www.topuniversities.com/sites/default/files/university-of-granada_235_medium.jpg,53.1,151+,93.2,=46,75.4,=103,52.1,151+
351-400,390,University of Limerick,Ireland,Limerick,Europe,n/a,https://www.topuniversities.com/universities/university-limerick,https://www.topuniversities.com/sites/default/files/university-of-limerick_592560cf2aeae70239af4be0_medium.jpg,56.1,151+,80.6,151+,69.5,151+,53.3,151+
351-400,391,University of South Florida,United States,Tampa,North America,n/a,https://www.topuniversities.com/universities/university-south-florida,https://www.topuniversities.com/sites/default/files/Webp.net-resizeimage-90-90x90.jpg,52.7,151+,87.1,151+,73.6,151+,51.8,151+
351-400,392,University of Twente,Netherlands,Enschede,Europe,n/a,https://www.topuniversities.com/universities/university-twente,https://www.topuniversities.com/sites/default/files/university-of-twente_635_medium.jpg,49.9,151+,88.2,151+,71.4,151+,53.8,151+
351-400,393,University of Victoria (UVic),Canada,Victoria,North America,n/a,https://www.topuniversities.com/universities/university-victoria-uvic,https://www.topuniversities.com/sites/default/files/university-of-victoria-uvic_592560cf2aeae70239af4d0e_medium.jpg,55.9,151+,75.9,151+,68.5,151+,54.5,151+
351-400,394,University of Warsaw,Poland,Warsaw,Europe,n/a,https://www.topuniversities.com/universities/university-warsaw,https://www.topuniversities.com/sites/default/files/221121121702pm909597logo-University-of-Warsaw-90x90.jpg,60.6,151+,73.8,151+,60.6,151+,54.2,151+
351-400,395,Universität Hamburg,Germany,Hamburg,Europe,n/a,https://www.topuniversities.com/universities/universitat-hamburg,https://www.topuniversities.com/sites/default/files/universitt-hamburg_592560cf2aeae70239af4b79_medium.jpg,56.2,151+,87.6,151+,72.5,151+,50.1,151+
351-400,396,Université Paris-Saclay,France,Paris,Europe,n/a,https://www.topuniversities.com/universities/universite-paris-saclay,https://www.topuniversities.com/sites/default/files/universit-paris-saclay_592560cf2aeae70239af4c6e_medium.jpg,70.6,=102,78.2,151+,63.5,151+,47,151+
351-400,397,Ural Federal University - UrFU,Russia,Ekaterinburg,Europe,n/a,https://www.topuniversities.com/universities/ural-federal-university-urfu,https://www.topuniversities.com/sites/default/files/ural-federal-university-urfu_592560cf2aeae70239af505a_medium.jpg,61.8,151+,81.9,151+,70.1,151+,50.5,151+
351-400,398,Virginia Polytechnic Institute and State University,United States,Blacksburg,North America,n/a,https://www.topuniversities.com/universities/virginia-polytechnic-institute-state-university,https://www.topuniversities.com/sites/default/files/virginia-polytechnic-institute-and-state-university_592560cf2aeae70239af4d15_medium.jpg,59.5,151+,85.9,151+,69.6,151+,51.2,151+
351-400,399,Washington State University,United States,Pullman,North America,n/a,https://www.topuniversities.com/universities/washington-state-university,https://www.topuniversities.com/sites/default/files/washington-state-university_666_medium.jpg,56.6,151+,83.9,151+,73.5,151+,52.2,151+
351-400,400,Wuhan University,China (Mainland),Wuhan,Asia,n/a,https://www.topuniversities.com/universities/wuhan-university,https://www.topuniversities.com/sites/default/files/wuhan-university_889_medium.jpg,62.7,151+,89.7,=129,72.5,151+,47.7,151+
351-400,401,Xiamen University,China (Mainland),Xiamen,Asia,n/a,https://www.topuniversities.com/universities/xiamen-university,https://www.topuniversities.com/sites/default/files/xiamen-university_891_medium.jpg,59.5,151+,88.2,151+,72.5,151+,47.7,151+
351-400,402,Xi’an Jiaotong University,China (Mainland),Xi'an,Asia,n/a,https://www.topuniversities.com/universities/xian-jiaotong-university,https://www.topuniversities.com/sites/default/files/xian-jiaotong-university_683_medium.jpg,57.3,151+,93,=49,71.9,151+,48.5,151+
351-400,403,Yarmouk University,Jordan,Irbid,Asia,n/a,https://www.topuniversities.com/universities/yarmouk-university,https://www.topuniversities.com/sites/default/files/yarmouk-university_592560cf2aeae70239af4e72_medium.jpg,57.2,151+,69.7,151+,66.8,151+,54.4,151+
401-450,404,American University of Ras Al Khaimah,United Arab Emirates,Ras Al Khaima,Asia,n/a,https://www.topuniversities.com/universities/american-university-ras-al-khaimah,https://www.topuniversities.com/sites/default/files/230404082544am873324AURAK-Logo-200x200-90x90.jpg,62.4,151+,68.6,151+,64.3,151+,50.3,151+
401-450,405,Amity University,India,Noida,Asia,n/a,https://www.topuniversities.com/universities/amity-university,https://www.topuniversities.com/sites/default/files/amity-university_592560cf2aeae70239af563b_medium.jpg,55,151+,87.1,151+,63.4,151+,51.3,151+
401-450,406,"Birla Institute of Technology and Science, Pilani",India,Pilani,Asia,n/a,https://www.topuniversities.com/universities/birla-institute-technology-science-pilani,https://www.topuniversities.com/sites/default/files/birla-institute-of-technology-and-science-pilani_592560cf2aeae70239af4e0e_medium.jpg,61.6,151+,82.7,151+,69.1,151+,47.4,151+
401-450,407,Ca' Foscari University of Venice,Italy,Venice,Europe,n/a,https://www.topuniversities.com/universities/ca-foscari-university-venice,https://www.topuniversities.com/sites/default/files/250311030733pm324084Logo-Square-JPEG-ZOOM-WAITING-ROOM-90x90.jpg,53.4,151+,81.2,151+,66.3,151+,52.9,151+
401-450,408,Chalmers University of Technology,Sweden,Gothenburg,Europe,n/a,https://www.topuniversities.com/universities/chalmers-university-technology,https://www.topuniversities.com/sites/default/files/chalmers-university-of-technology_592560cf2aeae70239af4af7_medium.jpg,52.5,151+,88.2,151+,72.9,151+,49.9,151+
401-450,409,Corvinus University of Budapest,Hungary,Budapest,Europe,n/a,https://www.topuniversities.com/universities/corvinus-university-budapest,https://www.topuniversities.com/sites/default/files/250321103918am220555corvinus-University-logo-black-90x90.jpg,54.9,151+,74.6,151+,62.7,151+,54,151+
401-450,410,De La Salle University,Philippines,Manila,Asia,n/a,https://www.topuniversities.com/universities/de-la-salle-university,https://www.topuniversities.com/sites/default/files/de-la-salle-university_153_medium.jpg,58.8,151+,66,151+,59.2,151+,53.2,151+
401-450,411,ESMT Berlin,Germany,Berlin,Europe,n/a,https://www.topuniversities.com/universities/esmt-berlin,https://www.topuniversities.com/sites/default/files/250825014736pm430879ESMT-logo-200x200px-90x90.jpg,45.8,151+,63.9,151+,63.3,151+,62.3,151+
401-450,412,German Jordanian University,Jordan,Amman,Asia,n/a,https://www.topuniversities.com/universities/german-jordanian-university,https://www.topuniversities.com/sites/default/files/german-jordanian-university_592560e29988f300e2321333_medium.jpg,63.1,151+,61.5,151+,58.4,151+,53.1,151+
401-450,413,Huazhong University of Science and Technology,China (Mainland),Wuhan,Asia,n/a,https://www.topuniversities.com/universities/huazhong-university-science-technology,https://www.topuniversities.com/sites/default/files/huazhong-university-of-science-and-technology_592560cf2aeae70239af5256_medium.jpg,56.7,151+,93.4,=38,74.3,151+,46,151+
401-450,414,Indian Institute of Science,India,Bangalore,Asia,n/a,https://www.topuniversities.com/universities/indian-institute-science,https://www.topuniversities.com/sites/default/files/indian-institute-of-science-iisc-bangalore_22878_medium.jpg,63,151+,66.7,151+,62.2,151+,51.5,151+
401-450,415,Institut Teknologi Bandung (ITB),Indonesia,Bandung,Asia,n/a,https://www.topuniversities.com/universities/institut-teknologi-bandung-itb,https://www.topuniversities.com/sites/default/files/bandung-institute-of-technology-itb_41_medium.jpg,62.2,151+,70.3,151+,56.2,151+,52.4,151+
401-450,416,Kozminski University,Poland,Warsaw,Europe,n/a,https://www.topuniversities.com/universities/kozminski-university,https://www.topuniversities.com/sites/default/files/241001072919am874802Logo-KOZMINSKI-DEEP-WATER-90x90.jpg,42.8,151+,79.3,151+,70.5,151+,58.2,151+
401-450,417,Manchester Metropolitan University.,United Kingdom,Manchester,Europe,n/a,https://www.topuniversities.com/universities/manchester-metropolitan-university,https://www.topuniversities.com/sites/default/files/251203115155am858066Manchester-Met-RGB-Black-Centred-200x200-90x90.jpg,46.5,151+,86.4,151+,70.7,151+,54.3,151+
401-450,418,Nankai University,China (Mainland),Tianjin,Asia,n/a,https://www.topuniversities.com/universities/nankai-university,https://www.topuniversities.com/sites/default/files/nankai-university_882_medium.jpg,53.1,151+,86.2,151+,72.6,151+,49.8,151+
401-450,419,National Sun Yat-sen University,Taiwan,Kaohsiung City,Asia,n/a,https://www.topuniversities.com/universities/national-sun-yat-sen-university,https://www.topuniversities.com/sites/default/files/national-sun-yat-sen-university_439_medium.jpg,54.4,151+,78.6,151+,68.8,151+,51.7,151+
401-450,420,National Taiwan University of Science and Technology (Taiwan Tech),Taiwan,Taipei City,Asia,n/a,https://www.topuniversities.com/universities/national-taiwan-university-science-technology-taiwan-tech,https://www.topuniversities.com/sites/default/files/national-taiwan-university-of-science-and-technology-taiwan-tech_590_medium.jpg,59.9,151+,76.3,151+,68.9,151+,50.4,151+
401-450,421,National Yang Ming Chiao Tung University (NYCU Taiwan),Taiwan,Hsinchu City,Asia,n/a,https://www.topuniversities.com/universities/national-yang-ming-chiao-tung-university-nycu-taiwan,https://www.topuniversities.com/sites/default/files/230525091126am408938230525%40400x-100-90x90.jpg,62.5,151+,79.3,151+,68.3,151+,47.1,151+
401-450,422,Plekhanov Russian University of Economics,Russia,Moscow,Europe,n/a,https://www.topuniversities.com/universities/plekhanov-russian-university-economics,https://www.topuniversities.com/sites/default/files/250206094506am819525Logo200x200-90x90.jpg,62.6,151+,66,151+,56.4,151+,53.1,151+
401-450,423,Pohang University of Science And Technology (POSTECH),South Korea,Pohang ,Asia,n/a,https://www.topuniversities.com/universities/pohang-university-science-technology-postech,https://www.topuniversities.com/sites/default/files/pohang-university-of-science-and-technology-postech_592560cf2aeae70239af4c7b_medium.jpg,65.3,151+,70.3,151+,64.3,151+,48.1,151+
401-450,424,"Royal Holloway, University of London",United Kingdom,London,Europe,n/a,https://www.topuniversities.com/universities/royal-holloway-university-london,https://www.topuniversities.com/sites/default/files/250117013204pm929619Royal-Holloway%2C-University-of-London-RGB-200x200-pixel-logo-90x90.jpg,48.7,151+,84.4,151+,70.2,151+,54.9,151+
401-450,425,Sohar University,Oman,Sohar,Asia,n/a,https://www.topuniversities.com/universities/sohar-university,https://www.topuniversities.com/sites/default/files/231220115958am894366SU-logo-resized-90x90.jpg,62.7,151+,69.7,151+,69.1,151+,49.7,151+
401-450,426,Stellenbosch University,South Africa,Stellenbosch,Africa,n/a,https://www.topuniversities.com/universities/stellenbosch-university,https://www.topuniversities.com/sites/default/files/231205074857am619842su-logo-200x200-90x90.jpg,52.1,151+,74.6,151+,58.8,151+,56.5,151+
401-450,427,Swinburne University of Technology,Australia,Melbourne,Oceania,n/a,https://www.topuniversities.com/universities/swinburne-university-technology,https://www.topuniversities.com/sites/default/files/swinburne-university-of-technology_759_medium.jpg,50.4,151+,94.2,=24,81.3,21,49.3,151+
401-450,428,Technical University of Denmark,Denmark,Kongens Lyngby,Europe,n/a,https://www.topuniversities.com/universities/technical-university-denmark,https://www.topuniversities.com/sites/default/files/technical-university-of-denmark_592560cf2aeae70239af4cd8_medium.jpg,57.3,151+,84.9,151+,73.4,151+,48.3,151+
401-450,429,Technische Universität Berlin (TU Berlin),Germany,Berlin,Europe,n/a,https://www.topuniversities.com/universities/technische-universitat-berlin-tu-berlin,https://www.topuniversities.com/sites/default/files/technische-universitt-berlin-tu-berlin_595_medium.jpg,64.9,151+,81.9,151+,67,151+,45.2,151+
401-450,430,The University of Lahore,Pakistan,Lahore,Asia,n/a,https://www.topuniversities.com/universities/university-lahore,https://www.topuniversities.com/sites/default/files/the-university-of-lahore_592560cf2aeae70239af4bda_medium.jpg,54.4,151+,77.9,151+,68.4,151+,52.7,151+
401-450,431,UNESP,Brazil,Sao Paulo,Latin America,n/a,https://www.topuniversities.com/universities/unesp,https://www.topuniversities.com/sites/default/files/unesp_492_medium.jpg,59.6,151+,77.5,151+,66.9,151+,48.8,151+
401-450,432,Universidad Politécnica de Madrid (UPM),Spain,Madrid,Europe,n/a,https://www.topuniversities.com/universities/universidad-politecnica-de-madrid,https://www.topuniversities.com/sites/default/files/politcnica-de-madrid_1507_medium.jpg,65.2,151+,77.9,151+,68,151+,45.8,151+
401-450,433,Universidad San Francisco de Quito USFQ,Ecuador,Quito,Latin America,n/a,https://www.topuniversities.com/universities/universidad-san-francisco-de-quito-usfq,https://www.topuniversities.com/sites/default/files/250514080051pm522863logo-usfq1500x1500px-90x90.jpg,63,151+,60.6,151+,54.3,151+,52.9,151+
401-450,434,Universidad de Sevilla,Spain,Seville,Europe,n/a,https://www.topuniversities.com/universities/universidad-de-sevilla,https://www.topuniversities.com/sites/default/files/universidad-de-sevilla_554_medium.jpg,49.6,151+,87.6,151+,68.7,151+,53.1,151+
401-450,435,Universiti Teknologi MARA - UiTM,Malaysia,Shah Alam,Asia,n/a,https://www.topuniversities.com/universities/universiti-teknologi-mara-uitm,https://www.topuniversities.com/sites/default/files/universiti-teknologi-mara-uitm_732_medium.jpg,50.8,151+,84.7,151+,60.4,151+,55.4,151+
401-450,436,University of Deusto,Spain,Bilbao,Europe,n/a,https://www.topuniversities.com/universities/university-deusto,https://www.topuniversities.com/sites/default/files/university-of-deusto_592560cf2aeae70239af57cd_medium.jpg,48.8,151+,74.6,151+,70.5,151+,55.2,151+
401-450,437,University of Dhaka,Bangladesh,Dhaka,Asia,n/a,https://www.topuniversities.com/universities/university-dhaka,https://www.topuniversities.com/sites/default/files/university-of-dhaka_158_medium.jpg,56.6,151+,80.3,151+,72.1,151+,49.9,151+
401-450,438,University of Edinburgh Business School,United Kingdom,Edinburgh,Europe,n/a,https://www.topuniversities.com/universities/university-edinburgh-business-school,https://www.topuniversities.com/sites/default/files/241004044655pm958536256x256bb-90x90.jpg,43.2,151+,78.9,151+,71.1,151+,57.7,151+
401-450,439,University of Münster,Germany,Munster,Europe,n/a,https://www.topuniversities.com/universities/university-munster,https://www.topuniversities.com/sites/default/files/231027093236am438692Logo-UniMuenster-200PixelBreite-RGB-90x90.jpg,50.4,151+,82.7,151+,70.4,151+,54,151+
401-450,440,University of Pittsburgh,United States,Pittsburgh,North America,n/a,https://www.topuniversities.com/universities/university-pittsburgh,https://www.topuniversities.com/sites/default/files/250923063818pm705607114803-Grad-Stud-Logo-Resize-for-Handshake-Profile-150x150-90x90.jpg,55.1,151+,78.6,151+,70.9,151+,52,151+
401-450,441,University of Rochester,United States,Rochester,North America,n/a,https://www.topuniversities.com/universities/university-rochester,https://www.topuniversities.com/sites/default/files/university-of-rochester_592560cf2aeae70239af4c96_medium.jpg,60.3,151+,66,151+,71,151+,50.8,151+
401-450,442,"University of Rome ""Tor Vergata""",Italy,Rome,Europe,n/a,https://www.topuniversities.com/universities/university-rome-tor-vergata,https://www.topuniversities.com/sites/default/files/university-of-rome-tor-vergata_592560cf2aeae70239af4c99_medium.jpg,54.2,151+,87.8,151+,73.7,151+,49.8,151+
401-450,443,University of Southern Denmark (SDU),Denmark,Odense,Europe,n/a,https://www.topuniversities.com/universities/university-southern-denmark-sdu,https://www.topuniversities.com/sites/default/files/university-of-southern-denmark_592560cf2aeae70239af4c53_medium.jpg,41.2,151+,92.3,=66,75.1,=121,55.1,151+
401-450,444,University of York,United Kingdom,York,Europe,n/a,https://www.topuniversities.com/universities/university-york,https://www.topuniversities.com/sites/default/files/250204120245pm633652UOY-Logo-Stacked-shield-Black-white-background-200x200px-90x90.jpg,58.9,151+,85.4,151+,69.4,151+,48.9,151+
401-450,445,University of the Philippines,Philippines,Quezon City,Asia,n/a,https://www.topuniversities.com/universities/university-philippines,https://www.topuniversities.com/sites/default/files/university-of-the-philippines_498_medium.jpg,63.8,151+,60.6,151+,58.2,151+,52.9,151+
401-450,446,University of the Punjab,Pakistan,Lahore,Asia,n/a,https://www.topuniversities.com/universities/university-punjab,https://www.topuniversities.com/sites/default/files/university-of-the-punjab_592560cf2aeae70239af4f07_medium.jpg,59.6,151+,83.6,151+,74.6,=144,46.4,151+
401-450,447,Università di Padova,Italy,Padova,Europe,n/a,https://www.topuniversities.com/universities/universita-di-padova,https://www.topuniversities.com/sites/default/files/universitdi-padova_480_medium.jpg,58.6,151+,85.9,151+,71.6,151+,47.9,151+
401-450,448,Uppsala University,Sweden,Uppsala,Europe,n/a,https://www.topuniversities.com/universities/uppsala-university,https://www.topuniversities.com/sites/default/files/uppsala-university_643_medium.jpg,52.5,151+,84.4,151+,66.7,151+,53.5,151+
401-450,449,Vlerick Business School,Belgium,Brussels,Europe,n/a,https://www.topuniversities.com/universities/vlerick-business-school,https://www.topuniversities.com/sites/default/files/240513085424am655929medium-Vlerick-logo-coloured-square-blue-green-90x90.jpg,49.1,151+,71.3,151+,68.7,151+,57.2,151+
401-450,450,Western Sydney University,Australia,Milperra,Oceania,n/a,https://www.topuniversities.com/universities/western-sydney-university,https://www.topuniversities.com/sites/default/files/western-sydney-university_848_medium.jpg,53.4,151+,83.9,151+,70.5,151+,51.4,151+
451-500,451,Al-Balqa Applied University,Jordan,As-Salt,Asia,n/a,https://www.topuniversities.com/universities/al-balqa-applied-university,https://www.topuniversities.com/sites/default/files/al-balqa-applied-university_592560cf2aeae70239af59fa_medium.jpg,57.9,151+,77.9,151+,68.6,151+,45.9,151+
451-500,452,Al-Farabi Kazakh National University,Kazakhstan,Almaty,Asia,n/a,https://www.topuniversities.com/universities/al-farabi-kazakh-national-university,https://www.topuniversities.com/sites/default/files/240206083847am456393logo-1-90x90.jpg,61.7,151+,63.9,151+,60.1,151+,50.1,151+
451-500,453,American University,United States,Washington D.C.,North America,n/a,https://www.topuniversities.com/universities/american-university,https://www.topuniversities.com/sites/default/files/american-university_17_medium.jpg,58.2,151+,80.9,151+,70.8,151+,45.5,151+
451-500,454,Ateneo de Manila University,Philippines,Quezon City,Asia,n/a,https://www.topuniversities.com/universities/ateneo-de-manila-university,https://www.topuniversities.com/sites/default/files/ateneo-de-manila-university_592560cf2aeae70239af4aa1_medium.jpg,59.3,151+,56.7,151+,51.5,151+,54.6,151+
451-500,455,Babes-Bolyai University,Romania,Cluj-Napoca,Europe,n/a,https://www.topuniversities.com/universities/babes-bolyai-university,https://www.topuniversities.com/sites/default/files/babes-bolyai-university_592560cf2aeae70239af5299_medium.jpg,55.4,151+,80.6,151+,71,151+,47.9,151+
451-500,456,Brown University,United States,Providence,North America,n/a,https://www.topuniversities.com/universities/brown-university,https://www.topuniversities.com/sites/default/files/brown-university_72_medium.jpg,66.8,141,58.7,151+,61.8,151+,48.6,151+
451-500,457,Bucharest University of Economic Studies,Romania,Bucharest,Europe,n/a,https://www.topuniversities.com/universities/bucharest-university-economic-studies,https://www.topuniversities.com/sites/default/files/260103064458pm19506201-90x90.jpg,50.7,151+,81.5,151+,60.2,151+,51.5,151+
451-500,458,Case Western Reserve University,United States,Cleveland,North America,n/a,https://www.topuniversities.com/universities/case-western-reserve-university,https://www.topuniversities.com/sites/default/files/case-western-reserve-university_102_medium.jpg,46.3,151+,79.3,151+,75,=127,53,151+
451-500,459,Chitkara University,India,Rajpura,Asia,n/a,https://www.topuniversities.com/universities/chitkara-university,https://www.topuniversities.com/sites/default/files/chitkara-university_592560ea9988f300e2322718_medium.jpg,50,151+,80.3,151+,64.1,151+,51.2,151+
451-500,460,Colegio de Estudios Superioes de Administracion,Colombia,Bogotá,Latin America,n/a,https://www.topuniversities.com/universities/colegio-de-estudios-superioes-de-administracion,,59.1,151+,63.1,151+,63.2,151+,52.1,151+
451-500,461,Dongguk University ,South Korea,Seoul,Asia,n/a,https://www.topuniversities.com/universities/dongguk-university,https://www.topuniversities.com/sites/default/files/dongguk-university_1048_medium.jpg,58.1,151+,75.1,151+,70.3,151+,46.2,151+
451-500,462,Edith Cowan University,Australia,Joondalup,Oceania,n/a,https://www.topuniversities.com/universities/edith-cowan-university,https://www.topuniversities.com/sites/default/files/251111045132am451526ECU-90x90.jpg,48.1,151+,89.3,=146,75.6,100,48.8,151+
451-500,463,"Essex, University of",United Kingdom,Colchester,Europe,n/a,https://www.topuniversities.com/universities/essex-university,https://www.topuniversities.com/sites/default/files/university-of-essex_592560cf2aeae70239af4b4c_medium.jpg,42.9,151+,88.5,151+,72.2,151+,53.4,151+
451-500,464,Ewha Womans University,South Korea,Seoul,Asia,n/a,https://www.topuniversities.com/universities/ewha-womans-university,https://www.topuniversities.com/sites/default/files/ewha-womans-university_592560cf2aeae70239af4b38_medium.jpg,53.1,151+,69.1,151+,67.5,151+,51.8,151+
451-500,465,Goethe-University Frankfurt am Main,Germany,Frankfurt am Main,Europe,n/a,https://www.topuniversities.com/universities/goethe-university-frankfurt-am-main,https://www.topuniversities.com/sites/default/files/universitt-frankfurt-am-main_214_medium.jpg,55.4,151+,74.2,151+,64.2,151+,49.6,151+
451-500,466,Hanken School of Economics,Finland,Helsinki,Europe,n/a,https://www.topuniversities.com/universities/hanken-school-economics,https://www.topuniversities.com/sites/default/files/240912104949am926931Hanken-SOE-Logo-Block-CMYK-90x90.jpg,25.3,151+,93.5,=35,79.7,30,62.5,151+
451-500,467,Ibn Tofail University,Morocco,Kenitra,Africa,n/a,https://www.topuniversities.com/universities/ibn-tofail-university,https://www.topuniversities.com/sites/default/files/ibn-tofail-university_592560e49988f300e2321726_medium.jpg,58.1,151+,54.4,151+,53.3,151+,54.6,151+
451-500,468,Indian Institute of Technology Guwahati (IITG),India,Guwahati,Asia,n/a,https://www.topuniversities.com/universities/indian-institute-technology-guwahati-iitg,https://www.topuniversities.com/sites/default/files/indian-institute-of-technology-guwahati-iitg_283_medium.jpg,77.2,=46,68,151+,61.7,151+,39,151+
451-500,469,Inha University,South Korea,Incheon,Asia,n/a,https://www.topuniversities.com/universities/inha-university,https://www.topuniversities.com/sites/default/files/inha-university_592560cf2aeae70239af4d3a_medium.jpg,49,151+,79.3,151+,72.4,151+,51.2,151+
451-500,470,International Islamic University Malaysia (IIUM),Malaysia,Kuala Lumpur,Asia,n/a,https://www.topuniversities.com/universities/international-islamic-university-malaysia-iium,https://www.topuniversities.com/sites/default/files/international-islamic-university-malaysia-iium_717_medium.jpg,51.3,151+,81.5,151+,63.9,151+,50.1,151+
451-500,471,International University of Japan,Japan,Minamiuonuma City,Asia,n/a,https://www.topuniversities.com/universities/international-university-japan,https://www.topuniversities.com/sites/default/files/220316025113pm369672japan-90x90.jpg,60.3,151+,59.7,151+,52.2,151+,54.2,151+
451-500,472,Lappeenranta-Lahti University of Technology LUT,Finland,Lappeenranta,Europe,n/a,https://www.topuniversities.com/universities/lappeenranta-lahti-university-technology-lut,https://www.topuniversities.com/sites/default/files/lappeenranta-university-of-technology_592560cf2aeae70239af4f7d_medium.jpg,36.6,151+,98.3,4,79.2,=31,54.7,151+
451-500,473,Lebanese American University,Lebanon,Byblos,Asia,n/a,https://www.topuniversities.com/universities/lebanese-american-university,https://www.topuniversities.com/sites/default/files/lebanese-american-university_592560cf2aeae70239af4eed_medium.jpg,60.1,151+,86.2,151+,77.1,=56,42.6,151+
451-500,474,Mahidol University,Thailand,Nakhon Pathom,Asia,n/a,https://www.topuniversities.com/universities/mahidol-university,https://www.topuniversities.com/sites/default/files/mahidol-university_381_medium.jpg,53.6,151+,78.6,151+,70.8,151+,48.9,151+
451-500,475,Northumbria University at Newcastle,United Kingdom,Newcastle upon Tyne,Europe,n/a,https://www.topuniversities.com/universities/northumbria-university-newcastle,https://www.topuniversities.com/sites/default/files/northumbria-university-at-newcastle_592560cf2aeae70239af4c4b_medium.jpg,49.1,151+,91.4,=87,70.4,151+,48.4,151+
451-500,476,RUDN University,Russia,Moscow,Europe,n/a,https://www.topuniversities.com/universities/rudn-university,https://www.topuniversities.com/sites/default/files/rudn-university_1503_medium.jpg,73.5,68,61.5,151+,59.1,151+,41.7,151+
451-500,477,SPJIMR,India,Mumbai,Asia,n/a,https://www.topuniversities.com/universities/spjimr,https://www.topuniversities.com/sites/default/files/SPJMR-1-90x90.jpg,46.3,151+,70.3,151+,70.1,151+,55,151+
451-500,478,SVKM's Narsee Monjee Institute of Management Studies(Deemed to be University),India,Mumbai,Asia,n/a,https://www.topuniversities.com/universities/svkms-narsee-monjee-institute-management-studiesdeemed-be-university,https://www.topuniversities.com/sites/default/files/svkms-narsee-monjee-institute-of-management-studiesdeemed-to-be-university_21212_medium.jpg,49,151+,76.3,151+,66.1,151+,52.4,151+
451-500,479,Sorbonne University,France,Paris,Europe,n/a,https://www.topuniversities.com/universities/sorbonne-university,https://www.topuniversities.com/sites/default/files/sorbonne-university_5a6afcfecb4de709397114fe_medium.jpg,70,107,53.1,151+,54.4,151+,49.2,151+
451-500,480,Southwestern University of Finance and Economics,China (Mainland),Chengdu,Asia,n/a,https://www.topuniversities.com/universities/southwestern-university-finance-economics,https://www.topuniversities.com/sites/default/files/southwestern-university-of-finance-and-economics_592560cf2aeae70239af5289_medium.jpg,50,151+,91.1,=99,74.8,=135,48.7,151+
451-500,481,Stockholm University,Sweden,Stockholm,Europe,n/a,https://www.topuniversities.com/universities/stockholm-university,https://www.topuniversities.com/sites/default/files/stockholm-university_577_medium.jpg,52.7,151+,78.9,151+,66.9,151+,52.3,151+
451-500,482,"The University of Tennessee, Knoxville",United States,Knoxville,North America,n/a,https://www.topuniversities.com/universities/university-tennessee-knoxville,https://www.topuniversities.com/sites/default/files/the-university-of-tennessee-knoxville_603_medium.jpg,48.9,151+,91.8,=78,75.4,=103,49.7,151+
451-500,483,Tohoku University,Japan,Sendai City,Asia,n/a,https://www.topuniversities.com/universities/tohoku-university,https://www.topuniversities.com/sites/default/files/tohoku-university_611_medium.jpg,67.1,=134,66.7,151+,66.8,151+,44.1,151+
451-500,484,Universidad ESAN,Peru,Surco,Latin America,n/a,https://www.topuniversities.com/universities/universidad-esan,https://www.topuniversities.com/sites/default/files/universidad-esan_59804a8dacb2954ac47ed1f2_medium.jpg,47.5,151+,63.1,151+,57.2,151+,58.7,151+
451-500,485,Universidad ICESI,Colombia,Cali,Latin America,n/a,https://www.topuniversities.com/universities/universidad-icesi,https://www.topuniversities.com/sites/default/files/universidad-icesi_592560cf2aeae70239af5150_medium.jpg,57,151+,57.7,151+,52.4,151+,56.1,151+
451-500,486,Universidad de Antioquia,Colombia,Medellin,Latin America,n/a,https://www.topuniversities.com/universities/universidad-de-antioquia,https://www.topuniversities.com/sites/default/files/universidad-de-antioquia_592560cf2aeae70239af5149_medium.jpg,61,151+,63.9,151+,62.5,151+,48.2,151+
451-500,487,Universidad de Las Américas (UDLA) Ecuador,Ecuador,Quito,Latin America,n/a,https://www.topuniversities.com/universities/universidad-de-las-americas-udla-ecuador,https://www.topuniversities.com/sites/default/files/251111022435pm932572UDLA-90x90.jpg,55.6,151+,50.3,151+,44.9,151+,60.3,151+
451-500,488,Universidad de Monterrey (UDEM),Mexico,San Pedro Garza García,Latin America,n/a,https://www.topuniversities.com/universities/universidad-de-monterrey-udem,https://www.topuniversities.com/sites/default/files/Webp.net-resizeimage-2021-06-15T131430.941-90x90.jpg,54.2,151+,62.3,151+,57.1,151+,53.6,151+
451-500,489,Universidad de San Andrés - UdeSA,Argentina,Buenos Aires,Latin America,n/a,https://www.topuniversities.com/universities/universidad-de-san-andres-udesa,https://www.topuniversities.com/sites/default/files/universidad-de-san-andrs-udesa_1699_medium.jpg,60.4,151+,50.3,151+,44.2,151+,55,151+
451-500,490,Universidad de las Américas Puebla (UDLAP),Mexico,Cholula,Latin America,n/a,https://www.topuniversities.com/universities/universidad-de-las-americas-puebla-udlap,https://www.topuniversities.com/sites/default/files/universidad-de-las-amricas-puebla-udlap_2637_medium.jpg,54.6,151+,65.3,151+,58.8,151+,53.4,151+
451-500,491,Universidad del Norte ,Colombia,Barranquilla,Latin America,n/a,https://www.topuniversities.com/universities/universidad-del-norte,https://www.topuniversities.com/sites/default/files/universidad-del-norte-_592560cf2aeae70239af54ec_medium.jpg,58.8,151+,62.3,151+,61.8,151+,50.3,151+
451-500,492,Universidade Federal do Rio Grande Do Sul,Brazil,Porto Alegre,Latin America,n/a,https://www.topuniversities.com/universities/universidade-federal-do-rio-grande-do-sul,https://www.topuniversities.com/sites/default/files/universidade-federal-do-rio-grande-do-sul_2239_medium.jpg,45.5,151+,85.2,151+,71.7,151+,51.7,151+
451-500,493,Universitas Brawijaya ,Indonesia,Malang,Asia,n/a,https://www.topuniversities.com/universities/universitas-brawijaya,https://www.topuniversities.com/sites/default/files/university-of-brawijaya_761_medium.jpg,56.9,151+,77.9,151+,59.8,151+,49.6,151+
451-500,494,Universiti Teknologi PETRONAS (UTP),Malaysia,Seri Iskandar,Asia,n/a,https://www.topuniversities.com/universities/universiti-teknologi-petronas-utp,https://www.topuniversities.com/sites/default/files/universiti-teknologi-petronas-utp_592560cf2aeae70239af4ef2_medium.jpg,53.3,151+,81.2,151+,71.8,151+,48.9,151+
451-500,495,University of Aberdeen,United Kingdom,Aberdeen,Europe,n/a,https://www.topuniversities.com/universities/university-aberdeen,https://www.topuniversities.com/sites/default/files/250617044352pm441031UoA-Stacked-Logo-RGB-90x90.jpg,55.3,151+,81.9,151+,75.3,=110,46.4,151+
451-500,496,University of Bradford,United Kingdom,Bradford,Europe,n/a,https://www.topuniversities.com/universities/university-bradford,https://www.topuniversities.com/sites/default/files/university-of-bradford_592560cf2aeae70239af4ac5_medium.jpg,44.3,151+,92.7,=62,81.4,20,49.4,151+
451-500,497,University of Houston,United States,Houston,North America,n/a,https://www.topuniversities.com/universities/university-houston,https://www.topuniversities.com/sites/default/files/university-of-houston_270_medium.jpg,49.5,151+,84.4,151+,71,151+,51.3,151+
451-500,498,University of Johannesburg,South Africa,Johannesburg,Africa,n/a,https://www.topuniversities.com/universities/university-johannesburg,https://www.topuniversities.com/sites/default/files/university-of-johannesburg-_592560cf2aeae70239af4f46_medium.jpg,49,151+,93,=49,66.9,151+,50.5,151+
451-500,499,University of Kent,United Kingdom,Canterbury,Europe,n/a,https://www.topuniversities.com/universities/university-kent,https://www.topuniversities.com/sites/default/files/university-of-kent_315_medium.jpg,51.1,151+,91.8,=78,77.1,=56,48,151+
451-500,500,University of Turin,Italy,Turin,Europe,n/a,https://www.topuniversities.com/universities/university-turin,https://www.topuniversities.com/sites/default/files/university-of-turin_632_medium.jpg,49.8,151+,96.9,6,76.8,=65,45.4,151+
451-500,501,"Vellore Institute of Technology (VIT), Vellore, India",India,Vellore,Asia,n/a,https://www.topuniversities.com/universities/vellore-institute-technology-vit-vellore-india,https://www.topuniversities.com/sites/default/files/vellore-institute-of-technology-vit_592560cf2aeae70239af4e26_medium.jpg,62.3,151+,76.7,151+,58.7,151+,48.5,151+
451-500,502,Viet Nam National University Ho Chi Minh City (VNU-HCM),Vietnam,Ho Chi Minh City,Asia,n/a,https://www.topuniversities.com/universities/viet-nam-national-university-ho-chi-minh-city-vnu-hcm,https://www.topuniversities.com/sites/default/files/vietnam-national-university-ho-chi-minh-city-vnu-hcm_592560cf2aeae70239af4d92_medium.jpg,61.6,151+,80.9,151+,66.4,151+,45.2,151+
451-500,503,Vilnius University,Lithuania,Vilnius,Europe,n/a,https://www.topuniversities.com/universities/vilnius-university,https://www.topuniversities.com/sites/default/files/vilnius-university-_592560cf2aeae70239af4d7f_medium.jpg,54,151+,71.8,151+,59.7,151+,51.5,151+
451-500,504,Wageningen University & Research,Netherlands,Wageningen,Europe,n/a,https://www.topuniversities.com/universities/wageningen-university-research,https://www.topuniversities.com/sites/default/files/260407070739am768792WUR-logo-200x200-90x90.jpg,55.2,151+,85.4,151+,69.6,151+,48.5,151+
501-550,505,Applied Science Private University - Jordan,Jordan,Amman,Asia,n/a,https://www.topuniversities.com/universities/applied-science-private-university-jordan,https://www.topuniversities.com/sites/default/files/250210083556am601837logo-ASU-01-90x90.jpg,54.7,151+,70.3,151+,61.1,151+,50.1,151+
501-550,506,Brock University,Canada,St. Catharines,North America,n/a,https://www.topuniversities.com/universities/brock-university,https://www.topuniversities.com/sites/default/files/240411040432pm619102BrockU-2022-RGB-square-200-90x90.jpg,44.1,151+,83.3,151+,68.3,151+,51.6,151+
501-550,507,Daffodil International University,Bangladesh,Dhaka,Asia,n/a,https://www.topuniversities.com/universities/daffodil-international-university,https://www.topuniversities.com/sites/default/files/daffodil-international-university_592560cf2aeae70239af4dda_medium.jpg,50.3,151+,70.3,151+,64.5,151+,52,151+
501-550,508,EADA - Business School Barcelona,Spain,Barcelona,Europe,n/a,https://www.topuniversities.com/universities/eada-business-school-barcelona,https://www.topuniversities.com/sites/default/files/eada-business-school-barcelona_721_medium.jpg,39.2,151+,71.8,151+,69.5,151+,57.5,151+
501-550,509,Friedrich-Alexander-Universität Erlangen-Nürnberg,Germany,Erlangen,Europe,n/a,https://www.topuniversities.com/universities/friedrich-alexander-universitat-erlangen-nurnberg,https://www.topuniversities.com/sites/default/files/220609081209am601836FAU-Logo-quadratisch-90x90.jpg,53.5,151+,87.6,151+,72.9,151+,44.2,151+
501-550,510,Insper Institute of Education and Research ,Brazil,São Paulo,Latin America,n/a,https://www.topuniversities.com/universities/insper-institute-education-research,https://www.topuniversities.com/sites/default/files/insper-institute-of-education-and-research-_592560cf2aeae70239af592e_medium.jpg,36.8,151+,70.3,151+,65.5,151+,59.2,151+
501-550,511,Kyushu University,Japan,Fukuoka City,Asia,n/a,https://www.topuniversities.com/universities/kyushu-university,https://www.topuniversities.com/sites/default/files/kyushu-university_331_medium.jpg,62.4,151+,65.3,151+,63.9,151+,45.1,151+
501-550,512,"Lingnan University, Hong Kong",Hong Kong SAR,Hong Kong,Asia,n/a,https://www.topuniversities.com/universities/lingnan-university-hong-kong,https://www.topuniversities.com/sites/default/files/lingnan-university-hong-kong_894_medium.jpg,45.9,151+,75.9,151+,71.8,151+,52.3,151+
501-550,513,Lovely Professional University (LPU),India,Chaheru,Asia,n/a,https://www.topuniversities.com/universities/lovely-professional-university-lpu,https://www.topuniversities.com/sites/default/files/Logo-2-90x90.jpg,58.6,151+,78.2,151+,61.8,151+,45.3,151+
501-550,514,Munich Business School,Germany,Munich,Europe,n/a,https://www.topuniversities.com/universities/munich-business-school,https://www.topuniversities.com/sites/default/files/240826113516am994474MBS-Logo-for-QS-90x90.jpg,55,151+,45.1,151+,44.5,151+,57.9,151+
501-550,515,Nagoya University,Japan,Nagoya,Asia,n/a,https://www.topuniversities.com/universities/nagoya-university,https://www.topuniversities.com/sites/default/files/nagoya-university_427_medium.jpg,64.3,151+,58.7,151+,56.7,151+,47.2,151+
501-550,516,Pontificia Universidad Católica de Valparaíso,Chile,Valparaíso,Latin America,n/a,https://www.topuniversities.com/universities/pontificia-universidad-catolica-de-valparaiso,https://www.topuniversities.com/sites/default/files/pontificia-universidad-catlica-de-valparaso_733_medium.jpg,58.6,151+,56.7,151+,53.4,151+,51.4,151+
501-550,517,Quaid-i-Azam University,Pakistan,Islamabad,Asia,n/a,https://www.topuniversities.com/universities/quaid-i-azam-university,https://www.topuniversities.com/sites/default/files/quaid-i-azam-university_592560cf2aeae70239af4d41_medium.jpg,55.5,151+,76.3,151+,74.3,151+,44.7,151+
501-550,518,Ritsumeikan University,Japan,Kyoto,Asia,n/a,https://www.topuniversities.com/universities/ritsumeikan-university,https://www.topuniversities.com/sites/default/files/ritsumeikan-university_592560cf2aeae70239af4c92_medium.jpg,55.7,151+,68,151+,61.5,151+,48.9,151+
501-550,519,Sant'Anna - Scuola Universitaria Superiore Pisa,Italy,Pisa,Europe,n/a,https://www.topuniversities.com/universities/santanna-scuola-universitaria-superiore-pisa,https://www.topuniversities.com/sites/default/files/santanna-scuola-universitaria-superiore-pisa_592560cf2aeae70239af4d74_medium.jpg,48.6,151+,80.6,151+,72,151+,48.7,151+
501-550,520,Syracuse University,United States,Syracuse,North America,n/a,https://www.topuniversities.com/universities/syracuse-university,https://www.topuniversities.com/sites/default/files/syracuse-university_812_medium.jpg,50.9,151+,80.9,151+,72.6,151+,47.3,151+
501-550,521,Texas Christian University,United States,Fort Worth,North America,n/a,https://www.topuniversities.com/universities/texas-christian-university,https://www.topuniversities.com/sites/default/files/texas-christian-university_592560cf2aeae70239af51b1_medium.jpg,52,151+,81.9,151+,72.3,151+,46.2,151+
501-550,522,Texas Tech University,United States,Lubbock,North America,n/a,https://www.topuniversities.com/universities/texas-tech-university,https://www.topuniversities.com/sites/default/files/texas-tech-university_592560cf2aeae70239af51b2_medium.jpg,53.3,151+,86.9,151+,69.3,151+,45.2,151+
501-550,523,Tianjin University,China (Mainland),Tianjin,Asia,n/a,https://www.topuniversities.com/universities/tianjin-university,https://www.topuniversities.com/sites/default/files/tianjin-university_609_medium.jpg,58.6,151+,90.5,=109,71.9,151+,40.7,151+
501-550,524,UWE Bristol (University of the West of England),United Kingdom,Bristol,Europe,n/a,https://www.topuniversities.com/universities/uwe-bristol-university-west-england,https://www.topuniversities.com/sites/default/files/250203040526am782065UWELogo-90x90.jpg,49.8,151+,83.3,151+,71.8,151+,47.6,151+
501-550,525,Universidad Espíritu Santo (UEES),Ecuador,Samborondón,Latin America,n/a,https://www.topuniversities.com/universities/universidad-espiritu-santo-uees,https://www.topuniversities.com/sites/default/files/universidad-espritu-santo_592560cf2aeae70239af5629_medium.jpg,57.4,151+,62.3,151+,60,151+,50.5,151+
501-550,526,Universidad Peruana de Ciencias Aplicadas (UPC),Peru,Monterrico,Latin America,n/a,https://www.topuniversities.com/universities/universidad-peruana-de-ciencias-aplicadas-upc,https://www.topuniversities.com/sites/default/files/240206095824pm847134upc-logo-90x90.jpg,60.3,151+,55.6,151+,53,151+,51.6,151+
501-550,527,Universidad Rey Juan Carlos,Spain,Móstoles,Europe,n/a,https://www.topuniversities.com/universities/universidad-rey-juan-carlos,https://www.topuniversities.com/sites/default/files/universidad-rey-juan-carlos_1517_medium.jpg,49.1,151+,84.9,151+,70.1,151+,48.3,151+
501-550,528,Universidad de Santiago de Chile (USACH),Chile,Santiago,Latin America,n/a,https://www.topuniversities.com/universities/universidad-de-santiago-de-chile-usach,https://www.topuniversities.com/sites/default/files/universidad-de-santiago-de-chile-usach_548_medium.jpg,63.5,151+,58.7,151+,56.5,151+,47.5,151+
501-550,529,Universidad de Zaragoza,Spain,Zaragoza,Europe,n/a,https://www.topuniversities.com/universities/universidad-de-zaragoza,https://www.topuniversities.com/sites/default/files/universidad-de-zaragoza_691_medium.jpg,39.6,151+,90.1,=119,78.8,35,50.4,151+
501-550,530,Universitas Padjadjaran (UNPAD),Indonesia,Bandung,Asia,n/a,https://www.topuniversities.com/universities/universitas-padjadjaran-unpad,https://www.topuniversities.com/sites/default/files/universitas-padjadjaran_592560cf2aeae70239af4e3c_medium.jpg,54,151+,70.8,151+,52.6,151+,50.9,151+
501-550,531,Universitat Politècnica de Catalunya · BarcelonaTech (UPC),Spain,Barcelona,Europe,n/a,https://www.topuniversities.com/universities/universitat-politecnica-de-catalunya-barcelonatech-upc,https://www.topuniversities.com/sites/default/files/universitat-politcnica-de-catalunya_103_medium.jpg,56.4,151+,71.8,151+,66.7,151+,46.5,151+
501-550,532,University of Antwerp,Belgium,Antwerp,Europe,n/a,https://www.topuniversities.com/universities/university-antwerp,https://www.topuniversities.com/sites/default/files/220301072725am708442Logo-UAntwerpen-90x90.jpg,49.9,151+,83,151+,68.7,151+,48.2,151+
501-550,533,University of Coimbra,Portugal,Coimbra,Europe,n/a,https://www.topuniversities.com/universities/university-coimbra,https://www.topuniversities.com/sites/default/files/university-of-coimbra_592560cf2aeae70239af4b07_medium.jpg,53.9,151+,85.4,151+,68.4,151+,45.1,151+
501-550,534,University of Derby,United Kingdom,Derby,Europe,n/a,https://www.topuniversities.com/universities/university-derby,https://www.topuniversities.com/sites/default/files/university-of-derby_592560cf2aeae70239af4d46_medium.jpg,49.7,151+,86.2,151+,75.9,=87,46.6,151+
501-550,535,University of Florence,Italy,Florence,Europe,n/a,https://www.topuniversities.com/universities/university-florence,https://www.topuniversities.com/sites/default/files/university-of-florence_208_medium.jpg,50.4,151+,86.4,151+,72.2,151+,46.3,151+
501-550,536,University of Leicester,United Kingdom,Leicester,Europe,n/a,https://www.topuniversities.com/universities/university-leicester,https://www.topuniversities.com/sites/default/files/university-of-leicester_339_medium.jpg,50.4,151+,81.2,151+,67.1,151+,49,151+
501-550,537,University of Ljubljana,Slovenia,Ljubljana,Europe,n/a,https://www.topuniversities.com/universities/university-ljubljana,https://www.topuniversities.com/sites/default/files/university-of-ljubljana_351_medium.jpg,37.2,151+,86.9,151+,69.8,151+,56,151+
501-550,538,University of Massachusetts Boston,United States,Boston,North America,n/a,https://www.topuniversities.com/universities/university-massachusetts-boston,https://www.topuniversities.com/sites/default/files/university-of-massachusetts-boston_592560cf2aeae70239af566b_medium.jpg,53,151+,76.3,151+,71.2,151+,46.8,151+
501-550,539,University of Milan,Italy,Milan,Europe,n/a,https://www.topuniversities.com/universities/university-milan,https://www.topuniversities.com/sites/default/files/230331095733am940735university-of-milan-1873-large-90x90.jpg,56.9,151+,75.9,151+,66,151+,46.5,151+
501-550,540,University of Naples - Federico II,Italy,Naples,Europe,n/a,https://www.topuniversities.com/universities/university-naples-federico-ii,https://www.topuniversities.com/sites/default/files/university-of-naples-federico-ii_432_medium.jpg,55.3,151+,89.1,=150,70.7,151+,44.4,151+
501-550,541,University of Salamanca,Spain,Salamanca,Europe,n/a,https://www.topuniversities.com/universities/university-salamanca,https://www.topuniversities.com/sites/default/files/university-of-salamanca_544_medium.jpg,54.5,151+,80.6,151+,71,151+,45.4,151+
501-550,542,University of Turku,Finland,Turku,Europe,n/a,https://www.topuniversities.com/universities/university-turku,https://www.topuniversities.com/sites/default/files/university-of-turku_592560cf2aeae70239af4cfe_medium.jpg,39.7,151+,92.9,=55,78.4,=38,51.3,151+
501-550,543,University of Vaasa,Finland,Vaasa,Europe,n/a,https://www.topuniversities.com/universities/university-vaasa,https://www.topuniversities.com/sites/default/files/210928012752pm545397Vaasan-Yliopisto-logo-pysty-90x90.jpg,34.8,151+,95.9,=10,80.6,=24,52.5,151+
501-550,544,Université Grenoble Alpes,France,Grenoble,Europe,n/a,https://www.topuniversities.com/universities/universite-grenoble-alpes,https://www.topuniversities.com/sites/default/files/universit-grenoble-alpes_592560cf2aeae70239af5ab2_medium.jpg,53.7,151+,80,151+,70.1,151+,46,151+
501-550,545,Université Jean Moulin Lyon 3,France,Lyon,Europe,n/a,https://www.topuniversities.com/universities/universite-jean-moulin-lyon-3,https://www.topuniversities.com/sites/default/files/universit-jean-moulin-lyon-3_592560cf2aeae70239af4bfb_medium.jpg,48.4,151+,65.3,151+,65,151+,52.9,151+
501-550,546,Université Laval,Canada,Québec,North America,n/a,https://www.topuniversities.com/universities/universite-laval,https://www.topuniversities.com/sites/default/files/laval-university_337_medium.jpg,46,151+,85.7,151+,71.5,151+,50.4,151+
501-550,547,VILNIUS TECH (Vilnius Gediminas Technical University),Lithuania,Vilnius,Europe,n/a,https://www.topuniversities.com/universities/vilnius-tech-vilnius-gediminas-technical-university,https://www.topuniversities.com/sites/default/files/VT_logo-90x90.jpg,51.3,151+,77.5,151+,68.3,151+,48.3,151+
501-550,548,Vanderbilt University,United States,Nashville,North America,n/a,https://www.topuniversities.com/universities/vanderbilt-university,https://www.topuniversities.com/sites/default/files/vanderbilt-university_649_medium.jpg,51.4,151+,75.9,151+,69,151+,49.9,151+
501-550,549,"Vietnam National University, Hanoi",Vietnam,Hanoi,Asia,n/a,https://www.topuniversities.com/universities/vietnam-national-university-hanoi,https://www.topuniversities.com/sites/default/files/vietnam-national-university-hanoi-_592560cf2aeae70239af523a_medium.jpg,58.9,151+,77.5,151+,66.3,151+,44.7,151+
501-550,550,Warsaw University of Technology,Poland,Warsaw,Europe,n/a,https://www.topuniversities.com/universities/warsaw-university-technology,https://www.topuniversities.com/sites/default/files/250701010256pm188166PW-logo-czarne-RGB-90x90.jpg,59.6,151+,68,151+,59.2,151+,47.5,151+
551-600,551,Ajou University,South Korea,Suwon,Asia,n/a,https://www.topuniversities.com/universities/ajou-university,https://www.topuniversities.com/sites/default/files/ajou-university_1034_medium.jpg,48.7,151+,70.8,151+,68.7,151+,50.2,151+
551-600,552,American University in Dubai,United Arab Emirates,Dubai,Asia,n/a,https://www.topuniversities.com/universities/american-university-dubai,https://www.topuniversities.com/sites/default/files/american-university-in-dubai_1200_medium.jpg,60.2,151+,56.7,151+,55.7,151+,48.9,151+
551-600,553,Beihang University (former BUAA),China (Mainland),Beijing,Asia,n/a,https://www.topuniversities.com/universities/beihang-university-former-buaa,https://www.topuniversities.com/sites/default/files/beihang-university-former-buaa_870_medium.jpg,57.3,151+,87.1,151+,73,151+,40.5,151+
551-600,554,Beijing Jiaotong University,China (Mainland),Beijing,Asia,n/a,https://www.topuniversities.com/universities/beijing-jiaotong-university,https://www.topuniversities.com/sites/default/files/beijing-jiaotong-university_592560cf2aeae70239af525e_medium.jpg,53.2,151+,80.9,151+,65.5,151+,46.5,151+
551-600,555,CENTRUM Catolica,Peru,Santiago de Surco,Latin America,n/a,https://www.topuniversities.com/universities/centrum-catolica,https://www.topuniversities.com/sites/default/files/centrum-catolica_592560cf2aeae70239af5872_medium.jpg,31.1,151+,71.3,151+,67.1,151+,61,151+
551-600,556,Chiang Mai University,Thailand,Chiang Mai,Asia,n/a,https://www.topuniversities.com/universities/chiang-mai-university,https://www.topuniversities.com/sites/default/files/chiang-mai-university_118_medium.jpg,53.7,151+,69.7,151+,61.2,151+,48.7,151+
551-600,557,City University of New York,United States,New York City,North America,n/a,https://www.topuniversities.com/universities/city-university-new-york,https://www.topuniversities.com/sites/default/files/city-university-of-new-york_149_medium.jpg,60.2,151+,85.9,151+,68.3,151+,39.4,151+
551-600,558,Diponegoro University,Indonesia,Semarang,Asia,n/a,https://www.topuniversities.com/universities/diponegoro-university,https://www.topuniversities.com/sites/default/files/diponegoro-university_592560cf2aeae70239af4b23_medium.jpg,54.8,151+,72.3,151+,55.8,151+,49,151+
551-600,559,Foreign Trade University.,Vietnam,Hanoi,Asia,n/a,https://www.topuniversities.com/universities/foreign-trade-university,https://www.topuniversities.com/sites/default/files/Logo-FTU-20182-90x90.jpg,53.3,151+,74.2,151+,66.8,151+,46.5,151+
551-600,560,HUFS - Hankuk (Korea) University of Foreign Studies ,South Korea,Seoul,Asia,n/a,https://www.topuniversities.com/universities/hufs-hankuk-korea-university-foreign-studies,https://www.topuniversities.com/sites/default/files/hufs-hankuk-korea-university-of-foreign-studies_1054_medium.jpg,55.8,151+,70.8,151+,66.4,151+,46.4,151+
551-600,561,Hacettepe University ,Türkiye,Ankara,Asia,n/a,https://www.topuniversities.com/universities/hacettepe-university,https://www.topuniversities.com/sites/default/files/hacettepe-university-_592560cf2aeae70239af4d8c_medium.jpg,61.8,151+,65.3,151+,63.2,151+,44.5,151+
551-600,562,Hong Kong Metropolitan University,Hong Kong SAR,Hong Kong,Asia,n/a,https://www.topuniversities.com/universities/hong-kong-metropolitan-university,https://www.topuniversities.com/sites/default/files/241128081739am970254HKMU--LOGO-90x90.jpg,40.4,151+,74.2,151+,73.8,151+,53,151+
551-600,563,Indian Institute of Technology BHU Varanasi (IIT BHU Varanasi),India,Varanasi,Asia,n/a,https://www.topuniversities.com/universities/indian-institute-technology-bhu-varanasi-iit-bhu-varanasi,https://www.topuniversities.com/sites/default/files/iit-bhu-varanasi_592560e59988f300e2321c55_medium.jpg,61.5,151+,66.7,151+,69.4,151+,42.5,151+
551-600,564,Institut Teknologi Sepuluh Nopember (ITS Surabaya),Indonesia,Surabaya,Asia,n/a,https://www.topuniversities.com/universities/institut-teknologi-sepuluh-nopember-its-surabaya,https://www.topuniversities.com/sites/default/files/260407025155am560753Lambang-ITS-90x90.jpg,58.7,151+,69.7,151+,58.5,151+,45.1,151+
551-600,565,Instituto Politécnico Nacional (IPN),Mexico,Ciudad de México,Latin America,n/a,https://www.topuniversities.com/universities/instituto-politecnico-nacional-ipn,https://www.topuniversities.com/sites/default/files/instituto-politcnico-nacional-ipn_592560cf2aeae70239af5483_medium.jpg,63.8,151+,57.7,151+,60,151+,45.2,151+
551-600,566,Iowa State University,United States,Ames,North America,n/a,https://www.topuniversities.com/universities/iowa-state-university,https://www.topuniversities.com/sites/default/files/iowa-state-university_294_medium.jpg,48.4,151+,85.9,151+,71.4,151+,46.3,151+
551-600,567,Jagiellonian University,Poland,Krakow,Europe,n/a,https://www.topuniversities.com/universities/jagiellonian-university,https://www.topuniversities.com/sites/default/files/jagiellonian-university_300_medium.jpg,55.2,151+,70.8,151+,57.7,151+,46.9,151+
551-600,568,King Faisal University,Saudi Arabia,Hofuf,Asia,n/a,https://www.topuniversities.com/universities/king-faisal-university,https://www.topuniversities.com/sites/default/files/king-faisal-university_592560cf2aeae70239af4f18_medium.jpg,50.2,151+,75.1,151+,70.3,151+,48,151+
551-600,569,L.N. Gumilyov Eurasian National University (ENU),Kazakhstan,Astana,Asia,n/a,https://www.topuniversities.com/universities/ln-gumilyov-eurasian-national-university-enu,https://www.topuniversities.com/sites/default/files/240216043308am306054%D0%BB%D0%BE%D0%B3%D0%BE%D1%82%D0%B8%D0%BF-90x90.jpg,58.7,151+,55.6,151+,53.6,151+,48.6,151+
551-600,570,Marmara University,Türkiye,Istanbul,Asia,n/a,https://www.topuniversities.com/universities/marmara-university,https://www.topuniversities.com/sites/default/files/marmara-university_592560e79988f300e232216a_medium.jpg,55.6,151+,71.3,151+,69,151+,44.2,151+
551-600,571,National Central University,Taiwan,Taoyuan,Asia,n/a,https://www.topuniversities.com/universities/national-central-university,https://www.topuniversities.com/sites/default/files/national-central-university_434_medium.jpg,55,151+,80.6,151+,70.3,151+,42.8,151+
551-600,572,National Taiwan Normal University (NTNU),Taiwan,Taipei City,Asia,n/a,https://www.topuniversities.com/universities/national-taiwan-normal-university-ntnu,https://www.topuniversities.com/sites/default/files/national-taiwan-normal-university_440_medium.jpg,52.7,151+,75.1,151+,70.2,151+,46.7,151+
551-600,573,National Technical University of Athens,Greece,Athens,Europe,n/a,https://www.topuniversities.com/universities/national-technical-university-athens,https://www.topuniversities.com/sites/default/files/national-technical-university-of-athens_592560cf2aeae70239af4aa3_medium.jpg,61.5,151+,77.5,151+,74.1,151+,40.1,151+
551-600,574,Princess Sumaya University for Technology,Jordan,Amman,Asia,n/a,https://www.topuniversities.com/universities/princess-sumaya-university-technology,https://www.topuniversities.com/sites/default/files/211107084721am862411PSUT-Logo-Stacked-RGB-90x90.jpg,55.3,151+,70.3,151+,65.7,151+,46.6,151+
551-600,575,Pukyong National University ,South Korea,Busan,Asia,n/a,https://www.topuniversities.com/universities/pukyong-national-university,https://www.topuniversities.com/sites/default/files/pukyong-national-university-_592560cf2aeae70239af4ec4_medium.jpg,51.1,151+,69.1,151+,66.3,151+,50.1,151+
551-600,576,SOAS University of London,United Kingdom,London,Europe,n/a,https://www.topuniversities.com/universities/soas-university-london,https://www.topuniversities.com/sites/default/files/soas-university-of-london-_592560cf2aeae70239af4bf0_medium.jpg,52.4,151+,68.6,151+,64.8,151+,47.7,151+
551-600,577,Sejong University,South Korea,Seoul,Asia,n/a,https://www.topuniversities.com/universities/sejong-university,https://www.topuniversities.com/sites/default/files/sejong-university_1094_medium.jpg,46.6,151+,87.8,151+,80,=27,44,151+
551-600,578,Shandong University,China (Mainland),Jinan,Asia,n/a,https://www.topuniversities.com/universities/shandong-university,https://www.topuniversities.com/sites/default/files/shandong-university_555_medium.jpg,55.7,151+,89.5,=138,72.2,151+,41.7,151+
551-600,579,South China University of Technology,China (Mainland),Guangzhou,Asia,n/a,https://www.topuniversities.com/universities/south-china-university-technology,https://www.topuniversities.com/sites/default/files/south-china-university-of-technology_887_medium.jpg,56.5,151+,91.8,=78,72.5,151+,40,151+
551-600,580,TUHH Hamburg University of Technology,Germany,Hamburg,Europe,n/a,https://www.topuniversities.com/universities/tuhh-hamburg-university-technology,https://www.topuniversities.com/sites/default/files/240705081732am454032hamburg-university-technology-hamburg-germany-200x200-90x90.jpg,46,151+,76.7,151+,94.5,2,43.9,151+
551-600,581,Tallinn University of Technology (TalTech),Estonia,Tallinn,Europe,n/a,https://www.topuniversities.com/universities/tallinn-university-technology-taltech,https://www.topuniversities.com/sites/default/files/tallinn-university-of-technology-taltech_592560cf2aeae70239af4cd3_medium.jpg,49.5,151+,82.2,151+,70.7,151+,46.7,151+
551-600,582,Tashkent State University of Economics,Uzbekistan,Tashkent,Asia,n/a,https://www.topuniversities.com/universities/tashkent-state-university-economics,https://www.topuniversities.com/sites/default/files/220202093023am5173262-90x90.jpg,60.8,151+,50.3,151+,46.6,151+,50.9,151+
551-600,583,Technische Universität Wien,Austria,Vienna,Europe,n/a,https://www.topuniversities.com/universities/vienna-university-technology,https://www.topuniversities.com/sites/default/files/vienna-university-of-technology_653_medium.jpg,59.5,151+,64.6,151+,62.7,151+,46.5,151+
551-600,584,Toronto Metropolitan University (formerly Ryerson University),Canada,Toronto,North America,n/a,https://www.topuniversities.com/universities/toronto-metropolitan-university-formerly-ryerson-university,https://www.topuniversities.com/sites/default/files/240703034600pm717180tmu-social-icon-90x90.jpg,53.9,151+,86.6,151+,70.4,151+,43.2,151+
551-600,585,Universidad de Costa Rica,Costa Rica,San Jose,Latin America,n/a,https://www.topuniversities.com/universities/universidad-de-costa-rica,https://www.topuniversities.com/sites/default/files/universidad-de-costa-rica_789_medium.jpg,52.9,151+,51.7,151+,54.8,151+,54.6,151+
551-600,586,Universitas Sebelas Maret,Indonesia,Surakarta,Asia,n/a,https://www.topuniversities.com/universities/universitas-sebelas-maret,https://www.topuniversities.com/sites/default/files/universitas-sebelas-maret_592560cf2aeae70239af4e43_medium.jpg,48.1,151+,67.3,151+,55.4,151+,53.8,151+
551-600,587,University of East Anglia (UEA),United Kingdom,Norwich,Europe,n/a,https://www.topuniversities.com/universities/university-east-anglia-uea,https://www.topuniversities.com/sites/default/files/university-of-east-anglia-uea_637_medium.jpg,47.2,151+,85.7,151+,75.2,=114,46.3,151+
551-600,588,University of Gothenburg,Sweden,Gothenburg,Europe,n/a,https://www.topuniversities.com/universities/university-gothenburg,https://www.topuniversities.com/sites/default/files/university-of-gothenburg_233_medium.jpg,42.5,151+,81.9,151+,64.2,151+,51.5,151+
551-600,589,University of Iowa,United States,Iowa City,North America,n/a,https://www.topuniversities.com/universities/university-iowa,https://www.topuniversities.com/sites/default/files/university-of-iowa_592560cf2aeae70239af4baa_medium.jpg,45.3,151+,74.2,151+,70.9,151+,51.6,151+
551-600,590,University of Milano-Bicocca,Italy,Milan,Europe,n/a,https://www.topuniversities.com/universities/university-milano-bicocca,https://www.topuniversities.com/sites/default/files/university-of-milano-bicocca_14336_medium.jpg,50,151+,82.7,151+,71.3,151+,45.1,151+
551-600,591,"University of Missouri, Columbia",United States,Columbia,North America,n/a,https://www.topuniversities.com/universities/university-missouri-columbia,https://www.topuniversities.com/sites/default/files/university-of-missouri-columbia_409_medium.jpg,49.9,151+,78.6,151+,68,151+,47.5,151+
551-600,592,University of Oslo,Norway,Oslo,Europe,n/a,https://www.topuniversities.com/universities/university-oslo,https://www.topuniversities.com/sites/default/files/university-of-oslo_473_medium.jpg,50.1,151+,73.8,151+,64.8,151+,49.9,151+
551-600,593,University of Portsmouth,United Kingdom,Portsmouth,Europe,n/a,https://www.topuniversities.com/universities/university-portsmouth,https://www.topuniversities.com/sites/default/files/220208040544pm645473UoP-logo-200x200px-90x90.jpg,46.2,151+,93.7,34,74.8,=135,45.4,151+
551-600,594,University of Trento,Italy,Trento,Europe,n/a,https://www.topuniversities.com/universities/university-trento,https://www.topuniversities.com/sites/default/files/university-of-trento_623_medium.jpg,51.4,151+,79.6,151+,68.4,151+,45.8,151+
551-600,595,University of Tsukuba,Japan,Tsukuba City,Asia,n/a,https://www.topuniversities.com/universities/university-tsukuba,https://www.topuniversities.com/sites/default/files/university-of-tsukuba_592560cf2aeae70239af4cf7_medium.jpg,57.7,151+,64.6,151+,61.5,151+,45.7,151+
551-600,596,University of Utah,United States,Salt Lake City,North America,n/a,https://www.topuniversities.com/universities/university-utah,https://www.topuniversities.com/sites/default/files/university-of-utah_645_medium.jpg,46.8,151+,77.5,151+,71.2,151+,49.2,151+
551-600,597,University of Witwatersrand,South Africa,Johannesburg,Africa,n/a,https://www.topuniversities.com/universities/university-witwatersrand,https://www.topuniversities.com/sites/default/files/university-of-the-witwatersrand_679_medium.jpg,53.2,151+,78.2,151+,63.7,151+,45.3,151+
551-600,598,Van Lang University,Vietnam,Ho Chi Minh City,Asia,n/a,https://www.topuniversities.com/universities/van-lang-university,https://www.topuniversities.com/sites/default/files/230418061805am147438QS-Logo-90x90.jpg,52.7,151+,58.7,151+,57.5,151+,51.8,151+
551-600,599,Wilfrid Laurier University,Canada,Waterloo,North America,n/a,https://www.topuniversities.com/universities/wilfrid-laurier-university,https://www.topuniversities.com/sites/default/files/231030043327pm729199Laurier-GOLD-Leaf-90x90.jpg,48.8,151+,85.4,151+,71.4,151+,47.1,151+
551-600,600,Zayed University,United Arab Emirates,"Abu Dhabi,",Asia,n/a,https://www.topuniversities.com/universities/zayed-university,https://www.topuniversities.com/sites/default/files/zayed-university_592560cf2aeae70239af4f36_medium.jpg,50.6,151+,80.3,151+,70.3,151+,46.7,151+
601-650,601,Aalborg University,Denmark,"Aalborg,",Europe,n/a,https://www.topuniversities.com/universities/aalborg-university,https://www.topuniversities.com/sites/default/files/aalborg-university_1262_medium.jpg,44.2,151+,84.4,151+,68.6,151+,47.4,151+
601-650,602,Aix-Marseille University,France,Marseille,Europe,n/a,https://www.topuniversities.com/universities/aix-marseille-university,https://www.topuniversities.com/sites/default/files/aix-marseille-university_592560cf2aeae70239af51e1_medium.jpg,45.5,151+,79.6,151+,65,151+,47.5,151+
601-650,603,Bournemouth University,United Kingdom,Poole,Europe,n/a,https://www.topuniversities.com/universities/bournemouth-university,https://www.topuniversities.com/sites/default/files/bournemouth-university_592560cf2aeae70239af4ac4_medium.jpg,43.9,151+,85.7,151+,71,151+,47.1,151+
601-650,604,Budapest University of Technology and Economics,Hungary,Budapest,Europe,n/a,https://www.topuniversities.com/universities/budapest-university-technology-economics,https://www.topuniversities.com/sites/default/files/budapest-university-of-technology-and-economics_592560cf2aeae70239af4feb_medium.jpg,59.6,151+,64.6,151+,61.1,151+,44.3,151+
601-650,605,Canadian University Dubai,United Arab Emirates,Dubai,Asia,n/a,https://www.topuniversities.com/universities/canadian-university-dubai,https://www.topuniversities.com/sites/default/files/canadian-university-dubai_592560e09988f300e2320c17_medium.jpg,51.2,151+,59.7,151+,58.2,151+,50,151+
601-650,606,Central European University,Austria,Vienna,Europe,n/a,https://www.topuniversities.com/universities/central-european-university,https://www.topuniversities.com/sites/default/files/251008121605pm655149CEU-Logo-square-90x90.jpg,53.3,151+,62.3,151+,61.2,151+,48.3,151+
601-650,607,East China Normal University,China (Mainland),Shanghai,Asia,n/a,https://www.topuniversities.com/universities/east-china-normal-university,https://www.topuniversities.com/sites/default/files/east-china-normal-university_592560cf2aeae70239af4def_medium.jpg,55.8,151+,82.2,151+,68.7,151+,41.4,151+
601-650,608,Federal University of Minas Gerais (UFMG),Brazil,Belo Horizonte,Latin America,n/a,https://www.topuniversities.com/universities/federal-university-minas-gerais-ufmg,https://www.topuniversities.com/sites/default/files/universidade-federal-de-minas-gerais_1727_medium.jpg,53.8,151+,66,151+,58.6,151+,47.2,151+
601-650,609,Fordham University,United States,New York City,North America,n/a,https://www.topuniversities.com/universities/fordham-university,https://www.topuniversities.com/sites/default/files/fordham-university_814_medium.jpg,44.5,151+,80,151+,68.4,151+,47.5,151+
601-650,610,IMT Atlantique,France,Nantes,Europe,n/a,https://www.topuniversities.com/universities/imt-atlantique,https://www.topuniversities.com/sites/default/files/imt-atlantique_5a53028cca24f32bec6e7157_medium.jpg,65.8,151+,69.1,151+,82.1,=15,34.4,151+
601-650,611,IPB University (aka Bogor Agricultural University),Indonesia,Bogor,Asia,n/a,https://www.topuniversities.com/universities/ipb-university-aka-bogor-agricultural-university,https://www.topuniversities.com/sites/default/files/bogor-agricultural-university_704_medium.jpg,55.5,151+,66.7,151+,58.3,151+,45.8,151+
601-650,612,Industrial University of Ho Chi Minh City (IUH),Vietnam,Ho Chi Minh,Asia,n/a,https://www.topuniversities.com/universities/industrial-university-ho-chi-minh-city-iuh,https://www.topuniversities.com/sites/default/files/industrial-university-of-ho-chi-minh-city-iuh_5ad99ecacb4de722675e1298_medium.jpg,45.1,151+,68,151+,62.6,151+,51.8,151+
601-650,613,Kaunas University of Technology,Lithuania,Kaunas,Europe,n/a,https://www.topuniversities.com/universities/kaunas-university-technology,https://www.topuniversities.com/sites/default/files/kaunas-university-of-technology_1454_medium.jpg,51.8,151+,76.3,151+,67.3,151+,45.3,151+
601-650,614,Khalifa University,United Arab Emirates,Abu Dhabi,Asia,n/a,https://www.topuniversities.com/universities/khalifa-university,https://www.topuniversities.com/sites/default/files/khalifa-university-of-science-and-technology_592560e19988f300e2320ee2_medium.jpg,56,151+,80.9,151+,70.5,151+,41.3,151+
601-650,615,Linköping University,Sweden,Linköping,Europe,n/a,https://www.topuniversities.com/universities/linkoping-university,https://www.topuniversities.com/sites/default/files/linkping-university_348_medium.jpg,39.8,151+,90.3,=113,78,=45,47.8,151+
601-650,616,Louisiana State University,United States,Baton Rouge,North America,n/a,https://www.topuniversities.com/universities/louisiana-state-university,https://www.topuniversities.com/sites/default/files/211217042229pm466378LSU-Logo-90x90.jpg,44.8,151+,87.1,151+,72.4,151+,45.9,151+
601-650,617,MGIMO University,Russia,Moscow,Europe,n/a,https://www.topuniversities.com/universities/mgimo-university,https://www.topuniversities.com/sites/default/files/moscow-state-institute-of-international-relations-mgimo-university_2156_medium.jpg,63.6,151+,63.9,151+,53.3,151+,43.3,151+
601-650,618,"Manipal Academy of Higher Education, Manipal, Karnataka, India",India,Manipal,Asia,n/a,https://www.topuniversities.com/universities/manipal-academy-higher-education-manipal-karnataka-india,https://www.topuniversities.com/sites/default/files/manipal-academy-of-higher-education_592560cf2aeae70239af4e15_medium.jpg,52.6,151+,79.3,151+,63,151+,45.1,151+
601-650,619,Middlesex University,United Kingdom,London,Europe,n/a,https://www.topuniversities.com/universities/middlesex-university,https://www.topuniversities.com/sites/default/files/middlesex-university_592560cf2aeae70239af4c19_medium.jpg,47,151+,87.3,151+,72.3,151+,44,151+
601-650,620,Mutah University,Jordan,Mu'tah,Asia,n/a,https://www.topuniversities.com/universities/mutah-university,https://www.topuniversities.com/sites/default/files/mutah-university_592560e29988f300e232134e_medium.jpg,58.4,151+,65.3,151+,62.3,151+,44.5,151+
601-650,621,Ozyegin University,Türkiye,Istanbul,Asia,n/a,https://www.topuniversities.com/universities/ozyegin-university,https://www.topuniversities.com/sites/default/files/ozyegin-university_592560de9988f300e23206da_medium.jpg,49.3,151+,70.3,151+,67.3,151+,48,151+
601-650,622,Pontificia Universidad Católica del Ecuador (PUCE),Ecuador,Quito,Latin America,n/a,https://www.topuniversities.com/universities/pontificia-universidad-catolica-del-ecuador-puce,https://www.topuniversities.com/sites/default/files/pontificia-universidad-catlica-del-ecuador-puce_592560cf2aeae70239af5489_medium.jpg,58.4,151+,47,151+,46.8,151+,50.8,151+
601-650,623,Radboud University,Netherlands,Nijmegen,Europe,n/a,https://www.topuniversities.com/universities/radboud-university,https://www.topuniversities.com/sites/default/files/240410065850am767670Logo-Radboud-University-90x90.jpg,47.5,151+,83.9,151+,68.8,151+,44.7,151+
601-650,624,Riga Technical University,Latvia,Riga,Europe,n/a,https://www.topuniversities.com/universities/riga-technical-university,https://www.topuniversities.com/sites/default/files/riga-technical-university_592560cf2aeae70239af578f_medium.jpg,54.9,151+,61.5,151+,56.1,151+,47.7,151+
601-650,625,Rochester Institute of Technology (RIT),United States,Rochester,North America,n/a,https://www.topuniversities.com/universities/rochester-institute-technology-rit,https://www.topuniversities.com/sites/default/files/240805072733pm690367200x200-logo-90x90.jpg,56.4,151+,80,151+,70.9,151+,41.1,151+
601-650,626,Rutgers University–Newark,United States,Newark,North America,n/a,https://www.topuniversities.com/universities/rutgers-university-newark,https://www.topuniversities.com/sites/default/files/rutgers-the-state-university-of-new-jersey_592560cf2aeae70239af52b1_medium.jpg,46.5,151+,79.6,151+,67.8,151+,47.6,151+
601-650,627,Southern Methodist University,United States,Dallas,North America,n/a,https://www.topuniversities.com/universities/southern-methodist-university,https://www.topuniversities.com/sites/default/files/250730033630pm763452SMU-Logo-Formal-digitalonly-B-90x90.jpg,46.2,151+,76.7,151+,73.1,151+,46.8,151+
601-650,628,Technische Universität Dresden,Germany,Dresden,Europe,n/a,https://www.topuniversities.com/universities/technische-universitat-dresden,https://www.topuniversities.com/sites/default/files/260129053723am237362TUD-Logos-final-RGB-TUD-Logo-vertikal-blau-de-90x90.jpg,55.7,151+,80.3,151+,70.4,151+,41.9,151+
601-650,629,Technological University Dublin,Ireland,Dublin,Europe,n/a,https://www.topuniversities.com/universities/technological-university-dublin,https://www.topuniversities.com/sites/default/files/technological-university-of-dublin_592560cf2aeae70239af4b28_medium.jpg,54.5,151+,70.3,151+,65.8,151+,44.8,151+
601-650,630,Tel Aviv University,Israel,Tel Aviv,Asia,n/a,https://www.topuniversities.com/universities/tel-aviv-university,https://www.topuniversities.com/sites/default/files/tel-aviv-university_592560cf2aeae70239af4cde_medium.jpg,45.5,151+,75.9,151+,65.3,151+,48.2,151+
601-650,631,Universidad Iberoamericana Ciudad de México - IBERO,Mexico,Mexico City,Latin America,n/a,https://www.topuniversities.com/universities/universidad-iberoamericana-ciudad-de-mexico-ibero,https://www.topuniversities.com/sites/default/files/240131094720pm844056LOGO-200x200-90x90.jpg,64.5,151+,35.1,151+,32.1,151+,52.4,151+
601-650,632,Universiti Tunku Abdul Rahman (UTAR),Malaysia,Kampar,Asia,n/a,https://www.topuniversities.com/universities/universiti-tunku-abdul-rahman-utar,https://www.topuniversities.com/sites/default/files/universiti-tunku-abdul-rahman-utar_592560cf2aeae70239af5243_medium.jpg,51.2,151+,83.6,151+,75.8,=92,42,151+
601-650,633,University of Bergen,Norway,Bergen,Europe,n/a,https://www.topuniversities.com/universities/university-bergen,https://www.topuniversities.com/sites/default/files/university-of-bergen_53_medium.jpg,46.2,151+,88.2,151+,78.4,=38,43.8,151+
601-650,634,University of Cincinnati,United States,Cincinnati,North America,n/a,https://www.topuniversities.com/universities/university-cincinnati,https://www.topuniversities.com/sites/default/files/university-of-cincinnati_129_medium.jpg,47,151+,77.1,151+,67.3,151+,46.7,151+
601-650,635,University of Connecticut,United States,Storrs,North America,n/a,https://www.topuniversities.com/universities/university-connecticut,https://www.topuniversities.com/sites/default/files/university-of-connecticut_140_medium.jpg,45.9,151+,78.9,151+,67.7,151+,47.5,151+
601-650,636,University of Dundee.,United Kingdom,Dundee,Europe,n/a,https://www.topuniversities.com/universities/university-dundee,https://www.topuniversities.com/sites/default/files/241024102555am216937UoD-shield-RGB-90x90.jpg,49.9,151+,72.8,151+,64.7,151+,47.7,151+
601-650,637,"University of Economics Ho Chi Minh City, Viet Nam",Vietnam,Ho Chi Minh City,Asia,n/a,https://www.topuniversities.com/universities/university-economics-ho-chi-minh-city-viet-nam,https://www.topuniversities.com/sites/default/files/220112034159am170290logo-ueh-90x90.jpg,47.2,151+,86.6,151+,69.8,151+,44.8,151+
601-650,638,University of Engineering & Technology (UET) Lahore,Pakistan,Lahore,Asia,n/a,https://www.topuniversities.com/universities/university-engineering-technology-uet-lahore,https://www.topuniversities.com/sites/default/files/university-of-engineering-technology-uet-lahore_592560cf2aeae70239af4d82_medium.jpg,58.5,151+,75.1,151+,72.9,151+,39.9,151+
601-650,639,University of Guelph,Canada,Guelph,North America,n/a,https://www.topuniversities.com/universities/university-guelph,https://www.topuniversities.com/sites/default/files/university-of-guelph_1756_medium.jpg,52,151+,77.9,151+,66.9,151+,44.8,151+
601-650,640,University of Huddersfield,United Kingdom,Huddersfield,Europe,n/a,https://www.topuniversities.com/universities/university-huddersfield,https://www.topuniversities.com/sites/default/files/university-of-huddersfield_592560cf2aeae70239af4cac_medium.jpg,47.4,151+,88.2,151+,73.4,151+,43.4,151+
601-650,641,University of Hull,United Kingdom,Hull,Europe,n/a,https://www.topuniversities.com/universities/university-hull,https://www.topuniversities.com/sites/default/files/240314033354pm534974UoH-Primary-Brandmark-CMYK-90x90.jpg,42.9,151+,81.2,151+,72.4,151+,47.4,151+
601-650,642,University of Macau,Macau SAR,,Asia,n/a,https://www.topuniversities.com/universities/university-macau,https://www.topuniversities.com/sites/default/files/university-of-macau_14378_medium.jpg,49.8,151+,80,151+,69.1,151+,44.1,151+
601-650,643,University of Oregon,United States,Eugene,North America,n/a,https://www.topuniversities.com/universities/university-oregon,https://www.topuniversities.com/sites/default/files/university-of-oregon_592560cf2aeae70239af4c58_medium.jpg,50.5,151+,77.9,151+,68.2,151+,44.3,151+
601-650,644,University of Stirling,United Kingdom,Stirling,Europe,n/a,https://www.topuniversities.com/universities/university-stirling,https://www.topuniversities.com/sites/default/files/university-of-stirling_575_medium.jpg,42.8,151+,77.9,151+,67.2,151+,50.6,151+
601-650,645,University of Westminster,United Kingdom,London,Europe,n/a,https://www.topuniversities.com/universities/university-westminster,https://www.topuniversities.com/sites/default/files/university-of-westminster_592560cf2aeae70239af4d26_medium.jpg,48.6,151+,80,151+,67.8,151+,45.1,151+
601-650,646,Universität Innsbruck,Austria,Innsbruck,Europe,n/a,https://www.topuniversities.com/universities/universitat-innsbruck,https://www.topuniversities.com/sites/default/files/universitt-innsbruck_592560cf2aeae70239af4ba7_medium.jpg,42.5,151+,81.9,151+,71.8,151+,48.1,151+
601-650,647,Université Toulouse 1 Capitole,France,Toulouse,Europe,n/a,https://www.topuniversities.com/universities/universite-toulouse-1-capitole,https://www.topuniversities.com/sites/default/files/universit-toulouse-1-capitole_620_medium.jpg,45.1,151+,70.3,151+,67.6,151+,50.4,151+
601-650,648,Université de Tunis El Manar,Tunisia,Tunis,Africa,n/a,https://www.topuniversities.com/universities/universite-de-tunis-el-manar,https://www.topuniversities.com/sites/default/files/universit-de-tunis-el-manar_592560cf2aeae70239af5472_medium.jpg,45.6,151+,71.3,151+,64.5,151+,50.4,151+
601-650,649,Université du Québec,Canada,Québec,North America,n/a,https://www.topuniversities.com/universities/universite-du-quebec,https://www.topuniversities.com/sites/default/files/universit-du-qubec_512_medium.jpg,48,151+,81.9,151+,65.6,151+,47.1,151+
601-650,650,Villanova University,United States,Villanova,North America,n/a,https://www.topuniversities.com/universities/villanova-university,https://www.topuniversities.com/sites/default/files/villanova-university_5c87707a10ca6005203cba93_medium.jpg,39.4,151+,83.6,151+,74.2,151+,49.6,151+
