rank_display,rank,name,country,city,region,overall_score,url,logo,employer_reputation_score,employer_reputation_rank,h_index_citations_score,h_index_citations_rank,citations_per_paper_score,citations_per_paper_rank,academic_reputation_score,academic_reputation_rank
1,1,Harvard University,United States,Cambridge,North America,96.6,https://www.topuniversities.com/universities/harvard-university,https://www.topuniversities.com/sites/default/files/harvard-university_253_medium.jpg,100,1,82.1,=66,83.5,=37,100,1
2,2,Stanford University,United States,Stanford,North America,93.6,https://www.topuniversities.com/universities/stanford-university,https://www.topuniversities.com/sites/default/files/stanford-university_573_medium.jpg,95.5,4,79.9,=99,85.4,=26,96.9,=2
3,3,Massachusetts Institute of Technology (MIT),United States,Cambridge,North America,93,https://www.topuniversities.com/universities/massachusetts-institute-technology-mit,https://www.topuniversities.com/sites/default/files/massachusetts-institute-of-technology-mit_410_medium.jpg,95.1,5,80.4,=89,79.8,77,96.9,=2
4,4,University of Oxford,United Kingdom,Oxford,Europe,90.5,https://www.topuniversities.com/universities/university-oxford,https://www.topuniversities.com/sites/default/files/university-of-oxford_478_medium.jpg,96.5,2,82.1,=66,75.9,101+,91.5,8
5,5,University of Chicago,United States,Chicago,North America,89.2,https://www.topuniversities.com/universities/university-chicago,https://www.topuniversities.com/sites/default/files/university-of-chicago_120_medium.jpg,77.8,29,82.6,=60,91.9,7,96.9,=2
6,6,University of Pennsylvania,United States,Philadelphia,North America,88.7,https://www.topuniversities.com/universities/university-pennsylvania,https://www.topuniversities.com/sites/default/files/university-of-pennsylvania_495_medium.jpg,82.7,16,83.8,=46,87,=19,93.7,6
7,7,University of Cambridge,United Kingdom,Cambridge,Europe,88.6,https://www.topuniversities.com/universities/university-cambridge,https://www.topuniversities.com/sites/default/files/university-of-cambridge_95_medium.jpg,96,3,74,101+,75.2,101+,89.7,11
8,8,The London School of Economics and Political Science (LSE),United Kingdom,London,Europe,88.1,https://www.topuniversities.com/universities/london-school-economics-political-science-lse,https://www.topuniversities.com/sites/default/files/london-school-of-economics-and-political-science-lse_362_medium.jpg,83.5,13,82.1,=66,75.4,101+,94.5,5
9,9,"University of California, Berkeley (UCB)",United States,Berkeley,North America,86.7,https://www.topuniversities.com/universities/university-california-berkeley-ucb,https://www.topuniversities.com/sites/default/files/university-of-california-berkeley-ucb_84_medium.jpg,86.1,8,78,101+,80.8,60,89.9,10
10,10,National University of Singapore (NUS),Singapore,Singapore,Asia,86.4,https://www.topuniversities.com/universities/national-university-singapore-nus,https://www.topuniversities.com/sites/default/files/national-university-of-singapore-nus_443_medium.jpg,87.1,7,83.4,=51,76,101+,88.6,13
11,11,New York University (NYU),United States,New York City,North America,86.3,https://www.topuniversities.com/universities/new-york-university-nyu,https://www.topuniversities.com/sites/default/files/240530125524pm936168NYUShanghai-90x90.jpg,81,20,83,=56,78.7,93,91.7,7
12,12,Columbia University,United States,New York City,North America,86.2,https://www.topuniversities.com/universities/columbia-university,https://www.topuniversities.com/sites/default/files/211207010540pm571294Webp.net-resizeimage-2021-12-07T150514.382-90x90.jpg,84.1,12,82.1,=66,80.1,=69,89.5,12
13,13,Yale University,United States,New Haven,North America,85.8,https://www.topuniversities.com/universities/yale-university,https://www.topuniversities.com/sites/default/files/yale-university_684_medium.jpg,89.9,6,72.1,101+,81.7,=49,86.9,14
14,14,"Nanyang Technological University, Singapore (NTU Singapore)",Singapore,Singapore,Asia,83,https://www.topuniversities.com/universities/nanyang-technological-university-singapore-ntu-singapore,https://www.topuniversities.com/sites/default/files/nanyang-technological-university-singapore-ntu_592560cf2aeae70239af4c32_medium.jpg,82.5,=17,79,101+,83.5,=37,84,20
=15,15,Imperial College London,United Kingdom,London,Europe,82.7,https://www.topuniversities.com/universities/imperial-college-london,https://www.topuniversities.com/sites/default/files/240430033452pm869301QS-Imperial-Logo-white-text-blue-background-90x90.jpg,85.7,9,78.5,101+,82.1,=44,81.8,28
=15,16,"University of California, Los Angeles (UCLA)",United States,Los Angeles,North America,82.7,https://www.topuniversities.com/universities/university-california-los-angeles-ucla,https://www.topuniversities.com/sites/default/files/university-of-california-los-angeles-ucla_87_medium.jpg,82.8,15,74,101+,72.8,101+,86.3,16
=15,17,University of Toronto,Canada,Toronto,North America,82.7,https://www.topuniversities.com/universities/university-toronto,https://www.topuniversities.com/sites/default/files/university-of-toronto_619_medium.jpg,82.5,=17,75.8,101+,76.3,101+,85.4,19
18,18,London Business School,United Kingdom,London,Europe,82.6,https://www.topuniversities.com/universities/london-business-school,https://www.topuniversities.com/sites/default/files/london-business-school_592560cf2aeae70239af4be5_medium.jpg,75.3,=50,70,101+,74.2,101+,91.2,9
19,19,Peking University,China (Mainland),Beijing,Asia,82.1,https://www.topuniversities.com/universities/peking-university,https://www.topuniversities.com/sites/default/files/peking-university_50_medium.jpg,84.2,=10,87.3,=17,75.5,101+,81.2,30
20,20,Bocconi University,Italy,Milan,Europe,81.9,https://www.topuniversities.com/universities/bocconi-university,https://www.topuniversities.com/sites/default/files/bocconi-university_592560cf2aeae70239af4abf_medium.jpg,77.7,30,77.5,101+,79.1,=84,85.9,17
21,21,The University of Manchester,United Kingdom,Manchester,Europe,80.8,https://www.topuniversities.com/universities/university-manchester,https://www.topuniversities.com/sites/default/files/the-university-of-manchester_389_medium.jpg,76.6,=38,86,=28,83.6,36,81.7,29
22,22,Tsinghua University,China (Mainland),Beijing,Asia,80.7,https://www.topuniversities.com/universities/tsinghua-university,https://www.topuniversities.com/sites/default/files/tsinghua-university_626_medium.jpg,84.2,=10,83.4,=51,77.9,101+,78.6,=43
23,23,HEC Paris,France,Paris,Europe,80.3,https://www.topuniversities.com/universities/hec-paris,https://www.topuniversities.com/sites/default/files/hec-paris-school-of-management_257_medium.jpg,76.6,=38,71.4,101+,73,101+,85.7,18
24,24,The University of Melbourne,Australia,Melbourne,Oceania,80.2,https://www.topuniversities.com/universities/university-melbourne,https://www.topuniversities.com/sites/default/files/211118103607am165180PRIMARY-A-A4-Vertical-Housed-RGB-200px-90x90.jpg,78.6,27,81.3,=77,73.1,101+,82.4,23
25,25,University of Texas at Austin,United States,Austin,North America,79.9,https://www.topuniversities.com/universities/university-texas-austin,https://www.topuniversities.com/sites/default/files/university-of-texas-at-austin_604_medium.jpg,73.7,57,74.7,101+,85.2,28,83.6,22
26,26,The University of Hong Kong,Hong Kong SAR,Hong Kong,Asia,79.8,https://www.topuniversities.com/universities/university-hong-kong,https://www.topuniversities.com/sites/default/files/250912101330am198735HKUcolour-low-resolution-90x90.jpg,76.6,=38,77.5,101+,81,=56,81.9,=26
27,27,The University of Sydney,Australia,Sydney,Oceania,79.5,https://www.topuniversities.com/universities/university-sydney,https://www.topuniversities.com/sites/default/files/the-university-of-sydney_592560cf2aeae70239af4cd0_medium.jpg,75.2,52,89.8,=10,84.1,=32,79,40
28,28,Princeton University,United States,Princeton,North America,79.4,https://www.topuniversities.com/universities/princeton-university,https://www.topuniversities.com/sites/default/files/princeton-university_508_medium.jpg,81.7,19,68.4,101+,68.5,101+,82.3,24
29,29,The University of New South Wales (UNSW Sydney),Australia,Sydney,Oceania,79.1,https://www.topuniversities.com/universities/university-new-south-wales-unsw-sydney,https://www.topuniversities.com/sites/default/files/221220094647am317557UNSW-Sydney-Logo-jpeg-90x90.jpg,74.4,56,83.8,=46,74.6,101+,81.9,=26
30,30,Northwestern University,United States,Evanston,North America,78.9,https://www.topuniversities.com/universities/northwestern-university,https://www.topuniversities.com/sites/default/files/northwestern-university_592560cf2aeae70239af4c50_medium.jpg,72.2,72,75.2,101+,87,=19,82,25
31,31,Cornell University,United States,Ithaca,North America,78.8,https://www.topuniversities.com/universities/cornell-university,https://www.topuniversities.com/sites/default/files/cornell-university_143_medium.jpg,79.3,24,76.4,101+,77.3,101+,79.2,=37
32,32,University of British Columbia,Canada,Vancouver,North America,78.4,https://www.topuniversities.com/universities/university-british-columbia,https://www.topuniversities.com/sites/default/files/university-of-british-columbia_70_medium.jpg,79.8,22,69.2,101+,75.5,101+,80,32
33,33,The Hong Kong University of Science and Technology,Hong Kong SAR,Hong Kong,Asia,78.1,https://www.topuniversities.com/universities/hong-kong-university-science-technology,https://www.topuniversities.com/sites/default/files/the-hong-kong-university-of-science-and-technology_269_medium.jpg,71.2,=83,75.2,101+,73.3,101+,83.7,21
34,34,The Chinese University of Hong Kong (CUHK),Hong Kong SAR,Hong Kong,Asia,77.4,https://www.topuniversities.com/universities/chinese-university-hong-kong-cuhk,https://www.topuniversities.com/sites/default/files/230719090304am589775CUHK-acronym-logo-thumb-200x200%20%281%29.jpg,70,88,81.3,=77,87.1,=17,79.2,=37
=35,35,INSEAD,France,Fontainebleau,Europe,77.2,https://www.topuniversities.com/universities/insead,https://www.topuniversities.com/sites/default/files/insead_592560cf2aeae70239af4ba8_medium.jpg,77.1,33,56.9,101+,51.8,101+,86.4,15
=35,36,Seoul National University,South Korea,Seoul,Asia,77.2,https://www.topuniversities.com/universities/seoul-national-university,https://www.topuniversities.com/sites/default/files/graduate-school-of-business-seoul-national-university_553_medium.jpg,78.8,=25,74.7,101+,69.2,101+,78.3,45
37,37,University of Michigan-Ann Arbor,United States,Ann Arbor,North America,77.1,https://www.topuniversities.com/universities/university-michigan-ann-arbor,https://www.topuniversities.com/sites/default/files/university-of-michigan_403_medium.jpg,72.7,69,75.2,101+,76.7,101+,80.2,31
38,38,Monash University,Australia,Melbourne,Oceania,77,https://www.topuniversities.com/universities/monash-university,https://www.topuniversities.com/sites/default/files/monash-university_412_medium.jpg,73.6,=58,87,=20,75.4,101+,77.3,46
=39,39,The University of Tokyo,Japan,Tokyo,Asia,76.7,https://www.topuniversities.com/universities/university-tokyo,https://www.topuniversities.com/sites/default/files/the-university-of-tokyo_615_medium.jpg,83.1,14,68.4,101+,67.6,101+,76.4,50
=39,40,The University of Warwick,United Kingdom,Coventry,Europe,76.7,https://www.topuniversities.com/universities/university-warwick,https://www.topuniversities.com/sites/default/files/240325030130pm310608Warwick-logo-90x90.jpg,72,=75,75.8,101+,77.7,101+,79.5,34
41,41,Duke University,United States,Durham,North America,76.5,https://www.topuniversities.com/universities/duke-university,https://www.topuniversities.com/sites/default/files/duke-university_168_medium.jpg,70.8,86,76.4,101+,79.6,=79,79.4,35
42,42,The University of Edinburgh,United Kingdom,Edinburgh,Europe,76.3,https://www.topuniversities.com/universities/university-edinburgh,https://www.topuniversities.com/sites/default/files/the-university-of-edinburgh_180_medium.jpg,76.5,42,78,101+,73.8,101+,76.3,51
43,43,University of Illinois Urbana-Champaign,United States,Champaign,North America,76,https://www.topuniversities.com/universities/university-illinois-urbana-champaign,https://www.topuniversities.com/sites/default/files/250319093914am927515Illinois-Logo-Full-Color-200x200-90x90.jpg,68.4,101+,81.3,=77,78.3,97,79.1,39
44,44,UCL,United Kingdom,London,Europe,75.8,https://www.topuniversities.com/universities/ucl,https://www.topuniversities.com/sites/default/files/240209111134am850728QS-UCL-icon-90x90.jpg,79.7,23,79.5,101+,78.6,=94,72.1,=71
45,45,Erasmus University Rotterdam ,Netherlands,Rotterdam,Europe,75.3,https://www.topuniversities.com/universities/erasmus-university-rotterdam,https://www.topuniversities.com/sites/default/files/erasmus-university-rotterdam_190_medium.jpg,67.9,101+,78.5,101+,78.2,=98,78.6,=43
46,46,Fudan University,China (Mainland),Shanghai,Asia,75.2,https://www.topuniversities.com/universities/fudan-university,https://www.topuniversities.com/sites/default/files/fudan-university_218_medium.jpg,76.2,=44,82.1,=66,75.3,101+,73.2,63
=47,47,Australian National University (ANU),Australia,Canberra,Oceania,75,https://www.topuniversities.com/universities/australian-national-university-anu,https://www.topuniversities.com/sites/default/files/251223044806am137327ANU-Crest-Inversed-Gold200x200-90x90.jpg,72.8,=67,80.4,=89,71.4,101+,75.9,52
=47,48,Shanghai Jiao Tong University,China (Mainland),Shanghai,Asia,75,https://www.topuniversities.com/universities/shanghai-jiao-tong-university,https://www.topuniversities.com/sites/default/files/shanghai-jiao-tong-university_556_medium.jpg,76.6,=38,82.6,=60,74.5,101+,72.7,=67
49,49,ETH Zurich,Switzerland,Zürich,Europe,74.7,https://www.topuniversities.com/universities/eth-zurich,https://www.topuniversities.com/sites/default/files/eth-zurich-swiss-federal-institute-of-technology_201_medium.jpg,80.9,21,75.2,101+,73.8,101+,71.1,80
50,50,Singapore Management University,Singapore,Singapore,Asia,74.6,https://www.topuniversities.com/universities/singapore-management-university,https://www.topuniversities.com/sites/default/files/singapore-management-university_1177_medium.jpg,62.4,101+,79.9,=99,79.5,81,79.9,33
51,51,The Hong Kong Polytechnic University,Hong Kong SAR,Hong Kong,Asia,74.1,https://www.topuniversities.com/universities/hong-kong-polytechnic-university,https://www.topuniversities.com/sites/default/files/the-hong-kong-polytechnic-university_267_medium.jpg,64.2,101+,85.3,=31,87.7,15,75,=56
52,52,City University of Hong Kong (CityUHK),Hong Kong SAR,"Kowloon,",Asia,74,https://www.topuniversities.com/universities/city-university-hong-kong-cityuhk,https://www.topuniversities.com/sites/default/files/240301064743am994206logo-90x90.jpg,65.2,101+,83,=56,76.6,101+,76.9,=48
53,53,University of Amsterdam,Netherlands,Amsterdam,Europe,73.4,https://www.topuniversities.com/universities/university-amsterdam,https://www.topuniversities.com/sites/default/files/240924020914pm288471UvA-logo-90x90.jpg,68.7,101+,77.5,101+,75.3,101+,75,=56
54,54,McGill University,Canada,Montreal,North America,73.3,https://www.topuniversities.com/universities/mcgill-university,https://www.topuniversities.com/sites/default/files/250528065103pm337251shield-McGill-red-200x200px-90x90.jpg,76.9,=34,64.9,101+,63,101+,74.9,58
=55,55,Tecnológico de Monterrey,Mexico,Monterrey,Latin America,73.1,https://www.topuniversities.com/universities/tecnologico-de-monterrey,https://www.topuniversities.com/sites/default/files/instituto-tecnolgico-y-de-estudios-superiores-de-monterrey_592560cf2aeae70239af4cd6_medium.jpg,78.1,28,56.9,101+,54.4,101+,77,47
=55,56,Yonsei University,South Korea,Seoul,Asia,73.1,https://www.topuniversities.com/universities/yonsei-university,https://www.topuniversities.com/sites/default/files/yonsei-university_688_medium.jpg,73.2,=62,72.8,101+,68.6,101+,73.9,59
57,57,Korea University,South Korea,Seoul,Asia,73,https://www.topuniversities.com/universities/korea-university,https://www.topuniversities.com/sites/default/files/korea-university_325_medium.jpg,73.3,=60,70.7,101+,61.8,101+,75.6,53
=58,58,Durham University,United Kingdom,Durham,Europe,72.9,https://www.topuniversities.com/universities/durham-university,https://www.topuniversities.com/sites/default/files/durham-university_170_medium.jpg,71,85,82.6,=60,80,=73,70.7,84
=58,59,University of Navarra,Spain,Pamplona,Europe,72.9,https://www.topuniversities.com/universities/university-navarra,https://www.topuniversities.com/sites/default/files/230606111821am961353marcaunav-rojo-1x1-90x90.jpg,68,101+,75.2,101+,72.9,101+,75.3,55
=60,60,The University of Auckland,New Zealand,Auckland,Oceania,72.4,https://www.topuniversities.com/universities/university-auckland,https://www.topuniversities.com/sites/default/files/221206065357am877738QS-Website-logo-01-90x90.jpg,67.8,101+,83.4,=51,77.5,101+,71.9,74
=60,61,"Trinity College Dublin, The University of Dublin",Ireland,Dublin,Europe,72.4,https://www.topuniversities.com/universities/trinity-college-dublin-university-dublin,https://www.topuniversities.com/sites/default/files/trinity-college-dublin-the-university-of-dublin_167_medium.jpg,69,=99,91.8,7,100,1,65.1,101+
62,62,Copenhagen Business School,Denmark,Frederiksberg,Europe,72.3,https://www.topuniversities.com/universities/copenhagen-business-school,https://www.topuniversities.com/sites/default/files/copenhagen-business-school_710_medium.jpg,56.2,101+,79,101+,81,=56,78.9,41
=63,63,Boston University,United States,Boston,North America,72.1,https://www.topuniversities.com/universities/boston-university,https://www.topuniversities.com/sites/default/files/boston-university_592560cf2aeae70239af4ac2_medium.jpg,71.4,=79,75.2,101+,77.3,101+,70.8,=82
=63,64,University of Southern California,United States,Los Angeles,North America,72.1,https://www.topuniversities.com/universities/university-southern-california,https://www.topuniversities.com/sites/default/files/university-of-southern-california_569_medium.jpg,63.8,101+,76.9,101+,75.5,101+,75.5,54
65,65,Universiti Malaya (UM),Malaysia,Kuala Lumpur,Asia,72,https://www.topuniversities.com/universities/universiti-malaya-um,https://www.topuniversities.com/sites/default/files/universiti-malaya-um_383_medium.jpg,69.7,92,76.9,101+,70.3,101+,72.7,=67
=66,66,King's College London,United Kingdom,London,Europe,71.7,https://www.topuniversities.com/universities/kings-college-london,https://www.topuniversities.com/sites/default/files/231024034600pm558869KCL-box-red-485-rgb-90x90.jpg,75,54,71.4,101+,72.3,101+,69.6,91
=66,67,University of Glasgow,United Kingdom,Glasgow,Europe,71.7,https://www.topuniversities.com/universities/university-glasgow,https://www.topuniversities.com/sites/default/files/university-of-glasgow_592560cf2aeae70239af4b6c_medium.jpg,66.4,101+,81.7,=72,77.8,101+,71.7,75
68,68,The University of Queensland,Australia,Brisbane City,Oceania,71.6,https://www.topuniversities.com/universities/university-queensland,https://www.topuniversities.com/sites/default/files/210824044126am970441uq-logo-90x90.jpg,68.9,101+,81.7,=72,73.8,101+,70.8,=82
=69,69,"Macquarie University (Sydney, Australia)",Australia,Sydney,Oceania,71.5,https://www.topuniversities.com/universities/macquarie-university-sydney-australia,https://www.topuniversities.com/sites/default/files/macquarie-university_378_medium.jpg,64.8,101+,92.5,5,81.3,54,69.3,94
=69,70,Stockholm School of Economics,Sweden,"Stockholm,",Europe,71.5,https://www.topuniversities.com/universities/stockholm-school-economics,https://www.topuniversities.com/sites/default/files/stockholm-school-of-economics_576_medium.jpg,56.4,101+,74,101+,75.5,101+,79.3,36
=71,71,National Taiwan University (NTU),Taiwan,Taipei,Asia,71.3,https://www.topuniversities.com/universities/national-taiwan-university-ntu,https://www.topuniversities.com/sites/default/files/national-taiwan-university-ntu_592560cf2aeae70239af4c3c_medium.jpg,73.1,66,71.4,101+,67.6,101+,70.9,81
=71,72,Pontificia Universidad Católica de Chile (UC),Chile,Santiago,Latin America,71.3,https://www.topuniversities.com/universities/pontificia-universidad-católica-de-chile-uc,https://www.topuniversities.com/sites/default/files/pontificia-universidad-catlica-de-chile-uc_107_medium.jpg,77.5,32,50.4,101+,45.7,101+,76.9,=48
73,73,University of Washington,United States,Seattle,North America,70.9,https://www.topuniversities.com/universities/university-washington,https://www.topuniversities.com/sites/default/files/240709093150am256263W-Logo-Purple-RGB-resized-90x90.jpg,66.2,101+,73.4,101+,73.3,101+,72.8,=65
=74,74,Pennsylvania State University,United States,University Park,North America,70.8,https://www.topuniversities.com/universities/pennsylvania-state-university,https://www.topuniversities.com/sites/default/files/pennsylvania-state-university_494_medium.jpg,71.5,=77,81.3,=77,76.9,101+,67.1,101+
=74,75,University of Birmingham,United Kingdom,Birmingham,Europe,70.8,https://www.topuniversities.com/universities/university-birmingham,https://www.topuniversities.com/sites/default/files/university-of-birmingham_59_medium.jpg,66.5,101+,84.1,=40,80.9,=58,68.7,101+
76,76,University of Zurich,Switzerland,Zürich,Europe,70.7,https://www.topuniversities.com/universities/university-zurich,https://www.topuniversities.com/sites/default/files/250124123220pm124063Logo-90x90.jpg,63.4,101+,82.1,=66,82.2,=42,70.4,=86
77,77,Tilburg University,Netherlands,Tilburg,Europe,70.6,https://www.topuniversities.com/universities/tilburg-university,https://www.topuniversities.com/sites/default/files/tilburg-university_592560cf2aeae70239af4ce5_medium.jpg,53.1,101+,75.8,101+,77.2,101+,78.8,42
78,78,Universidade de São Paulo,Brazil,São Paulo,Latin America,70.4,https://www.topuniversities.com/universities/universidade-de-sao-paulo,https://www.topuniversities.com/sites/default/files/universidade-de-so-paulo_550_medium.jpg,72.8,=67,67.6,101+,60.2,101+,71.6,=76
79,79,ESSEC Business School,France,Cergy,Europe,70.3,https://www.topuniversities.com/universities/essec-business-school,https://www.topuniversities.com/sites/default/files/essec-business-school_198_medium.jpg,69.3,95,62.9,101+,63.2,101+,73.7,60
80,80,IE University,Spain,Segovia,Europe,70.2,https://www.topuniversities.com/universities/ie-university,https://www.topuniversities.com/sites/default/files/230302024505pm732571IE-univ-logo-200x200-90x90.jpg,69,=99,71.4,101+,66.1,101+,71.5,=78
=81,81,The Ohio State University,United States,Columbus,North America,70.1,https://www.topuniversities.com/universities/ohio-state-university,https://www.topuniversities.com/sites/default/files/the-ohio-state-university_465_medium.jpg,61.3,101+,77.5,101+,81.9,=47,71.6,=76
=81,82,University of St.Gallen,Switzerland,St. Gallen,Europe,70.1,https://www.topuniversities.com/universities/university-stgallen,https://www.topuniversities.com/sites/default/files/220202052805pm846901HSG-Bildmarke-RGB-90x90.jpg,67.8,101+,76.4,101+,74,101+,69.4,93
83,83,Universitat Ramon Llull,Spain,Barcelona,Europe,70,https://www.topuniversities.com/universities/universitat-ramon-llull,https://www.topuniversities.com/sites/default/files/RL-logo-90x90.jpg,69.1,=97,69.2,101+,63.1,101+,72.1,=71
84,84,Lancaster University,United Kingdom,"Lancaster,",Europe,69.8,https://www.topuniversities.com/universities/lancaster-university,https://www.topuniversities.com/sites/default/files/lancaster-university_335_medium.jpg,57.9,101+,79.9,=99,80.1,=69,72.8,=65
=85,85,Adelaide University,Australia,Adelaide,Oceania,69.7,https://www.topuniversities.com/universities/adelaide-university,https://www.topuniversities.com/sites/default/files/251230064220am949573AU-stacked-300x300-90x90.jpg,69.6,=93,84.9,=35,78.1,=100,65,101+
=85,86,University of Leeds,United Kingdom,Leeds,Europe,69.7,https://www.topuniversities.com/universities/university-leeds,https://www.topuniversities.com/sites/default/files/250929041939pm876425Logo-200x200-v2-90x90.jpg,69.8,=90,78,101+,78.1,=100,66.3,101+
=87,87,KU Leuven,Belgium,Leuven,Europe,69.3,https://www.topuniversities.com/universities/ku-leuven,https://www.topuniversities.com/sites/default/files/ku-leuven_592560cf2aeae70239af4aec_medium.jpg,67.8,101+,73.4,101+,70.9,101+,69.1,=95
=87,88,University of Southampton,United Kingdom,Southampton,Europe,69.3,https://www.topuniversities.com/universities/university-southampton,https://www.topuniversities.com/sites/default/files/241015033016pm657896University-of-Southampton-shield-blue-200-px-square-90x90.jpg,61.1,101+,93.5,4,93.1,6,64.7,101+
=87,89,Zhejiang University,China (Mainland),Hangzhou,Asia,69.3,https://www.topuniversities.com/universities/zhejiang-university,https://www.topuniversities.com/sites/default/files/zhejiang-university_592560cf2aeae70239af4d37_medium.jpg,75.4,49,83.8,=46,78.1,=100,61,101+
90,90,Waseda University,Japan,Tokyo,Asia,69.2,https://www.topuniversities.com/universities/waseda-university,https://www.topuniversities.com/sites/default/files/waseda-university_592560cf2aeae70239af4d1c_medium.jpg,73.2,=62,66.7,101+,73.8,101+,66.3,101+
91,91,Renmin (People's) University of China,China (Mainland),Beijing,Asia,69,https://www.topuniversities.com/universities/renmin-peoples-university-china,https://www.topuniversities.com/sites/default/files/renmin-peoples-university-of-china_884_medium.jpg,62.8,101+,92,6,77.7,101+,66.3,101+
92,92,Universität Mannheim,Germany,Mannheim,Europe,68.9,https://www.topuniversities.com/universities/universitat-mannheim,https://www.topuniversities.com/sites/default/files/universitt-mannheim_592560cf2aeae70239af4c0b_medium.jpg,61.3,101+,72.1,101+,66.2,101+,73.4,61
=93,93,Universidad Carlos III de Madrid (UC3M),Spain,Madrid,Europe,68.8,https://www.topuniversities.com/universities/universidad-carlos-iii-de-madrid-uc3m,https://www.topuniversities.com/sites/default/files/universidad-carlos-iii-de-madrid-uc3m_1509_medium.jpg,63.5,101+,69.2,101+,62.1,101+,73.3,62
=93,94,University of Bristol,United Kingdom,Bristol,Europe,68.8,https://www.topuniversities.com/universities/university-bristol,https://www.topuniversities.com/sites/default/files/240227125013pm861333White-90x90.jpg,69.8,=90,73.4,101+,69.5,101+,67.2,101+
=95,95,RMIT University,Australia,Melbourne,Oceania,68.7,https://www.topuniversities.com/universities/rmit-university,https://www.topuniversities.com/sites/default/files/rmit-university_592560cf2aeae70239af4c95_medium.jpg,64.6,101+,90.4,8,85,29,63.6,101+
=95,96,University of North Carolina at Chapel Hill,United States,Chapel Hill,North America,68.7,https://www.topuniversities.com/universities/university-north-carolina-chapel-hill,https://www.topuniversities.com/sites/default/files/251009050439pm793541SOEBlueLogo-200x200-Vertical-Resized-90x90.jpg,60.7,101+,72.1,101+,71.4,101+,72.3,=69
=95,97,Université PSL,France,Paris,Europe,68.7,https://www.topuniversities.com/universities/universite-psl,https://www.topuniversities.com/sites/default/files/universit-psl_592560e69988f300e2321dfe_medium.jpg,73.2,=62,65.8,101+,68.4,101+,66.6,101+
=98,98,Alma Mater Studiorum - Università di Bologna,Italy,Bologna,Europe,68.6,https://www.topuniversities.com/universities/alma-mater-studiorum-universita-di-bologna,https://www.topuniversities.com/sites/default/files/240304015357pm262606Unibo-200X200-90x90.jpg,67.1,101+,75.8,101+,71.3,101+,67.6,101+
=98,99,Arizona State University,United States,Tempe,North America,68.6,https://www.topuniversities.com/universities/arizona-state-university,https://www.topuniversities.com/sites/default/files/arizona-state-university_592560cf2aeae70239af4a9c_medium.jpg,65.3,101+,75.2,101+,78,101+,67.3,101+
=98,100,University of Florida,United States,Gainesville,North America,68.6,https://www.topuniversities.com/universities/university-florida,https://www.topuniversities.com/sites/default/files/university-of-florida_212_medium.jpg,60.1,101+,75.2,101+,78.8,=91,70.3,88
=98,101,University of Technology Sydney,Australia,Sydney,Oceania,68.6,https://www.topuniversities.com/universities/university-technology-sydney,https://www.topuniversities.com/sites/default/files/university-of-technology-sydney_592560cf2aeae70239af4ccf_medium.jpg,65.4,101+,80.4,=89,76.7,101+,66.6,101+
101-150,102,Bilkent University,Türkiye,Ankara,Asia,n/a,https://www.topuniversities.com/universities/bilkent-university,https://www.topuniversities.com/sites/default/files/bilkent-university_58_medium.jpg,65.4,101+,76.4,101+,84.5,=30,58.8,101+
101-150,103,Boston College,United States,Chestnut Hill,North America,n/a,https://www.topuniversities.com/universities/boston-college,https://www.topuniversities.com/sites/default/files/boston-college_723_medium.jpg,55.8,101+,77.5,101+,84.5,=30,68,101+
101-150,104,Carnegie Mellon University,United States,Pittsburgh,North America,n/a,https://www.topuniversities.com/universities/carnegie-mellon-university,https://www.topuniversities.com/sites/default/files/carnegie-mellon-university_101_medium.jpg,72.1,=73,60.7,101+,59.5,101+,67.4,101+
101-150,105,"City St George’s, University of London",United Kingdom,London,Europe,n/a,https://www.topuniversities.com/universities/city-st-georges-university-london,https://www.topuniversities.com/sites/default/files/250714100347am877855240911011532pm115235Picture1-200x200-90x90.jpg,58.9,101+,74.7,101+,73.7,101+,69.8,89
101-150,106,Dublin City University,Ireland,Dublin,Europe,n/a,https://www.topuniversities.com/universities/dublin-city-university,https://www.topuniversities.com/sites/default/files/251001112050am424289Study-Portals-Logo-QS-90x90.jpg,58.5,101+,88,=15,96.9,=3,59.7,101+
101-150,107,EDHEC Business School,France,Lille,Europe,n/a,https://www.topuniversities.com/universities/edhec-business-school,https://www.topuniversities.com/sites/default/files/251128040531pm935341logo-carr%C3%A9-EDHEC-90x90.jpg,62.7,101+,63.9,101+,62.1,101+,68.6,101+
101-150,108,EPFL – École polytechnique fédérale de Lausanne,Switzerland,Lausanne,Europe,n/a,https://www.topuniversities.com/universities/epfl-ecole-polytechnique-federale-de-lausanne,https://www.topuniversities.com/sites/default/files/epfl-ecole-polytechnique-federale-de-lausanne_592560cf2aeae70239af4b34_medium.jpg,76.7,37,52.2,101+,54.7,101+,65.7,101+
101-150,109,Frankfurt School of Finance and Management,Germany,Frankfurt,Europe,n/a,https://www.topuniversities.com/universities/frankfurt-school-finance-management,https://www.topuniversities.com/sites/default/files/260324095230am764288boxed-frankfurt-school-logo-90x90.jpg,49.8,101+,67.6,101+,69.5,101+,72.9,64
101-150,110,Georgetown University,United States,Washington D.C.,North America,n/a,https://www.topuniversities.com/universities/georgetown-university,https://www.topuniversities.com/sites/default/files/220714055746am997087Georgetown-90x90.jpg,65.2,101+,71.4,101+,73.9,101+,62.2,101+
101-150,111,HSE University,Russia,Moscow,Europe,n/a,https://www.topuniversities.com/universities/hse-university,https://www.topuniversities.com/sites/default/files/220303011024pm152717HSE-logo-90x90.jpg,66.2,101+,79,101+,65.4,101+,63.7,101+
101-150,112,Indian Institute of Management Bangalore (IIMB),India,Bengaluru,Asia,n/a,https://www.topuniversities.com/universities/indian-institute-management-bangalore-iimb,https://www.topuniversities.com/sites/default/files/indian-institute-of-management-iim-bangalore_1903_medium.jpg,76.9,=34,56.9,101+,50.4,101+,65.5,101+
101-150,113,Indiana University Bloomington,United States,Bloomington,North America,n/a,https://www.topuniversities.com/universities/indiana-university-bloomington,https://www.topuniversities.com/sites/default/files/indiana-university-bloomington_289_medium.jpg,51.4,101+,76.4,101+,77.8,101+,69,=97
101-150,114,Keio University,Japan,Tokyo,Asia,n/a,https://www.topuniversities.com/universities/keio-university,https://www.topuniversities.com/sites/default/files/keio-university_592560cf2aeae70239af4bbe_medium.jpg,71.4,=79,70,101+,75.7,101+,61.6,101+
101-150,115,King Abdulaziz University (KAU),Saudi Arabia,Jeddah,Asia,n/a,https://www.topuniversities.com/universities/king-abdulaziz-university-kau,https://www.topuniversities.com/sites/default/files/king-abdulaziz-university-kau_1172_medium.jpg,62.1,101+,80.4,=89,79,=88,67,101+
101-150,116,Kyoto University,Japan,Kyoto,Asia,n/a,https://www.topuniversities.com/universities/kyoto-university,https://www.topuniversities.com/sites/default/files/kyoto-university_328_medium.jpg,76.9,=34,58.2,101+,49.8,101+,68.8,101+
101-150,117,Lahore University of Management Sciences (LUMS),Pakistan,Lahore,Asia,n/a,https://www.topuniversities.com/universities/lahore-university-management-sciences-lums,https://www.topuniversities.com/sites/default/files/lahore-university-of-management-sciences-lums_592560cf2aeae70239af531b_medium.jpg,63.9,101+,75.2,101+,85.6,25,60.4,101+
101-150,118,Ludwig-Maximilians-Universität München,Germany,Munich,Europe,n/a,https://www.topuniversities.com/universities/ludwig-maximilians-universitat-munchen,https://www.topuniversities.com/sites/default/files/ludwig-maximilians-universitt-mnchen_420_medium.jpg,68.9,101+,77.5,101+,67.9,101+,65,101+
101-150,119,Luiss University,Italy,Rome,Europe,n/a,https://www.topuniversities.com/universities/luiss-university,https://www.topuniversities.com/sites/default/files/260202103306am481275Luiss-UniversitaDiRoma-ML-POS-COL-PANTONE-90x90.jpg,71.3,82,75.2,101+,71.7,101+,64.8,101+
101-150,120,Michigan State University,United States,East Lansing,North America,n/a,https://www.topuniversities.com/universities/michigan-state-university,https://www.topuniversities.com/sites/default/files/michigan-state-university_402_medium.jpg,62.1,101+,66.7,101+,69.4,101+,67,101+
101-150,121,Oxford Brookes University,United Kingdom,Oxford,Europe,n/a,https://www.topuniversities.com/universities/oxford-brookes-university,https://www.topuniversities.com/sites/default/files/oxford-brookes-university_592560cf2aeae70239af4c61_medium.jpg,73.6,=58,53.9,101+,61.9,101+,69.1,=95
101-150,122,Politecnico di Milano,Italy,"Milan,",Europe,n/a,https://www.topuniversities.com/universities/politecnico-di-milano,https://www.topuniversities.com/sites/default/files/260325021911pm966918POLIMI-logo-200x200-v2--90x90.jpg,75.7,=46,69.2,101+,65.8,101+,60.5,101+
101-150,123,Qatar University,Qatar,Doha,Asia,n/a,https://www.topuniversities.com/universities/qatar-university,https://www.topuniversities.com/sites/default/files/251111064230am907511QULlOGO-90x90.jpg,58.3,101+,81.7,=72,79.4,=82,64,101+
101-150,124,Queen's University at Kingston,Canada,Kingston,North America,n/a,https://www.topuniversities.com/universities/queens-university-kingston,https://www.topuniversities.com/sites/default/files/queens-university-at-kingston_513_medium.jpg,71.2,=83,65.8,101+,69,101+,65.9,101+
101-150,125,Shanghai University of Finance and Economics,China (Mainland),Shanghai,Asia,n/a,https://www.topuniversities.com/universities/shanghai-university-finance-economics,https://www.topuniversities.com/sites/default/files/shanghai-university-of-finance-and-economics_2026_medium.jpg,53.4,101+,87.3,=17,76.5,101+,65.7,101+
101-150,126,Technical University of Munich,Germany,Munich,Europe,n/a,https://www.topuniversities.com/universities/technical-university-munich,https://www.topuniversities.com/sites/default/files/technical-university-of-munich_599_medium.jpg,76.2,=44,71.4,101+,66.4,101+,61.5,101+
101-150,127,Texas A&M University,United States,College Station,North America,n/a,https://www.topuniversities.com/universities/texas-am-university,https://www.topuniversities.com/sites/default/files/texas-am-university_592560cf2aeae70239af4ce2_medium.jpg,68.3,101+,73.4,101+,73.9,101+,65,101+
101-150,128,The University of Sheffield,United Kingdom,"Sheffield,",Europe,n/a,https://www.topuniversities.com/universities/university-sheffield,https://www.topuniversities.com/sites/default/files/230919100158am438629UoS-logo-90x90.jpg,63.7,101+,77.5,101+,77.7,101+,62.3,101+
101-150,129,The University of Western Australia,Australia,Perth,Oceania,n/a,https://www.topuniversities.com/universities/university-western-australia,https://www.topuniversities.com/sites/default/files/the-university-of-western-australia_673_medium.jpg,61.9,101+,85.6,30,81.7,=49,64.8,101+
101-150,130,Universidad de Chile,Chile,Santiago,Latin America,n/a,https://www.topuniversities.com/universities/universidad-de-chile,https://www.topuniversities.com/sites/default/files/universidad-de-chile_121_medium.jpg,72.4,70,59.5,101+,46.5,101+,72.3,=69
101-150,131,Universidad de los Andes,Colombia,Bogotá,Latin America,n/a,https://www.topuniversities.com/universities/universidad-de-los-andes,https://www.topuniversities.com/sites/default/files/universidad-de-los-andes_592560cf2aeae70239af4bf6_medium.jpg,75.5,48,53.9,101+,33,101+,69.7,90
101-150,132,Universidade Nova de Lisboa,Portugal,Lisbon,Europe,n/a,https://www.topuniversities.com/universities/universidade-nova-de-lisboa,https://www.topuniversities.com/sites/default/files/250708114440am556961NOVA-logo-square-90x90.jpg,60.3,101+,68.4,101+,64.7,101+,71.5,=78
101-150,133,Universitas Indonesia,Indonesia,Depok,Asia,n/a,https://www.topuniversities.com/universities/universitas-indonesia,https://www.topuniversities.com/sites/default/files/universitas-indonesia_290_medium.jpg,68.5,101+,73.4,101+,71,101+,64.6,101+
101-150,134,Universiti Utara Malaysia (UUM),Malaysia,Sintok,Asia,n/a,https://www.topuniversities.com/universities/universiti-utara-malaysia-uum,https://www.topuniversities.com/sites/default/files/universiti-utara-malaysia-uum_388_medium.jpg,50.9,101+,79.9,=99,78.8,=91,68.1,101+
101-150,135,University College Dublin,Ireland,Dublin,Europe,n/a,https://www.topuniversities.com/universities/university-college-dublin,https://www.topuniversities.com/sites/default/files/university-college-dublin_166_medium.jpg,64.3,101+,80.4,=89,86.3,21,58.3,101+
101-150,136,University of Alberta,Canada,"Edmonton,",North America,n/a,https://www.topuniversities.com/universities/university-alberta,https://www.topuniversities.com/sites/default/files/240306052437pm316638378168-RankingLogo-QS-200x200px-90x90.jpg,64.6,101+,76.9,101+,80.6,61,66.4,101+
101-150,137,University of Bath,United Kingdom,Bath,Europe,n/a,https://www.topuniversities.com/universities/university-bath,https://www.topuniversities.com/sites/default/files/university-of-bath_47_medium.jpg,67.3,101+,76.4,101+,81.7,=49,62.2,101+
101-150,138,"University of California, San Diego (UCSD)",United States,San Diego,North America,n/a,https://www.topuniversities.com/universities/university-california-san-diego-ucsd,https://www.topuniversities.com/sites/default/files/university-of-california-san-diego-ucsd_89_medium.jpg,68,101+,66.7,101+,63.5,101+,63.5,101+
101-150,139,University of Exeter,United Kingdom,Exeter,Europe,n/a,https://www.topuniversities.com/universities/university-exeter,https://www.topuniversities.com/sites/default/files/221117102054am246521University-of-Exeter-Simplified-Logo-Portrait-positive-200-x-200-90x90.jpg,63,101+,75.2,101+,71.5,101+,63.7,101+
101-150,140,University of Lausanne,Switzerland,Lausanne,Europe,n/a,https://www.topuniversities.com/universities/university-lausanne,https://www.topuniversities.com/sites/default/files/university-of-lausanne_592560cf2aeae70239af4bd3_medium.jpg,57.9,101+,65.8,101+,67.9,101+,69.5,92
101-150,141,University of Liverpool,United Kingdom,Liverpool,Europe,n/a,https://www.topuniversities.com/universities/university-liverpool,https://www.topuniversities.com/sites/default/files/university-of-liverpool_350_medium.jpg,62.4,101+,79.5,101+,71.8,101+,65.3,101+
101-150,142,University of Nottingham,United Kingdom,Nottingham,Europe,n/a,https://www.topuniversities.com/universities/university-nottingham,https://www.topuniversities.com/sites/default/files/240606102649am426810UoN-NottinghamBlue-CastleBox-RGB-90x90.jpg,66.3,101+,77.5,101+,76.6,101+,61.8,101+
101-150,143,University of Reading,United Kingdom,Reading,Europe,n/a,https://www.topuniversities.com/universities/university-reading,https://www.topuniversities.com/sites/default/files/university-of-reading_517_medium.jpg,58.7,101+,83.4,=51,82.1,=44,66.1,101+
101-150,144,University of Waterloo,Canada,Waterloo,North America,n/a,https://www.topuniversities.com/universities/university-waterloo,https://www.topuniversities.com/sites/default/files/university-of-waterloo_670_medium.jpg,69.9,89,71.4,101+,70.1,101+,61.5,101+
101-150,145,Université Paris 1 Panthéon-Sorbonne,France,Paris,Europe,n/a,https://www.topuniversities.com/universities/universite-paris-1-pantheon-sorbonne,https://www.topuniversities.com/sites/default/files/260305110034am945966P1PS-logo-90x90.jpg,71.4,=79,68.4,101+,75.6,101+,64.1,101+
101-150,146,Université de Montréal,Canada,Montreal,North America,n/a,https://www.topuniversities.com/universities/universite-de-montreal,https://www.topuniversities.com/sites/default/files/universit-de-montral_417_medium.jpg,62.6,101+,70.7,101+,70.9,101+,68,101+
101-150,147,WHU - Otto Beisheim School of Management ,Germany,Vallendar,Europe,n/a,https://www.topuniversities.com/universities/whu-otto-beisheim-school-management,https://www.topuniversities.com/sites/default/files/Design-ohne-Titel-90x90.jpg,56.8,101+,83,=56,79.6,=79,67.8,101+
101-150,148,WU (Vienna University of Economics and Business),Austria,Vienna,Europe,n/a,https://www.topuniversities.com/universities/wu-vienna-university-economics-business,https://www.topuniversities.com/sites/default/files/wu-vienna-university-of-economics-and-business_592560cf2aeae70239af4d89_medium.jpg,55.8,101+,78,101+,72,101+,68.1,101+
101-150,149,Western University,Canada,London,North America,n/a,https://www.topuniversities.com/universities/western-university,https://www.topuniversities.com/sites/default/files/the-university-of-western-ontario_674_medium.jpg,65,101+,72.8,101+,73,101+,62.8,101+
101-150,150,York University,Canada,Toronto,North America,n/a,https://www.topuniversities.com/universities/york-university,https://www.topuniversities.com/sites/default/files/york-university_592560cf2aeae70239af4d39_medium.jpg,58.3,101+,79.9,=99,80.3,=64,68.6,101+
151-200,151,Aalto University,Finland,Espoo (Helsinki capital region),Europe,n/a,https://www.topuniversities.com/universities/aalto-university,https://www.topuniversities.com/sites/default/files/230913111738am272302Aalto-University-logo-200x200-90x90.jpg,53.1,101+,73.4,101+,70.9,101+,67.4,101+
151-200,152,American University of Beirut (AUB),Lebanon,Beirut,Asia,n/a,https://www.topuniversities.com/universities/american-university-beirut-aub,https://www.topuniversities.com/sites/default/files/230707125949pm449470AUB-Profile-Photo-only%5B99%5D-90x90.jpg,67.6,101+,65.8,101+,57.2,101+,63.3,101+
151-200,153,Cardiff University,United Kingdom,Cardiff,Europe,n/a,https://www.topuniversities.com/universities/cardiff-university,https://www.topuniversities.com/sites/default/files/241218121747pm405354CU-Logo-Cardiff-Logo-Red-100-90x90.jpg,61.5,101+,74,101+,70.8,101+,62.2,101+
151-200,154,Chulalongkorn University,Thailand,Bangkok,Asia,n/a,https://www.topuniversities.com/universities/chulalongkorn-university,https://www.topuniversities.com/sites/default/files/chulalongkorn-university_592560cf2aeae70239af4b01_medium.jpg,61.7,101+,74,101+,60.4,101+,63.3,101+
151-200,155,Curtin University,Australia,Perth,Oceania,n/a,https://www.topuniversities.com/universities/curtin-university,https://www.topuniversities.com/sites/default/files/curtin-university_150_medium.jpg,57.9,101+,81.3,=77,77.5,101+,61.2,101+
151-200,156,Deakin University,Australia,Melbourne,Oceania,n/a,https://www.topuniversities.com/universities/deakin-university,https://www.topuniversities.com/sites/default/files/download-90x90.png,56.2,101+,86.7,=22,82,46,59.6,101+
151-200,157,Fundação Getulio Vargas (FGV),Brazil,Rio de Janeiro,Latin America,n/a,https://www.topuniversities.com/universities/fundacao-getulio-vargas-fgv,https://www.topuniversities.com/sites/default/files/fundao-getulio-vargas-fgv_206_medium.jpg,58.6,101+,66.7,101+,60.4,101+,69,=97
151-200,158,George Washington University,United States,Washington D.C.,North America,n/a,https://www.topuniversities.com/universities/george-washington-university,https://www.topuniversities.com/sites/default/files/george-washington-university_223_medium.jpg,61.3,101+,68.4,101+,71,101+,63,101+
151-200,159,Georgia Institute of Technology,United States,Atlanta,North America,n/a,https://www.topuniversities.com/universities/georgia-institute-technology,https://www.topuniversities.com/sites/default/files/250219111124am560242GTVertical-CMYK-90x90.jpg,72.3,71,64.9,101+,62.8,101+,57.8,101+
151-200,160,Hitotsubashi University,Japan,Tokyo,Asia,n/a,https://www.topuniversities.com/universities/hitotsubashi-university,https://www.topuniversities.com/sites/default/files/hitotsubashi-university-business-school-school-of-international-corporate-strategy_592560cf2aeae70239af4b8d_medium.jpg,66.4,101+,64.9,101+,57.5,101+,65.6,101+
151-200,161,Hong Kong Baptist University,Hong Kong SAR,Hong Kong,Asia,n/a,https://www.topuniversities.com/universities/hong-kong-baptist-university,https://www.topuniversities.com/sites/default/files/hong-kong-baptist-university_893_medium.jpg,51.2,101+,76.4,101+,72.8,101+,65.6,101+
151-200,162,Humboldt-Universität zu Berlin,Germany,Berlin,Europe,n/a,https://www.topuniversities.com/universities/humboldt-universitat-zu-berlin,https://www.topuniversities.com/sites/default/files/humboldt-universitt-zu-berlin_272_medium.jpg,64,101+,66.7,101+,62.2,101+,63.7,101+
151-200,163,Indian Institute of Management (IIM) - Calcutta,India,Kolkata,Asia,n/a,https://www.topuniversities.com/universities/indian-institute-management-iim-calcutta,https://www.topuniversities.com/sites/default/files/indian-institute-of-management-iim-calcutta_592560cf2aeae70239af5204_medium.jpg,74.6,55,56.9,101+,39.4,101+,64.7,101+
151-200,164,Institut Polytechnique de Paris,France,Paris,Europe,n/a,https://www.topuniversities.com/universities/institut-polytechnique-de-paris,https://www.topuniversities.com/sites/default/files/240924074028am263366logo-ipp-pour-qs-90x90.jpg,76.4,43,65.8,101+,72.6,101+,55.4,101+
151-200,165,Johns Hopkins University,United States,Baltimore,North America,n/a,https://www.topuniversities.com/universities/johns-hopkins-university,https://www.topuniversities.com/sites/default/files/johns-hopkins-university_305_medium.jpg,69.1,=97,69.2,101+,70.1,101+,59.5,101+
151-200,166,KFUPM,Saudi Arabia,Dhahran,Asia,n/a,https://www.topuniversities.com/universities/kfupm,https://www.topuniversities.com/sites/default/files/250616011103pm115163linkedin-90x90.jpg,67.8,101+,63.9,101+,53.5,101+,62.6,101+
151-200,167,Lebanese American University,Lebanon,Byblos,Asia,n/a,https://www.topuniversities.com/universities/lebanese-american-university,https://www.topuniversities.com/sites/default/files/lebanese-american-university_592560cf2aeae70239af4eed_medium.jpg,58.9,101+,86.3,=24,87.8,14,55.7,101+
151-200,168,Maastricht University,Netherlands,Maastricht,Europe,n/a,https://www.topuniversities.com/universities/maastricht-university,https://www.topuniversities.com/sites/default/files/231218042543pm676051UM-triangles-200-x-200-pixels-90x90.jpg,58.1,101+,72.8,101+,69.1,101+,62.7,101+
151-200,169,Massey University,New Zealand,Palmerston North,Oceania,n/a,https://www.topuniversities.com/universities/massey-university,https://www.topuniversities.com/sites/default/files/massey-university_395_medium.jpg,54,101+,87.3,=17,83.5,=37,61.4,101+
151-200,170,Nanjing University,China (Mainland),Nanjing,Asia,n/a,https://www.topuniversities.com/universities/nanjing-university,https://www.topuniversities.com/sites/default/files/nanjing-university_430_medium.jpg,67.9,101+,81.3,=77,79.1,=84,56.2,101+
151-200,171,Pontificia Universidad Catolica del Peru (PUCP),Peru,Lima,Latin America,n/a,https://www.topuniversities.com/universities/pontificia-universidad-catolica-del-peru-pucp,https://www.topuniversities.com/sites/default/files/210825042529am231772Isotipo-PUCP-200x200-90x90.jpg,66.4,101+,48.4,101+,31.5,101+,70.5,85
151-200,172,Purdue University,United States,West Lafayette,North America,n/a,https://www.topuniversities.com/universities/purdue-university,https://www.topuniversities.com/sites/default/files/230619052213pm191066PU-SIG-Logo-RGB--PU-V-Full-RGB-90x90.jpg,69.2,96,67.6,101+,66.6,101+,59.6,101+
151-200,173,Queen Mary University of London,United Kingdom,London,Europe,n/a,https://www.topuniversities.com/universities/queen-mary-university-london,https://www.topuniversities.com/sites/default/files/queen-mary-university-of-london_592560cf2aeae70239af4bea_medium.jpg,64,101+,70.7,101+,71,101+,62.7,101+
151-200,174,Queensland University of Technology (QUT),Australia,Brisbane,Oceania,n/a,https://www.topuniversities.com/universities/queensland-university-technology-qut,https://www.topuniversities.com/sites/default/files/queensland-university-of-technology-qut_592560cf2aeae70239af4c88_medium.jpg,57.1,101+,77.5,101+,80.2,=66,61,101+
151-200,175,Sun Yat-sen University,China (Mainland),Guangzhou,Asia,n/a,https://www.topuniversities.com/universities/sun-yat-sen-university,https://www.topuniversities.com/sites/default/files/sun-yat-sen-university_888_medium.jpg,62.7,101+,86,=28,76.9,101+,58.5,101+
151-200,176,Sungkyunkwan University (SKKU),South Korea,Seoul,Asia,n/a,https://www.topuniversities.com/universities/sungkyunkwan-university-skku,https://www.topuniversities.com/sites/default/files/sungkyunkwan-universityskku_592560cf2aeae70239af4cc9_medium.jpg,64.7,101+,73.4,101+,64.1,101+,63.5,101+
151-200,177,Taylor's University,Malaysia,Kuala Lumpur,Asia,n/a,https://www.topuniversities.com/universities/taylors-university,https://www.topuniversities.com/sites/default/files/taylors-university_592560cf2aeae70239af57af_medium.jpg,62.2,101+,70,101+,78.6,=94,60.8,101+
151-200,178,The University of Georgia,United States,Athens,North America,n/a,https://www.topuniversities.com/universities/university-georgia,https://www.topuniversities.com/sites/default/files/the-university-of-georgia_227_medium.jpg,58.5,101+,78,101+,74.4,101+,61.4,101+
151-200,179,Universidad Adolfo Ibáñez,Chile,Santiago,Latin America,n/a,https://www.topuniversities.com/universities/universidad-adolfo-ibanez,https://www.topuniversities.com/sites/default/files/universidad-adolfo-ibez-_11_medium.jpg,67.9,101+,55.4,101+,45.3,101+,69,=97
151-200,180,Universidad Autónoma de Madrid,Spain,Madrid,Europe,n/a,https://www.topuniversities.com/universities/universidad-autonoma-de-madrid,https://www.topuniversities.com/sites/default/files/230914073612am166112marcaUAM-centroColor-expandHQg-90x90.jpg,65.2,101+,65.8,101+,52.3,101+,66.3,101+
151-200,181,Universidad Nacional Autónoma de México  (UNAM),Mexico,Mexico City,Latin America,n/a,https://www.topuniversities.com/universities/universidad-nacional-autonoma-de-mexico-unam,https://www.topuniversities.com/sites/default/files/universidad-nacional-autnoma-de-mxico-unam_425_medium.jpg,77.6,31,37.6,101+,15.1,101+,72.1,=71
151-200,182,Universidad Nacional de Colombia,Colombia,Bogotá,Latin America,n/a,https://www.topuniversities.com/universities/universidad-nacional-de-colombia,https://www.topuniversities.com/sites/default/files/universidad-nacional-de-colombia_592560cf2aeae70239af4b0b_medium.jpg,72.1,=73,56.9,101+,43.4,101+,63.8,101+
151-200,183,Universitas Airlangga,Indonesia,Surabaya,Asia,n/a,https://www.topuniversities.com/universities/universitas-airlangga,https://www.topuniversities.com/sites/default/files/250715015254am318034UNAIR-BRANDMARK-2025-01-90x90.jpg,65.3,101+,77.5,101+,70.1,101+,60.8,101+
151-200,184,Universitat Pompeu Fabra (Barcelona),Spain,Barcelona,Europe,n/a,https://www.topuniversities.com/universities/universitat-pompeu-fabra,https://www.topuniversities.com/sites/default/files/universitat-pompeu-fabra_504_medium.jpg,56.2,101+,61.8,101+,66,101+,70.4,=86
151-200,185,Universitat de Barcelona,Spain,Barcelona,Europe,n/a,https://www.topuniversities.com/universities/universitat-de-barcelona,https://www.topuniversities.com/sites/default/files/university-of-barcelona_592560cf2aeae70239af4aaf_medium.jpg,65.1,101+,64.9,101+,54.5,101+,63.1,101+
151-200,186,Universiti Kebangsaan Malaysia (UKM),Malaysia,Bangi,Asia,n/a,https://www.topuniversities.com/universities/universiti-kebangsaan-malaysia-ukm,https://www.topuniversities.com/sites/default/files/universiti-kebangsaan-malaysia-ukm_384_medium.jpg,62.3,101+,69.2,101+,61.9,101+,65.1,101+
151-200,187,Universiti Putra Malaysia (UPM),Malaysia,Serdang,Asia,n/a,https://www.topuniversities.com/universities/universiti-putra-malaysia-upm,https://www.topuniversities.com/sites/default/files/241015052445am567301logo-upm-petak-90x90.jpg,60.7,101+,68.4,101+,65.3,101+,63.4,101+
151-200,188,Universiti Sains Malaysia (USM),Malaysia,Gelugor,Asia,n/a,https://www.topuniversities.com/universities/universiti-sains-malaysia-usm,https://www.topuniversities.com/sites/default/files/universiti-sains-malaysia-usm_386_medium.jpg,61.6,101+,72.8,101+,65.6,101+,63.7,101+
151-200,189,University of Geneva,Switzerland,Geneva,Europe,n/a,https://www.topuniversities.com/universities/university-geneva,https://www.topuniversities.com/sites/default/files/university-of-geneva_221_medium.jpg,62.3,101+,69.2,101+,73.4,101+,61.8,101+
151-200,190,University of Groningen,Netherlands,Groningen,Europe,n/a,https://www.topuniversities.com/universities/university-groningen,https://www.topuniversities.com/sites/default/files/university-of-groningen_243_medium.jpg,55.2,101+,80.4,=89,80.2,=66,61.7,101+
151-200,191,University of Illinois Chicago (UIC),United States,Chicago,North America,n/a,https://www.topuniversities.com/universities/university-illinois-chicago-uic,https://www.topuniversities.com/sites/default/files/university-of-illinois-chicago-uic_592560cf2aeae70239af4b9a_medium.jpg,62.1,101+,65.8,101+,67.1,101+,62.3,101+
151-200,192,University of Jordan,Jordan,Amman,Asia,n/a,https://www.topuniversities.com/universities/university-jordan,https://www.topuniversities.com/sites/default/files/250728110941am245519200-90x90.jpg,66,101+,63.9,101+,54.3,101+,66.8,101+
151-200,193,University of Minnesota (System),United States,Minneapolis,North America,n/a,https://www.topuniversities.com/universities/university-minnesota-system,https://www.topuniversities.com/sites/default/files/university-of-minnesota_408_medium.jpg,56.7,101+,65.8,101+,70.3,101+,65,101+
151-200,194,University of St Andrews,United Kingdom,St. Andrews,Europe,n/a,https://www.topuniversities.com/universities/university-st-andrews,https://www.topuniversities.com/sites/default/files/university-of-st-andrews_570_medium.jpg,66.2,101+,69.2,101+,60.6,101+,61.3,101+
151-200,195,University of Virginia,United States,Charlottesville,North America,n/a,https://www.topuniversities.com/universities/university-virginia,https://www.topuniversities.com/sites/default/files/university-of-virginia_656_medium.jpg,60.7,101+,72.8,101+,75,101+,59.8,101+
151-200,196,University of Wisconsin-Madison,United States,Madison,North America,n/a,https://www.topuniversities.com/universities/university-wisconsin-madison,https://www.topuniversities.com/sites/default/files/university-of-wisconsin-madison_678_medium.jpg,58.7,101+,69.2,101+,71.3,101+,66,101+
151-200,197,Université catholique de Louvain (UCLouvain),Belgium,Louvain-la-Neuve,Europe,n/a,https://www.topuniversities.com/universities/universite-catholique-de-louvain-uclouvain,https://www.topuniversities.com/sites/default/files/universit-catholique-de-louvain-uclouvain_592560cf2aeae70239af4aed_medium.jpg,62.5,101+,72.1,101+,59.3,101+,63.9,101+
151-200,198,Victoria University of Wellington,New Zealand,"Kelburn, Wellington",Oceania,n/a,https://www.topuniversities.com/universities/victoria-university-wellington,https://www.topuniversities.com/sites/default/files/victoria-university-of-wellington_592560cf2aeae70239af4d0f_medium.jpg,58.3,101+,75.8,101+,74.3,101+,61.5,101+
151-200,199,Washington University in St. Louis,United States,St. Louis,North America,n/a,https://www.topuniversities.com/universities/washington-university-st-louis,https://www.topuniversities.com/sites/default/files/250209012951am920550WashU-Shield-FullColor-RGB-200x200-90x90.jpg,52.9,101+,72.1,101+,80.9,=58,65.2,101+
151-200,200,Xiamen University,China (Mainland),Xiamen,Asia,n/a,https://www.topuniversities.com/universities/xiamen-university,https://www.topuniversities.com/sites/default/files/xiamen-university_891_medium.jpg,58.1,101+,88.6,14,78.2,=98,58,101+
201-250,201,Abu Dhabi University,United Arab Emirates,Abu Dhabi,Asia,n/a,https://www.topuniversities.com/universities/abu-dhabi-university,https://www.topuniversities.com/sites/default/files/250227042852am570201Logo-ADU-90x90.jpg,57,101+,74,101+,72,101+,59.7,101+
201-250,202,American University of Sharjah,United Arab Emirates,Sharjah,Asia,n/a,https://www.topuniversities.com/universities/american-university-sharjah,https://www.topuniversities.com/sites/default/files/211216011743pm346028American-University-of-Sharjah-AUS-Stacked-200X200px-90x90.jpg,63.6,101+,71.4,101+,62.1,101+,60.3,101+
201-250,203,Auckland University of Technology (AUT),New Zealand,Auckland,Oceania,n/a,https://www.topuniversities.com/universities/auckland-university-technology-aut,https://www.topuniversities.com/sites/default/files/auckland-university-of-technology-aut_592560cf2aeae70239af4ef7_medium.jpg,53.9,101+,76.4,101+,75.1,101+,58.7,101+
201-250,204,Complutense University of Madrid,Spain,Madrid,Europe,n/a,https://www.topuniversities.com/universities/complutense-university-madrid,https://www.topuniversities.com/sites/default/files/complutense-university-of-madrid_592560cf2aeae70239af4bff_medium.jpg,65.3,101+,66.7,101+,58.7,101+,58.2,101+
201-250,205,Dartmouth College,United States,Hanover,North America,n/a,https://www.topuniversities.com/universities/dartmouth-college,https://www.topuniversities.com/sites/default/files/dartmouth-college_592560cf2aeae70239af4b1c_medium.jpg,61.1,101+,63.9,101+,59.9,101+,63.4,101+
201-250,206,ESCP Business School - Paris,France,Paris,Europe,n/a,https://www.topuniversities.com/universities/escp-business-school-paris,https://www.topuniversities.com/sites/default/files/escp-business-school-paris_592560cf2aeae70239af4b44_medium.jpg,68.1,101+,55.4,101+,39,101+,65.3,101+
201-250,207,Emory University,United States,Atlanta,North America,n/a,https://www.topuniversities.com/universities/emory-university,https://www.topuniversities.com/sites/default/files/emory-university_185_medium.jpg,55.3,101+,64.9,101+,62.5,101+,63.3,101+
201-250,208,Florida International University,United States,Miami,North America,n/a,https://www.topuniversities.com/universities/florida-international-university,https://www.topuniversities.com/sites/default/files/florida-international-university_592560cf2aeae70239af4b55_medium.jpg,58.2,101+,74,101+,72.8,101+,58.8,101+
201-250,209,Florida State University,United States,Tallahassee,North America,n/a,https://www.topuniversities.com/universities/florida-state-university,https://www.topuniversities.com/sites/default/files/florida-state-university_211_medium.jpg,55.6,101+,72.1,101+,73.4,101+,59,101+
201-250,210,Gadjah Mada University,Indonesia,Yogyakarta,Asia,n/a,https://www.topuniversities.com/universities/gadjah-mada-university,https://www.topuniversities.com/sites/default/files/gadjah-mada-university_219_medium.jpg,66.3,101+,59.5,101+,50.2,101+,63.8,101+
201-250,211,Ghent University,Belgium,Ghent,Europe,n/a,https://www.topuniversities.com/universities/ghent-university,https://www.topuniversities.com/sites/default/files/ghent-university_228_medium.jpg,60.1,101+,74.7,101+,69,101+,57.5,101+
201-250,212,Goethe-University Frankfurt am Main,Germany,Frankfurt am Main,Europe,n/a,https://www.topuniversities.com/universities/goethe-university-frankfurt-am-main,https://www.topuniversities.com/sites/default/files/universitt-frankfurt-am-main_214_medium.jpg,55.8,101+,69.2,101+,70.2,101+,61.3,101+
201-250,213,Indian Institute of Technology Kharagpur (IIT-KGP),India,Kharagpur,Asia,n/a,https://www.topuniversities.com/universities/indian-institute-technology-kharagpur-iit-kgp,https://www.topuniversities.com/sites/default/files/indian-institute-of-technology-kharagpur-iit-kgp_285_medium.jpg,75.7,=46,70.7,101+,59.8,101+,52.1,101+
201-250,214,Instituto Tecnológico Autónomo de México (ITAM),Mexico,Mexico City,Latin America,n/a,https://www.topuniversities.com/universities/instituto-tecnologico-autonomo-de-mexico-itam,https://www.topuniversities.com/sites/default/files/instituto-tecnolgico-autnomo-de-mxico-itam_592560cf2aeae70239af4da6_medium.jpg,66.2,101+,40.9,101+,53.5,101+,65.3,101+
201-250,215,King Saud University,Saudi Arabia,Riyadh,Asia,n/a,https://www.topuniversities.com/universities/king-saud-university,https://www.topuniversities.com/sites/default/files/king-saud-university_1175_medium.jpg,62.8,101+,61.8,101+,45.2,101+,64.5,101+
201-250,216,Kobe University,Japan,Kobe City,Asia,n/a,https://www.topuniversities.com/universities/kobe-university,https://www.topuniversities.com/sites/default/files/kobe-university_320_medium.jpg,55.4,101+,66.7,101+,61.2,101+,63,101+
201-250,217,Lomonosov Moscow State University,Russia,Moscow,Europe,n/a,https://www.topuniversities.com/universities/lomonosov-moscow-state-university,https://www.topuniversities.com/sites/default/files/lomonosov-moscow-state-university-_592560cf2aeae70239af4c27_medium.jpg,75.1,53,46.1,101+,41.4,101+,61.5,101+
201-250,218,National Cheng Kung University (NCKU),Taiwan,Tainan City,Asia,n/a,https://www.topuniversities.com/universities/national-cheng-kung-university-ncku,https://www.topuniversities.com/sites/default/files/230407032250am673777NCKU-Alt-GraphicSignature-NL-RGB-AW-90x90.jpg,65.6,101+,68.4,101+,54.5,101+,60.2,101+
201-250,219,National Chengchi University,Taiwan,Taipei City,Asia,n/a,https://www.topuniversities.com/universities/national-chengchi-university,https://www.topuniversities.com/sites/default/files/national-chengchi-university_436_medium.jpg,57.4,101+,72.8,101+,67.8,101+,60.6,101+
201-250,220,Newcastle University,United Kingdom,Newcastle upon Tyne,Europe,n/a,https://www.topuniversities.com/universities/newcastle-university,https://www.topuniversities.com/sites/default/files/newcastle-university_592560cf2aeae70239af4c45_medium.jpg,65.6,101+,76.9,101+,72.7,101+,55.8,101+
201-250,221,Pontificia Universidad Javeriana,Colombia,Bogotá,Latin America,n/a,https://www.topuniversities.com/universities/pontificia-universidad-javeriana,https://www.topuniversities.com/sites/default/files/pontificia-universidad-javeriana_592560cf2aeae70239af514a_medium.jpg,72,=75,52.2,101+,33.4,101+,64.7,101+
201-250,222,Rice University,United States,Houston,North America,n/a,https://www.topuniversities.com/universities/rice-university,https://www.topuniversities.com/sites/default/files/rice-university_524_medium.jpg,59.5,101+,66.7,101+,63.7,101+,61.9,101+
201-250,223,Rutgers University–New Brunswick,United States,New Brunswick,North America,n/a,https://www.topuniversities.com/universities/rutgers-university-new-brunswick,https://www.topuniversities.com/sites/default/files/240206105603pm596685Rutgers-Image-200x200-90x90.jpg,59.5,101+,74.7,101+,72.5,101+,60.5,101+
201-250,224,Sapienza University of Rome,Italy,Rome,Europe,n/a,https://www.topuniversities.com/universities/sapienza-university-rome,https://www.topuniversities.com/sites/default/files/sapienza-university-of-rome_592560cf2aeae70239af4c97_medium.jpg,66.8,101+,75.2,101+,68.3,101+,56.9,101+
201-250,225,Sultan Qaboos University,Oman,Muscat,Asia,n/a,https://www.topuniversities.com/universities/sultan-qaboos-university,https://www.topuniversities.com/sites/default/files/sultan-qaboos-university_2530_medium.jpg,58.8,101+,79.9,=99,75,101+,57.9,101+
201-250,226,The American University in Cairo,Egypt,Cairo,Africa,n/a,https://www.topuniversities.com/universities/american-university-cairo,https://www.topuniversities.com/sites/default/files/250603090341am967303AUC-Logo-Blue-200X200-90x90.jpg,65,101+,61.8,101+,48.5,101+,60.5,101+
201-250,227,Osaka University,Japan,Osaka City,Asia,n/a,https://www.topuniversities.com/universities/osaka-university,https://www.topuniversities.com/sites/default/files/osaka-university_472_medium.jpg,69.6,=93,58.2,101+,42.6,101+,61.4,101+
201-250,228,United Arab Emirates University,United Arab Emirates,Al Ain,Asia,n/a,https://www.topuniversities.com/universities/united-arab-emirates-university,https://www.topuniversities.com/sites/default/files/united-arab-emirates-university_778_medium.jpg,62.2,101+,75.2,101+,69.2,101+,59.1,101+
201-250,229,Universidad de Buenos Aires (UBA),Argentina,Buenos Aires,Latin America,n/a,https://www.topuniversities.com/universities/universidad-de-buenos-aires-uba,https://www.topuniversities.com/sites/default/files/universidad-de-buenos-aires-uba_78_medium.jpg,78.8,=25,29.1,101+,11.7,101+,68.7,101+
201-250,230,Universidad del Pacífico,Peru,Jesús María,Latin America,n/a,https://www.topuniversities.com/universities/universidad-del-pacifico,https://www.topuniversities.com/sites/default/files/230418045249pm477630profilePic01-90x90.jpg,60.6,101+,55.4,101+,49.6,101+,64.4,101+
201-250,231,Universitat Autònoma de Barcelona,Spain,Barcelona,Europe,n/a,https://www.topuniversities.com/universities/universitat-autonoma-de-barcelona,https://www.topuniversities.com/sites/default/files/240404114804am190222logo-uab-qs-90x90.jpg,56.6,101+,67.6,101+,76.8,101+,58.6,101+
201-250,232,Universitat de Valencia,Spain,València,Europe,n/a,https://www.topuniversities.com/universities/universitat-de-valencia,https://www.topuniversities.com/sites/default/files/universitat-de-valencia_647_medium.jpg,48,101+,78.5,101+,75.3,101+,63.9,101+
201-250,233,Universiti Teknologi Malaysia ,Malaysia,Skudai,Asia,n/a,https://www.topuniversities.com/universities/universiti-teknologi-malaysia,https://www.topuniversities.com/sites/default/files/universiti-teknologi-malaysia_387_medium.jpg,61.4,101+,71.4,101+,65.1,101+,58.5,101+
201-250,234,University of Cape Town,South Africa,Cape Town,Africa,n/a,https://www.topuniversities.com/universities/university-cape-town,https://www.topuniversities.com/sites/default/files/210830024732pm396697UCTcircular-logo1-CMYK-90x90.jpg,60.8,101+,63.9,101+,59.8,101+,60.3,101+
201-250,235,University of Colorado Boulder,United States,Boulder,North America,n/a,https://www.topuniversities.com/universities/university-colorado-boulder,https://www.topuniversities.com/sites/default/files/university-of-colorado-boulder_137_medium.jpg,57.3,101+,66.7,101+,71.7,101+,59.5,101+
201-250,236,University of Delhi,India,New Delhi,Asia,n/a,https://www.topuniversities.com/universities/university-delhi,https://www.topuniversities.com/sites/default/files/university-of-delhi_156_medium.jpg,63.8,101+,66.7,101+,57.6,101+,59.2,101+
201-250,237,University of Lisbon ,Portugal,Lisbon,Europe,n/a,https://www.topuniversities.com/universities/university-lisbon,https://www.topuniversities.com/sites/default/files/university-of-lisbon_1475_medium.jpg,61,101+,78,101+,71.3,101+,59.1,101+
201-250,238,University of Miami,United States,Miami,North America,n/a,https://www.topuniversities.com/universities/university-miami,https://www.topuniversities.com/sites/default/files/university-of-miami_401_medium.jpg,57.6,101+,71.4,101+,68.5,101+,60.6,101+
201-250,239,University of Otago,New Zealand,Dunedin,Oceania,n/a,https://www.topuniversities.com/universities/university-otago,https://www.topuniversities.com/sites/default/files/250220051447pm493728240508092847pm590994Image-09-05-2024-at-9.28%E2%80%AFAM-200x200-90x90.jpg,57.8,101+,76.4,101+,73.3,101+,58.1,101+
201-250,240,University of Pretoria,South Africa,Pretoria,Africa,n/a,https://www.topuniversities.com/universities/university-pretoria,https://www.topuniversities.com/sites/default/files/university-of-pretoria_506_medium.jpg,56.7,101+,88,=15,79.9,=75,57,101+
201-250,241,University of Rochester,United States,Rochester,North America,n/a,https://www.topuniversities.com/universities/university-rochester,https://www.topuniversities.com/sites/default/files/university-of-rochester_592560cf2aeae70239af4c96_medium.jpg,58.5,101+,67.6,101+,69.8,101+,62.5,101+
201-250,242,University of Strathclyde,United Kingdom,Glasgow,Europe,n/a,https://www.topuniversities.com/universities/university-strathclyde,https://www.topuniversities.com/sites/default/files/251006032129pm964983strath-crest-200x200px-90x90.jpg,61.1,101+,71.4,101+,64,101+,60.7,101+
201-250,243,University of Texas at Dallas,United States,Richardson,North America,n/a,https://www.topuniversities.com/universities/university-texas-dallas,https://www.topuniversities.com/sites/default/files/university-of-texas-dallas_592560cf2aeae70239af5355_medium.jpg,54.5,101+,71.4,101+,68.4,101+,63.4,101+
201-250,244,University of Waikato,New Zealand,Hamilton ,Oceania,n/a,https://www.topuniversities.com/universities/university-waikato,https://www.topuniversities.com/sites/default/files/230815114906pm995093UoW-NZ-logo-CMYK-vert-1061x1693-27c69c2-90x90.jpg,52.3,101+,87,=20,90.4,=10,58.7,101+
201-250,245,University of Wollongong,Australia,Wollongong,Oceania,n/a,https://www.topuniversities.com/universities/university-wollongong,https://www.topuniversities.com/sites/default/files/university-of-wollongong_680_medium.jpg,57.5,101+,74.7,101+,70.9,101+,61.4,101+
201-250,246,Università Cattolica del Sacro Cuore,Italy,Milan,Europe,n/a,https://www.topuniversities.com/universities/universita-cattolica-del-sacro-cuore,https://www.topuniversities.com/sites/default/files/250121113309am654785Logo-Verticale-RGB-150x150-90x90.jpg,61.9,101+,75.8,101+,74.5,101+,56.4,101+
201-250,247,Università di Padova,Italy,Padova,Europe,n/a,https://www.topuniversities.com/universities/universita-di-padova,https://www.topuniversities.com/sites/default/files/universitdi-padova_480_medium.jpg,61.2,101+,67.6,101+,61,101+,59,101+
201-250,248,Université Paris-Saclay,France,Paris,Europe,n/a,https://www.topuniversities.com/universities/universite-paris-saclay,https://www.topuniversities.com/sites/default/files/universit-paris-saclay_592560cf2aeae70239af4c6e_medium.jpg,73.2,=62,72.8,101+,74.9,101+,49.4,101+
201-250,249,Vrije Universiteit Amsterdam,Netherlands,Amsterdam,Europe,n/a,https://www.topuniversities.com/universities/vrije-universiteit-amsterdam,https://www.topuniversities.com/sites/default/files/vrije-universiteit-amsterdam_658_medium.jpg,53.6,101+,70.7,101+,68.5,101+,64.4,101+
201-250,250,Wuhan University,China (Mainland),Wuhan,Asia,n/a,https://www.topuniversities.com/universities/wuhan-university,https://www.topuniversities.com/sites/default/files/wuhan-university_889_medium.jpg,61.4,101+,80.8,=84,76.3,101+,56,101+
251-300,251,Aarhus University,Denmark,Aarhus,Europe,n/a,https://www.topuniversities.com/universities/aarhus-university,https://www.topuniversities.com/sites/default/files/aarhus-university_592560cf2aeae70239af4a8a_medium.jpg,54,101+,72.8,101+,66.5,101+,59.8,101+
251-300,252,Al-Ahliyya Amman University,Jordan,Amman,Asia,n/a,https://www.topuniversities.com/universities/al-ahliyya-amman-university,https://www.topuniversities.com/sites/default/files/al-ahliyya-amman-university_592560e29988f300e232131e_medium.jpg,68.4,101+,50.4,101+,42.1,101+,58.9,101+
251-300,253,Athens University of Economics and Business,Greece,Athens,Europe,n/a,https://www.topuniversities.com/universities/athens-university-economics-business,https://www.topuniversities.com/sites/default/files/220228075444am741134AUEBLogo-90x90.jpg,56.5,101+,74,101+,69.4,101+,58.1,101+
251-300,254,Audencia Business School,France,Nantes,Europe,n/a,https://www.topuniversities.com/universities/audencia-business-school,https://www.topuniversities.com/sites/default/files/audencia-business-school_592560cf2aeae70239af4db3_medium.jpg,53.9,101+,71.4,101+,63.2,101+,59.8,101+
251-300,255,BI Norwegian Business School,Norway,Oslo,Europe,n/a,https://www.topuniversities.com/universities/bi-norwegian-business-school,https://www.topuniversities.com/sites/default/files/bi-norwegian-business-school_592560cf2aeae70239af4abb_medium.jpg,43,101+,68.4,101+,61.9,101+,69,=97
251-300,256,Beijing Institute of Technology,China (Mainland),Beijing,Asia,n/a,https://www.topuniversities.com/universities/beijing-institute-technology,https://www.topuniversities.com/sites/default/files/beijing-institute-of-technology_868_medium.jpg,66.9,101+,82.6,=60,81.9,=47,48,101+
251-300,257,Beijing Normal University ,China (Mainland),Beijing,Asia,n/a,https://www.topuniversities.com/universities/beijing-normal-university,https://www.topuniversities.com/sites/default/files/beijing-normal-university_869_medium.jpg,63.6,101+,78.5,101+,75,101+,49.2,101+
251-300,258,Bogaziçi Üniversitesi,Türkiye,Istanbul,Asia,n/a,https://www.topuniversities.com/universities/bogazici-universitesi,https://www.topuniversities.com/sites/default/files/bogazii-niversitesi_1575_medium.jpg,70.1,87,55.4,101+,37.2,101+,57.3,101+
251-300,259,Brunel University of London,United Kingdom,London,Europe,n/a,https://www.topuniversities.com/universities/brunel-university-london,https://www.topuniversities.com/sites/default/files/241011103940am405152BD-691-QS-Logo-for-brand-profile-200x200px-HP-v1-90x90.jpg,55,101+,78,101+,79.4,=82,55.2,101+
251-300,260,Ca' Foscari University of Venice,Italy,Venice,Europe,n/a,https://www.topuniversities.com/universities/ca-foscari-university-venice,https://www.topuniversities.com/sites/default/files/250311030733pm324084Logo-Square-JPEG-ZOOM-WAITING-ROOM-90x90.jpg,53.3,101+,71.4,101+,69.1,101+,58.6,101+
251-300,261,Cairo University,Egypt,Giza,Africa,n/a,https://www.topuniversities.com/universities/cairo-university,https://www.topuniversities.com/sites/default/files/cairo-university_80_medium.jpg,65.6,101+,58.2,101+,50.9,101+,57.9,101+
251-300,262,City University of New York,United States,New York City,North America,n/a,https://www.topuniversities.com/universities/city-university-new-york,https://www.topuniversities.com/sites/default/files/city-university-of-new-york_149_medium.jpg,61.1,101+,75.2,101+,75.3,101+,52.5,101+
251-300,263,"Essex, University of",United Kingdom,Colchester,Europe,n/a,https://www.topuniversities.com/universities/essex-university,https://www.topuniversities.com/sites/default/files/university-of-essex_592560cf2aeae70239af4b4c_medium.jpg,41,101+,79.9,=99,77.5,101+,64.5,101+
251-300,264,Georgia State University,United States,Atlanta,North America,n/a,https://www.topuniversities.com/universities/georgia-state-university,https://www.topuniversities.com/sites/default/files/georgia-state-university_592560cf2aeae70239af4b65_medium.jpg,54.7,101+,68.4,101+,72.1,101+,60,101+
251-300,265,Hanyang University,South Korea,Seoul,Asia,n/a,https://www.topuniversities.com/universities/hanyang-university,https://www.topuniversities.com/sites/default/files/hanyang-university_250_medium.jpg,65.1,101+,65.8,101+,56.9,101+,56.8,101+
251-300,266,Heriot-Watt University,United Kingdom,Edinburgh,Europe,n/a,https://www.topuniversities.com/universities/heriot-watt-university,https://www.topuniversities.com/sites/default/files/241128020331pm630627qs-logo-90x90.jpg,60.8,101+,70.7,101+,65.9,101+,56.5,101+
251-300,267,Holy Spirit University of Kaslik ,Lebanon,Jounieh,Asia,n/a,https://www.topuniversities.com/universities/holy-spirit-university-kaslik,https://www.topuniversities.com/sites/default/files/holy-spirit-university-of-kaslik-_592560cf2aeae70239af4ee8_medium.jpg,53,101+,81.7,=72,87.3,16,53.6,101+
251-300,268,International Islamic University Malaysia (IIUM),Malaysia,Kuala Lumpur,Asia,n/a,https://www.topuniversities.com/universities/international-islamic-university-malaysia-iium,https://www.topuniversities.com/sites/default/files/international-islamic-university-malaysia-iium_717_medium.jpg,52.3,101+,70,101+,68.9,101+,61.2,101+
251-300,269,"IÉSEG School of Management, Lille - Paris, France",France,Lille,Europe,n/a,https://www.topuniversities.com/universities/ieseg-school-management-lille-paris-france,https://www.topuniversities.com/sites/default/files/iseg-school-of-management-lille-paris-france_2447_medium.jpg,46.4,101+,70.7,101+,75.5,101+,63.1,101+
251-300,270,Koç University,,,,n/a,https://www.topuniversities.com/universities/koc-university,https://www.topuniversities.com/sites/default/files/ko-university_592560cf2aeae70239af4d7e_medium.jpg,67.6,101+,55.4,101+,50.7,101+,58.1,101+
251-300,271,Kyung Hee University,South Korea,Seoul,Asia,n/a,https://www.topuniversities.com/universities/kyung-hee-university,https://www.topuniversities.com/sites/default/files/241022045426am285667%EB%8C%80%ED%95%99%ED%9C%98%EC%9E%A5-%ED%99%9C%EC%9A%A9%ED%98%95-A-90x90.jpg,56.2,101+,69.2,101+,55.2,101+,59.2,101+
251-300,272,La Trobe University,Australia,Melbourne,Oceania,n/a,https://www.topuniversities.com/universities/la-trobe-university,https://www.topuniversities.com/sites/default/files/220913045650am561995LTU-Int-V-RGB-JPG-90x90.jpg,51.7,101+,83.4,=51,87.1,=17,54.9,101+
251-300,273,Loughborough University,United Kingdom,Loughborough,Europe,n/a,https://www.topuniversities.com/universities/loughborough-university,https://www.topuniversities.com/sites/default/files/loughborough-university_592560cf2aeae70239af4bf3_medium.jpg,63.9,101+,73.4,101+,72,101+,52.8,101+
251-300,274,Lund University,Sweden,Lund,Europe,n/a,https://www.topuniversities.com/universities/lund-university,https://www.topuniversities.com/sites/default/files/lund-university_371_medium.jpg,59.4,101+,69.2,101+,64.8,101+,57.3,101+
251-300,275,Management and Science University,Malaysia,Shah Alam,Asia,n/a,https://www.topuniversities.com/universities/management-science-university,https://www.topuniversities.com/sites/default/files/management-and-science-university_22618_medium.jpg,64.2,101+,40.9,101+,24.3,101+,66.6,101+
251-300,276,National Tsing Hua University - NTHU,Taiwan,Hsinchu City,Asia,n/a,https://www.topuniversities.com/universities/national-tsing-hua-university-nthu,https://www.topuniversities.com/sites/default/files/national-tsing-hua-university_442_medium.jpg,66,101+,63.9,101+,52.8,101+,56.2,101+
251-300,277,Pontifícia Universidade Católica do Rio de Janeiro,Brazil,Rio de Janeiro,Latin America,n/a,https://www.topuniversities.com/universities/pontificia-universidade-catolica-do-rio-de-janeiro,https://www.topuniversities.com/sites/default/files/pontifcia-universidade-catlica-do-rio-de-janeiro_526_medium.jpg,55.9,101+,62.9,101+,55.5,101+,61.3,101+
251-300,278,Prague University of Economics and Business,Czechia,Prague,Europe,n/a,https://www.topuniversities.com/universities/prague-university-economics-business,https://www.topuniversities.com/sites/default/files/221024091131am643122VSE-5-EN-logo-rgb-90x90.jpg,50.2,101+,78,101+,77.3,101+,58.7,101+
251-300,279,Queen's University Belfast,United Kingdom,Belfast,Europe,n/a,https://www.topuniversities.com/universities/queens-university-belfast,https://www.topuniversities.com/sites/default/files/queens-university-belfast_592560cf2aeae70239af4c86_medium.jpg,60.8,101+,69.2,101+,64.8,101+,57.9,101+
251-300,280,Rheinische Friedrich-Wilhelms-Universität Bonn,Germany,Bonn,Europe,n/a,https://www.topuniversities.com/universities/rheinische-friedrich-wilhelms-universitat-bonn,https://www.topuniversities.com/sites/default/files/rheinische-friedrich-wilhelms-universitt-bonn_592560cf2aeae70239af4ac1_medium.jpg,52.6,101+,63.9,101+,57.8,101+,62,101+
251-300,281,"Royal Holloway, University of London",United Kingdom,London,Europe,n/a,https://www.topuniversities.com/universities/royal-holloway-university-london,https://www.topuniversities.com/sites/default/files/250117013204pm929619Royal-Holloway%2C-University-of-London-RGB-200x200-pixel-logo-90x90.jpg,48.6,101+,72.1,101+,62.2,101+,62.6,101+
251-300,282,SKEMA Business School,France,Lille,Europe,n/a,https://www.topuniversities.com/universities/skema-business-school,https://www.topuniversities.com/sites/default/files/skema-business-school_592560cf2aeae70239af4af5_medium.jpg,51,101+,62.9,101+,62.5,101+,62.6,101+
251-300,283,Sichuan University,China (Mainland),Chengdu,Asia,n/a,https://www.topuniversities.com/universities/sichuan-university,https://www.topuniversities.com/sites/default/files/sichuan-university_885_medium.jpg,64.1,101+,84.9,=35,79.7,78,48.1,101+
251-300,284,Sunway University,Malaysia,Kuala Lumpur,Asia,n/a,https://www.topuniversities.com/universities/sunway-university,https://www.topuniversities.com/sites/default/files/sunway-university_592560cf2aeae70239af4db8_medium.jpg,57.8,101+,74,101+,63.6,101+,56.6,101+
251-300,285,Swansea University,United Kingdom,Swansea,Europe,n/a,https://www.topuniversities.com/universities/swansea-university,https://www.topuniversities.com/sites/default/files/220308050407pm529761Swansea-Uni-logo-200x200-photo-90x90.jpg,59,101+,76.9,101+,72.2,101+,53.4,101+
251-300,286,Symbiosis International (Deemed University),India,Pune,Asia,n/a,https://www.topuniversities.com/universities/symbiosis-international-deemed-university,https://www.topuniversities.com/sites/default/files/231020084546am287151Symbiosis-International-University-Logo-90x90.jpg,58.1,101+,70,101+,64.3,101+,56.1,101+
251-300,287,Universiti Teknologi MARA - UiTM,Malaysia,Shah Alam,Asia,n/a,https://www.topuniversities.com/universities/universiti-teknologi-mara-uitm,https://www.topuniversities.com/sites/default/files/universiti-teknologi-mara-uitm_732_medium.jpg,52.8,101+,70,101+,57.8,101+,62.8,101+
251-300,288,University of Aberdeen,United Kingdom,Aberdeen,Europe,n/a,https://www.topuniversities.com/universities/university-aberdeen,https://www.topuniversities.com/sites/default/files/250617044352pm441031UoA-Stacked-Logo-RGB-90x90.jpg,55.9,101+,75.8,101+,72.7,101+,58,101+
251-300,289,University of Calgary,Canada,Calgary,North America,n/a,https://www.topuniversities.com/universities/university-calgary,https://www.topuniversities.com/sites/default/files/250514083129pm658203Canadas-Entreprenuerial-University-University-of-Calgary-UCalgary-90x90.jpg,60.7,101+,68.4,101+,67.5,101+,55.9,101+
251-300,290,University of Canterbury | Te Whare Wānanga o Waitaha,New Zealand,Christchurch,Oceania,n/a,https://www.topuniversities.com/universities/university-canterbury-te-whare-wananga-o-waitaha,https://www.topuniversities.com/sites/default/files/university-of-canterbury_97_medium.jpg,58.5,101+,67.6,101+,56.6,101+,59.3,101+
251-300,291,University of Central Florida,United States,Orlando,North America,n/a,https://www.topuniversities.com/universities/university-central-florida,https://www.topuniversities.com/sites/default/files/university-of-central-florida_209_medium.jpg,58.8,101+,71.4,101+,70.3,101+,56.2,101+
251-300,292,"University of Maryland, College Park",United States,College Park,North America,n/a,https://www.topuniversities.com/universities/university-maryland-college-park,https://www.topuniversities.com/sites/default/files/university-of-maryland-college-park_393_medium.jpg,57,101+,70,101+,68.9,101+,57.7,101+
251-300,293,University of Massachusetts Amherst,United States,Amherst,North America,n/a,https://www.topuniversities.com/universities/university-massachusetts-amherst,https://www.topuniversities.com/sites/default/files/university-of-massachusetts-amherst_592560cf2aeae70239af4c0e_medium.jpg,60.6,101+,63.9,101+,60.3,101+,57.2,101+
251-300,294,University of Naples - Federico II,Italy,Naples,Europe,n/a,https://www.topuniversities.com/universities/university-naples-federico-ii,https://www.topuniversities.com/sites/default/files/university-of-naples-federico-ii_432_medium.jpg,57,101+,73.4,101+,65,101+,56,101+
251-300,295,University of Notre Dame,United States,Notre Dame,North America,n/a,https://www.topuniversities.com/universities/university-notre-dame,https://www.topuniversities.com/sites/default/files/university-of-notre-dame_458_medium.jpg,56.4,101+,70.7,101+,72.1,101+,58.6,101+
251-300,296,University of Sharjah,United Arab Emirates,Sharjah,Asia,n/a,https://www.topuniversities.com/universities/university-sharjah,https://www.topuniversities.com/sites/default/files/230214053157pm550724UOS-logo-90x90.jpg,59.6,101+,69.2,101+,61.8,101+,58.8,101+
251-300,297,University of Sussex,United Kingdom,Brighton,Europe,n/a,https://www.topuniversities.com/universities/university-sussex,https://www.topuniversities.com/sites/default/files/260317044134pm839571UoS-Stacked-logo-CMYK-Black-on-White-90x90.jpg,52,101+,73.4,101+,72.3,101+,57.7,101+
251-300,298,University of Vienna,Austria,Vienna,Europe,n/a,https://www.topuniversities.com/universities/university-vienna,https://www.topuniversities.com/sites/default/files/university-of-vienna_652_medium.jpg,58.6,101+,65.8,101+,58.9,101+,60,101+
251-300,299,Universität Hamburg,Germany,Hamburg,Europe,n/a,https://www.topuniversities.com/universities/universitat-hamburg,https://www.topuniversities.com/sites/default/files/universitt-hamburg_592560cf2aeae70239af4b79_medium.jpg,58.5,101+,72.1,101+,65.8,101+,57.5,101+
251-300,300,Yarmouk University,Jordan,Irbid,Asia,n/a,https://www.topuniversities.com/universities/yarmouk-university,https://www.topuniversities.com/sites/default/files/yarmouk-university_592560cf2aeae70239af4e72_medium.jpg,56.5,101+,60.7,101+,47.9,101+,63.2,101+
301-375,301,Al-Balqa Applied University,Jordan,As-Salt,Asia,n/a,https://www.topuniversities.com/universities/al-balqa-applied-university,https://www.topuniversities.com/sites/default/files/al-balqa-applied-university_592560cf2aeae70239af59fa_medium.jpg,56.6,101+,63.9,101+,53.1,101+,56.9,101+
301-375,302,Al-Farabi Kazakh National University,Kazakhstan,Almaty,Asia,n/a,https://www.topuniversities.com/universities/al-farabi-kazakh-national-university,https://www.topuniversities.com/sites/default/files/240206083847am456393logo-1-90x90.jpg,63.1,101+,58.2,101+,43.2,101+,57.3,101+
301-375,303,American University,United States,Washington D.C.,North America,n/a,https://www.topuniversities.com/universities/american-university,https://www.topuniversities.com/sites/default/files/american-university_17_medium.jpg,58.5,101+,70,101+,68.7,101+,51.7,101+
301-375,304,Aston University,United Kingdom,Birmingham,Europe,n/a,https://www.topuniversities.com/universities/aston-university,https://www.topuniversities.com/sites/default/files/250909012709pm723207Untitled-design-90x90.jpg,50.3,101+,70.7,101+,68.9,101+,57.6,101+
301-375,305,Bina Nusantara University (BINUS),Indonesia,Jakarta,Asia,n/a,https://www.topuniversities.com/universities/bina-nusantara-university-binus,https://www.topuniversities.com/sites/default/files/bina-nusantara-university-binus_937_medium.jpg,61.1,101+,62.9,101+,50.6,101+,54.4,101+
301-375,306,COMSATS University Islamabad,Pakistan,Islamabad,Asia,n/a,https://www.topuniversities.com/universities/comsats-university-islamabad,https://www.topuniversities.com/sites/default/files/comsats-university-islamabad_592560cf2aeae70239af52bb_medium.jpg,56.2,101+,81.3,=77,79.9,=75,49.5,101+
301-375,307,Central University of Finance and Economics,China (Mainland),Beijing,Asia,n/a,https://www.topuniversities.com/universities/central-university-finance-economics,https://www.topuniversities.com/sites/default/files/central-university-of-finance-and-economics_592560cf2aeae70239af526a_medium.jpg,41.9,101+,89.8,=10,78.5,96,58.8,101+
301-375,308,Charles University,Czechia,Prague,Europe,n/a,https://www.topuniversities.com/universities/charles-university,https://www.topuniversities.com/sites/default/files/charles-university_117_medium.jpg,57.8,101+,75.2,101+,77.2,101+,46.7,101+
301-375,309,Comillas Pontifical University,Spain,Madrid,Europe,n/a,https://www.topuniversities.com/universities/comillas-pontifical-university,https://www.topuniversities.com/sites/default/files/241009094956am596302COMILLAS-300x300-90x90.jpg,65.1,101+,61.8,101+,48.1,101+,52.6,101+
301-375,310,Concordia University,Canada,Montreal,North America,n/a,https://www.topuniversities.com/universities/concordia-university,https://www.topuniversities.com/sites/default/files/concordia-university_592560cf2aeae70239af4b0e_medium.jpg,50.8,101+,76.4,101+,72.8,101+,57.2,101+
301-375,311,Coventry University,United Kingdom,Coventry,Europe,n/a,https://www.topuniversities.com/universities/coventry-university,https://www.topuniversities.com/sites/default/files/coventry-university_592560cf2aeae70239af4b16_medium.jpg,53.4,101+,72.8,101+,67.3,101+,53.3,101+
301-375,312,Delft University of Technology,Netherlands,Delft,Europe,n/a,https://www.topuniversities.com/universities/delft-university-technology,https://www.topuniversities.com/sites/default/files/241219075823am191478thumbnail-logo-voor-QS-90x90.jpg,73.3,=60,53.9,101+,48.9,101+,47.1,101+
301-375,313,Freie Universitaet Berlin,Germany,Berlin,Europe,n/a,https://www.topuniversities.com/universities/freie-universitaet-berlin,https://www.topuniversities.com/sites/default/files/freie-universitaet-berlin_215_medium.jpg,60.4,101+,55.4,101+,39.8,101+,59.2,101+
301-375,314,Griffith University,Australia,Nathan,Oceania,n/a,https://www.topuniversities.com/universities/griffith-university,https://www.topuniversities.com/sites/default/files/250520124305am681487GU-Logo-International-Red-on-White-Square-90x90.jpg,50,101+,74,101+,71.1,101+,55.4,101+
301-375,315,INTI International University,Malaysia,Nilai,Asia,n/a,https://www.topuniversities.com/universities/inti-international-university,https://www.topuniversities.com/sites/default/files/inti-international-university-colleges_592560e49988f300e2321830_medium.jpg,64.7,101+,48.4,101+,32.1,101+,56.7,101+
301-375,316,Indian Institute of Technology Madras (IITM),India,Chennai,Asia,n/a,https://www.topuniversities.com/universities/indian-institute-technology-madras-iitm,https://www.topuniversities.com/sites/default/files/indian-institute-of-technology-madras-iitm_286_medium.jpg,75.3,=50,52.2,101+,32.7,101+,54.1,101+
301-375,317,Institute of Business Administration (IBA),Pakistan,Karachi,Asia,n/a,https://www.topuniversities.com/universities/institute-business-administration-iba,https://www.topuniversities.com/sites/default/files/InsituteofBusinessAdministrationIBA-logo-90x90.jpg,57.9,101+,65.8,101+,62.2,101+,54.2,101+
301-375,318,Istanbul University,Türkiye,Istanbul,Asia,n/a,https://www.topuniversities.com/universities/istanbul-university,https://www.topuniversities.com/sites/default/files/istanbul-university_592560cf2aeae70239af4bac_medium.jpg,61.8,101+,52.2,101+,36.8,101+,57.2,101+
301-375,319,Kyushu University,Japan,Fukuoka City,Asia,n/a,https://www.topuniversities.com/universities/kyushu-university,https://www.topuniversities.com/sites/default/files/kyushu-university_331_medium.jpg,63.7,101+,55.4,101+,66.4,101+,51.5,101+
301-375,320,Middle East Technical University,Türkiye,Ankara,Asia,n/a,https://www.topuniversities.com/universities/middle-east-technical-university,https://www.topuniversities.com/sites/default/files/middle-east-technical-university_2110_medium.jpg,71.5,=77,52.2,101+,45.6,101+,55.2,101+
301-375,321,Nankai University,China (Mainland),Tianjin,Asia,n/a,https://www.topuniversities.com/universities/nankai-university,https://www.topuniversities.com/sites/default/files/nankai-university_882_medium.jpg,53.4,101+,84.9,=35,80,=73,47.4,101+
301-375,322,National University of Sciences & Technology (NUST) Islamabad,Pakistan,Islamabad,Asia,n/a,https://www.topuniversities.com/universities/national-university-sciences-technology-nust-islamabad,https://www.topuniversities.com/sites/default/files/240603070305am370964NUST-Signature-blue-90x90.jpg,64.9,101+,62.9,101+,64.8,101+,52.9,101+
301-375,323,North Carolina State University,United States,Raleigh,North America,n/a,https://www.topuniversities.com/universities/north-carolina-state-university,https://www.topuniversities.com/sites/default/files/north-carolina-state-university_592560cf2aeae70239af4c2a_medium.jpg,58.5,101+,66.7,101+,60.4,101+,51.2,101+
301-375,324,Northeastern University,United States,Boston,North America,n/a,https://www.topuniversities.com/universities/northeastern-university,https://www.topuniversities.com/sites/default/files/northeastern-university_454_medium.jpg,53.2,101+,72.1,101+,72.4,101+,52.3,101+
301-375,325,Rutgers University–Newark,United States,Newark,North America,n/a,https://www.topuniversities.com/universities/rutgers-university-newark,https://www.topuniversities.com/sites/default/files/rutgers-the-state-university-of-new-jersey_592560cf2aeae70239af52b1_medium.jpg,44.7,101+,75.8,101+,69.4,101+,56.1,101+
301-375,326,SGH Warsaw School of Economics,Poland,Warsaw,Europe,n/a,https://www.topuniversities.com/universities/sgh-warsaw-school-economics,https://www.topuniversities.com/sites/default/files/220425010507pm495709SGHlogoRGB-02-90x90.jpg,50.6,101+,61.8,101+,54.9,101+,59.6,101+
301-375,327,Sabanci University,Türkiye,Istanbul,Asia,n/a,https://www.topuniversities.com/universities/sabanci-university,https://www.topuniversities.com/sites/default/files/250702100245pm254411Sabanci-University-90x90.jpeg,64.7,101+,50.4,101+,39.4,101+,55.2,101+
301-375,328,Sciences Po,France,Paris,Europe,n/a,https://www.topuniversities.com/universities/sciences-po,https://www.topuniversities.com/sites/default/files/sciences-po-_592560cf2aeae70239af4c64_medium.jpg,63.2,101+,59.5,101+,54,101+,55.5,101+
301-375,329,Sogang University,South Korea,Seoul,Asia,n/a,https://www.topuniversities.com/universities/sogang-university,https://www.topuniversities.com/sites/default/files/sogang-university_565_medium.jpg,62.3,101+,64.9,101+,57.2,101+,55.7,101+
301-375,330,Sorbonne University,France,Paris,Europe,n/a,https://www.topuniversities.com/universities/sorbonne-university,https://www.topuniversities.com/sites/default/files/sorbonne-university_5a6afcfecb4de709397114fe_medium.jpg,68.7,101+,48.4,101+,37.4,101+,53.5,101+
301-375,331,Southwestern University of Finance and Economics,China (Mainland),Chengdu,Asia,n/a,https://www.topuniversities.com/universities/southwestern-university-finance-economics,https://www.topuniversities.com/sites/default/files/southwestern-university-of-finance-and-economics_592560cf2aeae70239af5289_medium.jpg,47.7,101+,99.3,2,89.6,12,46.9,101+
301-375,332,Stellenbosch University,South Africa,Stellenbosch,Africa,n/a,https://www.topuniversities.com/universities/stellenbosch-university,https://www.topuniversities.com/sites/default/files/231205074857am619842su-logo-200x200-90x90.jpg,54,101+,63.9,101+,47.7,101+,57,101+
301-375,333,Stockholm University,Sweden,Stockholm,Europe,n/a,https://www.topuniversities.com/universities/stockholm-university,https://www.topuniversities.com/sites/default/files/stockholm-university_577_medium.jpg,52,101+,62.9,101+,58.9,101+,59.6,101+
301-375,334,TBS Education - Business School,France,Toulouse,Europe,n/a,https://www.topuniversities.com/universities/tbs-education-business-school,https://www.topuniversities.com/sites/default/files/251029010810pm425360LOGO-TBS-EDUCATION-ROND-ROUGE-CMJN-90x90.jpg,44,101+,63.9,101+,57.9,101+,64.1,101+
301-375,335,Temple University,United States,Philadelphia,North America,n/a,https://www.topuniversities.com/universities/temple-university,https://www.topuniversities.com/sites/default/files/260227034612pm664097BIG-T-90x90.jpg,48.4,101+,70,101+,69.3,101+,56.9,101+
301-375,336,Thammasat University,Thailand,Bangkok,Asia,n/a,https://www.topuniversities.com/universities/thammasat-university,https://www.topuniversities.com/sites/default/files/thammasat-university_592560cf2aeae70239af4ce1_medium.jpg,56.4,101+,63.9,101+,53.1,101+,55.7,101+
301-375,337,The University of Arizona,United States,Tucson,North America,n/a,https://www.topuniversities.com/universities/university-arizona,https://www.topuniversities.com/sites/default/files/the-university-of-arizona_26_medium.jpg,58.1,101+,67.6,101+,67.3,101+,51.1,101+
301-375,338,The University of Lahore,Pakistan,Lahore,Asia,n/a,https://www.topuniversities.com/universities/university-lahore,https://www.topuniversities.com/sites/default/files/the-university-of-lahore_592560cf2aeae70239af4bda_medium.jpg,53.3,101+,62.9,101+,58.6,101+,55.9,101+
301-375,339,"The University of Newcastle, Australia (UON)",Australia,Callaghan,Oceania,n/a,https://www.topuniversities.com/universities/university-newcastle-australia-uon,https://www.topuniversities.com/sites/default/files/the-university-of-newcastle-australia-uon_449_medium.jpg,55.3,101+,84.1,=40,80.5,62,48.4,101+
301-375,340,Tianjin University,China (Mainland),Tianjin,Asia,n/a,https://www.topuniversities.com/universities/tianjin-university,https://www.topuniversities.com/sites/default/files/tianjin-university_609_medium.jpg,61.1,101+,86.3,=24,80.4,63,44.6,101+
301-375,341,Tongji University,China (Mainland),Shanghai,Asia,n/a,https://www.topuniversities.com/universities/tongji-university,https://www.topuniversities.com/sites/default/files/tongji-university_617_medium.jpg,63.5,101+,66.7,101+,65,101+,50.8,101+
301-375,342,Universidad EAFIT,Colombia,Medellin,Latin America,n/a,https://www.topuniversities.com/universities/universidad-eafit,https://www.topuniversities.com/sites/default/files/universidad-eafit_592560cf2aeae70239af4d9b_medium.jpg,62.9,101+,50.4,101+,26.2,101+,60.2,101+
301-375,343,Universidade Católica Portuguesa,Portugal,Lisbon,Europe,n/a,https://www.topuniversities.com/universities/universidade-catolica-portuguesa,https://www.topuniversities.com/sites/default/files/260414111537am918917020926-CATOLICA-LogoMarca-CMYK-Logo-Catolica-Dark-Blue-90x90.jpg,53.6,101+,61.8,101+,53.8,101+,60.6,101+
301-375,344,Universidade Estadual de Campinas (Unicamp),Brazil,Campinas,Latin America,n/a,https://www.topuniversities.com/universities/universidade-estadual-de-campinas-unicamp,https://www.topuniversities.com/sites/default/files/universidade-estadual-de-campinas-unicamp_96_medium.jpg,65.6,101+,43.7,101+,35.5,101+,56.9,101+
301-375,345,Universidade Federal do Rio de Janeiro,Brazil,Rio de Janeiro,Latin America,n/a,https://www.topuniversities.com/universities/universidade-federal-do-rio-de-janeiro,https://www.topuniversities.com/sites/default/files/220127083943pm152751UFRJ-Vertical-Impresso-Positivo-ai-90x90.jpg,60.4,101+,53.9,101+,43.2,101+,59.2,101+
301-375,346,Universitas Brawijaya ,Indonesia,Malang,Asia,n/a,https://www.topuniversities.com/universities/universitas-brawijaya,https://www.topuniversities.com/sites/default/files/university-of-brawijaya_761_medium.jpg,58.6,101+,69.2,101+,59.5,101+,52.2,101+
301-375,347,Universitas Sebelas Maret,Indonesia,Surakarta,Asia,n/a,https://www.topuniversities.com/universities/universitas-sebelas-maret,https://www.topuniversities.com/sites/default/files/universitas-sebelas-maret_592560cf2aeae70239af4e43_medium.jpg,49.9,101+,64.9,101+,59.2,101+,58.1,101+
301-375,348,Universite libre de Bruxelles,Belgium,Brussels,Europe,n/a,https://www.topuniversities.com/universities/universite-libre-de-bruxelles,https://www.topuniversities.com/sites/default/files/universite-libre-de-bruxelles_75_medium.jpg,63.8,101+,60.7,101+,44.9,101+,56.5,101+
301-375,349,"University of California, Davis",United States,Davis,North America,n/a,https://www.topuniversities.com/universities/university-california-davis,https://www.topuniversities.com/sites/default/files/university-of-california-davis_592560cf2aeae70239af4ad8_medium.jpg,61.3,101+,64.9,101+,64.4,101+,53.6,101+
301-375,350,"University of California, Irvine",United States,Irvine,North America,n/a,https://www.topuniversities.com/universities/university-california-irvine,https://www.topuniversities.com/sites/default/files/251015062328pm672635SSoE-200x200-90x90.jpg,56.1,101+,68.4,101+,69.1,101+,55.2,101+
301-375,351,University of Cologne,Germany,Cologne,Europe,n/a,https://www.topuniversities.com/universities/university-cologne,https://www.topuniversities.com/sites/default/files/university-of-cologne_592560cf2aeae70239af4bc6_medium.jpg,56.9,101+,68.4,101+,62.1,101+,52.3,101+
301-375,352,University of Dhaka,Bangladesh,Dhaka,Asia,n/a,https://www.topuniversities.com/universities/university-dhaka,https://www.topuniversities.com/sites/default/files/university-of-dhaka_158_medium.jpg,57.6,101+,68.4,101+,58.1,101+,57,101+
301-375,353,University of Dundee.,United Kingdom,Dundee,Europe,n/a,https://www.topuniversities.com/universities/university-dundee,https://www.topuniversities.com/sites/default/files/241024102555am216937UoD-shield-RGB-90x90.jpg,51.6,101+,64.9,101+,64.5,101+,55.2,101+
301-375,354,"University of Economics Ho Chi Minh City, Viet Nam",Vietnam,Ho Chi Minh City,Asia,n/a,https://www.topuniversities.com/universities/university-economics-ho-chi-minh-city-viet-nam,https://www.topuniversities.com/sites/default/files/220112034159am170290logo-ueh-90x90.jpg,46.8,101+,100,1,95.9,5,46.5,101+
301-375,355,University of Edinburgh Business School,United Kingdom,Edinburgh,Europe,n/a,https://www.topuniversities.com/universities/university-edinburgh-business-school,https://www.topuniversities.com/sites/default/files/241004044655pm958536256x256bb-90x90.jpg,43.3,101+,72.1,101+,67.9,101+,61,101+
301-375,356,University of Granada,Spain,Granada,Europe,n/a,https://www.topuniversities.com/universities/university-granada,https://www.topuniversities.com/sites/default/files/university-of-granada_235_medium.jpg,52,101+,70,101+,66.6,101+,58.7,101+
301-375,357,University of International Business and Economics,China (Mainland),Beijing,Asia,n/a,https://www.topuniversities.com/universities/university-international-business-economics,https://www.topuniversities.com/sites/default/files/university-of-international-business-and-economics_592560cf2aeae70239af5265_medium.jpg,43.9,101+,86.3,=24,78.9,90,55.5,101+
301-375,358,University of Ottawa,Canada,Ottawa,North America,n/a,https://www.topuniversities.com/universities/university-ottawa,https://www.topuniversities.com/sites/default/files/university-of-ottawa_475_medium.jpg,60.6,101+,74.7,101+,75.4,101+,50.1,101+
301-375,359,University of Pisa,Italy,Pisa,Europe,n/a,https://www.topuniversities.com/universities/university-pisa,https://www.topuniversities.com/sites/default/files/university-of-pisa_499_medium.jpg,55.1,101+,68.4,101+,61.3,101+,52.9,101+
301-375,360,University of Pittsburgh,United States,Pittsburgh,North America,n/a,https://www.topuniversities.com/universities/university-pittsburgh,https://www.topuniversities.com/sites/default/files/250923063818pm705607114803-Grad-Stud-Logo-Resize-for-Handshake-Profile-150x150-90x90.jpg,56.3,101+,63.9,101+,71.4,101+,55.5,101+
301-375,361,University of Porto,Portugal,Porto,Europe,n/a,https://www.topuniversities.com/universities/university-porto,https://www.topuniversities.com/sites/default/files/220603114500am903324university-of-porto-logo-90x90.jpg,57.3,101+,62.9,101+,64.7,101+,56.3,101+
301-375,362,University of Portsmouth,United Kingdom,Portsmouth,Europe,n/a,https://www.topuniversities.com/universities/university-portsmouth,https://www.topuniversities.com/sites/default/files/220208040544pm645473UoP-logo-200x200px-90x90.jpg,45,101+,84.1,=40,82.6,41,54.2,101+
301-375,363,"University of Rome ""Tor Vergata""",Italy,Rome,Europe,n/a,https://www.topuniversities.com/universities/university-rome-tor-vergata,https://www.topuniversities.com/sites/default/files/university-of-rome-tor-vergata_592560cf2aeae70239af4c99_medium.jpg,54.9,101+,63.9,101+,57.1,101+,54.8,101+
301-375,364,University of Science and Technology of China,China (Mainland),Hefei,Asia,n/a,https://www.topuniversities.com/universities/university-science-technology-china,https://www.topuniversities.com/sites/default/files/university-of-science-and-technology-of-china_122_medium.jpg,63.6,101+,66.7,101+,55.2,101+,51.7,101+
301-375,365,University of South Carolina,United States,Columbia,North America,n/a,https://www.topuniversities.com/universities/university-south-carolina,https://www.topuniversities.com/sites/default/files/university-of-south-carolina_539_medium.jpg,47.5,101+,74,101+,78.1,=100,56.3,101+
301-375,366,University of Witwatersrand,South Africa,Johannesburg,Africa,n/a,https://www.topuniversities.com/universities/university-witwatersrand,https://www.topuniversities.com/sites/default/files/university-of-the-witwatersrand_679_medium.jpg,55.3,101+,77.5,101+,71.2,101+,53.6,101+
301-375,367,University of York,United Kingdom,York,Europe,n/a,https://www.topuniversities.com/universities/university-york,https://www.topuniversities.com/sites/default/files/250204120245pm633652UOY-Logo-Stacked-shield-Black-white-background-200x200px-90x90.jpg,58.4,101+,64.9,101+,53.7,101+,56.7,101+
301-375,368,Université Laval,Canada,Québec,North America,n/a,https://www.topuniversities.com/universities/universite-laval,https://www.topuniversities.com/sites/default/files/laval-university_337_medium.jpg,42.9,101+,70,101+,64.5,101+,60.8,101+
301-375,369,Université Toulouse 1 Capitole,France,Toulouse,Europe,n/a,https://www.topuniversities.com/universities/universite-toulouse-1-capitole,https://www.topuniversities.com/sites/default/files/universit-toulouse-1-capitole_620_medium.jpg,43.5,101+,60.7,101+,58.9,101+,62.4,101+
301-375,370,Université de Tunis El Manar,Tunisia,Tunis,Africa,n/a,https://www.topuniversities.com/universities/universite-de-tunis-el-manar,https://www.topuniversities.com/sites/default/files/universit-de-tunis-el-manar_592560cf2aeae70239af5472_medium.jpg,45.9,101+,74.7,101+,70.5,101+,60.6,101+
301-375,371,Utrecht University,Netherlands,Utrecht,Europe,n/a,https://www.topuniversities.com/universities/utrecht-university,https://www.topuniversities.com/sites/default/files/utrecht-university_646_medium.jpg,61.3,101+,69.2,101+,57.7,101+,54.5,101+
301-375,372,"Vietnam National University, Hanoi",Vietnam,Hanoi,Asia,n/a,https://www.topuniversities.com/universities/vietnam-national-university-hanoi,https://www.topuniversities.com/sites/default/files/vietnam-national-university-hanoi-_592560cf2aeae70239af523a_medium.jpg,57.5,101+,86.3,=24,91.7,8,46,101+
301-375,373,Virginia Polytechnic Institute and State University,United States,Blacksburg,North America,n/a,https://www.topuniversities.com/universities/virginia-polytechnic-institute-state-university,https://www.topuniversities.com/sites/default/files/virginia-polytechnic-institute-and-state-university_592560cf2aeae70239af4d15_medium.jpg,58.6,101+,70,101+,66.4,101+,49.6,101+
301-375,374,Xi’an Jiaotong University,China (Mainland),Xi'an,Asia,n/a,https://www.topuniversities.com/universities/xian-jiaotong-university,https://www.topuniversities.com/sites/default/files/xian-jiaotong-university_683_medium.jpg,56.9,101+,84.1,=40,72.9,101+,47.4,101+
301-375,375,Zayed University,United Arab Emirates,"Abu Dhabi,",Asia,n/a,https://www.topuniversities.com/universities/zayed-university,https://www.topuniversities.com/sites/default/files/zayed-university_592560cf2aeae70239af4f36_medium.jpg,50.7,101+,84.9,=35,85.4,=26,47.4,101+
301-375,376,emlyon business school,France,LYON,Europe,n/a,https://www.topuniversities.com/universities/emlyon-business-school,https://www.topuniversities.com/sites/default/files/211005052214pm924585emlyon-logo-seul-cmjn-90x90.jpg,59.9,101+,60.7,101+,51,101+,58.7,101+
