rank_display,rank,name,country,city,region,overall_score,url,logo,employer_reputation_score,employer_reputation_rank,h_index_citations_score,h_index_citations_rank,citations_per_paper_score,citations_per_paper_rank,academic_reputation_score,academic_reputation_rank
1,1,Harvard University,United States,Cambridge,North America,99.1,https://www.topuniversities.com/universities/harvard-university,https://www.topuniversities.com/sites/default/files/harvard-university_253_medium.jpg,100,1,100,1,95.6,8,100,1
2,2,Massachusetts Institute of Technology (MIT),United States,Cambridge,North America,97.8,https://www.topuniversities.com/universities/massachusetts-institute-technology-mit,https://www.topuniversities.com/sites/default/files/massachusetts-institute-of-technology-mit_410_medium.jpg,95.6,5,96.3,5,99.8,2,98.7,2
3,3,Stanford University,United States,Stanford,North America,96.6,https://www.topuniversities.com/universities/stanford-university,https://www.topuniversities.com/sites/default/files/stanford-university_573_medium.jpg,95.8,4,97.3,3,97.4,=3,96.2,5
4,4,University of Chicago,United States,Chicago,North America,94,https://www.topuniversities.com/universities/university-chicago,https://www.topuniversities.com/sites/default/files/university-of-chicago_120_medium.jpg,79.4,28,99.2,2,100,1,95.8,6
5,5,Princeton University,United States,Princeton,North America,93.8,https://www.topuniversities.com/universities/princeton-university,https://www.topuniversities.com/sites/default/files/princeton-university_508_medium.jpg,82.3,19,94.2,7,96.8,7,97.8,3
6,6,The London School of Economics and Political Science (LSE),United Kingdom,London,Europe,93.1,https://www.topuniversities.com/universities/london-school-economics-political-science-lse,https://www.topuniversities.com/sites/default/files/london-school-of-economics-and-political-science-lse_362_medium.jpg,85.5,10,95.4,6,90.4,=30,97,4
7,7,"University of California, Berkeley (UCB)",United States,Berkeley,North America,93,https://www.topuniversities.com/universities/university-california-berkeley-ucb,https://www.topuniversities.com/sites/default/files/university-of-california-berkeley-ucb_84_medium.jpg,86.6,8,96.4,4,94,12,93.9,7
8,8,University of Oxford,United Kingdom,Oxford,Europe,92.3,https://www.topuniversities.com/universities/university-oxford,https://www.topuniversities.com/sites/default/files/university-of-oxford_478_medium.jpg,97,2,91.4,=9,86.3,=108,93.5,8
9,9,Yale University,United States,New Haven,North America,92.1,https://www.topuniversities.com/universities/yale-university,https://www.topuniversities.com/sites/default/files/yale-university_684_medium.jpg,90.2,6,91.2,11,95,10,92.1,9
10,10,University of Cambridge,United Kingdom,Cambridge,Europe,90.4,https://www.topuniversities.com/universities/university-cambridge,https://www.topuniversities.com/sites/default/files/university-of-cambridge_95_medium.jpg,96.4,3,86.9,=30,85.3,=146,91.7,10
11,11,Columbia University,United States,New York City,North America,89.5,https://www.topuniversities.com/universities/columbia-university,https://www.topuniversities.com/sites/default/files/211207010540pm571294Webp.net-resizeimage-2021-12-07T150514.382-90x90.jpg,85.1,11,93.3,8,92,21,88.6,11
=12,12,New York University (NYU),United States,New York City,North America,86.9,https://www.topuniversities.com/universities/new-york-university-nyu,https://www.topuniversities.com/sites/default/files/240530125524pm936168NYUShanghai-90x90.jpg,81.8,=20,90.9,12,89,=44,86.3,=16
=12,13,University of Pennsylvania,United States,Philadelphia,North America,86.9,https://www.topuniversities.com/universities/university-pennsylvania,https://www.topuniversities.com/sites/default/files/university-of-pennsylvania_495_medium.jpg,83.1,15,89.1,=14,90.4,=30,85.9,18
=14,14,National University of Singapore (NUS),Singapore,Singapore,Asia,86.6,https://www.topuniversities.com/universities/national-university-singapore-nus,https://www.topuniversities.com/sites/default/files/national-university-of-singapore-nus_443_medium.jpg,87.6,7,85.3,=39,83.9,=199,88.1,12
=14,15,"University of California, Los Angeles (UCLA)",United States,Los Angeles,North America,86.6,https://www.topuniversities.com/universities/university-california-los-angeles-ucla,https://www.topuniversities.com/sites/default/files/university-of-california-los-angeles-ucla_87_medium.jpg,82.9,16,89.1,=14,91.3,=24,84.9,=19
16,16,Northwestern University,United States,Evanston,North America,86.2,https://www.topuniversities.com/universities/northwestern-university,https://www.topuniversities.com/sites/default/files/northwestern-university_592560cf2aeae70239af4c50_medium.jpg,72.6,=74,91.4,=9,93.7,14,86.6,15
17,17,UCL,United Kingdom,London,Europe,85.9,https://www.topuniversities.com/universities/ucl,https://www.topuniversities.com/sites/default/files/240209111134am850728QS-UCL-icon-90x90.jpg,80.8,23,88.7,=16,86.4,=102,86.8,14
18,18,Bocconi University,Italy,Milan,Europe,85.8,https://www.topuniversities.com/universities/bocconi-university,https://www.topuniversities.com/sites/default/files/bocconi-university_592560cf2aeae70239af4abf_medium.jpg,78.8,31,88.7,=16,88.7,=46,86.3,=16
19,19,Peking University,China (Mainland),Beijing,Asia,84.2,https://www.topuniversities.com/universities/peking-university,https://www.topuniversities.com/sites/default/files/peking-university_50_medium.jpg,84.5,13,88,=22,84.1,=190,82.2,22
20,20,Tsinghua University,China (Mainland),Beijing,Asia,83.9,https://www.topuniversities.com/universities/tsinghua-university,https://www.topuniversities.com/sites/default/files/tsinghua-university_626_medium.jpg,84.7,12,87.9,24,86.7,=93,80,31
21,21,University of Toronto,Canada,Toronto,North America,83.5,https://www.topuniversities.com/universities/university-toronto,https://www.topuniversities.com/sites/default/files/university-of-toronto_619_medium.jpg,82.6,18,85.6,36,87.1,=84,81,27
22,22,University of British Columbia,Canada,Vancouver,North America,82.9,https://www.topuniversities.com/universities/university-british-columbia,https://www.topuniversities.com/sites/default/files/university-of-british-columbia_70_medium.jpg,80.4,25,85.3,=39,86.1,=119,81.3,25
23,23,ETH Zurich,Switzerland,Zürich,Europe,82.2,https://www.topuniversities.com/universities/eth-zurich,https://www.topuniversities.com/sites/default/files/eth-zurich-swiss-federal-institute-of-technology_201_medium.jpg,80.5,24,83.3,60,87,=87,80.2,30
24,24,"University of California, San Diego (UCSD)",United States,San Diego,North America,82,https://www.topuniversities.com/universities/university-california-san-diego-ucsd,https://www.topuniversities.com/sites/default/files/university-of-california-san-diego-ucsd_89_medium.jpg,67.9,=125,86.5,32,93.2,16,81.2,26
25,25,The University of Warwick,United Kingdom,Coventry,Europe,81.8,https://www.topuniversities.com/universities/university-warwick,https://www.topuniversities.com/sites/default/files/240325030130pm310608Warwick-logo-90x90.jpg,73.6,=65,87.1,=27,87.3,=77,80.4,29
=26,26,Boston University,United States,Boston,North America,80.9,https://www.topuniversities.com/universities/boston-university,https://www.topuniversities.com/sites/default/files/boston-university_592560cf2aeae70239af4ac2_medium.jpg,71.1,=88,88.2,=20,97.3,5,74,=53
=26,27,Cornell University,United States,Ithaca,North America,80.9,https://www.topuniversities.com/universities/cornell-university,https://www.topuniversities.com/sites/default/files/cornell-university_143_medium.jpg,80,26,86.4,33,85.5,=138,76.3,45
=26,28,Duke University,United States,Durham,North America,80.9,https://www.topuniversities.com/universities/duke-university,https://www.topuniversities.com/sites/default/files/duke-university_168_medium.jpg,71.3,87,88.2,=20,89,=44,78,38
29,29,Imperial College London,United Kingdom,London,Europe,80.3,https://www.topuniversities.com/universities/imperial-college-london,https://www.topuniversities.com/sites/default/files/240430033452pm869301QS-Imperial-Logo-white-text-blue-background-90x90.jpg,86.2,9,82.2,=74,88.2,=54,72.4,59
30,30,University of Michigan-Ann Arbor,United States,Ann Arbor,North America,80.1,https://www.topuniversities.com/universities/university-michigan-ann-arbor,https://www.topuniversities.com/sites/default/files/university-of-michigan_403_medium.jpg,72.7,=72,88.7,=16,89.5,41,74.8,52
=31,31,The University of Hong Kong,Hong Kong SAR,Hong Kong,Asia,79.9,https://www.topuniversities.com/universities/university-hong-kong,https://www.topuniversities.com/sites/default/files/250912101330am198735HKUcolour-low-resolution-90x90.jpg,77.1,40,79.4,=125,85.2,=154,78.8,=33
=31,32,The University of Tokyo,Japan,Tokyo,Asia,79.9,https://www.topuniversities.com/universities/university-tokyo,https://www.topuniversities.com/sites/default/files/the-university-of-tokyo_615_medium.jpg,83.5,14,74,201+,77.3,201+,82.4,21
=31,33,Universitat Pompeu Fabra (Barcelona),Spain,Barcelona,Europe,79.9,https://www.topuniversities.com/universities/universitat-pompeu-fabra,https://www.topuniversities.com/sites/default/files/universitat-pompeu-fabra_504_medium.jpg,58.1,201+,82.9,=64,88.7,=46,84.9,=19
=34,34,Brown University,United States,Providence,North America,79.8,https://www.topuniversities.com/universities/brown-university,https://www.topuniversities.com/sites/default/files/brown-university_72_medium.jpg,67.4,128,82,=76,95.5,9,77,44
=34,35,Fudan University,China (Mainland),Shanghai,Asia,79.8,https://www.topuniversities.com/universities/fudan-university,https://www.topuniversities.com/sites/default/files/fudan-university_218_medium.jpg,76.7,=45,84.3,51,86,=121,76,47
36,36,Monash University,Australia,Melbourne,Oceania,79.6,https://www.topuniversities.com/universities/monash-university,https://www.topuniversities.com/sites/default/files/monash-university_412_medium.jpg,74.4,60,84.7,=47,84.5,=175,77.1,43
37,37,The Hong Kong University of Science and Technology,Hong Kong SAR,Hong Kong,Asia,79.2,https://www.topuniversities.com/universities/hong-kong-university-science-technology,https://www.topuniversities.com/sites/default/files/the-hong-kong-university-of-science-and-technology_269_medium.jpg,71.7,85,76,201+,86.8,=90,80.7,28
=38,38,Australian National University (ANU),Australia,Canberra,Oceania,79,https://www.topuniversities.com/universities/australian-national-university-anu,https://www.topuniversities.com/sites/default/files/251223044806am137327ANU-Crest-Inversed-Gold200x200-90x90.jpg,73.6,=65,83.5,=57,81.4,201+,78.2,37
=38,39,University of Zurich,Switzerland,Zürich,Europe,79,https://www.topuniversities.com/universities/university-zurich,https://www.topuniversities.com/sites/default/files/250124123220pm124063Logo-90x90.jpg,63,201+,85.8,35,91.3,=24,77.4,=39
40,40,Paris School of Economics ,France,Paris,Europe,78.9,https://www.topuniversities.com/universities/paris-school-economics,https://www.topuniversities.com/sites/default/files/paris-school-of-economics-_592560cf2aeae70239af5806_medium.jpg,47.5,201+,83.7,=55,88.3,53,87.4,13
41,41,London Business School,United Kingdom,London,Europe,78.8,https://www.topuniversities.com/universities/london-business-school,https://www.topuniversities.com/sites/default/files/london-business-school_592560cf2aeae70239af4be5_medium.jpg,76.5,=47,76.9,=179,92.8,18,73.8,=55
42,42,"Nanyang Technological University, Singapore (NTU Singapore)",Singapore,Singapore,Asia,78.6,https://www.topuniversities.com/universities/nanyang-technological-university-singapore-ntu-singapore,https://www.topuniversities.com/sites/default/files/nanyang-technological-university-singapore-ntu_592560cf2aeae70239af4c32_medium.jpg,82.8,17,73.3,201+,80.2,201+,78.4,35
43,43,The University of Melbourne,Australia,Melbourne,Oceania,77.9,https://www.topuniversities.com/universities/university-melbourne,https://www.topuniversities.com/sites/default/files/211118103607am165180PRIMARY-A-A4-Vertical-Housed-RGB-200px-90x90.jpg,78.9,30,82.4,=71,80.2,201+,74,=53
44,44,The Chinese University of Hong Kong (CUHK),Hong Kong SAR,Hong Kong,Asia,77.6,https://www.topuniversities.com/universities/chinese-university-hong-kong-cuhk,https://www.topuniversities.com/sites/default/files/230719090304am589775CUHK-acronym-logo-thumb-200x200%20%281%29.jpg,70.6,95,81.1,=92,85.4,=142,75.4,49
45,45,Seoul National University,South Korea,Seoul,Asia,77.4,https://www.topuniversities.com/universities/seoul-national-university,https://www.topuniversities.com/sites/default/files/graduate-school-of-business-seoul-national-university_553_medium.jpg,79.1,29,73.7,201+,76.5,201+,78.8,=33
46,46,Shanghai Jiao Tong University,China (Mainland),Shanghai,Asia,77.2,https://www.topuniversities.com/universities/shanghai-jiao-tong-university,https://www.topuniversities.com/sites/default/files/shanghai-jiao-tong-university_556_medium.jpg,76.9,43,83.9,54,85.3,=146,70,=74
47,47,Ludwig-Maximilians-Universität München,Germany,Munich,Europe,76.8,https://www.topuniversities.com/universities/ludwig-maximilians-universitat-munchen,https://www.topuniversities.com/sites/default/files/ludwig-maximilians-universitt-mnchen_420_medium.jpg,69.1,=104,87.4,26,84.1,=190,71.8,60
48,48,The University of Sydney,Australia,Sydney,Oceania,76.6,https://www.topuniversities.com/universities/university-sydney,https://www.topuniversities.com/sites/default/files/the-university-of-sydney_592560cf2aeae70239af4cd0_medium.jpg,75.8,51,81.8,=79,82,201+,71.6,=61
49,49,Université Paris 1 Panthéon-Sorbonne,France,Paris,Europe,76.5,https://www.topuniversities.com/universities/universite-paris-1-pantheon-sorbonne,https://www.topuniversities.com/sites/default/files/260305110034am945966P1PS-logo-90x90.jpg,72.6,=74,84.9,46,83.7,201+,70.6,70
50,50,Rheinische Friedrich-Wilhelms-Universität Bonn,Germany,Bonn,Europe,76.4,https://www.topuniversities.com/universities/rheinische-friedrich-wilhelms-universitat-bonn,https://www.topuniversities.com/sites/default/files/rheinische-friedrich-wilhelms-universitt-bonn_592560cf2aeae70239af4ac1_medium.jpg,53.9,201+,80.6,=102,84.3,=181,81.5,24
51,51,Institut Polytechnique de Paris,France,Paris,Europe,76.2,https://www.topuniversities.com/universities/institut-polytechnique-de-paris,https://www.topuniversities.com/sites/default/files/240924074028am263366logo-ipp-pour-qs-90x90.jpg,77,=41,86,34,87.8,=63,65.2,108
=52,52,Singapore Management University,Singapore,Singapore,Asia,76.1,https://www.topuniversities.com/universities/singapore-management-university,https://www.topuniversities.com/sites/default/files/singapore-management-university_1177_medium.jpg,63,201+,77.2,=171,83.7,201+,78.3,36
=52,53,Stockholm School of Economics,Sweden,"Stockholm,",Europe,76.1,https://www.topuniversities.com/universities/stockholm-school-economics,https://www.topuniversities.com/sites/default/files/stockholm-school-of-economics_576_medium.jpg,58.3,201+,76.9,=179,85.8,=130,79.7,32
=54,54,Erasmus University Rotterdam ,Netherlands,Rotterdam,Europe,76,https://www.topuniversities.com/universities/erasmus-university-rotterdam,https://www.topuniversities.com/sites/default/files/erasmus-university-rotterdam_190_medium.jpg,69,108,79.9,=112,79.5,201+,75.9,48
=54,55,University of Minnesota (System),United States,Minneapolis,North America,76,https://www.topuniversities.com/universities/university-minnesota-system,https://www.topuniversities.com/sites/default/files/university-of-minnesota_408_medium.jpg,56.3,201+,82.7,=69,86.3,=108,77.3,=41
=56,56,The University of New South Wales (UNSW Sydney),Australia,Sydney,Oceania,75.6,https://www.topuniversities.com/universities/university-new-south-wales-unsw-sydney,https://www.topuniversities.com/sites/default/files/221220094647am317557UNSW-Sydney-Logo-jpeg-90x90.jpg,74.7,=57,80.8,=96,80,201+,71.3,64
=56,57,Universität Mannheim,Germany,Mannheim,Europe,75.6,https://www.topuniversities.com/universities/universitat-mannheim,https://www.topuniversities.com/sites/default/files/universitt-mannheim_592560cf2aeae70239af4c0b_medium.jpg,63.2,201+,77.7,=157,82.7,201+,77.3,=41
58,58,California Institute of Technology (Caltech),United States,Pasadena,North America,75.5,https://www.topuniversities.com/universities/california-institute-technology-caltech,https://www.topuniversities.com/sites/default/files/california-institute-of-technology-caltech_94_medium.jpg,79.8,27,69.4,201+,76.2,201+,76.1,46
59,59,University of Texas at Austin,United States,Austin,North America,75.4,https://www.topuniversities.com/universities/university-texas-austin,https://www.topuniversities.com/sites/default/files/university-of-texas-at-austin_604_medium.jpg,74.7,=57,82.4,=71,87.6,=68,66.1,102
60,60,Zhejiang University,China (Mainland),Hangzhou,Asia,75.3,https://www.topuniversities.com/universities/zhejiang-university,https://www.topuniversities.com/sites/default/files/zhejiang-university_592560cf2aeae70239af4d37_medium.jpg,75.7,=52,84.5,=49,85.7,=133,65.3,107
=61,61,KU Leuven,Belgium,Leuven,Europe,75.1,https://www.topuniversities.com/universities/ku-leuven,https://www.topuniversities.com/sites/default/files/ku-leuven_592560cf2aeae70239af4aec_medium.jpg,68.3,=119,82.9,=64,84.3,=181,70,=74
=61,62,University of Amsterdam,Netherlands,Amsterdam,Europe,75.1,https://www.topuniversities.com/universities/university-amsterdam,https://www.topuniversities.com/sites/default/files/240924020914pm288471UvA-logo-90x90.jpg,69.7,=98,82.9,=64,82.7,201+,70.2,72
63,63,Universidad Carlos III de Madrid (UC3M),Spain,Madrid,Europe,74.7,https://www.topuniversities.com/universities/universidad-carlos-iii-de-madrid-uc3m,https://www.topuniversities.com/sites/default/files/universidad-carlos-iii-de-madrid-uc3m_1509_medium.jpg,65.1,=170,74,201+,79.6,201+,77.4,=39
64,64,Shanghai University of Finance and Economics,China (Mainland),Shanghai,Asia,74.6,https://www.topuniversities.com/universities/shanghai-university-finance-economics,https://www.topuniversities.com/sites/default/files/shanghai-university-of-finance-and-economics_2026_medium.jpg,55.5,201+,87.1,=27,88.1,=57,71.2,=65
65,65,Universitat Autònoma de Barcelona,Spain,Barcelona,Europe,74.4,https://www.topuniversities.com/universities/universitat-autonoma-de-barcelona,https://www.topuniversities.com/sites/default/files/240404114804am190222logo-uab-qs-90x90.jpg,57.9,201+,85.1,=42,86.6,=96,71.2,=65
=66,66,Pennsylvania State University,United States,University Park,North America,74.2,https://www.topuniversities.com/universities/pennsylvania-state-university,https://www.topuniversities.com/sites/default/files/pennsylvania-state-university_494_medium.jpg,72,=82,80.6,=102,80.7,201+,68.8,81
=66,67,Université Toulouse 1 Capitole,France,Toulouse,Europe,74.2,https://www.topuniversities.com/universities/universite-toulouse-1-capitole,https://www.topuniversities.com/sites/default/files/universit-toulouse-1-capitole_620_medium.jpg,44.8,201+,78.8,=133,83.9,=199,81.7,23
68,68,The University of Manchester,United Kingdom,Manchester,Europe,74.1,https://www.topuniversities.com/universities/university-manchester,https://www.topuniversities.com/sites/default/files/the-university-of-manchester_389_medium.jpg,76.8,44,81.5,=81,82.3,201+,64.9,115
=69,69,Barcelona School of Economics,Spain,Barcelona,Europe,73.9,https://www.topuniversities.com/universities/barcelona-school-economics,https://www.topuniversities.com/sites/default/files/220420111104am868463barcelona-school-economics-90x90.jpg,51.5,201+,82,=76,90.6,29,72.8,58
=69,70,University of Illinois Urbana-Champaign,United States,Champaign,North America,73.9,https://www.topuniversities.com/universities/university-illinois-urbana-champaign,https://www.topuniversities.com/sites/default/files/250319093914am927515Illinois-Logo-Full-Color-200x200-90x90.jpg,69.4,103,83.1,=61,88,=60,64.4,119
=71,71,Renmin (People's) University of China,China (Mainland),Beijing,Asia,73.8,https://www.topuniversities.com/universities/renmin-peoples-university-china,https://www.topuniversities.com/sites/default/files/renmin-peoples-university-of-china_884_medium.jpg,63.7,=199,85.5,=37,84.1,=190,67.8,=87
=71,72,"University of California, Davis",United States,Davis,North America,73.8,https://www.topuniversities.com/universities/university-california-davis,https://www.topuniversities.com/sites/default/files/university-of-california-davis_592560cf2aeae70239af4ad8_medium.jpg,60.1,201+,84.1,=52,88.7,=46,68.1,86
=71,73,Université PSL,France,Paris,Europe,73.8,https://www.topuniversities.com/universities/universite-psl,https://www.topuniversities.com/sites/default/files/universit-psl_592560e69988f300e2321dfe_medium.jpg,73.7,=63,85.1,=42,83.4,201+,63.5,130
=74,74,City University of Hong Kong (CityUHK),Hong Kong SAR,"Kowloon,",Asia,73.5,https://www.topuniversities.com/universities/city-university-hong-kong-cityuhk,https://www.topuniversities.com/sites/default/files/240301064743am994206logo-90x90.jpg,65.4,=162,79.9,=112,85.2,=154,68.5,83
=74,75,Yonsei University,South Korea,Seoul,Asia,73.5,https://www.topuniversities.com/universities/yonsei-university,https://www.topuniversities.com/sites/default/files/yonsei-university_688_medium.jpg,74,61,71.8,201+,78.6,201+,71.5,63
=76,76,The University of Queensland,Australia,Brisbane City,Oceania,73.4,https://www.topuniversities.com/universities/university-queensland,https://www.topuniversities.com/sites/default/files/210824044126am970441uq-logo-90x90.jpg,69.1,=104,80.6,=102,82,201+,67.7,=89
=76,77,Tilburg University,Netherlands,Tilburg,Europe,73.4,https://www.topuniversities.com/universities/tilburg-university,https://www.topuniversities.com/sites/default/files/tilburg-university_592560cf2aeae70239af4ce5_medium.jpg,55.1,201+,79.4,=125,82.1,201+,75.3,50
=78,78,Alma Mater Studiorum - Università di Bologna,Italy,Bologna,Europe,73.2,https://www.topuniversities.com/universities/alma-mater-studiorum-universita-di-bologna,https://www.topuniversities.com/sites/default/files/240304015357pm262606Unibo-200X200-90x90.jpg,67.3,129,78.3,=146,77.4,201+,71.6,=61
=78,79,Carnegie Mellon University,United States,Pittsburgh,North America,73.2,https://www.topuniversities.com/universities/carnegie-mellon-university,https://www.topuniversities.com/sites/default/files/carnegie-mellon-university_101_medium.jpg,73.5,=67,76.6,=190,85.7,=133,65,=112
=80,80,Johns Hopkins University,United States,Baltimore,North America,73.1,https://www.topuniversities.com/universities/johns-hopkins-university,https://www.topuniversities.com/sites/default/files/johns-hopkins-university_305_medium.jpg,68.7,=111,82.9,=64,86.4,=102,63.8,=124
=80,81,The University of Edinburgh,United Kingdom,Edinburgh,Europe,73.1,https://www.topuniversities.com/universities/university-edinburgh,https://www.topuniversities.com/sites/default/files/the-university-of-edinburgh_180_medium.jpg,77.4,36,78.8,=133,81.4,201+,63.9,123
=80,82,Universidad de los Andes,Colombia,Bogotá,Latin America,73.1,https://www.topuniversities.com/universities/universidad-de-los-andes,https://www.topuniversities.com/sites/default/files/universidad-de-los-andes_592560cf2aeae70239af4bf6_medium.jpg,76.7,=45,69.4,201+,77.6,201+,71,=68
=80,83,University of Wisconsin-Madison,United States,Madison,North America,73.1,https://www.topuniversities.com/universities/university-wisconsin-madison,https://www.topuniversities.com/sites/default/files/university-of-wisconsin-madison_678_medium.jpg,58.2,201+,82,=76,83.2,201+,71,=68
=84,84,Sciences Po,France,Paris,Europe,73,https://www.topuniversities.com/universities/sciences-po,https://www.topuniversities.com/sites/default/files/sciences-po-_592560cf2aeae70239af4c64_medium.jpg,66.4,=141,77.5,=165,82.5,201+,69.2,=79
=84,85,Université catholique de Louvain (UCLouvain),Belgium,Louvain-la-Neuve,Europe,73,https://www.topuniversities.com/universities/universite-catholique-de-louvain-uclouvain,https://www.topuniversities.com/sites/default/files/universit-catholique-de-louvain-uclouvain_592560cf2aeae70239af4aed_medium.jpg,63.2,201+,74.7,201+,76.9,201+,75.1,51
=84,86,Waseda University,Japan,Tokyo,Asia,73,https://www.topuniversities.com/universities/waseda-university,https://www.topuniversities.com/sites/default/files/waseda-university_592560cf2aeae70239af4d1c_medium.jpg,73.7,=63,76,201+,81.4,201+,66.9,=96
=87,87,Kyoto University,Japan,Kyoto,Asia,72.9,https://www.topuniversities.com/universities/kyoto-university,https://www.topuniversities.com/sites/default/files/kyoto-university_328_medium.jpg,77,=41,66.5,201+,73.3,201+,73.8,=55
=87,88,Pontificia Universidad Católica de Chile (UC),Chile,Santiago,Latin America,72.9,https://www.topuniversities.com/universities/pontificia-universidad-católica-de-chile-uc,https://www.topuniversities.com/sites/default/files/pontificia-universidad-catlica-de-chile-uc_107_medium.jpg,78.2,=32,69.8,201+,78,201+,69.3,78
=87,89,Queen Mary University of London,United Kingdom,London,Europe,72.9,https://www.topuniversities.com/universities/queen-mary-university-london,https://www.topuniversities.com/sites/default/files/queen-mary-university-of-london_592560cf2aeae70239af4bea_medium.jpg,65,=174,81.1,=92,85.9,=125,66.2,101
=90,90,HEC Paris,France,Paris,Europe,72.8,https://www.topuniversities.com/universities/hec-paris,https://www.topuniversities.com/sites/default/files/hec-paris-school-of-management_257_medium.jpg,77.3,=37,70.6,201+,82.2,201+,66.9,=96
=90,91,Korea University,South Korea,Seoul,Asia,72.8,https://www.topuniversities.com/universities/korea-university,https://www.topuniversities.com/sites/default/files/korea-university_325_medium.jpg,73.8,62,73.3,201+,78.1,201+,69.4,=76
=90,92,University of Copenhagen,Denmark,Copenhagen,Europe,72.8,https://www.topuniversities.com/universities/university-copenhagen,https://www.topuniversities.com/sites/default/files/university-of-copenhagen_141_medium.jpg,59.2,201+,82.7,=69,86.5,=99,67.7,=89
=93,93,McGill University,Canada,Montreal,North America,72.6,https://www.topuniversities.com/universities/mcgill-university,https://www.topuniversities.com/sites/default/files/250528065103pm337251shield-McGill-red-200x200px-90x90.jpg,77.8,35,71.4,201+,78.9,201+,67.4,92
=93,94,Xiamen University,China (Mainland),Xiamen,Asia,72.6,https://www.topuniversities.com/universities/xiamen-university,https://www.topuniversities.com/sites/default/files/xiamen-university_891_medium.jpg,57.6,201+,85.5,=37,88.2,=54,65.8,=103
95,95,Beijing Institute of Technology,China (Mainland),Beijing,Asia,72.2,https://www.topuniversities.com/universities/beijing-institute-technology,https://www.topuniversities.com/sites/default/files/beijing-institute-of-technology_868_medium.jpg,66.1,=146,88,=22,97.4,=3,54.8,201+
=96,96,National Taiwan University (NTU),Taiwan,Taipei,Asia,72.1,https://www.topuniversities.com/universities/national-taiwan-university-ntu,https://www.topuniversities.com/sites/default/files/national-taiwan-university-ntu_592560cf2aeae70239af4c3c_medium.jpg,73.5,=67,70.2,201+,78.5,201+,69.2,=79
=96,97,University of Nottingham,United Kingdom,Nottingham,Europe,72.1,https://www.topuniversities.com/universities/university-nottingham,https://www.topuniversities.com/sites/default/files/240606102649am426810UoN-NottinghamBlue-CastleBox-RGB-90x90.jpg,67.1,=130,79.1,=129,84.1,=190,65.1,=109
98,98,University of Southern California,United States,Los Angeles,North America,72,https://www.topuniversities.com/universities/university-southern-california,https://www.topuniversities.com/sites/default/files/university-of-southern-california_569_medium.jpg,64.9,=176,85.3,=39,88.2,=54,60.7,165
=99,99,Humboldt-Universität zu Berlin,Germany,Berlin,Europe,71.9,https://www.topuniversities.com/universities/humboldt-universitat-zu-berlin,https://www.topuniversities.com/sites/default/files/humboldt-universitt-zu-berlin_272_medium.jpg,65.4,=162,74.7,201+,82.4,201+,68.6,82
=99,100,Keio University,Japan,Tokyo,Asia,71.9,https://www.topuniversities.com/universities/keio-university,https://www.topuniversities.com/sites/default/files/keio-university_592560cf2aeae70239af4bbe_medium.jpg,72,=82,70.6,201+,76.6,201+,70.1,73
=99,101,Texas A&M University,United States,College Station,North America,71.9,https://www.topuniversities.com/universities/texas-am-university,https://www.topuniversities.com/sites/default/files/texas-am-university_592560cf2aeae70239af4ce2_medium.jpg,68.9,109,81.3,=86,83,201+,63.1,134
102,102,Hitotsubashi University,Japan,Tokyo,Asia,71.8,https://www.topuniversities.com/universities/hitotsubashi-university,https://www.topuniversities.com/sites/default/files/hitotsubashi-university-business-school-school-of-international-corporate-strategy_592560cf2aeae70239af4b8d_medium.jpg,66.4,=141,70.6,201+,75.8,201+,73.1,57
=103,103,Indian Institute of Technology Delhi (IITD),India,New Delhi,Asia,71.7,https://www.topuniversities.com/universities/indian-institute-technology-delhi-iitd,https://www.topuniversities.com/sites/default/files/indian-institute-of-technology-delhi-iitd_282_medium.jpg,81.7,22,70.6,201+,82.7,201+,61.8,=149
=103,104,Michigan State University,United States,East Lansing,North America,71.7,https://www.topuniversities.com/universities/michigan-state-university,https://www.topuniversities.com/sites/default/files/michigan-state-university_402_medium.jpg,61.6,201+,82.4,=71,85.5,=138,64.5,118
=103,105,Universiti Malaya (UM),Malaysia,Kuala Lumpur,Asia,71.7,https://www.topuniversities.com/universities/universiti-malaya-um,https://www.topuniversities.com/sites/default/files/universiti-malaya-um_383_medium.jpg,69.5,102,78.6,=140,78.9,201+,65.8,=103
=106,106,Nanjing University,China (Mainland),Nanjing,Asia,71.3,https://www.topuniversities.com/universities/nanjing-university,https://www.topuniversities.com/sites/default/files/nanjing-university_430_medium.jpg,68.4,=115,80.8,=96,88.4,=51,59.5,=182
=106,107,WU (Vienna University of Economics and Business),Austria,Vienna,Europe,71.3,https://www.topuniversities.com/universities/wu-vienna-university-economics-business,https://www.topuniversities.com/sites/default/files/wu-vienna-university-of-economics-and-business_592560cf2aeae70239af4d89_medium.jpg,57.4,201+,81.3,=86,83.4,201+,67.1,94
108,108,University of Bristol,United Kingdom,Bristol,Europe,71.1,https://www.topuniversities.com/universities/university-bristol,https://www.topuniversities.com/sites/default/files/240227125013pm861333White-90x90.jpg,71.1,=88,75.7,201+,81.2,201+,63.8,=124
=109,109,University of Glasgow,United Kingdom,Glasgow,Europe,70.9,https://www.topuniversities.com/universities/university-glasgow,https://www.topuniversities.com/sites/default/files/university-of-glasgow_592560cf2aeae70239af4b6c_medium.jpg,67,=132,79.1,=129,80.9,201+,63.7,=127
=109,110,Université de Montréal,Canada,Montreal,North America,70.9,https://www.topuniversities.com/universities/universite-de-montreal,https://www.topuniversities.com/sites/default/files/universit-de-montral_417_medium.jpg,63,201+,78,=150,80.5,201+,66.6,98
=111,111,Adelaide University,Australia,Adelaide,Oceania,70.8,https://www.topuniversities.com/universities/adelaide-university,https://www.topuniversities.com/sites/default/files/251230064220am949573AU-stacked-300x300-90x90.jpg,71.1,=88,81.5,=81,81.1,201+,60.1,173
=111,112,Dartmouth College,United States,Hanover,North America,70.8,https://www.topuniversities.com/universities/dartmouth-college,https://www.topuniversities.com/sites/default/files/dartmouth-college_592560cf2aeae70239af4b1c_medium.jpg,62.3,201+,83.5,=57,94.4,11,56.8,201+
=111,113,HSE University,Russia,Moscow,Europe,70.8,https://www.topuniversities.com/universities/hse-university,https://www.topuniversities.com/sites/default/files/220303011024pm152717HSE-logo-90x90.jpg,68.6,113,77.5,=165,71,201+,68.4,84
=111,114,Universidad de Chile,Chile,Santiago,Latin America,70.8,https://www.topuniversities.com/universities/universidad-de-chile,https://www.topuniversities.com/sites/default/files/universidad-de-chile_121_medium.jpg,73,71,69.4,201+,76,201+,67.8,=87
=111,115,University of St.Gallen,Switzerland,St. Gallen,Europe,70.8,https://www.topuniversities.com/universities/university-stgallen,https://www.topuniversities.com/sites/default/files/220202052805pm846901HSG-Bildmarke-RGB-90x90.jpg,68.5,114,78.3,=146,82.6,201+,62.3,142
116,116,Tecnológico de Monterrey,Mexico,Monterrey,Latin America,70.7,https://www.topuniversities.com/universities/tecnologico-de-monterrey,https://www.topuniversities.com/sites/default/files/instituto-tecnolgico-y-de-estudios-superiores-de-monterrey_592560cf2aeae70239af4cd6_medium.jpg,78.2,=32,72.2,201+,80,201+,61.5,=155
=117,117,Queen's University at Kingston,Canada,Kingston,North America,70.6,https://www.topuniversities.com/universities/queens-university-kingston,https://www.topuniversities.com/sites/default/files/queens-university-at-kingston_513_medium.jpg,71,=91,72.6,201+,83.8,201+,62.7,137
=117,118,Wuhan University,China (Mainland),Wuhan,Asia,70.6,https://www.topuniversities.com/universities/wuhan-university,https://www.topuniversities.com/sites/default/files/wuhan-university_889_medium.jpg,61.6,201+,84.7,=47,87.7,=65,59.5,=182
=119,119,Fundação Getulio Vargas (FGV),Brazil,Rio de Janeiro,Latin America,70.5,https://www.topuniversities.com/universities/fundacao-getulio-vargas-fgv,https://www.topuniversities.com/sites/default/files/fundao-getulio-vargas-fgv_206_medium.jpg,58.7,201+,76.6,=190,80.6,201+,68.3,85
=119,120,King's College London,United Kingdom,London,Europe,70.5,https://www.topuniversities.com/universities/kings-college-london,https://www.topuniversities.com/sites/default/files/231024034600pm558869KCL-box-red-485-rgb-90x90.jpg,76,=49,78,=150,78.5,201+,59.9,176
121,121,Vrije Universiteit Amsterdam,Netherlands,Amsterdam,Europe,70.4,https://www.topuniversities.com/universities/vrije-universiteit-amsterdam,https://www.topuniversities.com/sites/default/files/vrije-universiteit-amsterdam_658_medium.jpg,55.4,201+,79.9,=112,81.5,201+,67.7,=89
122,122,Copenhagen Business School,Denmark,Frederiksberg,Europe,70.3,https://www.topuniversities.com/universities/copenhagen-business-school,https://www.topuniversities.com/sites/default/files/copenhagen-business-school_710_medium.jpg,57.8,201+,79.9,=112,83.9,=199,65,=112
=123,123,The University of Auckland,New Zealand,Auckland,Oceania,70.2,https://www.topuniversities.com/universities/university-auckland,https://www.topuniversities.com/sites/default/files/221206065357am877738QS-Website-logo-01-90x90.jpg,68.4,=115,74.4,201+,80,201+,64.1,122
=123,124,University of Massachusetts Amherst,United States,Amherst,North America,70.2,https://www.topuniversities.com/universities/university-massachusetts-amherst,https://www.topuniversities.com/sites/default/files/university-of-massachusetts-amherst_592560cf2aeae70239af4c0e_medium.jpg,61.2,201+,77.5,=165,82,201+,65.1,=109
=125,125,Boston College,United States,Chestnut Hill,North America,70.1,https://www.topuniversities.com/universities/boston-college,https://www.topuniversities.com/sites/default/files/boston-college_723_medium.jpg,55.2,201+,80.4,=107,89.6,=39,62.6,=138
=125,126,University of Delhi,India,New Delhi,Asia,70.1,https://www.topuniversities.com/universities/university-delhi,https://www.topuniversities.com/sites/default/files/university-of-delhi_156_medium.jpg,63.6,201+,73.3,201+,74.8,201+,69.4,=76
=127,127,Georgetown University,United States,Washington D.C.,North America,70,https://www.topuniversities.com/universities/georgetown-university,https://www.topuniversities.com/sites/default/files/220714055746am997087Georgetown-90x90.jpg,67.1,=130,79.9,=112,83.6,201+,59.6,181
=127,128,"Macquarie University (Sydney, Australia)",Australia,Sydney,Oceania,70,https://www.topuniversities.com/universities/macquarie-university-sydney-australia,https://www.topuniversities.com/sites/default/files/macquarie-university_378_medium.jpg,65.7,=153,81.3,=86,84.8,=164,59.1,189
=127,129,"Trinity College Dublin, The University of Dublin",Ireland,Dublin,Europe,70,https://www.topuniversities.com/universities/trinity-college-dublin-university-dublin,https://www.topuniversities.com/sites/default/files/trinity-college-dublin-the-university-of-dublin_167_medium.jpg,69.7,=98,75.7,201+,86.2,=114,59.2,=186
=130,130,Maastricht University,Netherlands,Maastricht,Europe,69.9,https://www.topuniversities.com/universities/maastricht-university,https://www.topuniversities.com/sites/default/files/231218042543pm676051UM-triangles-200-x-200-pixels-90x90.jpg,60.9,201+,79.9,=112,82,201+,63.3,132
=130,131,"University of Maryland, College Park",United States,College Park,North America,69.9,https://www.topuniversities.com/universities/university-maryland-college-park,https://www.topuniversities.com/sites/default/files/university-of-maryland-college-park_393_medium.jpg,57.8,201+,83.5,=57,84.1,=190,62.1,=145
=130,132,Washington University in St. Louis,United States,St. Louis,North America,69.9,https://www.topuniversities.com/universities/washington-university-st-louis,https://www.topuniversities.com/sites/default/files/250209012951am920550WashU-Shield-FullColor-RGB-200x200-90x90.jpg,55.3,201+,77.5,=165,86.6,=96,65.1,=109
133,133,Instituto Tecnológico Autónomo de México (ITAM),Mexico,Mexico City,Latin America,69.8,https://www.topuniversities.com/universities/instituto-tecnologico-autonomo-de-mexico-itam,https://www.topuniversities.com/sites/default/files/instituto-tecnolgico-autnomo-de-mxico-itam_592560cf2aeae70239af4da6_medium.jpg,67,=132,65.4,201+,74.3,201+,71.1,67
=134,134,Luiss University,Italy,Rome,Europe,69.7,https://www.topuniversities.com/universities/luiss-university,https://www.topuniversities.com/sites/default/files/260202103306am481275Luiss-UniversitaDiRoma-ML-POS-COL-PANTONE-90x90.jpg,73.2,70,75,201+,80.9,201+,59.7,=177
=134,135,The Ohio State University,United States,Columbus,North America,69.7,https://www.topuniversities.com/universities/ohio-state-university,https://www.topuniversities.com/sites/default/files/the-ohio-state-university_465_medium.jpg,61.7,201+,79.4,=125,84.2,=186,61.6,=152
=134,136,Universidade Nova de Lisboa,Portugal,Lisbon,Europe,69.7,https://www.topuniversities.com/universities/universidade-nova-de-lisboa,https://www.topuniversities.com/sites/default/files/250708114440am556961NOVA-logo-square-90x90.jpg,61.1,201+,74.4,201+,84.8,=164,64.2,121
=134,137,Universitat de Barcelona,Spain,Barcelona,Europe,69.7,https://www.topuniversities.com/universities/universitat-de-barcelona,https://www.topuniversities.com/sites/default/files/university-of-barcelona_592560cf2aeae70239af4aaf_medium.jpg,65.7,=153,73.7,201+,76.5,201+,66.3,100
138,138,Universidade de São Paulo,Brazil,São Paulo,Latin America,69.6,https://www.topuniversities.com/universities/universidade-de-sao-paulo,https://www.topuniversities.com/sites/default/files/universidade-de-so-paulo_550_medium.jpg,72.6,=74,76.3,201+,73.7,201+,62.8,136
=139,139,Purdue University,United States,West Lafayette,North America,69.3,https://www.topuniversities.com/universities/purdue-university,https://www.topuniversities.com/sites/default/files/230619052213pm191066PU-SIG-Logo-RGB--PU-V-Full-RGB-90x90.jpg,67.9,=125,78.6,=140,84.6,=171,57.7,201+
=139,140,Sapienza University of Rome,Italy,Rome,Europe,69.3,https://www.topuniversities.com/universities/sapienza-university-rome,https://www.topuniversities.com/sites/default/files/sapienza-university-of-rome_592560cf2aeae70239af4c97_medium.jpg,67,=132,78,=150,77.5,201+,62.1,=145
=139,141,Technical University of Munich,Germany,Munich,Europe,69.3,https://www.topuniversities.com/universities/technical-university-munich,https://www.topuniversities.com/sites/default/files/technical-university-of-munich_599_medium.jpg,75.7,=52,74.7,201+,81.8,201+,57.2,201+
=139,142,The Hong Kong Polytechnic University,Hong Kong SAR,Hong Kong,Asia,69.3,https://www.topuniversities.com/universities/hong-kong-polytechnic-university,https://www.topuniversities.com/sites/default/files/the-hong-kong-polytechnic-university_267_medium.jpg,64.5,=182,78.8,=133,86.7,=93,58.2,201+
=139,143,Osaka University,Japan,Osaka City,Asia,69.3,https://www.topuniversities.com/universities/osaka-university,https://www.topuniversities.com/sites/default/files/osaka-university_472_medium.jpg,69.7,=98,66,201+,76.3,201+,67.2,93
=139,144,University of Technology Sydney,Australia,Sydney,Oceania,69.3,https://www.topuniversities.com/universities/university-technology-sydney,https://www.topuniversities.com/sites/default/files/university-of-technology-sydney_592560cf2aeae70239af4ccf_medium.jpg,66.2,145,77.7,=157,82.3,201+,60.2,=171
145,145,University of Leeds,United Kingdom,Leeds,Europe,69.2,https://www.topuniversities.com/universities/university-leeds,https://www.topuniversities.com/sites/default/files/250929041939pm876425Logo-200x200-v2-90x90.jpg,70,97,75.7,201+,80.3,201+,60,=174
146,146,Durham University,United Kingdom,Durham,Europe,69,https://www.topuniversities.com/universities/durham-university,https://www.topuniversities.com/sites/default/files/durham-university_170_medium.jpg,72.4,=80,76.9,=179,83,201+,56.4,201+
=147,147,Stockholm University,Sweden,Stockholm,Europe,68.9,https://www.topuniversities.com/universities/stockholm-university,https://www.topuniversities.com/sites/default/files/stockholm-university_577_medium.jpg,53.6,201+,83.1,=61,89.2,43,59.2,=186
=147,148,University of International Business and Economics,China (Mainland),Beijing,Asia,68.9,https://www.topuniversities.com/universities/university-international-business-economics,https://www.topuniversities.com/sites/default/files/university-of-international-business-and-economics_592560cf2aeae70239af5265_medium.jpg,43.7,201+,86.9,=30,90.2,33,61.8,=149
=149,149,University of Groningen,Netherlands,Groningen,Europe,68.8,https://www.topuniversities.com/universities/university-groningen,https://www.topuniversities.com/sites/default/files/university-of-groningen_243_medium.jpg,57,201+,81.5,=81,83.5,201+,61.1,=162
=149,150,Western University,Canada,London,North America,68.8,https://www.topuniversities.com/universities/western-university,https://www.topuniversities.com/sites/default/files/the-university-of-western-ontario_674_medium.jpg,66,149,76.3,201+,85.3,=146,58.3,201+
=151,151,Politecnico di Milano,Italy,"Milan,",Europe,68.7,https://www.topuniversities.com/universities/politecnico-di-milano,https://www.topuniversities.com/sites/default/files/260325021911pm966918POLIMI-logo-200x200-v2--90x90.jpg,76,=49,76,201+,85.8,=130,52.8,201+
=151,152,University of Geneva,Switzerland,Geneva,Europe,68.7,https://www.topuniversities.com/universities/university-geneva,https://www.topuniversities.com/sites/default/files/university-of-geneva_221_medium.jpg,62,201+,76,201+,82.5,201+,61.6,=152
=151,153,University of Rochester,United States,Rochester,North America,68.7,https://www.topuniversities.com/universities/university-rochester,https://www.topuniversities.com/sites/default/files/university-of-rochester_592560cf2aeae70239af4c96_medium.jpg,59.5,201+,73.7,201+,83.7,201+,63.4,131
=154,154,Universite libre de Bruxelles,Belgium,Brussels,Europe,68.6,https://www.topuniversities.com/universities/universite-libre-de-bruxelles,https://www.topuniversities.com/sites/default/files/universite-libre-de-bruxelles_75_medium.jpg,64.7,178,71,201+,76.7,201+,65.4,106
=154,155,Universiti Putra Malaysia (UPM),Malaysia,Serdang,Asia,68.6,https://www.topuniversities.com/universities/universiti-putra-malaysia-upm,https://www.topuniversities.com/sites/default/files/241015052445am567301logo-upm-petak-90x90.jpg,59.9,201+,75.3,201+,80.2,201+,63.7,=127
=154,156,University of Birmingham,United Kingdom,Birmingham,Europe,68.6,https://www.topuniversities.com/universities/university-birmingham,https://www.topuniversities.com/sites/default/files/university-of-birmingham_59_medium.jpg,66.5,=139,80.6,=102,84.3,=181,55.9,201+
=154,157,"University of California, Santa Barbara (UCSB)",United States,Santa Barbara,North America,68.6,https://www.topuniversities.com/universities/university-california-santa-barbara-ucsb,https://www.topuniversities.com/sites/default/files/university-of-california-santa-barbara-ucsb_91_medium.jpg,55.8,201+,79.9,=112,93.9,13,56.7,201+
=154,158,Utrecht University,Netherlands,Utrecht,Europe,68.6,https://www.topuniversities.com/universities/utrecht-university,https://www.topuniversities.com/sites/default/files/utrecht-university_646_medium.jpg,62.3,201+,77.7,=157,84.8,=164,59,=190
=159,159,"Essex, University of",United Kingdom,Colchester,Europe,68.4,https://www.topuniversities.com/universities/essex-university,https://www.topuniversities.com/sites/default/files/university-of-essex_592560cf2aeae70239af4b4c_medium.jpg,44,201+,83.1,=61,86.3,=108,64.3,120
=159,160,University of Reading,United Kingdom,Reading,Europe,68.4,https://www.topuniversities.com/universities/university-reading,https://www.topuniversities.com/sites/default/files/university-of-reading_517_medium.jpg,58.9,201+,79.4,=125,84.3,=181,59.7,=177
=161,161,University of North Carolina at Chapel Hill,United States,Chapel Hill,North America,68.3,https://www.topuniversities.com/universities/university-north-carolina-chapel-hill,https://www.topuniversities.com/sites/default/files/251009050439pm793541SOEBlueLogo-200x200-Vertical-Resized-90x90.jpg,60.2,201+,80.1,=109,85.3,=146,57.9,201+
=161,162,University of Washington,United States,Seattle,North America,68.3,https://www.topuniversities.com/universities/university-washington,https://www.topuniversities.com/sites/default/files/240709093150am256263W-Logo-Purple-RGB-resized-90x90.jpg,66.3,144,76.6,=190,83.3,201+,57.7,201+
163,163,University of Southampton,United Kingdom,Southampton,Europe,68.2,https://www.topuniversities.com/universities/university-southampton,https://www.topuniversities.com/sites/default/files/241015033016pm657896University-of-Southampton-shield-blue-200-px-square-90x90.jpg,61.4,201+,81.5,=81,86.9,89,55.7,201+
=164,164,Beijing Normal University ,China (Mainland),Beijing,Asia,68.1,https://www.topuniversities.com/universities/beijing-normal-university,https://www.topuniversities.com/sites/default/files/beijing-normal-university_869_medium.jpg,63.7,=199,81.3,=86,85.8,=130,54.8,201+
=164,165,Lund University,Sweden,Lund,Europe,68.1,https://www.topuniversities.com/universities/lund-university,https://www.topuniversities.com/sites/default/files/lund-university_371_medium.jpg,59.9,201+,78.6,=140,81.3,201+,60.3,=169
=166,166,Aarhus University,Denmark,Aarhus,Europe,67.9,https://www.topuniversities.com/universities/aarhus-university,https://www.topuniversities.com/sites/default/files/aarhus-university_592560cf2aeae70239af4a8a_medium.jpg,54.1,201+,77.2,=171,80.8,201+,63.7,=127
=166,167,Sungkyunkwan University (SKKU),South Korea,Seoul,Asia,67.9,https://www.topuniversities.com/universities/sungkyunkwan-university-skku,https://www.topuniversities.com/sites/default/files/sungkyunkwan-universityskku_592560cf2aeae70239af4cc9_medium.jpg,65.1,=170,69.4,201+,77.3,201+,63.8,=124
=166,168,University of Navarra,Spain,Pamplona,Europe,67.9,https://www.topuniversities.com/universities/university-navarra,https://www.topuniversities.com/sites/default/files/230606111821am961353marcaunav-rojo-1x1-90x90.jpg,68.4,=115,74.7,201+,83.7,201+,56.4,201+
169,169,Indian Institute of Technology Kharagpur (IIT-KGP),India,Kharagpur,Asia,67.8,https://www.topuniversities.com/universities/indian-institute-technology-kharagpur-iit-kgp,https://www.topuniversities.com/sites/default/files/indian-institute-of-technology-kharagpur-iit-kgp_285_medium.jpg,75.4,54,75.3,201+,86.2,=114,51,201+
=170,170,University of Virginia,United States,Charlottesville,North America,67.7,https://www.topuniversities.com/universities/university-virginia,https://www.topuniversities.com/sites/default/files/university-of-virginia_656_medium.jpg,61.6,201+,81.5,=81,86.6,=96,54.5,201+
=170,171,University of York,United Kingdom,York,Europe,67.7,https://www.topuniversities.com/universities/university-york,https://www.topuniversities.com/sites/default/files/250204120245pm633652UOY-Logo-Stacked-shield-Black-white-background-200x200px-90x90.jpg,59.1,201+,76,201+,79.5,201+,62,=147
=172,172,Arizona State University,United States,Tempe,North America,67.6,https://www.topuniversities.com/universities/arizona-state-university,https://www.topuniversities.com/sites/default/files/arizona-state-university_592560cf2aeae70239af4a9c_medium.jpg,65.6,=158,82.2,=74,84.7,=169,52.8,201+
=172,173,RMIT University,Australia,Melbourne,Oceania,67.6,https://www.topuniversities.com/universities/rmit-university,https://www.topuniversities.com/sites/default/files/rmit-university_592560cf2aeae70239af4c95_medium.jpg,65,=174,80.1,=109,83.4,201+,54.8,201+
=172,174,University of Lausanne,Switzerland,Lausanne,Europe,67.6,https://www.topuniversities.com/universities/university-lausanne,https://www.topuniversities.com/sites/default/files/university-of-lausanne_592560cf2aeae70239af4bd3_medium.jpg,58.6,201+,76.3,201+,80.1,201+,61.4,157
175,175,Indian Institute of Technology Bombay (IITB),India,Mumbai,Asia,67.5,https://www.topuniversities.com/universities/indian-institute-technology-bombay-iitb,https://www.topuniversities.com/sites/default/files/indian-institute-of-technology-bombay-iitb_281_medium.jpg,81.8,=20,61.2,201+,70.5,201+,62,=147
176,176,European University Institute,Italy,Florence,Europe,67.3,https://www.topuniversities.com/universities/european-university-institute,https://www.topuniversities.com/sites/default/files/european-university-institute_15283_medium.jpg,48.7,201+,76.9,=179,81.4,201+,64.8,116
177,177,Charles University,Czechia,Prague,Europe,67.2,https://www.topuniversities.com/universities/charles-university,https://www.topuniversities.com/sites/default/files/charles-university_117_medium.jpg,59.1,201+,81.1,=92,85.3,=146,55.2,201+
=178,178,Taylor's University,Malaysia,Kuala Lumpur,Asia,67.1,https://www.topuniversities.com/universities/taylors-university,https://www.topuniversities.com/sites/default/files/taylors-university_592560cf2aeae70239af57af_medium.jpg,62.7,201+,81.3,=86,90.7,28,50.3,201+
=178,179,Université Paris-Saclay,France,Paris,Europe,67.1,https://www.topuniversities.com/universities/universite-paris-saclay,https://www.topuniversities.com/sites/default/files/universit-paris-saclay_592560cf2aeae70239af4c6e_medium.jpg,72.7,=72,77.7,=157,78,201+,53.5,201+
=180,180,Universitas Indonesia,Indonesia,Depok,Asia,67,https://www.topuniversities.com/universities/universitas-indonesia,https://www.topuniversities.com/sites/default/files/universitas-indonesia_290_medium.jpg,68.7,=111,70.2,201+,71.3,201+,62.5,=140
=180,181,University College Dublin,Ireland,Dublin,Europe,67,https://www.topuniversities.com/universities/university-college-dublin,https://www.topuniversities.com/sites/default/files/university-college-dublin_166_medium.jpg,64.4,=186,76,201+,82.4,201+,56.1,201+
=180,182,University of Exeter,United Kingdom,Exeter,Europe,67,https://www.topuniversities.com/universities/university-exeter,https://www.topuniversities.com/sites/default/files/221117102054am246521University-of-Exeter-Simplified-Logo-Portrait-positive-200-x-200-90x90.jpg,64.2,191,76.6,=190,82.5,201+,55.9,201+
183,183,University of Vienna,Austria,Vienna,Europe,66.9,https://www.topuniversities.com/universities/university-vienna,https://www.topuniversities.com/sites/default/files/university-of-vienna_652_medium.jpg,59.1,201+,74,201+,75.4,201+,63,135
=184,184,Central University of Finance and Economics,China (Mainland),Beijing,Asia,66.8,https://www.topuniversities.com/universities/central-university-finance-economics,https://www.topuniversities.com/sites/default/files/central-university-of-finance-and-economics_592560cf2aeae70239af526a_medium.jpg,42.3,201+,85.1,=42,86.4,=102,60,=174
=184,185,Deakin University,Australia,Melbourne,Oceania,66.8,https://www.topuniversities.com/universities/deakin-university,https://www.topuniversities.com/sites/default/files/download-90x90.png,56.2,201+,79.9,=112,86.3,=108,55.7,201+
=184,186,George Washington University,United States,Washington D.C.,North America,66.8,https://www.topuniversities.com/universities/george-washington-university,https://www.topuniversities.com/sites/default/files/george-washington-university_223_medium.jpg,62.5,201+,79.1,=129,87,=87,52.6,201+
=184,187,Goethe-University Frankfurt am Main,Germany,Frankfurt am Main,Europe,66.8,https://www.topuniversities.com/universities/goethe-university-frankfurt-am-main,https://www.topuniversities.com/sites/default/files/universitt-frankfurt-am-main_214_medium.jpg,57,201+,74.7,201+,79.3,201+,61.5,=155
=184,188,Kobe University,Japan,Kobe City,Asia,66.8,https://www.topuniversities.com/universities/kobe-university,https://www.topuniversities.com/sites/default/files/kobe-university_320_medium.jpg,55.7,201+,68.9,201+,76.7,201+,66.4,99
=184,189,The University of Western Australia,Australia,Perth,Oceania,66.8,https://www.topuniversities.com/universities/university-western-australia,https://www.topuniversities.com/sites/default/files/the-university-of-western-australia_673_medium.jpg,62.3,201+,76.6,=190,83.1,201+,56.1,201+
=190,190,Universiti Sains Malaysia (USM),Malaysia,Gelugor,Asia,66.7,https://www.topuniversities.com/universities/universiti-sains-malaysia-usm,https://www.topuniversities.com/sites/default/files/universiti-sains-malaysia-usm_386_medium.jpg,61.3,201+,78.6,=140,80.6,201+,56.6,201+
=190,191,Wageningen University & Research,Netherlands,Wageningen,Europe,66.7,https://www.topuniversities.com/universities/wageningen-university-research,https://www.topuniversities.com/sites/default/files/260407070739am768792WUR-logo-200x200-90x90.jpg,56.4,201+,78,=150,82.5,201+,58.3,201+
192,192,University of Sussex,United Kingdom,Brighton,Europe,66.6,https://www.topuniversities.com/universities/university-sussex,https://www.topuniversities.com/sites/default/files/260317044134pm839571UoS-Stacked-logo-CMYK-Black-on-White-90x90.jpg,53.7,201+,79.9,=112,84.8,=164,57.2,201+
=193,193,King Abdulaziz University (KAU),Saudi Arabia,Jeddah,Asia,66.4,https://www.topuniversities.com/universities/king-abdulaziz-university-kau,https://www.topuniversities.com/sites/default/files/king-abdulaziz-university-kau_1172_medium.jpg,61.8,201+,76.6,=190,87.8,=63,52.9,201+
=193,194,Southwestern University of Finance and Economics,China (Mainland),Chengdu,Asia,66.4,https://www.topuniversities.com/universities/southwestern-university-finance-economics,https://www.topuniversities.com/sites/default/files/southwestern-university-of-finance-and-economics_592560cf2aeae70239af5289_medium.jpg,48.2,201+,89.4,13,89.6,=39,52.5,201+
=193,195,University of Cologne,Germany,Cologne,Europe,66.4,https://www.topuniversities.com/universities/university-cologne,https://www.topuniversities.com/sites/default/files/university-of-cologne_592560cf2aeae70239af4bc6_medium.jpg,57.8,201+,74.4,201+,85.2,=154,57.2,201+
=193,196,University of Illinois Chicago (UIC),United States,Chicago,North America,66.4,https://www.topuniversities.com/universities/university-illinois-chicago-uic,https://www.topuniversities.com/sites/default/files/university-of-illinois-chicago-uic_592560cf2aeae70239af4b9a_medium.jpg,62,201+,70.6,201+,81.4,201+,58.9,194
=197,197,Universitas Airlangga,Indonesia,Surabaya,Asia,66.3,https://www.topuniversities.com/universities/universitas-airlangga,https://www.topuniversities.com/sites/default/files/250715015254am318034UNAIR-BRANDMARK-2025-01-90x90.jpg,65.2,=166,68.9,201+,80.2,201+,58.5,=197
=197,198,Universiti Kebangsaan Malaysia (UKM),Malaysia,Bangi,Asia,66.3,https://www.topuniversities.com/universities/universiti-kebangsaan-malaysia-ukm,https://www.topuniversities.com/sites/default/files/universiti-kebangsaan-malaysia-ukm_384_medium.jpg,61.7,201+,73,201+,75.9,201+,60.4,168
=197,199,Università di Padova,Italy,Padova,Europe,66.3,https://www.topuniversities.com/universities/universita-di-padova,https://www.topuniversities.com/sites/default/files/universitdi-padova_480_medium.jpg,59.9,201+,74,201+,79.4,201+,59,=190
=200,200,Chulalongkorn University,Thailand,Bangkok,Asia,66.2,https://www.topuniversities.com/universities/chulalongkorn-university,https://www.topuniversities.com/sites/default/files/chulalongkorn-university_592560cf2aeae70239af4b01_medium.jpg,62.1,201+,68.9,201+,76.3,201+,61.8,=149
=200,201,Freie Universitaet Berlin,Germany,Berlin,Europe,66.2,https://www.topuniversities.com/universities/freie-universitaet-berlin,https://www.topuniversities.com/sites/default/files/freie-universitaet-berlin_215_medium.jpg,61.5,201+,71.4,201+,79.1,201+,59.4,=184
=200,202,Universidad Nacional Autónoma de México  (UNAM),Mexico,Mexico City,Latin America,66.2,https://www.topuniversities.com/universities/universidad-nacional-autonoma-de-mexico-unam,https://www.topuniversities.com/sites/default/files/universidad-nacional-autnoma-de-mxico-unam_425_medium.jpg,77.2,39,64.9,201+,67.9,201+,60.6,166
201-250,203,Aalto University,Finland,Espoo (Helsinki capital region),Europe,n/a,https://www.topuniversities.com/universities/aalto-university,https://www.topuniversities.com/sites/default/files/230913111738am272302Aalto-University-logo-200x200-90x90.jpg,54.2,201+,74.4,201+,83,201+,57.8,201+
201-250,204,Azerbaijan State University of Economics,Azerbaijan,Baku,Asia,n/a,https://www.topuniversities.com/universities/azerbaijan-state-university-economics,https://www.topuniversities.com/sites/default/files/azerbaijan-state-university-of-economics_14955_medium.jpg,66.9,135,63.7,201+,74.4,201+,62.2,=143
201-250,205,Bilkent University,Türkiye,Ankara,Asia,n/a,https://www.topuniversities.com/universities/bilkent-university,https://www.topuniversities.com/sites/default/files/bilkent-university_58_medium.jpg,66.5,=139,68,201+,82,201+,57,201+
201-250,206,COMSATS University Islamabad,Pakistan,Islamabad,Asia,n/a,https://www.topuniversities.com/universities/comsats-university-islamabad,https://www.topuniversities.com/sites/default/files/comsats-university-islamabad_592560cf2aeae70239af52bb_medium.jpg,56.5,201+,80.8,=96,91.2,26,50.9,201+
201-250,207,Ca' Foscari University of Venice,Italy,Venice,Europe,n/a,https://www.topuniversities.com/universities/ca-foscari-university-venice,https://www.topuniversities.com/sites/default/files/250311030733pm324084Logo-Square-JPEG-ZOOM-WAITING-ROOM-90x90.jpg,53.9,201+,73.3,201+,83.4,201+,57,201+
201-250,208,Emory University,United States,Atlanta,North America,n/a,https://www.topuniversities.com/universities/emory-university,https://www.topuniversities.com/sites/default/files/emory-university_185_medium.jpg,55.8,201+,73,201+,86,=121,54.9,201+
201-250,209,Gadjah Mada University,Indonesia,Yogyakarta,Asia,n/a,https://www.topuniversities.com/universities/gadjah-mada-university,https://www.topuniversities.com/sites/default/files/gadjah-mada-university_219_medium.jpg,66.6,138,63.1,201+,72.7,201+,60.5,167
201-250,210,Georgia Institute of Technology,United States,Atlanta,North America,n/a,https://www.topuniversities.com/universities/georgia-institute-technology,https://www.topuniversities.com/sites/default/files/250219111124am560242GTVertical-CMYK-90x90.jpg,72.5,79,70.6,201+,82.5,201+,50.8,201+
201-250,211,Ghent University,Belgium,Ghent,Europe,n/a,https://www.topuniversities.com/universities/ghent-university,https://www.topuniversities.com/sites/default/files/ghent-university_228_medium.jpg,60,201+,77.7,=157,84.4,180,53.5,201+
201-250,212,Hong Kong Baptist University,Hong Kong SAR,Hong Kong,Asia,n/a,https://www.topuniversities.com/universities/hong-kong-baptist-university,https://www.topuniversities.com/sites/default/files/hong-kong-baptist-university_893_medium.jpg,51.7,201+,71,201+,85.3,=146,61,164
201-250,213,Huazhong University of Science and Technology,China (Mainland),Wuhan,Asia,n/a,https://www.topuniversities.com/universities/huazhong-university-science-technology,https://www.topuniversities.com/sites/default/files/huazhong-university-of-science-and-technology_592560cf2aeae70239af5256_medium.jpg,56.7,201+,83.7,=55,88.4,=51,49.1,201+
201-250,214,Indian Institute of Technology Kanpur (IITK),India,Kanpur,Asia,n/a,https://www.topuniversities.com/universities/indian-institute-technology-kanpur-iitk,https://www.topuniversities.com/sites/default/files/indian-institute-of-technology-kanpur-iitk_592560cf2aeae70239af4ba5_medium.jpg,77.3,=37,64.3,201+,69.8,201+,58.4,=199
201-250,215,Indian Institute of Technology Madras (IITM),India,Chennai,Asia,n/a,https://www.topuniversities.com/universities/indian-institute-technology-madras-iitm,https://www.topuniversities.com/sites/default/files/indian-institute-of-technology-madras-iitm_286_medium.jpg,75,55,66.5,201+,73.6,201+,54.1,201+
201-250,216,Jinan University (China),China (Mainland),Guangzhou,Asia,n/a,https://www.topuniversities.com/universities/jinan-university-china,https://www.topuniversities.com/sites/default/files/jinan-university-china_592560cf2aeae70239af5298_medium.jpg,45.8,201+,80.8,=96,88.1,=57,55.7,201+
201-250,217,Lahore University of Management Sciences (LUMS),Pakistan,Lahore,Asia,n/a,https://www.topuniversities.com/universities/lahore-university-management-sciences-lums,https://www.topuniversities.com/sites/default/files/lahore-university-of-management-sciences-lums_592560cf2aeae70239af531b_medium.jpg,63.6,201+,70.2,201+,79.6,201+,56.3,201+
201-250,218,Lancaster University,United Kingdom,"Lancaster,",Europe,n/a,https://www.topuniversities.com/universities/lancaster-university,https://www.topuniversities.com/sites/default/files/lancaster-university_335_medium.jpg,59.4,201+,77.5,=165,83.1,201+,54,201+
201-250,219,Lebanese American University,Lebanon,Byblos,Asia,n/a,https://www.topuniversities.com/universities/lebanese-american-university,https://www.topuniversities.com/sites/default/files/lebanese-american-university_592560cf2aeae70239af4eed_medium.jpg,58,201+,80.6,=102,91.8,22,48.1,201+
201-250,220,Lomonosov Moscow State University,Russia,Moscow,Europe,n/a,https://www.topuniversities.com/universities/lomonosov-moscow-state-university,https://www.topuniversities.com/sites/default/files/lomonosov-moscow-state-university-_592560cf2aeae70239af4c27_medium.jpg,76.5,=47,63.7,201+,65,201+,62.2,=143
201-250,221,Middle East Technical University,Türkiye,Ankara,Asia,n/a,https://www.topuniversities.com/universities/middle-east-technical-university,https://www.topuniversities.com/sites/default/files/middle-east-technical-university_2110_medium.jpg,71.6,86,64.3,201+,76.4,201+,55.7,201+
201-250,222,Nagoya University,Japan,Nagoya,Asia,n/a,https://www.topuniversities.com/universities/nagoya-university,https://www.topuniversities.com/sites/default/files/nagoya-university_427_medium.jpg,65.2,=166,67.5,201+,77.2,201+,59.7,=177
201-250,223,Nankai University,China (Mainland),Tianjin,Asia,n/a,https://www.topuniversities.com/universities/nankai-university,https://www.topuniversities.com/sites/default/files/nankai-university_882_medium.jpg,52.7,201+,81.3,=86,88.6,49,51.5,201+
201-250,224,Queensland University of Technology (QUT),Australia,Brisbane,Oceania,n/a,https://www.topuniversities.com/universities/queensland-university-technology-qut,https://www.topuniversities.com/sites/default/files/queensland-university-of-technology-qut_592560cf2aeae70239af4c88_medium.jpg,57.2,201+,76.3,201+,83.3,201+,53.5,201+
201-250,225,Rice University,United States,Houston,North America,n/a,https://www.topuniversities.com/universities/rice-university,https://www.topuniversities.com/sites/default/files/rice-university_524_medium.jpg,60.6,201+,73.7,201+,82.7,201+,53.7,201+
201-250,226,Rutgers University–New Brunswick,United States,New Brunswick,North America,n/a,https://www.topuniversities.com/universities/rutgers-university-new-brunswick,https://www.topuniversities.com/sites/default/files/240206105603pm596685Rutgers-Image-200x200-90x90.jpg,59.7,201+,74,201+,80,201+,58.4,=199
201-250,227,SOAS University of London,United Kingdom,London,Europe,n/a,https://www.topuniversities.com/universities/soas-university-london,https://www.topuniversities.com/sites/default/files/soas-university-of-london-_592560cf2aeae70239af4bf0_medium.jpg,53.6,201+,74.7,201+,85.5,=138,56.4,201+
201-250,228,Shandong University,China (Mainland),Jinan,Asia,n/a,https://www.topuniversities.com/universities/shandong-university,https://www.topuniversities.com/sites/default/files/shandong-university_555_medium.jpg,52.4,201+,80.4,=107,86.2,=114,55.2,201+
201-250,229,Sogang University,South Korea,Seoul,Asia,n/a,https://www.topuniversities.com/universities/sogang-university,https://www.topuniversities.com/sites/default/files/sogang-university_565_medium.jpg,64.6,=179,64.3,201+,70.7,201+,62.5,=140
201-250,230,Sun Yat-sen University,China (Mainland),Guangzhou,Asia,n/a,https://www.topuniversities.com/universities/sun-yat-sen-university,https://www.topuniversities.com/sites/default/files/sun-yat-sen-university_888_medium.jpg,63.4,201+,78,=150,81.3,201+,53.3,201+
201-250,231,The University of Sheffield,United Kingdom,"Sheffield,",Europe,n/a,https://www.topuniversities.com/universities/university-sheffield,https://www.topuniversities.com/sites/default/files/230919100158am438629UoS-logo-90x90.jpg,64.3,=188,75,201+,82.1,201+,53,201+
201-250,232,Tianjin University,China (Mainland),Tianjin,Asia,n/a,https://www.topuniversities.com/universities/tianjin-university,https://www.topuniversities.com/sites/default/files/tianjin-university_609_medium.jpg,61.1,201+,78.3,=146,84.5,=175,50.1,201+
201-250,233,Toulouse School of Economics,France,Toulouse,Europe,n/a,https://www.topuniversities.com/universities/toulouse-school-economics,,28.2,201+,78.8,=133,85.6,=135,65.7,105
201-250,234,Universidad Autónoma de Madrid,Spain,Madrid,Europe,n/a,https://www.topuniversities.com/universities/universidad-autonoma-de-madrid,https://www.topuniversities.com/sites/default/files/230914073612am166112marcaUAM-centroColor-expandHQg-90x90.jpg,64.3,=188,68.5,201+,77.5,201+,57.2,201+
201-250,235,Universidad de Buenos Aires (UBA),Argentina,Buenos Aires,Latin America,n/a,https://www.topuniversities.com/universities/universidad-de-buenos-aires-uba,https://www.topuniversities.com/sites/default/files/universidad-de-buenos-aires-uba_78_medium.jpg,78.2,=32,61.8,201+,68.8,201+,60.3,=169
201-250,236,Universidade Estadual de Campinas (Unicamp),Brazil,Campinas,Latin America,n/a,https://www.topuniversities.com/universities/universidade-estadual-de-campinas-unicamp,https://www.topuniversities.com/sites/default/files/universidade-estadual-de-campinas-unicamp_96_medium.jpg,65.7,=153,68,201+,74.6,201+,59.7,=177
201-250,237,Universidade Federal do Rio de Janeiro,Brazil,Rio de Janeiro,Latin America,n/a,https://www.topuniversities.com/universities/universidade-federal-do-rio-de-janeiro,https://www.topuniversities.com/sites/default/files/220127083943pm152751UFRJ-Vertical-Impresso-Positivo-ai-90x90.jpg,61,201+,71.8,201+,76.1,201+,58.5,=197
201-250,238,Universiti Utara Malaysia (UUM),Malaysia,Sintok,Asia,n/a,https://www.topuniversities.com/universities/universiti-utara-malaysia-uum,https://www.topuniversities.com/sites/default/files/universiti-utara-malaysia-uum_388_medium.jpg,50.2,201+,77.7,=157,83.3,201+,57.2,201+
201-250,239,University of Alberta,Canada,"Edmonton,",North America,n/a,https://www.topuniversities.com/universities/university-alberta,https://www.topuniversities.com/sites/default/files/240306052437pm316638378168-RankingLogo-QS-200x200px-90x90.jpg,64,=193,73.3,201+,86.4,=102,51.2,201+
201-250,240,University of Bath,United Kingdom,Bath,Europe,n/a,https://www.topuniversities.com/universities/university-bath,https://www.topuniversities.com/sites/default/files/university-of-bath_47_medium.jpg,68.1,123,74,201+,81.4,201+,52.8,201+
201-250,241,University of Cape Town,South Africa,Cape Town,Africa,n/a,https://www.topuniversities.com/universities/university-cape-town,https://www.topuniversities.com/sites/default/files/210830024732pm396697UCTcircular-logo1-CMYK-90x90.jpg,60.8,201+,74,201+,77.9,201+,57.9,201+
201-250,242,"University of Economics Ho Chi Minh City, Viet Nam",Vietnam,Ho Chi Minh City,Asia,n/a,https://www.topuniversities.com/universities/university-economics-ho-chi-minh-city-viet-nam,https://www.topuniversities.com/sites/default/files/220112034159am170290logo-ueh-90x90.jpg,47.9,201+,88.7,=16,92.1,20,49.3,201+
201-250,243,University of Notre Dame,United States,Notre Dame,North America,n/a,https://www.topuniversities.com/universities/university-notre-dame,https://www.topuniversities.com/sites/default/files/university-of-notre-dame_458_medium.jpg,57.4,201+,78.8,=133,87.2,=79,50.7,201+
201-250,244,University of Oslo,Norway,Oslo,Europe,n/a,https://www.topuniversities.com/universities/university-oslo,https://www.topuniversities.com/sites/default/files/university-of-oslo_473_medium.jpg,51.3,201+,76.6,=190,82,201+,59.4,=184
201-250,245,"University of Rome ""Tor Vergata""",Italy,Rome,Europe,n/a,https://www.topuniversities.com/universities/university-rome-tor-vergata,https://www.topuniversities.com/sites/default/files/university-of-rome-tor-vergata_592560cf2aeae70239af4c99_medium.jpg,55.3,201+,71,201+,77.8,201+,61.3,=158
201-250,246,University of St Andrews,United Kingdom,St. Andrews,Europe,n/a,https://www.topuniversities.com/universities/university-st-andrews,https://www.topuniversities.com/sites/default/files/university-of-st-andrews_570_medium.jpg,68.2,=121,69.4,201+,79.8,201+,55.6,201+
201-250,247,Università Cattolica del Sacro Cuore,Italy,Milan,Europe,n/a,https://www.topuniversities.com/universities/universita-cattolica-del-sacro-cuore,https://www.topuniversities.com/sites/default/files/250121113309am654785Logo-Verticale-RGB-150x150-90x90.jpg,62.5,201+,76.6,=190,78.8,201+,56.4,201+
201-250,248,Universität Heidelberg,Germany,Heidelberg,Europe,n/a,https://www.topuniversities.com/universities/universitat-heidelberg,https://www.topuniversities.com/sites/default/files/221104124726pm969012uniHD-siegel-200x200k-90x90.jpg,63.9,=196,71.8,201+,80.5,201+,54.3,201+
201-250,249,Uppsala University,Sweden,Uppsala,Europe,n/a,https://www.topuniversities.com/universities/uppsala-university,https://www.topuniversities.com/sites/default/files/uppsala-university_643_medium.jpg,53.8,201+,75,201+,81.1,201+,57.7,201+
201-250,250,Ural Federal University - UrFU,Russia,Ekaterinburg,Europe,n/a,https://www.topuniversities.com/universities/ural-federal-university-urfu,https://www.topuniversities.com/sites/default/files/ural-federal-university-urfu_592560cf2aeae70239af505a_medium.jpg,61,201+,73.3,201+,78.4,201+,57.1,201+
201-250,251,Vanderbilt University,United States,Nashville,North America,n/a,https://www.topuniversities.com/universities/vanderbilt-university,https://www.topuniversities.com/sites/default/files/vanderbilt-university_649_medium.jpg,51.8,201+,76.9,=179,93.1,17,53.2,201+
251-300,252,Aix-Marseille University,France,Marseille,Europe,n/a,https://www.topuniversities.com/universities/aix-marseille-university,https://www.topuniversities.com/sites/default/files/aix-marseille-university_592560cf2aeae70239af51e1_medium.jpg,47.7,201+,71.8,201+,76.6,201+,61.1,=162
251-300,253,Al-Farabi Kazakh National University,Kazakhstan,Almaty,Asia,n/a,https://www.topuniversities.com/universities/al-farabi-kazakh-national-university,https://www.topuniversities.com/sites/default/files/240206083847am456393logo-1-90x90.jpg,64.5,=182,62.5,201+,72.5,201+,58.4,=199
251-300,254,Athens University of Economics and Business,Greece,Athens,Europe,n/a,https://www.topuniversities.com/universities/athens-university-economics-business,https://www.topuniversities.com/sites/default/files/220228075444am741134AUEBLogo-90x90.jpg,58.2,201+,68.9,201+,77.4,201+,57.4,201+
251-300,255,BI Norwegian Business School,Norway,Oslo,Europe,n/a,https://www.topuniversities.com/universities/bi-norwegian-business-school,https://www.topuniversities.com/sites/default/files/bi-norwegian-business-school_592560cf2aeae70239af4abb_medium.jpg,44.3,201+,75,201+,84.6,=171,56.4,201+
251-300,256,Central European University,Austria,Vienna,Europe,n/a,https://www.topuniversities.com/universities/central-european-university,https://www.topuniversities.com/sites/default/files/251008121605pm655149CEU-Logo-square-90x90.jpg,54.7,201+,68,201+,76,201+,61.3,=158
251-300,257,"City St George’s, University of London",United Kingdom,London,Europe,n/a,https://www.topuniversities.com/universities/city-st-georges-university-london,https://www.topuniversities.com/sites/default/files/250714100347am877855240911011532pm115235Picture1-200x200-90x90.jpg,59.2,201+,71,201+,78.9,201+,54.9,201+
251-300,258,City University of New York,United States,New York City,North America,n/a,https://www.topuniversities.com/universities/city-university-new-york,https://www.topuniversities.com/sites/default/files/city-university-of-new-york_149_medium.jpg,58.6,201+,76.6,=190,79.8,201+,49.9,201+
251-300,259,ESSEC Business School,France,Cergy,Europe,n/a,https://www.topuniversities.com/universities/essec-business-school,https://www.topuniversities.com/sites/default/files/essec-business-school_198_medium.jpg,69.1,=104,64.9,201+,73.3,201+,55.8,201+
251-300,260,Frankfurt School of Finance and Management,Germany,Frankfurt,Europe,n/a,https://www.topuniversities.com/universities/frankfurt-school-finance-management,https://www.topuniversities.com/sites/default/files/260324095230am764288boxed-frankfurt-school-logo-90x90.jpg,50,201+,72.2,201+,84.1,=190,57.2,201+
251-300,261,Hanyang University,South Korea,Seoul,Asia,n/a,https://www.topuniversities.com/universities/hanyang-university,https://www.topuniversities.com/sites/default/files/hanyang-university_250_medium.jpg,65.6,=158,65.4,201+,72.4,201+,58.8,=195
251-300,262,Indiana University Bloomington,United States,Bloomington,North America,n/a,https://www.topuniversities.com/universities/indiana-university-bloomington,https://www.topuniversities.com/sites/default/files/indiana-university-bloomington_289_medium.jpg,52.1,201+,77.5,=165,85,=160,51.4,201+
251-300,263,Institute of Science Tokyo,Japan,Tokyo,Asia,n/a,https://www.topuniversities.com/universities/institute-science-tokyo,https://www.topuniversities.com/sites/default/files/250205060513am175429Icon-for-Instagram%2C-Treads%2C-Facebook-320px-90x90.jpg,74.6,59,57.4,201+,61.3,201+,63.2,133
251-300,264,Istanbul Technical University,Türkiye,Istanbul,Asia,n/a,https://www.topuniversities.com/universities/istanbul-technical-university,https://www.topuniversities.com/sites/default/files/istanbul-technical-university_296_medium.jpg,70.9,93,63.1,201+,72.7,201+,54.5,201+
251-300,265,Jawaharlal Nehru University,India,New Delhi,Asia,n/a,https://www.topuniversities.com/universities/jawaharlal-nehru-university,https://www.topuniversities.com/sites/default/files/jawaharlal-nehru-university_302_medium.jpg,53,201+,67.5,201+,68.9,201+,65,=112
251-300,266,KTH Royal Institute of Technology,Sweden,Stockholm,Europe,n/a,https://www.topuniversities.com/universities/kth-royal-institute-technology,https://www.topuniversities.com/sites/default/files/260305113719am179277kth-royal-institute-of-technology--592560cf2aeae70239af4c9b-large-90x90.jpg,62.7,201+,68.9,201+,79.5,201+,54.1,201+
251-300,267,King Saud University,Saudi Arabia,Riyadh,Asia,n/a,https://www.topuniversities.com/universities/king-saud-university,https://www.topuniversities.com/sites/default/files/king-saud-university_1175_medium.jpg,62.6,201+,74.7,201+,84.3,=181,48.5,201+
251-300,268,Koç University,,,,n/a,https://www.topuniversities.com/universities/koc-university,https://www.topuniversities.com/sites/default/files/ko-university_592560cf2aeae70239af4d7e_medium.jpg,68.3,=119,63.1,201+,67.2,201+,59,=190
251-300,269,Massey University,New Zealand,Palmerston North,Oceania,n/a,https://www.topuniversities.com/universities/massey-university,https://www.topuniversities.com/sites/default/files/massey-university_395_medium.jpg,54.5,201+,76.6,=190,85.1,=158,52.1,201+
251-300,270,McMaster University,Canada,Hamilton,North America,n/a,https://www.topuniversities.com/universities/mcmaster-university,https://www.topuniversities.com/sites/default/files/mcmaster-university_397_medium.jpg,63.5,201+,68.5,201+,76.3,201+,55.8,201+
251-300,271,National University of Sciences & Technology (NUST) Islamabad,Pakistan,Islamabad,Asia,n/a,https://www.topuniversities.com/universities/national-university-sciences-technology-nust-islamabad,https://www.topuniversities.com/sites/default/files/240603070305am370964NUST-Signature-blue-90x90.jpg,64.5,=182,67.5,201+,76.1,201+,53.9,201+
251-300,272,Newcastle University,United Kingdom,Newcastle upon Tyne,Europe,n/a,https://www.topuniversities.com/universities/newcastle-university,https://www.topuniversities.com/sites/default/files/newcastle-university_592560cf2aeae70239af4c45_medium.jpg,65.9,=150,76,201+,83.8,201+,48.1,201+
251-300,273,Oxford Brookes University,United Kingdom,Oxford,Europe,n/a,https://www.topuniversities.com/universities/oxford-brookes-university,https://www.topuniversities.com/sites/default/files/oxford-brookes-university_592560cf2aeae70239af4c61_medium.jpg,72.6,=74,59,201+,64.7,201+,61.3,=158
251-300,274,Plekhanov Russian University of Economics,Russia,Moscow,Europe,n/a,https://www.topuniversities.com/universities/plekhanov-russian-university-economics,https://www.topuniversities.com/sites/default/files/250206094506am819525Logo200x200-90x90.jpg,62.2,201+,68,201+,73.7,201+,56.9,201+
251-300,275,Pontifícia Universidade Católica do Rio de Janeiro,Brazil,Rio de Janeiro,Latin America,n/a,https://www.topuniversities.com/universities/pontificia-universidade-catolica-do-rio-de-janeiro,https://www.topuniversities.com/sites/default/files/pontifcia-universidade-catlica-do-rio-de-janeiro_526_medium.jpg,56,201+,62.5,201+,73.7,201+,64.7,117
251-300,276,Quaid-i-Azam University,Pakistan,Islamabad,Asia,n/a,https://www.topuniversities.com/universities/quaid-i-azam-university,https://www.topuniversities.com/sites/default/files/quaid-i-azam-university_592560cf2aeae70239af4d41_medium.jpg,55.6,201+,74.4,201+,83.7,201+,52.6,201+
251-300,277,Queen's University Belfast,United Kingdom,Belfast,Europe,n/a,https://www.topuniversities.com/universities/queens-university-belfast,https://www.topuniversities.com/sites/default/files/queens-university-belfast_592560cf2aeae70239af4c86_medium.jpg,61.5,201+,72.6,201+,81.2,201+,53,201+
251-300,278,Sichuan University,China (Mainland),Chengdu,Asia,n/a,https://www.topuniversities.com/universities/sichuan-university,https://www.topuniversities.com/sites/default/files/sichuan-university_885_medium.jpg,63.6,201+,80.1,=109,84.9,163,46.6,201+
251-300,279,Tashkent State University of Economics,Uzbekistan,Tashkent,Asia,n/a,https://www.topuniversities.com/universities/tashkent-state-university-economics,https://www.topuniversities.com/sites/default/files/220202093023am5173262-90x90.jpg,60.8,201+,68.5,201+,78.3,201+,56,201+
251-300,280,Technische Universität Berlin (TU Berlin),Germany,Berlin,Europe,n/a,https://www.topuniversities.com/universities/technische-universitat-berlin-tu-berlin,https://www.topuniversities.com/sites/default/files/technische-universitt-berlin-tu-berlin_595_medium.jpg,66.1,=146,70.2,201+,80.8,201+,49.2,201+
251-300,281,Tel Aviv University,Israel,Tel Aviv,Asia,n/a,https://www.topuniversities.com/universities/tel-aviv-university,https://www.topuniversities.com/sites/default/files/tel-aviv-university_592560cf2aeae70239af4cde_medium.jpg,45.8,201+,76,201+,83.8,201+,56.7,201+
251-300,283,The Hebrew University of Jerusalem,Israel,Jerusalem,Asia,n/a,https://www.topuniversities.com/universities/hebrew-university-jerusalem,https://www.topuniversities.com/sites/default/files/260323113836am686713Hebrew-U-90x90.jpg,47.3,201+,71.4,201+,78.2,201+,60.2,=171
251-300,284,"The New School, New York City and Paris",United States,New York,North America,n/a,https://www.topuniversities.com/universities/new-school-new-york-city-paris,https://www.topuniversities.com/sites/default/files/221221080326pm130396TNS-Logo3-Large-RGB%402x-90x90.jpg,50.1,201+,68.5,201+,74.6,201+,61.6,=152
251-300,285,The University of Arizona,United States,Tucson,North America,n/a,https://www.topuniversities.com/universities/university-arizona,https://www.topuniversities.com/sites/default/files/the-university-of-arizona_26_medium.jpg,57.8,201+,77.2,=171,83.5,201+,50.8,201+
251-300,286,"The University of Newcastle, Australia (UON)",Australia,Callaghan,Oceania,n/a,https://www.topuniversities.com/universities/university-newcastle-australia-uon,https://www.topuniversities.com/sites/default/files/the-university-of-newcastle-australia-uon_449_medium.jpg,54.8,201+,76,201+,90.4,=30,46.9,201+
251-300,287,Universidad Adolfo Ibáñez,Chile,Santiago,Latin America,n/a,https://www.topuniversities.com/universities/universidad-adolfo-ibanez,https://www.topuniversities.com/sites/default/files/universidad-adolfo-ibez-_11_medium.jpg,69.1,=104,63.7,201+,70.8,201+,55.7,201+
251-300,288,University of Bern,Switzerland,Bern,Europe,n/a,https://www.topuniversities.com/universities/university-bern,https://www.topuniversities.com/sites/default/files/university-of-bern_55_medium.jpg,52.5,201+,73,201+,83,201+,55,201+
251-300,289,University of Calgary,Canada,Calgary,North America,n/a,https://www.topuniversities.com/universities/university-calgary,https://www.topuniversities.com/sites/default/files/250514083129pm658203Canadas-Entreprenuerial-University-University-of-Calgary-UCalgary-90x90.jpg,61.4,201+,73.7,201+,84.6,=171,49.1,201+
251-300,290,University of Colorado Boulder,United States,Boulder,North America,n/a,https://www.topuniversities.com/universities/university-colorado-boulder,https://www.topuniversities.com/sites/default/files/university-of-colorado-boulder_137_medium.jpg,56.4,201+,76.3,201+,86.2,=114,50.5,201+
251-300,291,University of Lisbon ,Portugal,Lisbon,Europe,n/a,https://www.topuniversities.com/universities/university-lisbon,https://www.topuniversities.com/sites/default/files/university-of-lisbon_1475_medium.jpg,60.9,201+,74.4,201+,75.4,201+,52.4,201+
251-300,292,University of Liverpool,United Kingdom,Liverpool,Europe,n/a,https://www.topuniversities.com/universities/university-liverpool,https://www.topuniversities.com/sites/default/files/university-of-liverpool_350_medium.jpg,63,201+,75,201+,80.1,201+,51.4,201+
251-300,293,University of Milan,Italy,Milan,Europe,n/a,https://www.topuniversities.com/universities/university-milan,https://www.topuniversities.com/sites/default/files/230331095733am940735university-of-milan-1873-large-90x90.jpg,57.5,201+,74.7,201+,77.4,201+,54.8,201+
251-300,294,University of Otago,New Zealand,Dunedin,Oceania,n/a,https://www.topuniversities.com/universities/university-otago,https://www.topuniversities.com/sites/default/files/250220051447pm493728240508092847pm590994Image-09-05-2024-at-9.28%E2%80%AFAM-200x200-90x90.jpg,58,201+,73.7,201+,82.2,201+,50.6,201+
251-300,295,University of Pittsburgh,United States,Pittsburgh,North America,n/a,https://www.topuniversities.com/universities/university-pittsburgh,https://www.topuniversities.com/sites/default/files/250923063818pm705607114803-Grad-Stud-Logo-Resize-for-Handshake-Profile-150x150-90x90.jpg,55.7,201+,74.7,201+,87.1,=84,51.6,201+
251-300,296,University of Sharjah,United Arab Emirates,Sharjah,Asia,n/a,https://www.topuniversities.com/universities/university-sharjah,https://www.topuniversities.com/sites/default/files/230214053157pm550724UOS-logo-90x90.jpg,59.2,201+,73.3,201+,85.1,=158,49.9,201+
251-300,297,University of Turin,Italy,Turin,Europe,n/a,https://www.topuniversities.com/universities/university-turin,https://www.topuniversities.com/sites/default/files/university-of-turin_632_medium.jpg,50.5,201+,74.7,201+,78.9,201+,58.3,201+
251-300,298,University of Warsaw,Poland,Warsaw,Europe,n/a,https://www.topuniversities.com/universities/university-warsaw,https://www.topuniversities.com/sites/default/files/221121121702pm909597logo-University-of-Warsaw-90x90.jpg,62.1,201+,73,201+,73.5,201+,54.8,201+
251-300,299,University of Waterloo,Canada,Waterloo,North America,n/a,https://www.topuniversities.com/universities/university-waterloo,https://www.topuniversities.com/sites/default/files/university-of-waterloo_670_medium.jpg,70.8,94,72.6,201+,79,201+,48.7,201+
251-300,300,Universität Hamburg,Germany,Hamburg,Europe,n/a,https://www.topuniversities.com/universities/universitat-hamburg,https://www.topuniversities.com/sites/default/files/universitt-hamburg_592560cf2aeae70239af4b79_medium.jpg,58.3,201+,76,201+,80.8,201+,52.8,201+
301-350,301,Bogaziçi Üniversitesi,Türkiye,Istanbul,Asia,n/a,https://www.topuniversities.com/universities/bogazici-universitesi,https://www.topuniversities.com/sites/default/files/bogazii-niversitesi_1575_medium.jpg,70.4,96,61.8,201+,68.8,201+,56.3,201+
301-350,302,Cairo University,Egypt,Giza,Africa,n/a,https://www.topuniversities.com/universities/cairo-university,https://www.topuniversities.com/sites/default/files/cairo-university_80_medium.jpg,64.5,=182,64.9,201+,74.6,201+,51.4,201+
301-350,303,Cardiff University,United Kingdom,Cardiff,Europe,n/a,https://www.topuniversities.com/universities/cardiff-university,https://www.topuniversities.com/sites/default/files/241218121747pm405354CU-Logo-Cardiff-Logo-Red-100-90x90.jpg,61.4,201+,73.3,201+,79.8,201+,49.8,201+
301-350,304,Complutense University of Madrid,Spain,Madrid,Europe,n/a,https://www.topuniversities.com/universities/complutense-university-madrid,https://www.topuniversities.com/sites/default/files/complutense-university-of-madrid_592560cf2aeae70239af4bff_medium.jpg,65.5,=160,70.6,201+,72.9,201+,50.1,201+
301-350,305,Curtin University,Australia,Perth,Oceania,n/a,https://www.topuniversities.com/universities/curtin-university,https://www.topuniversities.com/sites/default/files/curtin-university_150_medium.jpg,57.6,201+,74.7,201+,83.2,201+,49.4,201+
301-350,306,Florida State University,United States,Tallahassee,North America,n/a,https://www.topuniversities.com/universities/florida-state-university,https://www.topuniversities.com/sites/default/files/florida-state-university_211_medium.jpg,56.2,201+,71.8,201+,78.4,201+,50.1,201+
301-350,307,Georgia State University,United States,Atlanta,North America,n/a,https://www.topuniversities.com/universities/georgia-state-university,https://www.topuniversities.com/sites/default/files/georgia-state-university_592560cf2aeae70239af4b65_medium.jpg,53.3,201+,78.6,=140,87.4,=74,44,201+
301-350,308,Harbin Institute of Technology,China (Mainland),Harbin,Asia,n/a,https://www.topuniversities.com/universities/harbin-institute-technology,https://www.topuniversities.com/sites/default/files/harbin-institute-of-technology_877_medium.jpg,64.3,=188,74,201+,80.5,201+,45.1,201+
301-350,309,IE University,Spain,Segovia,Europe,n/a,https://www.topuniversities.com/universities/ie-university,https://www.topuniversities.com/sites/default/files/230302024505pm732571IE-univ-logo-200x200-90x90.jpg,69.7,=98,62.5,201+,72.7,201+,53.2,201+
301-350,310,International Islamic University Malaysia (IIUM),Malaysia,Kuala Lumpur,Asia,n/a,https://www.topuniversities.com/universities/international-islamic-university-malaysia-iium,https://www.topuniversities.com/sites/default/files/international-islamic-university-malaysia-iium_717_medium.jpg,51.8,201+,67.5,201+,74.4,201+,57.4,201+
301-350,311,Istanbul University,Türkiye,Istanbul,Asia,n/a,https://www.topuniversities.com/universities/istanbul-university,https://www.topuniversities.com/sites/default/files/istanbul-university_592560cf2aeae70239af4bac_medium.jpg,62.3,201+,62.5,201+,72.1,201+,55.9,201+
301-350,312,"KIT, Karlsruhe Institute of Technology",Germany,Karlsruhe,Europe,n/a,https://www.topuniversities.com/universities/kit-karlsruhe-institute-technology,https://www.topuniversities.com/sites/default/files/kit-karlsruhe-institute-of-technology_310_medium.jpg,65.4,=162,68.9,201+,81.2,201+,45.8,201+
301-350,313,Kyushu University,Japan,Fukuoka City,Asia,n/a,https://www.topuniversities.com/universities/kyushu-university,https://www.topuniversities.com/sites/default/files/kyushu-university_331_medium.jpg,63.5,201+,72.6,201+,81.9,201+,48,201+
301-350,314,La Trobe University,Australia,Melbourne,Oceania,n/a,https://www.topuniversities.com/universities/la-trobe-university,https://www.topuniversities.com/sites/default/files/220913045650am561995LTU-Int-V-RGB-JPG-90x90.jpg,52.1,201+,72.2,201+,81,201+,51.5,201+
301-350,315,Leiden University,Netherlands,Leiden,Europe,n/a,https://www.topuniversities.com/universities/leiden-university,https://www.topuniversities.com/sites/default/files/leiden-university_340_medium.jpg,62.6,201+,72.6,201+,81.1,201+,46.6,201+
301-350,316,"Lingnan University, Hong Kong",Hong Kong SAR,Hong Kong,Asia,n/a,https://www.topuniversities.com/universities/lingnan-university-hong-kong,https://www.topuniversities.com/sites/default/files/lingnan-university-hong-kong_894_medium.jpg,46.9,201+,67,201+,77.3,201+,58.3,201+
301-350,317,Loughborough University,United Kingdom,Loughborough,Europe,n/a,https://www.topuniversities.com/universities/loughborough-university,https://www.topuniversities.com/sites/default/files/loughborough-university_592560cf2aeae70239af4bf3_medium.jpg,64.1,192,76,201+,82,201+,46.1,201+
301-350,318,National Cheng Kung University (NCKU),Taiwan,Tainan City,Asia,n/a,https://www.topuniversities.com/universities/national-cheng-kung-university-ncku,https://www.topuniversities.com/sites/default/files/230407032250am673777NCKU-Alt-GraphicSignature-NL-RGB-AW-90x90.jpg,65.9,=150,63.7,201+,69.3,201+,53.7,201+
301-350,319,North Carolina State University,United States,Raleigh,North America,n/a,https://www.topuniversities.com/universities/north-carolina-state-university,https://www.topuniversities.com/sites/default/files/north-carolina-state-university_592560cf2aeae70239af4c2a_medium.jpg,56.1,201+,72.2,201+,81.6,201+,48.6,201+
301-350,320,North South University,Bangladesh,Dhaka,Asia,n/a,https://www.topuniversities.com/universities/north-south-university,https://www.topuniversities.com/sites/default/files/north-south-university_592560cf2aeae70239af4de2_medium.jpg,58.6,201+,69.4,201+,80,201+,49.6,201+
301-350,321,Northeastern University,United States,Boston,North America,n/a,https://www.topuniversities.com/universities/northeastern-university,https://www.topuniversities.com/sites/default/files/northeastern-university_454_medium.jpg,53.2,201+,71.4,201+,83.5,201+,50.4,201+
301-350,322,Pontificia Universidad Catolica del Peru (PUCP),Peru,Lima,Latin America,n/a,https://www.topuniversities.com/universities/pontificia-universidad-catolica-del-peru-pucp,https://www.topuniversities.com/sites/default/files/210825042529am231772Isotipo-PUCP-200x200-90x90.jpg,66.7,=136,65.4,201+,70.7,201+,53.6,201+
301-350,323,Prague University of Economics and Business,Czechia,Prague,Europe,n/a,https://www.topuniversities.com/universities/prague-university-economics-business,https://www.topuniversities.com/sites/default/files/221024091131am643122VSE-5-EN-logo-rgb-90x90.jpg,53.6,201+,69.8,201+,72.3,201+,56.7,201+
301-350,324,Qatar University,Qatar,Doha,Asia,n/a,https://www.topuniversities.com/universities/qatar-university,https://www.topuniversities.com/sites/default/files/251111064230am907511QULlOGO-90x90.jpg,57.4,201+,72.6,201+,83.2,201+,50.6,201+
301-350,325,SGH Warsaw School of Economics,Poland,Warsaw,Europe,n/a,https://www.topuniversities.com/universities/sgh-warsaw-school-economics,https://www.topuniversities.com/sites/default/files/220425010507pm495709SGHlogoRGB-02-90x90.jpg,52.5,201+,68.9,201+,70.1,201+,58.8,=195
301-350,326,Sant'Anna - Scuola Universitaria Superiore Pisa,Italy,Pisa,Europe,n/a,https://www.topuniversities.com/universities/santanna-scuola-universitaria-superiore-pisa,https://www.topuniversities.com/sites/default/files/santanna-scuola-universitaria-superiore-pisa_592560cf2aeae70239af4d74_medium.jpg,51.1,201+,74.4,201+,84.5,=175,50.6,201+
301-350,327,Shanghai University,China (Mainland),Shanghai,Asia,n/a,https://www.topuniversities.com/universities/shanghai-university,https://www.topuniversities.com/sites/default/files/shanghai-university_557_medium.jpg,57.5,201+,74.4,201+,82.6,201+,48.6,201+
301-350,328,Simon Fraser University,Canada,Burnaby,North America,n/a,https://www.topuniversities.com/universities/simon-fraser-university,https://www.topuniversities.com/sites/default/files/simon-fraser-university_562_medium.jpg,52.1,201+,71.8,201+,79.6,201+,54.8,201+
301-350,329,Sorbonne University,France,Paris,Europe,n/a,https://www.topuniversities.com/universities/sorbonne-university,https://www.topuniversities.com/sites/default/files/sorbonne-university_5a6afcfecb4de709397114fe_medium.jpg,68.8,110,60.5,201+,70,201+,56,201+
301-350,330,United Arab Emirates University,United Arab Emirates,Al Ain,Asia,n/a,https://www.topuniversities.com/universities/united-arab-emirates-university,https://www.topuniversities.com/sites/default/files/united-arab-emirates-university_778_medium.jpg,61.1,201+,73.7,201+,81.9,201+,44.6,201+
301-350,331,Universidad Nacional de Colombia,Colombia,Bogotá,Latin America,n/a,https://www.topuniversities.com/universities/universidad-nacional-de-colombia,https://www.topuniversities.com/sites/default/files/universidad-nacional-de-colombia_592560cf2aeae70239af4b0b_medium.jpg,72.4,=80,61.8,201+,66.9,201+,52.9,201+
301-350,332,Universidad Torcuato Di Tella,Argentina,Buenos Aires,Latin America,n/a,https://www.topuniversities.com/universities/universidad-torcuato-di-tella,https://www.topuniversities.com/sites/default/files/universidad-torcuato-di-tella_592560cf2aeae70239af4ced_medium.jpg,64.6,=179,53.6,201+,55,201+,70.4,71
301-350,333,Universidad del Pacífico,Peru,Jesús María,Latin America,n/a,https://www.topuniversities.com/universities/universidad-del-pacifico,https://www.topuniversities.com/sites/default/files/230418045249pm477630profilePic01-90x90.jpg,59.8,201+,60.5,201+,68.6,201+,59,=190
301-350,334,University of Aberdeen,United Kingdom,Aberdeen,Europe,n/a,https://www.topuniversities.com/universities/university-aberdeen,https://www.topuniversities.com/sites/default/files/250617044352pm441031UoA-Stacked-Logo-RGB-90x90.jpg,56.2,201+,68.5,201+,79.6,201+,52.3,201+
301-350,335,"University of California, Irvine",United States,Irvine,North America,n/a,https://www.topuniversities.com/universities/university-california-irvine,https://www.topuniversities.com/sites/default/files/251015062328pm672635SSoE-200x200-90x90.jpg,55.2,201+,73.3,201+,82.3,201+,48.6,201+
301-350,336,University of Dhaka,Bangladesh,Dhaka,Asia,n/a,https://www.topuniversities.com/universities/university-dhaka,https://www.topuniversities.com/sites/default/files/university-of-dhaka_158_medium.jpg,57.3,201+,66,201+,75.5,201+,54.1,201+
301-350,337,University of East Anglia (UEA),United Kingdom,Norwich,Europe,n/a,https://www.topuniversities.com/universities/university-east-anglia-uea,https://www.topuniversities.com/sites/default/files/university-of-east-anglia-uea_637_medium.jpg,48.9,201+,73.7,201+,83.1,201+,52.1,201+
301-350,338,University of Florida,United States,Gainesville,North America,n/a,https://www.topuniversities.com/universities/university-florida,https://www.topuniversities.com/sites/default/files/university-of-florida_212_medium.jpg,61.1,201+,76,201+,82.1,201+,45.4,201+
301-350,339,University of Göttingen,Germany,Göttingen,Europe,n/a,https://www.topuniversities.com/universities/university-gottingen,https://www.topuniversities.com/sites/default/files/university-of-gttingen_234_medium.jpg,48.1,201+,78.8,=133,82.4,201+,51.9,201+
301-350,340,University of Naples - Federico II,Italy,Naples,Europe,n/a,https://www.topuniversities.com/universities/university-naples-federico-ii,https://www.topuniversities.com/sites/default/files/university-of-naples-federico-ii_432_medium.jpg,57.1,201+,73.3,201+,77.1,201+,49.2,201+
301-350,341,University of Ottawa,Canada,Ottawa,North America,n/a,https://www.topuniversities.com/universities/university-ottawa,https://www.topuniversities.com/sites/default/files/university-of-ottawa_475_medium.jpg,61.4,201+,77.2,=171,86.1,=119,41.3,201+
301-350,342,University of Pretoria,South Africa,Pretoria,Africa,n/a,https://www.topuniversities.com/universities/university-pretoria,https://www.topuniversities.com/sites/default/files/university-of-pretoria_506_medium.jpg,55.8,201+,78.6,=140,80.4,201+,47.6,201+
301-350,343,University of Strathclyde,United Kingdom,Glasgow,Europe,n/a,https://www.topuniversities.com/universities/university-strathclyde,https://www.topuniversities.com/sites/default/files/251006032129pm964983strath-crest-200x200px-90x90.jpg,61,201+,72.6,201+,78.9,201+,47.1,201+
301-350,344,University of Surrey,United Kingdom,Guildford,Europe,n/a,https://www.topuniversities.com/universities/university-surrey,https://www.topuniversities.com/sites/default/files/230822021755pm944389Surrey-Logo-200x200px-90x90.jpg,57.1,201+,73.3,201+,87.1,=84,47,201+
301-350,345,University of Texas at Dallas,United States,Richardson,North America,n/a,https://www.topuniversities.com/universities/university-texas-dallas,https://www.topuniversities.com/sites/default/files/university-of-texas-dallas_592560cf2aeae70239af5355_medium.jpg,54.6,201+,71.8,201+,83.5,201+,50.8,201+
301-350,346,University of Waikato,New Zealand,Hamilton ,Oceania,n/a,https://www.topuniversities.com/universities/university-waikato,https://www.topuniversities.com/sites/default/files/230815114906pm995093UoW-NZ-logo-CMYK-vert-1061x1693-27c69c2-90x90.jpg,52.8,201+,76,201+,90.1,=34,44.7,201+
301-350,347,Victoria University of Wellington,New Zealand,"Kelburn, Wellington",Oceania,n/a,https://www.topuniversities.com/universities/victoria-university-wellington,https://www.topuniversities.com/sites/default/files/victoria-university-of-wellington_592560cf2aeae70239af4d0f_medium.jpg,59.3,201+,70.6,201+,77.5,201+,51.5,201+
301-350,348,"Vietnam National University, Hanoi",Vietnam,Hanoi,Asia,n/a,https://www.topuniversities.com/universities/vietnam-national-university-hanoi,https://www.topuniversities.com/sites/default/files/vietnam-national-university-hanoi-_592560cf2aeae70239af523a_medium.jpg,57.8,201+,71.8,201+,84.6,=171,48.5,201+
301-350,349,Virginia Polytechnic Institute and State University,United States,Blacksburg,North America,n/a,https://www.topuniversities.com/universities/virginia-polytechnic-institute-state-university,https://www.topuniversities.com/sites/default/files/virginia-polytechnic-institute-and-state-university_592560cf2aeae70239af4d15_medium.jpg,59.1,201+,71.8,201+,79.3,201+,51.4,201+
301-350,350,York University,Canada,Toronto,North America,n/a,https://www.topuniversities.com/universities/york-university,https://www.topuniversities.com/sites/default/files/york-university_592560cf2aeae70239af4d39_medium.jpg,59.7,201+,76.3,201+,81.5,201+,44.3,201+
351-400,351,American University of Sharjah,United Arab Emirates,Sharjah,Asia,n/a,https://www.topuniversities.com/universities/american-university-sharjah,https://www.topuniversities.com/sites/default/files/211216011743pm346028American-University-of-Sharjah-AUS-Stacked-200X200px-90x90.jpg,62.8,201+,66,201+,76.9,201+,46.4,201+
351-400,352,Babes-Bolyai University,Romania,Cluj-Napoca,Europe,n/a,https://www.topuniversities.com/universities/babes-bolyai-university,https://www.topuniversities.com/sites/default/files/babes-bolyai-university_592560cf2aeae70239af5299_medium.jpg,55.9,201+,75,201+,83.7,201+,42.6,201+
351-400,353,Bucharest University of Economic Studies,Romania,Bucharest,Europe,n/a,https://www.topuniversities.com/universities/bucharest-university-economic-studies,https://www.topuniversities.com/sites/default/files/260103064458pm19506201-90x90.jpg,52.1,201+,78.8,=133,78.6,201+,45.2,201+
351-400,354,Chiang Mai University,Thailand,Chiang Mai,Asia,n/a,https://www.topuniversities.com/universities/chiang-mai-university,https://www.topuniversities.com/sites/default/files/chiang-mai-university_118_medium.jpg,53.6,201+,61.2,201+,68.6,201+,57.5,201+
351-400,355,Chung-Ang University (CAU),South Korea,Seoul,Asia,n/a,https://www.topuniversities.com/universities/chung-ang-university-cau,https://www.topuniversities.com/sites/default/files/260330120819am627163%ED%99%94%EB%A9%B4-%EC%BA%A1%EC%B2%98-2026-03-30-090753-90x90.jpg,57.4,201+,63.1,201+,70.8,201+,54.8,201+
351-400,356,Dublin City University,Ireland,Dublin,Europe,n/a,https://www.topuniversities.com/universities/dublin-city-university,https://www.topuniversities.com/sites/default/files/251001112050am424289Study-Portals-Logo-QS-90x90.jpg,58.3,201+,70.2,201+,83,201+,47.1,201+
351-400,357,EDHEC Business School,France,Lille,Europe,n/a,https://www.topuniversities.com/universities/edhec-business-school,https://www.topuniversities.com/sites/default/files/251128040531pm935341logo-carr%C3%A9-EDHEC-90x90.jpg,61.7,201+,67.5,201+,78.3,201+,48,201+
351-400,358,Griffith University,Australia,Nathan,Oceania,n/a,https://www.topuniversities.com/universities/griffith-university,https://www.topuniversities.com/sites/default/files/250520124305am681487GU-Logo-International-Red-on-White-Square-90x90.jpg,49.8,201+,77.2,=171,78.8,201+,49.2,201+
351-400,359,IPB University (aka Bogor Agricultural University),Indonesia,Bogor,Asia,n/a,https://www.topuniversities.com/universities/ipb-university-aka-bogor-agricultural-university,https://www.topuniversities.com/sites/default/files/bogor-agricultural-university_704_medium.jpg,57.7,201+,63.1,201+,73.5,201+,53.4,201+
351-400,360,Indian Institute of Management (IIM) - Calcutta,India,Kolkata,Asia,n/a,https://www.topuniversities.com/universities/indian-institute-management-iim-calcutta,https://www.topuniversities.com/sites/default/files/indian-institute-of-management-iim-calcutta_592560cf2aeae70239af5204_medium.jpg,73.3,69,57.4,201+,64.4,201+,53,201+
351-400,361,Indian Statistical Institute,India,"Kolkata, Bangalore, Delhi",Asia,n/a,https://www.topuniversities.com/universities/indian-statistical-institute,https://www.topuniversities.com/sites/default/files/indian-statistical-institute_908_medium.jpg,36.8,201+,59,201+,73.5,201+,67,95
351-400,362,Institute of Business Administration (IBA),Pakistan,Karachi,Asia,n/a,https://www.topuniversities.com/universities/institute-business-administration-iba,https://www.topuniversities.com/sites/default/files/InsituteofBusinessAdministrationIBA-logo-90x90.jpg,57.2,201+,66.5,201+,74.2,201+,50.3,201+
351-400,363,Iowa State University,United States,Ames,North America,n/a,https://www.topuniversities.com/universities/iowa-state-university,https://www.topuniversities.com/sites/default/files/iowa-state-university_294_medium.jpg,49.1,201+,72.6,201+,81.1,201+,49.8,201+
351-400,364,Kyung Hee University,South Korea,Seoul,Asia,n/a,https://www.topuniversities.com/universities/kyung-hee-university,https://www.topuniversities.com/sites/default/files/241022045426am285667%EB%8C%80%ED%95%99%ED%9C%98%EC%9E%A5-%ED%99%9C%EC%9A%A9%ED%98%95-A-90x90.jpg,57.4,201+,67,201+,78.1,201+,51.3,201+
351-400,365,Lincoln University,New Zealand,Lincoln,Oceania,n/a,https://www.topuniversities.com/universities/lincoln-university,https://www.topuniversities.com/sites/default/files/lincoln-university-_592560cf2aeae70239af4ef3_medium.jpg,46.5,201+,75.3,201+,85.9,=125,48.7,201+
351-400,366,National Chengchi University,Taiwan,Taipei City,Asia,n/a,https://www.topuniversities.com/universities/national-chengchi-university,https://www.topuniversities.com/sites/default/files/national-chengchi-university_436_medium.jpg,58,201+,64.9,201+,71.9,201+,53.1,201+
351-400,367,National Tsing Hua University - NTHU,Taiwan,Hsinchu City,Asia,n/a,https://www.topuniversities.com/universities/national-tsing-hua-university-nthu,https://www.topuniversities.com/sites/default/files/national-tsing-hua-university_442_medium.jpg,66.4,=141,59,201+,65.2,201+,53.9,201+
351-400,368,New Economic School,Russia,Moscow,Europe,n/a,https://www.topuniversities.com/universities/new-economic-school,https://www.topuniversities.com/sites/default/files/250310040832pm61182123023a2c-982e-4fcd-b5cf-2c62430200ba-90x90.jpg,49.5,201+,64.3,201+,73.8,201+,58.3,201+
351-400,369,Pusan National University,South Korea,Busan,Asia,n/a,https://www.topuniversities.com/universities/pusan-national-university,https://www.topuniversities.com/sites/default/files/pusan-national-university_511_medium.jpg,50.1,201+,76.6,=190,86.4,=102,44,201+
351-400,370,RWTH Aachen University,Germany,Aachen,Europe,n/a,https://www.topuniversities.com/universities/rwth-aachen-university,https://www.topuniversities.com/sites/default/files/rwth-aachen-university_4_medium.jpg,68.4,=115,67.5,201+,78.5,201+,42.1,201+
351-400,371,Sabanci University,Türkiye,Istanbul,Asia,n/a,https://www.topuniversities.com/universities/sabanci-university,https://www.topuniversities.com/sites/default/files/250702100245pm254411Sabanci-University-90x90.jpeg,65.5,=160,58.2,201+,67.2,201+,54.3,201+
351-400,372,Saint Petersburg State University,Russia,Saint Petersburg,Europe,n/a,https://www.topuniversities.com/universities/saint-petersburg-state-university,https://www.topuniversities.com/sites/default/files/saint-petersburg-state-university_592560cf2aeae70239af4cc0_medium.jpg,64,=193,63.1,201+,65.8,201+,54.5,201+
351-400,373,Shenzhen University,China (Mainland),Shenzhen,Asia,n/a,https://www.topuniversities.com/universities/shenzhen-university,https://www.topuniversities.com/sites/default/files/shenzhen-university_24794_medium.jpg,50.7,201+,75.3,201+,87.5,=70,43.1,201+
351-400,374,South China University of Technology,China (Mainland),Guangzhou,Asia,n/a,https://www.topuniversities.com/universities/south-china-university-technology,https://www.topuniversities.com/sites/default/files/south-china-university-of-technology_887_medium.jpg,56.5,201+,79.1,=129,87.2,=79,39.4,201+
351-400,375,Sultan Qaboos University,Oman,Muscat,Asia,n/a,https://www.topuniversities.com/universities/sultan-qaboos-university,https://www.topuniversities.com/sites/default/files/sultan-qaboos-university_2530_medium.jpg,58.6,201+,74.4,201+,84.2,=186,43.6,201+
351-400,376,Sunway University,Malaysia,Kuala Lumpur,Asia,n/a,https://www.topuniversities.com/universities/sunway-university,https://www.topuniversities.com/sites/default/files/sunway-university_592560cf2aeae70239af4db8_medium.jpg,56.8,201+,68.5,201+,81.4,201+,48.5,201+
351-400,377,Swansea University,United Kingdom,Swansea,Europe,n/a,https://www.topuniversities.com/universities/swansea-university,https://www.topuniversities.com/sites/default/files/220308050407pm529761Swansea-Uni-logo-200x200-photo-90x90.jpg,58.7,201+,68.9,201+,81.5,201+,47.1,201+
351-400,378,Thammasat University,Thailand,Bangkok,Asia,n/a,https://www.topuniversities.com/universities/thammasat-university,https://www.topuniversities.com/sites/default/files/thammasat-university_592560cf2aeae70239af4ce1_medium.jpg,57,201+,54.6,201+,64.9,201+,61.3,=158
351-400,379,The University of Georgia,United States,Athens,North America,n/a,https://www.topuniversities.com/universities/university-georgia,https://www.topuniversities.com/sites/default/files/the-university-of-georgia_227_medium.jpg,57.7,201+,78,=150,87.7,=65,41.1,201+
351-400,380,The University of Lahore,Pakistan,Lahore,Asia,n/a,https://www.topuniversities.com/universities/university-lahore,https://www.topuniversities.com/sites/default/files/the-university-of-lahore_592560cf2aeae70239af4bda_medium.jpg,53.2,201+,74.7,201+,83,201+,45.5,201+
351-400,381,Tongji University,China (Mainland),Shanghai,Asia,n/a,https://www.topuniversities.com/universities/tongji-university,https://www.topuniversities.com/sites/default/files/tongji-university_617_medium.jpg,64,=193,76.6,=190,84,=197,39.3,201+
351-400,382,Tufts University,United States,Medford,North America,n/a,https://www.topuniversities.com/universities/tufts-university,https://www.topuniversities.com/sites/default/files/tufts-university_630_medium.jpg,51.2,201+,73,201+,79.6,201+,47.4,201+
351-400,383,Universidad EAFIT,Colombia,Medellin,Latin America,n/a,https://www.topuniversities.com/universities/universidad-eafit,https://www.topuniversities.com/sites/default/files/universidad-eafit_592560cf2aeae70239af4d9b_medium.jpg,63.9,=196,61.2,201+,63.3,201+,57.7,201+
351-400,384,Universidad Nacional de La Plata (UNLP),Argentina,La Plata,Latin America,n/a,https://www.topuniversities.com/universities/universidad-nacional-de-la-plata-unlp,https://www.topuniversities.com/sites/default/files/universidad-nacional-de-la-plata-unlp_1690_medium.jpg,65.7,=153,57.4,201+,64.6,201+,56.7,201+
351-400,385,Universidad de San Andrés - UdeSA,Argentina,Buenos Aires,Latin America,n/a,https://www.topuniversities.com/universities/universidad-de-san-andres-udesa,https://www.topuniversities.com/sites/default/files/universidad-de-san-andrs-udesa_1699_medium.jpg,60.8,201+,58.2,201+,61,201+,62.6,=138
351-400,386,Universidad del Rosario,Colombia,Bogotá,Latin America,n/a,https://www.topuniversities.com/universities/universidad-del-rosario,https://www.topuniversities.com/sites/default/files/universidad-del-rosario_592560cf2aeae70239af514d_medium.jpg,66.1,=146,61.2,201+,70.1,201+,53.9,201+
351-400,387,University of Antwerp,Belgium,Antwerp,Europe,n/a,https://www.topuniversities.com/universities/university-antwerp,https://www.topuniversities.com/sites/default/files/220301072725am708442Logo-UAntwerpen-90x90.jpg,51,201+,75,201+,80.8,201+,49,201+
351-400,388,University of Basel,Switzerland,Basel,Europe,n/a,https://www.topuniversities.com/universities/university-basel,https://www.topuniversities.com/sites/default/files/university-of-basel_46_medium.jpg,52.9,201+,70.2,201+,77.8,201+,51.1,201+
351-400,389,University of Canterbury | Te Whare Wānanga o Waitaha,New Zealand,Christchurch,Oceania,n/a,https://www.topuniversities.com/universities/university-canterbury-te-whare-wananga-o-waitaha,https://www.topuniversities.com/sites/default/files/university-of-canterbury_97_medium.jpg,59.4,201+,68,201+,77.6,201+,49.6,201+
351-400,390,University of Chinese Academy of Sciences (UCAS),China (Mainland),Beijing,Asia,n/a,https://www.topuniversities.com/universities/university-chinese-academy-sciences-ucas,https://www.topuniversities.com/sites/default/files/university-of-chinese-academy-of-sciences-ucas_592560e89988f300e2322443_medium.jpg,47.9,201+,81.8,=79,87.3,=77,42,201+
351-400,391,University of Gothenburg,Sweden,Gothenburg,Europe,n/a,https://www.topuniversities.com/universities/university-gothenburg,https://www.topuniversities.com/sites/default/files/university-of-gothenburg_233_medium.jpg,45.7,201+,76.3,201+,79,201+,51.4,201+
351-400,392,University of Helsinki,Finland,Helsinki,Europe,n/a,https://www.topuniversities.com/universities/university-helsinki,https://www.topuniversities.com/sites/default/files/university-of-helsinki_260_medium.jpg,54.9,201+,71.4,201+,76.9,201+,49.7,201+
351-400,393,University of Jordan,Jordan,Amman,Asia,n/a,https://www.topuniversities.com/universities/university-jordan,https://www.topuniversities.com/sites/default/files/250728110941am245519200-90x90.jpg,65.1,=170,59.7,201+,69.5,201+,53.6,201+
351-400,394,University of Leicester,United Kingdom,Leicester,Europe,n/a,https://www.topuniversities.com/universities/university-leicester,https://www.topuniversities.com/sites/default/files/university-of-leicester_339_medium.jpg,50.3,201+,68.5,201+,76.8,201+,53.5,201+
351-400,395,University of Porto,Portugal,Porto,Europe,n/a,https://www.topuniversities.com/universities/university-porto,https://www.topuniversities.com/sites/default/files/220603114500am903324university-of-porto-logo-90x90.jpg,56.6,201+,70.2,201+,75.3,201+,49.5,201+
351-400,396,University of Siena,Italy,Siena,Europe,n/a,https://www.topuniversities.com/universities/university-siena,https://www.topuniversities.com/sites/default/files/250602032307pm343908UNISI-vert-col%2B-RGB-QS-90x90.jpg,44.8,201+,67,201+,75,201+,57.2,201+
351-400,397,University of Witwatersrand,South Africa,Johannesburg,Africa,n/a,https://www.topuniversities.com/universities/university-witwatersrand,https://www.topuniversities.com/sites/default/files/university-of-the-witwatersrand_679_medium.jpg,54.9,201+,73,201+,76.4,201+,49.9,201+
351-400,398,University of Wollongong,Australia,Wollongong,Oceania,n/a,https://www.topuniversities.com/universities/university-wollongong,https://www.topuniversities.com/sites/default/files/university-of-wollongong_680_medium.jpg,57.5,201+,72.2,201+,82.3,201+,43.3,201+
351-400,399,University of the Philippines,Philippines,Quezon City,Asia,n/a,https://www.topuniversities.com/universities/university-philippines,https://www.topuniversities.com/sites/default/files/university-of-the-philippines_498_medium.jpg,64.6,=179,58.2,201+,65.4,201+,56.4,201+
351-400,400,Università degli studi Roma Tre,Italy,Rome,Europe,n/a,https://www.topuniversities.com/universities/universita-degli-studi-roma-tre,https://www.topuniversities.com/sites/default/files/universit-degli-studi-roma-tre_15002_medium.jpg,47.4,201+,78,=150,82.7,201+,46.4,201+
351-400,401,Université de Strasbourg,France,Strasbourg,Europe,n/a,https://www.topuniversities.com/universities/universite-de-strasbourg,https://www.topuniversities.com/sites/default/files/251128072855am286970Signature-Universite-Strasbourg-carre-90x90.jpg,49.7,201+,73,201+,78.1,201+,50.1,201+
351-400,402,Viet Nam National University Ho Chi Minh City (VNU-HCM),Vietnam,Ho Chi Minh City,Asia,n/a,https://www.topuniversities.com/universities/viet-nam-national-university-ho-chi-minh-city-vnu-hcm,https://www.topuniversities.com/sites/default/files/vietnam-national-university-ho-chi-minh-city-vnu-hcm_592560cf2aeae70239af4d92_medium.jpg,60.8,201+,66,201+,76.5,201+,50,201+
351-400,403,WHU - Otto Beisheim School of Management ,Germany,Vallendar,Europe,n/a,https://www.topuniversities.com/universities/whu-otto-beisheim-school-management,https://www.topuniversities.com/sites/default/files/Design-ohne-Titel-90x90.jpg,56.5,201+,72.6,201+,82.8,201+,45.2,201+
351-400,404,Western Sydney University,Australia,Milperra,Oceania,n/a,https://www.topuniversities.com/universities/western-sydney-university,https://www.topuniversities.com/sites/default/files/western-sydney-university_848_medium.jpg,53.1,201+,70.2,201+,80.8,201+,50.6,201+
351-400,405,Xi’an Jiaotong University,China (Mainland),Xi'an,Asia,n/a,https://www.topuniversities.com/universities/xian-jiaotong-university,https://www.topuniversities.com/sites/default/files/xian-jiaotong-university_683_medium.jpg,57.2,201+,85.1,=42,86,=121,38.3,201+
351-400,406,Zhongnan University of Economics and Law,China (Mainland),Wuhan,Asia,n/a,https://www.topuniversities.com/universities/zhongnan-university-economics-law,https://www.topuniversities.com/sites/default/files/zhongnan-university-of-economics-and-law_592560cf2aeae70239af5284_medium.jpg,30,201+,87.1,=27,88.5,50,48.7,201+
401-450,407,American University,United States,Washington D.C.,North America,n/a,https://www.topuniversities.com/universities/american-university,https://www.topuniversities.com/sites/default/files/american-university_17_medium.jpg,58.3,201+,73,201+,80.4,201+,40.7,201+
401-450,408,American University of Beirut (AUB),Lebanon,Beirut,Asia,n/a,https://www.topuniversities.com/universities/american-university-beirut-aub,https://www.topuniversities.com/sites/default/files/230707125949pm449470AUB-Profile-Photo-only%5B99%5D-90x90.jpg,66.7,=136,62.5,201+,67.9,201+,50.1,201+
401-450,409,Auckland University of Technology (AUT),New Zealand,Auckland,Oceania,n/a,https://www.topuniversities.com/universities/auckland-university-technology-aut,https://www.topuniversities.com/sites/default/files/auckland-university-of-technology-aut_592560cf2aeae70239af4ef7_medium.jpg,54,201+,71.4,201+,79.2,201+,45.1,201+
401-450,410,Brunel University of London,United Kingdom,London,Europe,n/a,https://www.topuniversities.com/universities/brunel-university-london,https://www.topuniversities.com/sites/default/files/241011103940am405152BD-691-QS-Logo-for-brand-profile-200x200px-HP-v1-90x90.jpg,55.3,201+,71,201+,78.3,201+,46.3,201+
401-450,411,Corvinus University of Budapest,Hungary,Budapest,Europe,n/a,https://www.topuniversities.com/universities/corvinus-university-budapest,https://www.topuniversities.com/sites/default/files/250321103918am220555corvinus-University-logo-black-90x90.jpg,56.4,201+,67.5,201+,71.2,201+,51.3,201+
401-450,412,Coventry University,United Kingdom,Coventry,Europe,n/a,https://www.topuniversities.com/universities/coventry-university,https://www.topuniversities.com/sites/default/files/coventry-university_592560cf2aeae70239af4b16_medium.jpg,53.7,201+,74,201+,83.9,=199,41.5,201+
401-450,413,East China Normal University,China (Mainland),Shanghai,Asia,n/a,https://www.topuniversities.com/universities/east-china-normal-university,https://www.topuniversities.com/sites/default/files/east-china-normal-university_592560cf2aeae70239af4def_medium.jpg,56.3,201+,73,201+,81.3,201+,42.8,201+
401-450,414,Federal University of Minas Gerais (UFMG),Brazil,Belo Horizonte,Latin America,n/a,https://www.topuniversities.com/universities/federal-university-minas-gerais-ufmg,https://www.topuniversities.com/sites/default/files/universidade-federal-de-minas-gerais_1727_medium.jpg,53.4,201+,63.7,201+,73.1,201+,53.9,201+
401-450,415,Financial University under the Government of the Russian Federation,Russia,Moscow,Europe,n/a,https://www.topuniversities.com/universities/financial-university-under-government-russian-federation,https://www.topuniversities.com/sites/default/files/financial-university-under-the-government-of-the-russian-federation_592560cf2aeae70239af5850_medium.jpg,56.5,201+,73,201+,72.2,201+,46.8,201+
401-450,416,Florida International University,United States,Miami,North America,n/a,https://www.topuniversities.com/universities/florida-international-university,https://www.topuniversities.com/sites/default/files/florida-international-university_592560cf2aeae70239af4b55_medium.jpg,59.4,201+,68.9,201+,79.8,201+,42.5,201+
401-450,417,Friedrich-Alexander-Universität Erlangen-Nürnberg,Germany,Erlangen,Europe,n/a,https://www.topuniversities.com/universities/friedrich-alexander-universitat-erlangen-nurnberg,https://www.topuniversities.com/sites/default/files/220609081209am601836FAU-Logo-quadratisch-90x90.jpg,54.7,201+,72.6,201+,83.7,201+,41.8,201+
401-450,418,George Mason University,United States,Fairfax,North America,n/a,https://www.topuniversities.com/universities/george-mason-university,https://www.topuniversities.com/sites/default/files/george-mason-university_592560cf2aeae70239af518c_medium.jpg,46,201+,76.9,=179,77.8,201+,47.5,201+
401-450,419,Heriot-Watt University,United Kingdom,Edinburgh,Europe,n/a,https://www.topuniversities.com/universities/heriot-watt-university,https://www.topuniversities.com/sites/default/files/241128020331pm630627qs-logo-90x90.jpg,61.3,201+,65.4,201+,75.4,201+,46.4,201+
401-450,420,"IÉSEG School of Management, Lille - Paris, France",France,Lille,Europe,n/a,https://www.topuniversities.com/universities/ieseg-school-management-lille-paris-france,https://www.topuniversities.com/sites/default/files/iseg-school-of-management-lille-paris-france_2447_medium.jpg,46.2,201+,70.2,201+,80.7,201+,48.1,201+
401-450,421,Jadavpur University,India,Kolkata,Asia,n/a,https://www.topuniversities.com/universities/jadavpur-university,https://www.topuniversities.com/sites/default/files/jadavpur-university_592560cf2aeae70239af4e11_medium.jpg,48.9,201+,59.7,201+,68.5,201+,58,201+
401-450,422,L.N. Gumilyov Eurasian National University (ENU),Kazakhstan,Astana,Asia,n/a,https://www.topuniversities.com/universities/ln-gumilyov-eurasian-national-university-enu,https://www.topuniversities.com/sites/default/files/240216043308am306054%D0%BB%D0%BE%D0%B3%D0%BE%D1%82%D0%B8%D0%BF-90x90.jpg,62.3,201+,59.7,201+,65.1,201+,54.9,201+
401-450,423,NHH Norwegian School of Economics,Norway,Bergen,Europe,n/a,https://www.topuniversities.com/universities/nhh-norwegian-school-economics,https://www.topuniversities.com/sites/default/files/230906120258pm681940NHH-Profil-180x180-bl%C3%A5-90x90.jpg,31.3,201+,77.2,=171,86.2,=114,50.5,201+
401-450,424,Nanjing University of Aeronautics and Astronautics,China (Mainland),Nanjing,Asia,n/a,https://www.topuniversities.com/universities/nanjing-university-aeronautics-astronautics,https://www.topuniversities.com/sites/default/files/nanjing-university-of-aeronautics-and-astronautics_592560cf2aeae70239af4df3_medium.jpg,49.6,201+,75,201+,88.1,=57,41.1,201+
401-450,425,National Sun Yat-sen University,Taiwan,Kaohsiung City,Asia,n/a,https://www.topuniversities.com/universities/national-sun-yat-sen-university,https://www.topuniversities.com/sites/default/files/national-sun-yat-sen-university_439_medium.jpg,53.7,201+,67.5,201+,81.2,201+,47.7,201+
401-450,426,Pontificia Universidad Javeriana,Colombia,Bogotá,Latin America,n/a,https://www.topuniversities.com/universities/pontificia-universidad-javeriana,https://www.topuniversities.com/sites/default/files/pontificia-universidad-javeriana_592560cf2aeae70239af514a_medium.jpg,72.6,=74,58.2,201+,64.9,201+,50.9,201+
401-450,427,RUDN University,Russia,Moscow,Europe,n/a,https://www.topuniversities.com/universities/rudn-university,https://www.topuniversities.com/sites/default/files/rudn-university_1503_medium.jpg,71.8,84,64.3,201+,71.1,201+,44.4,201+
401-450,428,Stellenbosch University,South Africa,Stellenbosch,Africa,n/a,https://www.topuniversities.com/universities/stellenbosch-university,https://www.topuniversities.com/sites/default/files/231205074857am619842su-logo-200x200-90x90.jpg,54.9,201+,71.8,201+,76.5,201+,46.6,201+
401-450,429,Technische Universität Dresden,Germany,Dresden,Europe,n/a,https://www.topuniversities.com/universities/technische-universitat-dresden,https://www.topuniversities.com/sites/default/files/260129053723am237362TUD-Logos-final-RGB-TUD-Logo-vertikal-blau-de-90x90.jpg,56.5,201+,67.5,201+,80.9,201+,45.5,201+
401-450,430,Tohoku University,Japan,Sendai City,Asia,n/a,https://www.topuniversities.com/universities/tohoku-university,https://www.topuniversities.com/sites/default/files/tohoku-university_611_medium.jpg,68.2,=121,59.7,201+,65.8,201+,51,201+
401-450,431,Tokai University,Japan,Hiratsuka City,Asia,n/a,https://www.topuniversities.com/universities/tokai-university,https://www.topuniversities.com/sites/default/files/tokai-university_592560cf2aeae70239af4ce7_medium.jpg,48,201+,76,201+,84.2,=186,44.8,201+
401-450,432,Universidad de Sevilla,Spain,Seville,Europe,n/a,https://www.topuniversities.com/universities/universidad-de-sevilla,https://www.topuniversities.com/sites/default/files/universidad-de-sevilla_554_medium.jpg,48.5,201+,74.4,201+,78.9,201+,45.7,201+
401-450,433,Universitas Padjadjaran (UNPAD),Indonesia,Bandung,Asia,n/a,https://www.topuniversities.com/universities/universitas-padjadjaran-unpad,https://www.topuniversities.com/sites/default/files/universitas-padjadjaran_592560cf2aeae70239af4e3c_medium.jpg,56.6,201+,63.7,201+,71.8,201+,52.6,201+
401-450,434,Universitas Sebelas Maret,Indonesia,Surakarta,Asia,n/a,https://www.topuniversities.com/universities/universitas-sebelas-maret,https://www.topuniversities.com/sites/default/files/universitas-sebelas-maret_592560cf2aeae70239af4e43_medium.jpg,50.4,201+,61.8,201+,71.5,201+,55.6,201+
401-450,435,Universitat Politecnica de Valencia,Spain,València,Europe,n/a,https://www.topuniversities.com/universities/universitat-politecnica-de-valencia,https://www.topuniversities.com/sites/default/files/universitat-politcnica-de-valncia_648_medium.jpg,53.2,201+,71.8,201+,80.3,201+,45.2,201+
401-450,436,Universitat de Valencia,Spain,València,Europe,n/a,https://www.topuniversities.com/universities/universitat-de-valencia,https://www.topuniversities.com/sites/default/files/universitat-de-valencia_647_medium.jpg,47.2,201+,76.9,=179,78.8,201+,47.1,201+
401-450,437,Universiti Teknologi MARA - UiTM,Malaysia,Shah Alam,Asia,n/a,https://www.topuniversities.com/universities/universiti-teknologi-mara-uitm,https://www.topuniversities.com/sites/default/files/universiti-teknologi-mara-uitm_732_medium.jpg,52.2,201+,68.5,201+,70.8,201+,50.8,201+
401-450,438,University of Bergen,Norway,Bergen,Europe,n/a,https://www.topuniversities.com/universities/university-bergen,https://www.topuniversities.com/sites/default/files/university-of-bergen_53_medium.jpg,44.7,201+,66,201+,77.9,201+,54.7,201+
401-450,439,University of Calcutta,India,Kolkata,Asia,n/a,https://www.topuniversities.com/universities/university-calcutta,https://www.topuniversities.com/sites/default/files/university-of-calcutta_592560cf2aeae70239af4ad4_medium.jpg,49.6,201+,63.7,201+,73.5,201+,53.2,201+
401-450,440,University of Granada,Spain,Granada,Europe,n/a,https://www.topuniversities.com/universities/university-granada,https://www.topuniversities.com/sites/default/files/university-of-granada_235_medium.jpg,52,201+,72.2,201+,79.4,201+,46.9,201+
401-450,441,University of Houston,United States,Houston,North America,n/a,https://www.topuniversities.com/universities/university-houston,https://www.topuniversities.com/sites/default/files/university-of-houston_270_medium.jpg,53,201+,70.2,201+,80.7,201+,46.9,201+
401-450,442,University of Ibadan,Nigeria,Ibadan,Africa,n/a,https://www.topuniversities.com/universities/university-ibadan,https://www.topuniversities.com/sites/default/files/university-of-ibadan_592560cf2aeae70239af4b95_medium.jpg,49.1,201+,71.4,201+,80.8,201+,46.9,201+
401-450,443,University of Johannesburg,South Africa,Johannesburg,Africa,n/a,https://www.topuniversities.com/universities/university-johannesburg,https://www.topuniversities.com/sites/default/files/university-of-johannesburg-_592560cf2aeae70239af4f46_medium.jpg,49.4,201+,76.9,=179,77.5,201+,44.9,201+
401-450,444,University of Pisa,Italy,Pisa,Europe,n/a,https://www.topuniversities.com/universities/university-pisa,https://www.topuniversities.com/sites/default/files/university-of-pisa_499_medium.jpg,53.5,201+,72.2,201+,77.1,201+,46.1,201+
401-450,445,University of Trento,Italy,Trento,Europe,n/a,https://www.topuniversities.com/universities/university-trento,https://www.topuniversities.com/sites/default/files/university-of-trento_623_medium.jpg,52.5,201+,70.6,201+,77,201+,47.4,201+
401-450,446,University of Utah,United States,Salt Lake City,North America,n/a,https://www.topuniversities.com/universities/university-utah,https://www.topuniversities.com/sites/default/files/university-of-utah_645_medium.jpg,47.1,201+,73.3,201+,85.3,=146,44.8,201+
401-450,447,University of the Punjab,Pakistan,Lahore,Asia,n/a,https://www.topuniversities.com/universities/university-punjab,https://www.topuniversities.com/sites/default/files/university-of-the-punjab_592560cf2aeae70239af4f07_medium.jpg,58.8,201+,64.3,201+,76.8,201+,46.9,201+
401-450,448,Universität Konstanz,Germany,Konstanz,Europe,n/a,https://www.topuniversities.com/universities/universitat-konstanz,https://www.topuniversities.com/sites/default/files/universitt-konstanz_323_medium.jpg,45,201+,68.5,201+,78.3,201+,52.9,201+
401-450,449,VILNIUS TECH (Vilnius Gediminas Technical University),Lithuania,Vilnius,Europe,n/a,https://www.topuniversities.com/universities/vilnius-tech-vilnius-gediminas-technical-university,https://www.topuniversities.com/sites/default/files/VT_logo-90x90.jpg,51.1,201+,73,201+,80.1,201+,44.3,201+
401-450,450,Vilnius University,Lithuania,Vilnius,Europe,n/a,https://www.topuniversities.com/universities/vilnius-university,https://www.topuniversities.com/sites/default/files/vilnius-university-_592560cf2aeae70239af4d7f_medium.jpg,54.3,201+,67,201+,74.3,201+,50.6,201+
401-450,451,Washington State University,United States,Pullman,North America,n/a,https://www.topuniversities.com/universities/washington-state-university,https://www.topuniversities.com/sites/default/files/washington-state-university_666_medium.jpg,56.9,201+,65.4,201+,76.1,201+,49.2,201+
451-500,452,Al-Ahliyya Amman University,Jordan,Amman,Asia,n/a,https://www.topuniversities.com/universities/al-ahliyya-amman-university,https://www.topuniversities.com/sites/default/files/al-ahliyya-amman-university_592560e29988f300e232131e_medium.jpg,65.2,=166,56.5,201+,62.8,201+,50.1,201+
451-500,453,Aristotle University of Thessaloniki,Greece,Thessaloniki,Europe,n/a,https://www.topuniversities.com/universities/aristotle-university-thessaloniki,https://www.topuniversities.com/sites/default/files/aristotle-university-of-thessaloniki_24_medium.jpg,56.3,201+,68.9,201+,75.7,201+,45.2,201+
451-500,454,"Babson College, F.W. Olin Graduate School of Business",United States,Wellesley,North America,n/a,https://www.topuniversities.com/universities/babson-college-fw-olin-graduate-school-business,https://www.topuniversities.com/sites/default/files/220404025748pm977408BabsonWordmark-S-green-jpg-logo-90x90.jpg,55.1,201+,61.2,201+,82.1,201+,46.8,201+
451-500,455,Beihang University (former BUAA),China (Mainland),Beijing,Asia,n/a,https://www.topuniversities.com/universities/beihang-university-former-buaa,https://www.topuniversities.com/sites/default/files/beihang-university-former-buaa_870_medium.jpg,57.1,201+,75.7,201+,85.4,=142,34.4,201+
451-500,456,"Birla Institute of Technology and Science, Pilani",India,Pilani,Asia,n/a,https://www.topuniversities.com/universities/birla-institute-technology-science-pilani,https://www.topuniversities.com/sites/default/files/birla-institute-of-technology-and-science-pilani_592560cf2aeae70239af4e0e_medium.jpg,60,201+,65.4,201+,73.2,201+,42.9,201+
451-500,457,Christian-Albrechts-University zu Kiel,Germany,Kiel,Europe,n/a,https://www.topuniversities.com/universities/christian-albrechts-university-zu-kiel,https://www.topuniversities.com/sites/default/files/christian-albrechts-university-zu-kiel_318_medium.jpg,42.7,201+,70.6,201+,81.2,201+,46.7,201+
451-500,458,De La Salle University,Philippines,Manila,Asia,n/a,https://www.topuniversities.com/universities/de-la-salle-university,https://www.topuniversities.com/sites/default/files/de-la-salle-university_153_medium.jpg,60.1,201+,61.8,201+,72.4,201+,47.3,201+
451-500,459,De Montfort University,United Kingdom,Leicester,Europe,n/a,https://www.topuniversities.com/universities/de-montfort-university,https://www.topuniversities.com/sites/default/files/de-montfort-university_592560cf2aeae70239af4d9f_medium.jpg,43.4,201+,69.8,201+,82.3,201+,45.9,201+
451-500,460,Duy Tan University,Vietnam,Da Nang,Asia,n/a,https://www.topuniversities.com/universities/duy-tan-university,https://www.topuniversities.com/sites/default/files/duy-tan-university_59e5a998acb295021d569f1b_medium.jpg,52,201+,60.5,201+,68.5,201+,55.7,201+
451-500,461,European University of Lefke,Northern Cyprus,Lefke,Europe,n/a,https://www.topuniversities.com/universities/european-university-lefke,https://www.topuniversities.com/sites/default/files/european-university-of-lefke_5b6973fb9ed4194e0c6500f6_medium.jpg,57.1,201+,62.5,201+,73.2,201+,46.3,201+
451-500,462,Fordham University,United States,New York City,North America,n/a,https://www.topuniversities.com/universities/fordham-university,https://www.topuniversities.com/sites/default/files/fordham-university_814_medium.jpg,46.1,201+,66,201+,77.4,201+,47.6,201+
451-500,463,Foreign Trade University.,Vietnam,Hanoi,Asia,n/a,https://www.topuniversities.com/universities/foreign-trade-university,https://www.topuniversities.com/sites/default/files/Logo-FTU-20182-90x90.jpg,51.3,201+,67.5,201+,75.5,201+,47.3,201+
451-500,464,Johannes Kepler University Linz,Austria,Linz,Europe,n/a,https://www.topuniversities.com/universities/johannes-kepler-university-linz,https://www.topuniversities.com/sites/default/files/johannes-kepler-university-linz_349_medium.jpg,39,201+,72.2,201+,84.1,=190,47.4,201+
451-500,465,Leibniz University Hannover,Germany,Hanover,Europe,n/a,https://www.topuniversities.com/universities/leibniz-university-hannover,https://www.topuniversities.com/sites/default/files/leibniz-universitt-hannover_249_medium.jpg,49.3,201+,70.2,201+,76.3,201+,47.6,201+
451-500,466,Multimedia University (MMU),Malaysia,Cyberjaya,Asia,n/a,https://www.topuniversities.com/universities/multimedia-university-mmu,https://www.topuniversities.com/sites/default/files/250303023213am305823MMU-logo-QS-90x90.jpg,56,201+,65.4,201+,74.2,201+,47.1,201+
451-500,467,National Central University,Taiwan,Taoyuan,Asia,n/a,https://www.topuniversities.com/universities/national-central-university,https://www.topuniversities.com/sites/default/files/national-central-university_434_medium.jpg,54.2,201+,64.9,201+,73.5,201+,46.2,201+
451-500,468,National and Kapodistrian University of Athens,Greece,Athens,Europe,n/a,https://www.topuniversities.com/universities/national-kapodistrian-university-athens,https://www.topuniversities.com/sites/default/files/national-and-kapodistrian-university-of-athens_33_medium.jpg,58,201+,67,201+,74.4,201+,45.6,201+
451-500,469,Norwegian University of Science And Technology,Norway,Trondheim,Europe,n/a,https://www.topuniversities.com/universities/norwegian-university-science-technology,https://www.topuniversities.com/sites/default/files/norwegian-university-of-science-and-technology_457_medium.jpg,53.8,201+,71.8,201+,78.8,201+,42.5,201+
451-500,470,Nottingham Trent University,United Kingdom,Nottingham,Europe,n/a,https://www.topuniversities.com/universities/nottingham-trent-university,https://www.topuniversities.com/sites/default/files/nottingham-trent-university_592560cf2aeae70239af50e6_medium.jpg,50.1,201+,69.4,201+,79.9,201+,46.2,201+
451-500,471,O.P. Jindal Global University (JGU),India,Sonepat,Asia,n/a,https://www.topuniversities.com/universities/op-jindal-global-university-jgu,https://www.topuniversities.com/sites/default/files/o.p.-jindal-global-university_592560cf2aeae70239af5884_medium.jpg,57.3,201+,63.1,201+,69.6,201+,50.9,201+
451-500,472,Radboud University,Netherlands,Nijmegen,Europe,n/a,https://www.topuniversities.com/universities/radboud-university,https://www.topuniversities.com/sites/default/files/240410065850am767670Logo-Radboud-University-90x90.jpg,50,201+,71,201+,77.8,201+,42.8,201+
451-500,473,Ritsumeikan University,Japan,Kyoto,Asia,n/a,https://www.topuniversities.com/universities/ritsumeikan-university,https://www.topuniversities.com/sites/default/files/ritsumeikan-university_592560cf2aeae70239af4c92_medium.jpg,56.3,201+,60.5,201+,72.3,201+,50.2,201+
451-500,474,"Royal Holloway, University of London",United Kingdom,London,Europe,n/a,https://www.topuniversities.com/universities/royal-holloway-university-london,https://www.topuniversities.com/sites/default/files/250117013204pm929619Royal-Holloway%2C-University-of-London-RGB-200x200-pixel-logo-90x90.jpg,48.2,201+,70.6,201+,79.4,201+,46.4,201+
451-500,475,Syracuse University,United States,Syracuse,North America,n/a,https://www.topuniversities.com/universities/syracuse-university,https://www.topuniversities.com/sites/default/files/syracuse-university_812_medium.jpg,50.6,201+,69.4,201+,79.6,201+,45.7,201+
451-500,476,The American University in Cairo,Egypt,Cairo,Africa,n/a,https://www.topuniversities.com/universities/american-university-cairo,https://www.topuniversities.com/sites/default/files/250603090341am967303AUC-Logo-Blue-200X200-90x90.jpg,64.4,=186,56.5,201+,65.6,201+,50.6,201+
451-500,477,The University of Alabama,United States,Tuscaloosa,North America,n/a,https://www.topuniversities.com/universities/university-alabama,https://www.topuniversities.com/sites/default/files/university-of-alabama_592560cf2aeae70239af4a91_medium.jpg,49.9,201+,69.4,201+,83.5,201+,44.9,201+
451-500,478,UCSI University,Malaysia,Kuala Lumpur,Asia,n/a,https://www.topuniversities.com/universities/ucsi-university,https://www.topuniversities.com/sites/default/files/ucsi-university_592560e09988f300e2320ce5_medium.jpg,56.9,201+,60.5,201+,68.8,201+,51.9,201+
451-500,479,USI - Università della Svizzera italiana,Switzerland,Lugano,Europe,n/a,https://www.topuniversities.com/universities/usi-universita-della-svizzera-italiana,https://www.topuniversities.com/sites/default/files/usi-universit-della-svizzera-italiana_592560cf2aeae70239af50ca_medium.jpg,49.9,201+,71.4,201+,79.2,201+,43,201+
451-500,480,Universidad de los Andes - Chile,Chile,Santiago,Latin America,n/a,https://www.topuniversities.com/universities/universidad-de-los-andes-chile,https://www.topuniversities.com/sites/default/files/universidad-de-los-andes-chile_2638_medium.jpg,62,201+,57.4,201+,60.2,201+,52.8,201+
451-500,481,Universidade Católica Portuguesa,Portugal,Lisbon,Europe,n/a,https://www.topuniversities.com/universities/universidade-catolica-portuguesa,https://www.topuniversities.com/sites/default/files/260414111537am918917020926-CATOLICA-LogoMarca-CMYK-Logo-Catolica-Dark-Blue-90x90.jpg,53.3,201+,63.1,201+,72.1,201+,50.5,201+
451-500,482,Universidade de Santiago de Compostela,Spain,Santiago de Compostela,Europe,n/a,https://www.topuniversities.com/universities/universidade-de-santiago-de-compostela,https://www.topuniversities.com/sites/default/files/universidade-de-santiago-de-compostela_547_medium.jpg,47.5,201+,69.4,201+,81.3,201+,43.1,201+
451-500,483,Universitas Brawijaya ,Indonesia,Malang,Asia,n/a,https://www.topuniversities.com/universities/universitas-brawijaya,https://www.topuniversities.com/sites/default/files/university-of-brawijaya_761_medium.jpg,58.5,201+,61.2,201+,71.4,201+,48.3,201+
451-500,484,University of Alicante,Spain,Alicante,Europe,n/a,https://www.topuniversities.com/universities/university-alicante,https://www.topuniversities.com/sites/default/files/universidad-de-alicante_592560cf2aeae70239af5067_medium.jpg,38.9,201+,64.9,201+,75.9,201+,56.2,201+
451-500,485,University of Coimbra,Portugal,Coimbra,Europe,n/a,https://www.topuniversities.com/universities/university-coimbra,https://www.topuniversities.com/sites/default/files/university-of-coimbra_592560cf2aeae70239af4b07_medium.jpg,54.8,201+,70.6,201+,79.1,201+,42.7,201+
451-500,486,University of Florence,Italy,Florence,Europe,n/a,https://www.topuniversities.com/universities/university-florence,https://www.topuniversities.com/sites/default/files/university-of-florence_208_medium.jpg,50.9,201+,69.4,201+,75.1,201+,46.8,201+
451-500,487,University of Galway,Ireland,Galway,Europe,n/a,https://www.topuniversities.com/universities/university-galway,https://www.topuniversities.com/sites/default/files/230111113541am417642Logo-QS-90x90.jpg,58,201+,64.9,201+,74.2,201+,43.9,201+
451-500,488,University of Ghana,Ghana,Legon,Africa,n/a,https://www.topuniversities.com/universities/university-ghana,https://www.topuniversities.com/sites/default/files/university-of-ghana_15046_medium.jpg,44.8,201+,71.4,201+,76.6,201+,49.3,201+
451-500,489,University of Miami,United States,Miami,North America,n/a,https://www.topuniversities.com/universities/university-miami,https://www.topuniversities.com/sites/default/files/university-of-miami_401_medium.jpg,56.7,201+,69.8,201+,81,201+,42.4,201+
451-500,490,University of Milano-Bicocca,Italy,Milan,Europe,n/a,https://www.topuniversities.com/universities/university-milano-bicocca,https://www.topuniversities.com/sites/default/files/university-of-milano-bicocca_14336_medium.jpg,51.7,201+,70.2,201+,76,201+,46.1,201+
451-500,491,"University of Missouri, Columbia",United States,Columbia,North America,n/a,https://www.topuniversities.com/universities/university-missouri-columbia,https://www.topuniversities.com/sites/default/files/university-of-missouri-columbia_409_medium.jpg,49.7,201+,71,201+,82.4,201+,40.8,201+
451-500,492,University of Münster,Germany,Munster,Europe,n/a,https://www.topuniversities.com/universities/university-munster,https://www.topuniversities.com/sites/default/files/231027093236am438692Logo-UniMuenster-200PixelBreite-RGB-90x90.jpg,51.1,201+,68.5,201+,79.6,201+,46.2,201+
451-500,493,University of Piraeus,Greece,Piraeus ,Europe,n/a,https://www.topuniversities.com/universities/university-piraeus,https://www.topuniversities.com/sites/default/files/251209070929am839885UNIPI-90x90.jpg,51.6,201+,68.9,201+,79.2,201+,43.5,201+
451-500,494,University of South Carolina,United States,Columbia,North America,n/a,https://www.topuniversities.com/universities/university-south-carolina,https://www.topuniversities.com/sites/default/files/university-of-south-carolina_539_medium.jpg,47,201+,71.8,201+,89.9,=37,40.8,201+
451-500,495,University of Southern Denmark (SDU),Denmark,Odense,Europe,n/a,https://www.topuniversities.com/universities/university-southern-denmark-sdu,https://www.topuniversities.com/sites/default/files/university-of-southern-denmark_592560cf2aeae70239af4c53_medium.jpg,43.2,201+,73.7,201+,83,201+,43.1,201+
451-500,496,University of Stirling,United Kingdom,Stirling,Europe,n/a,https://www.topuniversities.com/universities/university-stirling,https://www.topuniversities.com/sites/default/files/university-of-stirling_575_medium.jpg,45,201+,68,201+,78.4,201+,49.6,201+
451-500,497,University of the Basque Country,Spain,Leioa,Europe,n/a,https://www.topuniversities.com/universities/university-basque-country,https://www.topuniversities.com/sites/default/files/universidad-del-pais-vasco_592560cf2aeae70239af506c_medium.jpg,42,201+,69.8,201+,79,201+,47.1,201+
451-500,498,Università degli Studi di Pavia,Italy,Pavia,Europe,n/a,https://www.topuniversities.com/universities/universita-degli-studi-di-pavia,https://www.topuniversities.com/sites/default/files/230511020618pm859808Unipv-Logo-2-90x90.jpg,48.7,201+,70.2,201+,80.2,201+,44.5,201+
451-500,499,Universität Innsbruck,Austria,Innsbruck,Europe,n/a,https://www.topuniversities.com/universities/universitat-innsbruck,https://www.topuniversities.com/sites/default/files/universitt-innsbruck_592560cf2aeae70239af4ba7_medium.jpg,44,201+,70.2,201+,76.1,201+,47.7,201+
451-500,500,Université Côte d'Azur,France,Nice,Europe,n/a,https://www.topuniversities.com/universities/universite-cote-dazur,https://www.topuniversities.com/sites/default/files/universit-cte-dazur_5c056024094c9000617768e0_medium.jpg,45.2,201+,71,201+,78.3,201+,46.2,201+
451-500,501,Université Grenoble Alpes,France,Grenoble,Europe,n/a,https://www.topuniversities.com/universities/universite-grenoble-alpes,https://www.topuniversities.com/sites/default/files/universit-grenoble-alpes_592560cf2aeae70239af5ab2_medium.jpg,53.1,201+,67,201+,80.5,201+,45,201+
451-500,502,Université de Tunis El Manar,Tunisia,Tunis,Africa,n/a,https://www.topuniversities.com/universities/universite-de-tunis-el-manar,https://www.topuniversities.com/sites/default/files/universit-de-tunis-el-manar_592560cf2aeae70239af5472_medium.jpg,44.8,201+,72.2,201+,80.4,201+,45.2,201+
451-500,503,emlyon business school,France,LYON,Europe,n/a,https://www.topuniversities.com/universities/emlyon-business-school,https://www.topuniversities.com/sites/default/files/211005052214pm924585emlyon-logo-seul-cmjn-90x90.jpg,58,201+,64.3,201+,78.1,201+,42.6,201+
501-550,504,Albert-Ludwigs-Universitaet Freiburg,Germany,Freiburg im Breisgau,Europe,n/a,https://www.topuniversities.com/universities/albert-ludwigs-universitaet-freiburg,https://www.topuniversities.com/sites/default/files/240117022940pm384573UFR-Kurzform-200x200-Zeichenfl%C3%A4che-1-Zeichenfl%C3%A4che-1-90x90.jpg,50,201+,64.9,201+,75.4,201+,46.7,201+
501-550,505,"Asian Institute of Technology, Thailand",Thailand,Pathumthani,Asia,n/a,https://www.topuniversities.com/universities/asian-institute-technology-thailand,https://www.topuniversities.com/sites/default/files/asian-institute-of-technology-thailand_14653_medium.jpg,52,201+,54.6,201+,62.6,201+,56.1,201+
501-550,506,Bauman Moscow State Technical University,Russia,Moscow,Europe,n/a,https://www.topuniversities.com/universities/bauman-moscow-state-technical-university,https://www.topuniversities.com/sites/default/files/bauman-moscow-state-technical-university_592560cf2aeae70239af505c_medium.jpg,71,=91,56.5,201+,63.3,201+,45.1,201+
501-550,507,Chalmers University of Technology,Sweden,Gothenburg,Europe,n/a,https://www.topuniversities.com/universities/chalmers-university-technology,https://www.topuniversities.com/sites/default/files/chalmers-university-of-technology_592560cf2aeae70239af4af7_medium.jpg,53,201+,67,201+,80,201+,39.9,201+
501-550,508,Colorado State University,United States,Fort Collins,North America,n/a,https://www.topuniversities.com/universities/colorado-state-university,https://www.topuniversities.com/sites/default/files/250211033205pm683792CSU-Symbol-r-357-RGB-90x90.jpg,49,201+,71.8,201+,82.5,201+,39.7,201+
501-550,509,Dalian University of Technology,China (Mainland),Dalian,Asia,n/a,https://www.topuniversities.com/universities/dalian-university-technology,https://www.topuniversities.com/sites/default/files/dalian-university-of-technology_874_medium.jpg,46.6,201+,77.2,=171,89.4,42,34.6,201+
501-550,510,Diponegoro University,Indonesia,Semarang,Asia,n/a,https://www.topuniversities.com/universities/diponegoro-university,https://www.topuniversities.com/sites/default/files/diponegoro-university_592560cf2aeae70239af4b23_medium.jpg,57.8,201+,59.7,201+,67.9,201+,48.2,201+
501-550,511,Eastern Mediterranean University,Northern Cyprus,Famagusta,Europe,n/a,https://www.topuniversities.com/universities/eastern-mediterranean-university,https://www.topuniversities.com/sites/default/files/eastern-mediterranean-university_592560cf2aeae70239af5813_medium.jpg,45.5,201+,71.8,201+,80.9,201+,40.6,201+
501-550,512,Eberhard Karls Universität Tübingen,Germany,Tübingen,Europe,n/a,https://www.topuniversities.com/universities/eberhard-karls-universitat-tubingen,https://www.topuniversities.com/sites/default/files/eberhard-karls-universitt-tbingen_629_medium.jpg,49,201+,67.5,201+,76.5,201+,45.5,201+
501-550,513,Ecole des Hautes Etudes en Sciences Sociales,France,Paris,Europe,n/a,https://www.topuniversities.com/universities/ecole-des-hautes-etudes-en-sciences-sociales,https://www.topuniversities.com/sites/default/files/ecole-des-hautes-etudes-en-sciences-sociales_592560cf2aeae70239af583e_medium.jpg,26,201+,87.6,25,85.5,=138,42.4,201+
501-550,514,Indian Institute of Technology Guwahati (IITG),India,Guwahati,Asia,n/a,https://www.topuniversities.com/universities/indian-institute-technology-guwahati-iitg,https://www.topuniversities.com/sites/default/files/indian-institute-of-technology-guwahati-iitg_283_medium.jpg,74.8,56,56.5,201+,67.5,201+,42.6,201+
501-550,515,Indian Institute of Technology Hyderabad (IITH),India,Sangareddy,Asia,n/a,https://www.topuniversities.com/universities/indian-institute-technology-hyderabad-iith,https://www.topuniversities.com/sites/default/files/250412040209pm593893trili-90x90.jpg,53.4,201+,67,201+,76.2,201+,42.8,201+
501-550,516,Indian Institute of Technology Roorkee (IITR),India,Roorkee,Asia,n/a,https://www.topuniversities.com/universities/indian-institute-technology-roorkee-iitr,https://www.topuniversities.com/sites/default/files/indian-institute-of-technology-roorkee-iitr_287_medium.jpg,64.9,=176,63.7,201+,72.4,201+,41.6,201+
501-550,517,Indian School of Business,India,Hyderabad,Asia,n/a,https://www.topuniversities.com/universities/indian-school-business,https://www.topuniversities.com/sites/default/files/indian-school-of-business_592560de9988f300e23206ba_medium.jpg,51.4,201+,58.2,201+,72.9,201+,48.4,201+
501-550,518,Jilin University,China (Mainland),Changchun,Asia,n/a,https://www.topuniversities.com/universities/jilin-university,https://www.topuniversities.com/sites/default/files/jilin-university_304_medium.jpg,44.1,201+,76.9,=179,86.8,=90,36.3,201+
501-550,519,Kasetsart University,Thailand,Bangkok,Asia,n/a,https://www.topuniversities.com/universities/kasetsart-university,https://www.topuniversities.com/sites/default/files/kasetsart-university_312_medium.jpg,51.4,201+,61.8,201+,70.4,201+,50.3,201+
501-550,520,"Kingston University, London",United Kingdom,Kingston upon Thames,Europe,n/a,https://www.topuniversities.com/universities/kingston-university-london,https://www.topuniversities.com/sites/default/files/kingston-university-london_592560cf2aeae70239af4bc2_medium.jpg,60.8,201+,64.9,201+,72,201+,42.6,201+
501-550,521,MGIMO University,Russia,Moscow,Europe,n/a,https://www.topuniversities.com/universities/mgimo-university,https://www.topuniversities.com/sites/default/files/moscow-state-institute-of-international-relations-mgimo-university_2156_medium.jpg,63.6,201+,65.4,201+,62.9,201+,45.5,201+
501-550,522,Mahidol University,Thailand,Nakhon Pathom,Asia,n/a,https://www.topuniversities.com/universities/mahidol-university,https://www.topuniversities.com/sites/default/files/mahidol-university_381_medium.jpg,54.7,201+,59,201+,69,201+,48.6,201+
501-550,523,Shanghai University of International Business and Economics,China (Mainland),Shanghai,Asia,n/a,https://www.topuniversities.com/universities/shanghai-university-international-business-economics,https://www.topuniversities.com/sites/default/files/shanghai-institute-of-foreign-trade_592560cf2aeae70239af5292_medium.jpg,43.1,201+,68.5,201+,78,201+,45.3,201+
501-550,524,South Ural State University (National Research University),Russia,Chelyabinsk,Europe,n/a,https://www.topuniversities.com/universities/south-ural-state-university-national-research-university,https://www.topuniversities.com/sites/default/files/south-ural-state-university-national-research-university_592560cf2aeae70239af58d1_medium.jpg,45,201+,79.9,=112,91.5,23,32.1,201+
501-550,525,Southern Methodist University,United States,Dallas,North America,n/a,https://www.topuniversities.com/universities/southern-methodist-university,https://www.topuniversities.com/sites/default/files/250730033630pm763452SMU-Logo-Formal-digitalonly-B-90x90.jpg,45,201+,69.4,201+,73.7,201+,47,201+
501-550,526,Sumy State University,Ukraine,Sumy,Europe,n/a,https://www.topuniversities.com/universities/sumy-state-university,https://www.topuniversities.com/sites/default/files/sumy-state-university_592560cf2aeae70239af57c7_medium.jpg,42.7,201+,71.4,201+,79.1,201+,45.5,201+
501-550,527,Swinburne University of Technology,Australia,Melbourne,Oceania,n/a,https://www.topuniversities.com/universities/swinburne-university-technology,https://www.topuniversities.com/sites/default/files/swinburne-university-of-technology_759_medium.jpg,50.7,201+,73,201+,86.8,=90,36.7,201+
501-550,528,Taras Shevchenko National University of Kyiv,Ukraine,Kyiv,Europe,n/a,https://www.topuniversities.com/universities/taras-shevchenko-national-university-kyiv,https://www.topuniversities.com/sites/default/files/taras-shevchenko-national-university-of-kyiv_14977_medium.jpg,61.9,201+,63.1,201+,68,201+,43.8,201+
501-550,529,Technical University of Denmark,Denmark,Kongens Lyngby,Europe,n/a,https://www.topuniversities.com/universities/technical-university-denmark,https://www.topuniversities.com/sites/default/files/technical-university-of-denmark_592560cf2aeae70239af4cd8_medium.jpg,57.8,201+,67.5,201+,79.8,201+,39.2,201+
501-550,530,Tilburg School of Economics and Management,Netherlands,Tilburg,Europe,n/a,https://www.topuniversities.com/universities/tilburg-school-economics-management,,37.9,201+,64.9,201+,74.9,201+,52.7,201+
501-550,531,Tulane University,United States,New Orleans,North America,n/a,https://www.topuniversities.com/universities/tulane-university,https://www.topuniversities.com/sites/default/files/tulane-university_631_medium.jpg,44.5,201+,69.4,201+,80.7,201+,43.3,201+
501-550,532,UNESP,Brazil,Sao Paulo,Latin America,n/a,https://www.topuniversities.com/universities/unesp,https://www.topuniversities.com/sites/default/files/unesp_492_medium.jpg,60.8,201+,58.2,201+,68.8,201+,47.2,201+
501-550,533,Universidad de Santiago de Chile (USACH),Chile,Santiago,Latin America,n/a,https://www.topuniversities.com/universities/universidad-de-santiago-de-chile-usach,https://www.topuniversities.com/sites/default/files/universidad-de-santiago-de-chile-usach_548_medium.jpg,63.8,198,61.2,201+,65.4,201+,45.4,201+
501-550,534,Universidade Federal do Rio Grande Do Sul,Brazil,Porto Alegre,Latin America,n/a,https://www.topuniversities.com/universities/universidade-federal-do-rio-grande-do-sul,https://www.topuniversities.com/sites/default/files/universidade-federal-do-rio-grande-do-sul_2239_medium.jpg,45.5,201+,63.7,201+,82.3,201+,43.9,201+
501-550,535,University of Belgrade,Serbia,Belgrade,Europe,n/a,https://www.topuniversities.com/universities/university-belgrade,https://www.topuniversities.com/sites/default/files/university-of-belgrade_2243_medium.jpg,43.1,201+,71,201+,75.7,201+,46.7,201+
501-550,536,University of Bordeaux,France,Talence,Europe,n/a,https://www.topuniversities.com/universities/university-bordeaux,https://www.topuniversities.com/sites/default/files/university-of-bordeaux_1286_medium.jpg,44.8,201+,68,201+,81.6,201+,43.2,201+
501-550,537,University of Central Florida,United States,Orlando,North America,n/a,https://www.topuniversities.com/universities/university-central-florida,https://www.topuniversities.com/sites/default/files/university-of-central-florida_209_medium.jpg,58.8,201+,66.5,201+,73.9,201+,41.9,201+
501-550,538,University of Connecticut,United States,Storrs,North America,n/a,https://www.topuniversities.com/universities/university-connecticut,https://www.topuniversities.com/sites/default/files/university-of-connecticut_140_medium.jpg,47.4,201+,72.2,201+,82.1,201+,38.9,201+
501-550,539,University of Guelph,Canada,Guelph,North America,n/a,https://www.topuniversities.com/universities/university-guelph,https://www.topuniversities.com/sites/default/files/university-of-guelph_1756_medium.jpg,51.6,201+,66.5,201+,78,201+,41.6,201+
501-550,540,University of Hyderabad,India,Hyderabad,Asia,n/a,https://www.topuniversities.com/universities/university-hyderabad,https://www.topuniversities.com/sites/default/files/university-of-hyderabad_592560cf2aeae70239af4d86_medium.jpg,38.1,201+,69.4,201+,76,201+,48.3,201+
501-550,541,University of Iowa,United States,Iowa City,North America,n/a,https://www.topuniversities.com/universities/university-iowa,https://www.topuniversities.com/sites/default/files/university-of-iowa_592560cf2aeae70239af4baa_medium.jpg,46.7,201+,64.3,201+,76.5,201+,48.1,201+
501-550,542,University of Karachi,Pakistan,Karachi,Asia,n/a,https://www.topuniversities.com/universities/university-karachi,https://www.topuniversities.com/sites/default/files/university-of-karachi_592560cf2aeae70239af4d40_medium.jpg,47.3,201+,66,201+,70,201+,49.4,201+
501-550,543,University of Kentucky,United States,Lexington,North America,n/a,https://www.topuniversities.com/universities/university-kentucky,https://www.topuniversities.com/sites/default/files/university-of-kentucky_316_medium.jpg,45.4,201+,73.7,201+,84.8,=164,39.3,201+
501-550,544,University of Luxembourg,Luxembourg,Alzette,Europe,n/a,https://www.topuniversities.com/universities/university-luxembourg,https://www.topuniversities.com/sites/default/files/university-of-luxembourg_592560cf2aeae70239af4d59_medium.jpg,39,201+,73,201+,79.8,201+,44.8,201+
501-550,545,University of Portsmouth,United Kingdom,Portsmouth,Europe,n/a,https://www.topuniversities.com/universities/university-portsmouth,https://www.topuniversities.com/sites/default/files/220208040544pm645473UoP-logo-200x200px-90x90.jpg,46,201+,76.9,=179,85.4,=142,37,201+
501-550,546,University of Tsukuba,Japan,Tsukuba City,Asia,n/a,https://www.topuniversities.com/universities/university-tsukuba,https://www.topuniversities.com/sites/default/files/university-of-tsukuba_592560cf2aeae70239af4cf7_medium.jpg,58.5,201+,56.5,201+,64.1,201+,51.6,201+
501-550,547,Universität Duisburg-Essen,Germany,Duisburg,Europe,n/a,https://www.topuniversities.com/universities/universitat-duisburg-essen,https://www.topuniversities.com/sites/default/files/universitt-duisburg-essen_199_medium.jpg,39.3,201+,72.6,201+,79.3,201+,44.9,201+
501-550,548,Université Laval,Canada,Québec,North America,n/a,https://www.topuniversities.com/universities/universite-laval,https://www.topuniversities.com/sites/default/files/laval-university_337_medium.jpg,45.4,201+,68.5,201+,80.1,201+,44.5,201+
501-550,549,Université de Lille,France,Lille,Europe,n/a,https://www.topuniversities.com/universities/universite-de-lille,https://www.topuniversities.com/sites/default/files/260205065623pm763363logo-universite-de-lille-200x200-90x90.jpg,41.7,201+,78.3,=146,81.3,201+,40.5,201+
501-550,550,Université du Québec,Canada,Québec,North America,n/a,https://www.topuniversities.com/universities/universite-du-quebec,https://www.topuniversities.com/sites/default/files/universit-du-qubec_512_medium.jpg,47.1,201+,73,201+,76.6,201+,41.5,201+
501-550,551,Vrije Universiteit Brussel (VUB),Belgium,Brussels,Europe,n/a,https://www.topuniversities.com/universities/vrije-universiteit-brussel-vub,https://www.topuniversities.com/sites/default/files/vrije-universiteit-brussel-vub_74_medium.jpg,53.3,201+,65.4,201+,74.3,201+,44.1,201+
551-700,552,Aalborg University,Denmark,"Aalborg,",Europe,n/a,https://www.topuniversities.com/universities/aalborg-university,https://www.topuniversities.com/sites/default/files/aalborg-university_1262_medium.jpg,44.9,201+,70.2,201+,77,201+,37.4,201+
551-700,553,Academia Sinica,Taiwan,Taipei,Asia,n/a,https://www.topuniversities.com/universities/academia-sinica,,19.7,201+,62.5,201+,70.8,201+,57.7,201+
551-700,554,Alexandru Ioan Cuza University,Romania,Iași,Europe,n/a,https://www.topuniversities.com/universities/alexandru-ioan-cuza-university,https://www.topuniversities.com/sites/default/files/alexandru-ioan-cuza-university_592560cf2aeae70239af5052_medium.jpg,50.6,201+,69.4,201+,74.9,201+,35.5,201+
551-700,555,Aligarh Muslim University,India,Aligarh,Asia,n/a,https://www.topuniversities.com/universities/aligarh-muslim-university,https://www.topuniversities.com/sites/default/files/aligarh-muslim-university_592560e19988f300e2320ee7_medium.jpg,41.9,201+,63.7,201+,74.3,201+,48,201+
551-700,556,Anhui University of Finance and Economics,China (Mainland),Bengbu,Asia,n/a,https://www.topuniversities.com/universities/anhui-university-finance-economics,,19.4,201+,77.7,=157,92.2,19,37.6,201+
551-700,557,Ankara Üniversitesi,Türkiye,Ankara,Asia,n/a,https://www.topuniversities.com/universities/ankara-universitesi,https://www.topuniversities.com/sites/default/files/ankara-niversitesi_592560cf2aeae70239af50a5_medium.jpg,59,201+,61.2,201+,61.4,201+,45,201+
551-700,558,Ashoka University,India,Sonipat,Asia,n/a,https://www.topuniversities.com/universities/ashoka-university,https://www.topuniversities.com/sites/default/files/Ashoka-logo-200-90x90.jpg,43.3,201+,56.5,201+,56.6,201+,53.2,201+
551-700,559,Asia University Taiwan,Taiwan,Taichung City,Asia,n/a,https://www.topuniversities.com/universities/asia-university-taiwan,https://www.topuniversities.com/sites/default/files/asia-university-taiwan_592560df9988f300e2320a10_medium.jpg,31.4,201+,74.7,201+,87.4,=74,37.1,201+
551-700,560,Aston University,United Kingdom,Birmingham,Europe,n/a,https://www.topuniversities.com/universities/aston-university,https://www.topuniversities.com/sites/default/files/250909012709pm723207Untitled-design-90x90.jpg,50.9,201+,71.8,201+,85,=160,35.3,201+
551-700,561,Ateneo de Manila University,Philippines,Quezon City,Asia,n/a,https://www.topuniversities.com/universities/ateneo-de-manila-university,https://www.topuniversities.com/sites/default/files/ateneo-de-manila-university_592560cf2aeae70239af4aa1_medium.jpg,60.8,201+,55.6,201+,55.8,201+,50.5,201+
551-700,562,Auburn University,United States,Auburn,North America,n/a,https://www.topuniversities.com/universities/auburn-university,https://www.topuniversities.com/sites/default/files/auburn-university_592560cf2aeae70239af51d3_medium.jpg,41.1,201+,67.5,201+,76.9,201+,40.1,201+
551-700,563,BRAC University,Bangladesh,Dhaka,Asia,n/a,https://www.topuniversities.com/universities/brac-university,https://www.topuniversities.com/sites/default/files/brac-university_853_medium.jpg,54.4,201+,59.7,201+,69.3,201+,46.4,201+
551-700,564,Baku Engineering University,Azerbaijan,Baku,Asia,n/a,https://www.topuniversities.com/universities/baku-engineering-university,https://www.topuniversities.com/sites/default/files/241216060651am361481Picture2-90x90.jpg,65.1,=170,47.6,201+,57.2,201+,53.6,201+
551-700,565,Banaras Hindu University,India,Varanasi,Asia,n/a,https://www.topuniversities.com/universities/banaras-hindu-university,https://www.topuniversities.com/sites/default/files/banaras-hindu-university_592560cf2aeae70239af4e08_medium.jpg,46.7,201+,64.9,201+,71,201+,44.3,201+
551-700,566,Bangor University,United Kingdom,Bangor,Europe,n/a,https://www.topuniversities.com/universities/bangor-university,https://www.topuniversities.com/sites/default/files/230815120010pm252072BU-logot-90x90.jpg,40.8,201+,62.5,201+,73.8,201+,46.7,201+
551-700,567,Baruch College,United States,New York City,North America,n/a,https://www.topuniversities.com/universities/baruch-college,https://www.topuniversities.com/sites/default/files/baruch-college_592560de9988f300e23206b5_medium.jpg,41.5,201+,68.9,201+,82.1,201+,41.7,201+
551-700,568,Baylor University,United States,Waco,North America,n/a,https://www.topuniversities.com/universities/baylor-university,https://www.topuniversities.com/sites/default/files/250205073535pm517295download-90x90.jpg,42.4,201+,68.5,201+,80.3,201+,43.4,201+
551-700,569,Beijing Foreign Studies University,China (Mainland),Beijing,Asia,n/a,https://www.topuniversities.com/universities/beijing-foreign-studies-university,https://www.topuniversities.com/sites/default/files/beijing-foreign-studies-university_2020_medium.jpg,45.6,201+,58.2,201+,65.9,201+,46.6,201+
551-700,570,Bielefeld University,Germany,Bielefeld,Europe,n/a,https://www.topuniversities.com/universities/bielefeld-university,https://www.topuniversities.com/sites/default/files/universitt-bielefeld_57_medium.jpg,27.7,201+,69.4,201+,78,201+,45.6,201+
551-700,571,Bina Nusantara University (BINUS),Indonesia,Jakarta,Asia,n/a,https://www.topuniversities.com/universities/bina-nusantara-university-binus,https://www.topuniversities.com/sites/default/files/bina-nusantara-university-binus_937_medium.jpg,59.7,201+,62.5,201+,74.6,201+,37.8,201+
551-700,572,Binghamton University SUNY,United States,Binghamton,North America,n/a,https://www.topuniversities.com/universities/binghamton-university-suny,https://www.topuniversities.com/sites/default/files/binghamton-university-suny_592560cf2aeae70239af51d4_medium.jpg,53.3,201+,61.2,201+,69.3,201+,45.4,201+
551-700,573,"Birkbeck, University of London",United Kingdom,London,Europe,n/a,https://www.topuniversities.com/universities/birkbeck-university-london,https://www.topuniversities.com/sites/default/files/birkbeck-university-of-london_1636_medium.jpg,41.4,201+,67.5,201+,79.1,201+,40.3,201+
551-700,574,"University of Economics in Bratislava, Slovakia",Slovakia,Bratislava,Europe,n/a,https://www.topuniversities.com/universities/university-economics-bratislava-slovakia,,34.7,201+,67,201+,74.6,201+,48.5,201+
551-700,575,Budapest University of Technology and Economics,Hungary,Budapest,Europe,n/a,https://www.topuniversities.com/universities/budapest-university-technology-economics,https://www.topuniversities.com/sites/default/files/budapest-university-of-technology-and-economics_592560cf2aeae70239af4feb_medium.jpg,60.6,201+,60.5,201+,64.7,201+,42,201+
551-700,576,Capital University of Economics and Business,China (Mainland),Beijing,Asia,n/a,https://www.topuniversities.com/universities/capital-university-economics-business,,27.8,201+,80.8,=96,87.9,62,41.2,201+
551-700,577,Carleton University,Canada,Ottawa,North America,n/a,https://www.topuniversities.com/universities/carleton-university,https://www.topuniversities.com/sites/default/files/251126071407pm239929Carleton-University-Shield-90x90.jpg,49.6,201+,68.5,201+,76.6,201+,37.1,201+
551-700,578,Chandigarh University,India,Mohali,Asia,n/a,https://www.topuniversities.com/universities/chandigarh-university,https://www.topuniversities.com/sites/default/files/chandigarh-university_600ebd4710ca6037cb12c714_medium.jpg,65.9,=150,57.4,201+,65.9,201+,42.8,201+
551-700,579,Chongqing University,China (Mainland),Chongqing,Asia,n/a,https://www.topuniversities.com/universities/chongqing-university,https://www.topuniversities.com/sites/default/files/chongqing-university_873_medium.jpg,43.4,201+,79.6,=122,87.2,=79,30.8,201+
551-700,580,Comillas Pontifical University,Spain,Madrid,Europe,n/a,https://www.topuniversities.com/universities/comillas-pontifical-university,https://www.topuniversities.com/sites/default/files/241009094956am596302COMILLAS-300x300-90x90.jpg,65.2,=166,61.8,201+,66.1,201+,41.4,201+
551-700,581,Concordia University,Canada,Montreal,North America,n/a,https://www.topuniversities.com/universities/concordia-university,https://www.topuniversities.com/sites/default/files/concordia-university_592560cf2aeae70239af4b0e_medium.jpg,51.6,201+,69.4,201+,78.3,201+,39.1,201+
551-700,582,Cranfield University,United Kingdom,Bedford,Europe,n/a,https://www.topuniversities.com/universities/cranfield-university,https://www.topuniversities.com/sites/default/files/220318023223pm780246Cranf-logo-90x90.jpg,59.4,201+,66,201+,76.2,201+,34.3,201+
551-700,583,Czech University of Life Sciences in Prague,Czechia,Prague,Europe,n/a,https://www.topuniversities.com/universities/czech-university-life-sciences-prague,https://www.topuniversities.com/sites/default/files/240905010255pm429537CZU-logo-zelena-90x90.jpg,38.7,201+,60.5,201+,73.5,201+,45.7,201+
551-700,584,Daffodil International University,Bangladesh,Dhaka,Asia,n/a,https://www.topuniversities.com/universities/daffodil-international-university,https://www.topuniversities.com/sites/default/files/daffodil-international-university_592560cf2aeae70239af4dda_medium.jpg,48.2,201+,63.1,201+,65.7,201+,43.8,201+
551-700,585,ESCP Business School - Paris,France,Paris,Europe,n/a,https://www.topuniversities.com/universities/escp-business-school-paris,https://www.topuniversities.com/sites/default/files/escp-business-school-paris_592560cf2aeae70239af4b44_medium.jpg,68,124,57.4,201+,62.5,201+,45.4,201+
551-700,586,"El Colegio de México, A.C.",Mexico,Mexico City,Latin America,n/a,https://www.topuniversities.com/universities/el-colegio-de-mexico-ac,https://www.topuniversities.com/sites/default/files/el-colegio-de-mxico-a.c._592560cf2aeae70239af547b_medium.jpg,45.3,201+,57.4,201+,61.3,201+,56.5,201+
551-700,587,Escuela Superior Politécnica del Litoral (ESPOL),Ecuador,Guayaquil,Latin America,n/a,https://www.topuniversities.com/universities/escuela-superior-politecnica-del-litoral-espol,https://www.topuniversities.com/sites/default/files/escuela-superior-politcnica-del-litoral-espol_592560cf2aeae70239af547f_medium.jpg,61.7,201+,53.6,201+,55.2,201+,51.1,201+
551-700,588,Ewha Womans University,South Korea,Seoul,Asia,n/a,https://www.topuniversities.com/universities/ewha-womans-university,https://www.topuniversities.com/sites/default/files/ewha-womans-university_592560cf2aeae70239af4b38_medium.jpg,54,201+,56.5,201+,62.9,201+,47.7,201+
551-700,589,Feng Chia University,Taiwan,Taichung City,Asia,n/a,https://www.topuniversities.com/universities/feng-chia-university,https://www.topuniversities.com/sites/default/files/feng-chia-university_592560cf2aeae70239af4a87_medium.jpg,47.2,201+,66.5,201+,73.2,201+,42.2,201+
551-700,590,Florida Atlantic University - Boca Raton,United States,Boca Raton,North America,n/a,https://www.topuniversities.com/universities/florida-atlantic-university-boca-raton,https://www.topuniversities.com/sites/default/files/florida-atlantic-university-boca-raton_592560cf2aeae70239af5189_medium.jpg,47.6,201+,68.9,201+,82,201+,34.1,201+
551-700,591,Grenoble Ecole de Management,France,Grenoble,Europe,n/a,https://www.topuniversities.com/universities/grenoble-ecole-de-management,https://www.topuniversities.com/sites/default/files/260107013435pm506094GEM-Alpine-Business-School-90x90.jpg,49.4,201+,68,201+,77.5,201+,37.7,201+
551-700,592,Guangdong University of Foreign studies,China (Mainland),Guangzhou,Asia,n/a,https://www.topuniversities.com/universities/guangdong-university-foreign-studies,https://www.topuniversities.com/sites/default/files/guangdong-university-of-foreign-studies_592560e99988f300e23224bf_medium.jpg,50.5,201+,74.7,201+,85.9,=125,33.2,201+
551-700,593,Guru Gobind Singh Indraprastha University,India,New Delhi,Asia,n/a,https://www.topuniversities.com/universities/guru-gobind-singh-indraprastha-university,https://www.topuniversities.com/sites/default/files/230727040550pm423686IPU-logo-90x90.jpg,56.3,201+,59.7,201+,71.5,201+,44.8,201+
551-700,594,Hacettepe University ,Türkiye,Ankara,Asia,n/a,https://www.topuniversities.com/universities/hacettepe-university,https://www.topuniversities.com/sites/default/files/hacettepe-university-_592560cf2aeae70239af4d8c_medium.jpg,61.9,201+,61.8,201+,66,201+,43.4,201+
551-700,595,Hanken School of Economics,Finland,Helsinki,Europe,n/a,https://www.topuniversities.com/universities/hanken-school-economics,https://www.topuniversities.com/sites/default/files/240912104949am926931Hanken-SOE-Logo-Block-CMYK-90x90.jpg,27.3,201+,67.5,201+,80.4,201+,47.6,201+
551-700,596,Hiroshima University,Japan,Higashihiroshima City,Asia,n/a,https://www.topuniversities.com/universities/hiroshima-university,https://www.topuniversities.com/sites/default/files/hiroshima-university_264_medium.jpg,48,201+,62.5,201+,69.5,201+,47.9,201+
551-700,597,Hokkaido University,Japan,Sapporo,Asia,n/a,https://www.topuniversities.com/universities/hokkaido-university,https://www.topuniversities.com/sites/default/files/hokkaido-university_266_medium.jpg,62.6,201+,52.6,201+,59.6,201+,46.2,201+
551-700,598,Hunan University ,China (Mainland),Changsha,Asia,n/a,https://www.topuniversities.com/universities/hunan-university,https://www.topuniversities.com/sites/default/files/hunan-university-_592560cf2aeae70239af4df1_medium.jpg,41.6,201+,84.5,=49,89.9,=37,31.4,201+
551-700,599,IMD,Switzerland,Lausanne,Europe,n/a,https://www.topuniversities.com/universities/imd,https://www.topuniversities.com/sites/default/files/240821014727pm413862IMD-Logo-White-on-Blue-square-safe-space-RGB-90x90.jpg,59.9,201+,55.6,201+,67,201+,43,201+
551-700,600,Indira Gandhi Institute of Development and Research,India,Mumbai,Asia,n/a,https://www.topuniversities.com/universities/indira-gandhi-institute-development-research,https://www.topuniversities.com/sites/default/files/indira-gandhi-institute-of-development-and-research_592560cf2aeae70239af4e10_medium.jpg,27.9,201+,59.7,201+,65.6,201+,59.2,=186
551-700,601,Instituto Politécnico Nacional (IPN),Mexico,Ciudad de México,Latin America,n/a,https://www.topuniversities.com/universities/instituto-politecnico-nacional-ipn,https://www.topuniversities.com/sites/default/files/instituto-politcnico-nacional-ipn_592560cf2aeae70239af5483_medium.jpg,61.5,201+,57.4,201+,61.8,201+,43,201+
551-700,602,"International Islamic University, Islamabad (IIU)",Pakistan,Islamabad,Asia,n/a,https://www.topuniversities.com/universities/international-islamic-university-islamabad-iiu,https://www.topuniversities.com/sites/default/files/international-islamic-university-islamabad-iiu_592560cf2aeae70239af5319_medium.jpg,43.9,201+,64.3,201+,72.2,201+,46.6,201+
551-700,603,Interregional Academy of Personnel Management,Ukraine,Kyiv,Europe,n/a,https://www.topuniversities.com/universities/interregional-academy-personnel-management,https://www.topuniversities.com/sites/default/files/interregional-academy-of-personnel-management_592560cf2aeae70239af55cf_medium.jpg,54.9,201+,70.2,201+,76.1,201+,33.9,201+
551-700,604,Jagiellonian University,Poland,Krakow,Europe,n/a,https://www.topuniversities.com/universities/jagiellonian-university,https://www.topuniversities.com/sites/default/files/jagiellonian-university_300_medium.jpg,57.7,201+,57.4,201+,65.6,201+,45.6,201+
551-700,605,Jiangsu University,China (Mainland),Zhenjiang,Asia,n/a,https://www.topuniversities.com/universities/jiangsu-university,https://www.topuniversities.com/sites/default/files/jiangsu-university_592560cf2aeae70239af5aa9_medium.jpg,21,201+,79.6,=122,90,36,41.7,201+
551-700,606,Karl-Franzens-Universitaet Graz,Austria,Graz,Europe,n/a,https://www.topuniversities.com/universities/karl-franzens-universitaet-graz,https://www.topuniversities.com/sites/default/files/karl-franzens-universitaet-graz_236_medium.jpg,39.5,201+,68.5,201+,79.5,201+,44,201+
551-700,607,Kazan (Volga region) Federal University,Russia,Kazan,Europe,n/a,https://www.topuniversities.com/universities/kazan-volga-region-federal-university,https://www.topuniversities.com/sites/default/files/kazan-volga-region-federal-university_313_medium.jpg,56.8,201+,54.6,201+,64.1,201+,49.6,201+
551-700,608,King Faisal University,Saudi Arabia,Hofuf,Asia,n/a,https://www.topuniversities.com/universities/king-faisal-university,https://www.topuniversities.com/sites/default/files/king-faisal-university_592560cf2aeae70239af4f18_medium.jpg,50.8,201+,59,201+,67.4,201+,44.6,201+
551-700,609,Kozminski University,Poland,Warsaw,Europe,n/a,https://www.topuniversities.com/universities/kozminski-university,https://www.topuniversities.com/sites/default/files/241001072919am874802Logo-KOZMINSKI-DEEP-WATER-90x90.jpg,44,201+,66.5,201+,73,201+,45.2,201+
551-700,610,Kyiv National Economic University named after Vadym Hetman,Ukraine,Kyiv,Europe,n/a,https://www.topuniversities.com/universities/kyiv-national-economic-university-named-after-vadym-hetman,https://www.topuniversities.com/sites/default/files/230717025545pm476101%D0%9B%D0%BE%D0%B3%D0%BE%D1%82%D0%B8%D0%BF-%D0%9A%D0%9D%D0%95%D0%A3-%D0%BE%D1%81%D0%BD%D0%BE%D0%B2%D0%BD%D0%B8%D0%B9-90x90.jpg,53.2,201+,60.5,201+,67.9,201+,43.2,201+
551-700,611,Lahore School of Economics,Pakistan,Lahore,Asia,n/a,https://www.topuniversities.com/universities/lahore-school-economics,https://www.topuniversities.com/sites/default/files/221124113954am693760Lahore-School-Of-Economics-LSE-90x90.jpg,50,201+,62.5,201+,72.4,201+,44,201+
551-700,612,London School of Hygiene & Tropical Medicine,United Kingdom,London,Europe,n/a,https://www.topuniversities.com/universities/london-school-hygiene-tropical-medicine,https://www.topuniversities.com/sites/default/files/london-school-of-hygiene-and-tropical-medicine_592560cf2aeae70239af4bed_medium.jpg,44.9,201+,57.4,201+,69.8,201+,50,201+
551-700,613,Louisiana State University,United States,Baton Rouge,North America,n/a,https://www.topuniversities.com/universities/louisiana-state-university,https://www.topuniversities.com/sites/default/files/211217042229pm466378LSU-Logo-90x90.jpg,44.8,201+,68.5,201+,80.5,201+,38.4,201+
551-700,614,Lovely Professional University (LPU),India,Chaheru,Asia,n/a,https://www.topuniversities.com/universities/lovely-professional-university-lpu,https://www.topuniversities.com/sites/default/files/Logo-2-90x90.jpg,61,201+,59,201+,66.6,201+,40.9,201+
551-700,615,"Manipal Academy of Higher Education, Manipal, Karnataka, India",India,Manipal,Asia,n/a,https://www.topuniversities.com/universities/manipal-academy-higher-education-manipal-karnataka-india,https://www.topuniversities.com/sites/default/files/manipal-academy-of-higher-education_592560cf2aeae70239af4e15_medium.jpg,50.7,201+,69.4,201+,78.8,201+,35.9,201+
551-700,616,Marmara University,Türkiye,Istanbul,Asia,n/a,https://www.topuniversities.com/universities/marmara-university,https://www.topuniversities.com/sites/default/files/marmara-university_592560e79988f300e232216a_medium.jpg,55.1,201+,55.6,201+,64.2,201+,48.3,201+
551-700,617,Masaryk University,Czechia,Brno,Europe,n/a,https://www.topuniversities.com/universities/masaryk-university,https://www.topuniversities.com/sites/default/files/masaryk-university_592560cf2aeae70239af4d5a_medium.jpg,51.7,201+,68,201+,74.6,201+,42.4,201+
551-700,618,Mutah University,Jordan,Mu'tah,Asia,n/a,https://www.topuniversities.com/universities/mutah-university,https://www.topuniversities.com/sites/default/files/mutah-university_592560e29988f300e232134e_medium.jpg,55.6,201+,59.7,201+,61.5,201+,43.9,201+
551-700,620,Nanchang University,China (Mainland),Nanchang,Asia,n/a,https://www.topuniversities.com/universities/nanchang-university,https://www.topuniversities.com/sites/default/files/nanchang-university_592560cf2aeae70239af5280_medium.jpg,31.7,201+,84.1,=52,97.2,6,25.2,201+
551-700,621,Nanjing Audit University,China (Mainland),Nanjing,Asia,n/a,https://www.topuniversities.com/universities/nanjing-audit-university,,32.5,201+,77.7,=157,87.2,=79,36.2,201+
551-700,622,Nanjing University of Posts and Telecommunications,China (Mainland),Nanjing,Asia,n/a,https://www.topuniversities.com/universities/nanjing-university-posts-telecommunications,https://www.topuniversities.com/sites/default/files/250129090441am397067%E5%8D%97%E4%BA%AC%E9%82%AE%E7%94%B5%E5%A4%A7%E5%AD%A6%E6%A0%A1%E6%A0%87%E5%8F%8A%E6%A0%87%E5%87%86%E5%AD%97%E4%BD%93-90x90.jpg,49.7,201+,59.7,201+,63.4,201+,47.5,201+
551-700,623,Nanjing University of Science and Technology,China (Mainland),Nanjing,Asia,n/a,https://www.topuniversities.com/universities/nanjing-university-science-technology,https://www.topuniversities.com/sites/default/files/nanjing-university-of-science-and-technology_592560cf2aeae70239af525a_medium.jpg,45.8,201+,75.7,201+,87.5,=70,32.3,201+
551-700,624,Narxoz University,Kazakhstan,Almaty,Asia,n/a,https://www.topuniversities.com/universities/narxoz-university,https://www.topuniversities.com/sites/default/files/240606111610am226052200T%D0%95200-90x90.jpg,48.6,201+,50.3,201+,59.9,201+,52.2,201+
551-700,625,National Technical University of Athens,Greece,Athens,Europe,n/a,https://www.topuniversities.com/universities/national-technical-university-athens,https://www.topuniversities.com/sites/default/files/national-technical-university-of-athens_592560cf2aeae70239af4aa3_medium.jpg,61.8,201+,57.4,201+,66.4,201+,42.5,201+
551-700,626,"National Technical University of Ukraine ""Igor Sikorsky Kyiv Polytechnic Institute""",Ukraine,Kyiv,Europe,n/a,https://www.topuniversities.com/universities/national-technical-university-ukraine-igor-sikorsky-kyiv-polytechnic-institute,https://www.topuniversities.com/sites/default/files/national-technical-university-of-ukraine-igor-sikorsky-kyiv-polytechnic-institute_592560cf2aeae70239af55b9_medium.jpg,62.2,201+,57.4,201+,58.6,201+,43.1,201+
551-700,627,National Yang Ming Chiao Tung University (NYCU Taiwan),Taiwan,Hsinchu City,Asia,n/a,https://www.topuniversities.com/universities/national-yang-ming-chiao-tung-university-nycu-taiwan,https://www.topuniversities.com/sites/default/files/230525091126am408938230525%40400x-100-90x90.jpg,61.9,201+,59.7,201+,66.1,201+,40.9,201+
551-700,628,Oklahoma State University,United States,Stillwater,North America,n/a,https://www.topuniversities.com/universities/oklahoma-state-university,https://www.topuniversities.com/sites/default/files/oklahoma-state-university-_592560cf2aeae70239af5345_medium.jpg,44.7,201+,69.4,201+,82.3,201+,33.8,201+
551-700,629,Oregon State University,United States,Corvallis,North America,n/a,https://www.topuniversities.com/universities/oregon-state-university,https://www.topuniversities.com/sites/default/files/oregon-state-university_592560cf2aeae70239af4dc3_medium.jpg,44.4,201+,66,201+,78.5,201+,45.1,201+
551-700,630,Poznan University of Economics,Poland,Poznan,Europe,n/a,https://www.topuniversities.com/universities/poznan-university-economics,https://www.topuniversities.com/sites/default/files/220316123242pm272873ekon-90x90.jpg,43.3,201+,69.4,201+,75,201+,45.4,201+
551-700,631,Pukyong National University ,South Korea,Busan,Asia,n/a,https://www.topuniversities.com/universities/pukyong-national-university,https://www.topuniversities.com/sites/default/files/pukyong-national-university-_592560cf2aeae70239af4ec4_medium.jpg,51.5,201+,67.5,201+,73.3,201+,39,201+
551-700,632,Qingdao University,China (Mainland),Qingdao,Asia,n/a,https://www.topuniversities.com/universities/qingdao-university,https://www.topuniversities.com/sites/default/files/210705085004am885158%E6%A0%A1%E5%BE%BD-90x90.jpg,35.4,201+,82.9,=64,93.4,15,31.3,201+
551-700,633,Rennes School of Business,France,"Rennes,",Europe,n/a,https://www.topuniversities.com/universities/rennes-school-business,https://www.topuniversities.com/sites/default/files/230109035739pm488405Logo-Rennes-SB-200-90x90.jpg,46.5,201+,72.2,201+,81.3,201+,36.2,201+
551-700,634,Ruhr-Universität Bochum,Germany,Bochum,Europe,n/a,https://www.topuniversities.com/universities/ruhr-universitat-bochum,https://www.topuniversities.com/sites/default/files/ruhr-universitt-bochum_537_medium.jpg,44.3,201+,66.5,201+,78.9,201+,38.9,201+
551-700,635,Russian Presidential Academy of National Economy and Public Administration,Russia,Moscow,Europe,n/a,https://www.topuniversities.com/universities/russian-presidential-academy-national-economy-public-administration,https://www.topuniversities.com/sites/default/files/russian-presidential-academy-of-national-economy-and-public-administration_14961_medium.jpg,53,201+,68,201+,64.9,201+,44.4,201+
551-700,636,Rutgers University–Newark,United States,Newark,North America,n/a,https://www.topuniversities.com/universities/rutgers-university-newark,https://www.topuniversities.com/sites/default/files/rutgers-the-state-university-of-new-jersey_592560cf2aeae70239af52b1_medium.jpg,43.9,201+,64.3,201+,78.3,201+,42.3,201+
551-700,637,Shandong University of Finance and Economics,China (Mainland),Shandong,Asia,n/a,https://www.topuniversities.com/universities/shandong-university-finance-economics,,27.1,201+,73.3,201+,85.6,=135,41,201+
551-700,638,Southeast University,China (Mainland),Nanjing,Asia,n/a,https://www.topuniversities.com/universities/southeast-university,https://www.topuniversities.com/sites/default/files/southeast-university_568_medium.jpg,57,201+,74,201+,80.6,201+,27.5,201+
551-700,639,"Stony Brook University, State University of New York",United States,Stony Brook,North America,n/a,https://www.topuniversities.com/universities/stony-brook-university-state-university-new-york,https://www.topuniversities.com/sites/default/files/stony-brook-university-state-university-of-new-york_592560cf2aeae70239af4ccb_medium.jpg,49.2,201+,63.1,201+,73.3,201+,46.3,201+
551-700,640,Swiss Finance Institute,Switzerland,Zürich,Europe,n/a,https://www.topuniversities.com/universities/swiss-finance-institute,,29.3,201+,74.7,201+,88,=60,41.7,201+
551-700,641,Symbiosis International (Deemed University),India,Pune,Asia,n/a,https://www.topuniversities.com/universities/symbiosis-international-deemed-university,https://www.topuniversities.com/sites/default/files/231020084546am287151Symbiosis-International-University-Logo-90x90.jpg,56.5,201+,68.5,201+,75.6,201+,38.3,201+
551-700,642,Széchenyi István University (University of Győr),Hungary,Győr,Europe,n/a,https://www.topuniversities.com/universities/szechenyi-istvan-university-university-gyor,https://www.topuniversities.com/sites/default/files/210825073941am374202sze-logo-allo-RGB-dark-blue-bg-90x90.jpg,56,201+,59,201+,67.4,201+,41.1,201+
551-700,643,TU Dortmund University,Germany,Dortmund,Europe,n/a,https://www.topuniversities.com/universities/tu-dortmund-university,https://www.topuniversities.com/sites/default/files/tu-dortmund-university_592560cf2aeae70239af4b24_medium.jpg,52.7,201+,68,201+,77.4,201+,34.2,201+
551-700,644,Temple University,United States,Philadelphia,North America,n/a,https://www.topuniversities.com/universities/temple-university,https://www.topuniversities.com/sites/default/files/260227034612pm664097BIG-T-90x90.jpg,45,201+,68,201+,79,201+,41.3,201+
551-700,645,Texas Tech University,United States,Lubbock,North America,n/a,https://www.topuniversities.com/universities/texas-tech-university,https://www.topuniversities.com/sites/default/files/texas-tech-university_592560cf2aeae70239af51b2_medium.jpg,53.3,201+,70.2,201+,79.1,201+,35.5,201+
551-700,646,"The University of Tennessee, Knoxville",United States,Knoxville,North America,n/a,https://www.topuniversities.com/universities/university-tennessee-knoxville,https://www.topuniversities.com/sites/default/files/the-university-of-tennessee-knoxville_603_medium.jpg,46,201+,67,201+,81,201+,37.5,201+
551-700,647,Tomas Bata University in Zlin,Czechia,Zlin,Europe,n/a,https://www.topuniversities.com/universities/tomas-bata-university-zlin,https://www.topuniversities.com/sites/default/files/tomas-bata-university-in-zlin_1234_medium.jpg,37.4,201+,73,201+,82.3,201+,35.1,201+
551-700,648,Universidad Espíritu Santo (UEES),Ecuador,Samborondón,Latin America,n/a,https://www.topuniversities.com/universities/universidad-espiritu-santo-uees,https://www.topuniversities.com/sites/default/files/universidad-espritu-santo_592560cf2aeae70239af5629_medium.jpg,56.2,201+,63.7,201+,67.8,201+,44,201+
551-700,649,Universidad de Concepción,Chile,Concepción,Latin America,n/a,https://www.topuniversities.com/universities/universidad-de-concepcion,https://www.topuniversities.com/sites/default/files/universidad-de-concepcin_1700_medium.jpg,62.4,201+,59.7,201+,63,201+,42.9,201+
551-700,650,Universidad de Oviedo,Spain,Oviedo,Europe,n/a,https://www.topuniversities.com/universities/universidad-de-oviedo,https://www.topuniversities.com/sites/default/files/universidad-de-oviedo_592560cf2aeae70239af5070_medium.jpg,41.8,201+,70.2,201+,78.8,201+,37.3,201+
551-700,651,Universidad de Zaragoza,Spain,Zaragoza,Europe,n/a,https://www.topuniversities.com/universities/universidad-de-zaragoza,https://www.topuniversities.com/sites/default/files/universidad-de-zaragoza_691_medium.jpg,39.5,201+,70.2,201+,76.2,201+,45.6,201+
551-700,652,Universidad de la República (Udelar),Uruguay,Montevideo,Latin America,n/a,https://www.topuniversities.com/universities/universidad-de-la-republica-udelar,https://www.topuniversities.com/sites/default/files/universidad-de-la-repblica-udelar_592560cf2aeae70239af515e_medium.jpg,48.9,201+,63.7,201+,67.3,201+,49.4,201+
551-700,653,Universidad del Norte ,Colombia,Barranquilla,Latin America,n/a,https://www.topuniversities.com/universities/universidad-del-norte,https://www.topuniversities.com/sites/default/files/universidad-del-norte-_592560cf2aeae70239af54ec_medium.jpg,59.2,201+,58.2,201+,65.2,201+,44,201+
551-700,654,Universidade Federal de Santa Catarina ,Brazil,Florianópolis,Latin America,n/a,https://www.topuniversities.com/universities/universidade-federal-de-santa-catarina,https://www.topuniversities.com/sites/default/files/universidade-federal-de-santa-catarina_2746_medium.jpg,46.2,201+,66,201+,79.8,201+,38.6,201+
551-700,655,Universidade de Brasília,Brazil,Brasília,Latin America,n/a,https://www.topuniversities.com/universities/universidade-de-brasilia,https://www.topuniversities.com/sites/default/files/universidade-de-braslia_1726_medium.jpg,50.9,201+,62.5,201+,72.1,201+,45.6,201+
551-700,656,Universitatea de Vest din Timisoara /  West University of Timisoara,Romania,Timișoara,Europe,n/a,https://www.topuniversities.com/universities/universitatea-de-vest-din-timisoara-west-university-timisoara,https://www.topuniversities.com/sites/default/files/universitatea-de-vest-din-timisoara-west-university-of-timisoara_592560cf2aeae70239af5054_medium.jpg,47.6,201+,69.4,201+,75.2,201+,37.5,201+
551-700,657,Universiti Brunei Darussalam (UBD),Brunei,Bandar Seri Begawan,Asia,n/a,https://www.topuniversities.com/universities/universiti-brunei-darussalam-ubd,https://www.topuniversities.com/sites/default/files/universiti-brunei-darussalam-ubd_22212_medium.jpg,42.7,201+,63.1,201+,71.3,201+,48.7,201+
551-700,658,Universiti Tunku Abdul Rahman (UTAR),Malaysia,Kampar,Asia,n/a,https://www.topuniversities.com/universities/universiti-tunku-abdul-rahman-utar,https://www.topuniversities.com/sites/default/files/universiti-tunku-abdul-rahman-utar_592560cf2aeae70239af5243_medium.jpg,51,201+,64.3,201+,74,201+,42.4,201+
551-700,659,University College Cork,Ireland,Cork,Europe,n/a,https://www.topuniversities.com/universities/university-college-cork,https://www.topuniversities.com/sites/default/files/250831075941pm373153UCC-Master-Logo-2025-RGB-DIGITAL-90x90.jpg,59.4,201+,64.9,201+,71.8,201+,40.4,201+
551-700,660,University Duesseldorf,Germany,Düsseldorf,Europe,n/a,https://www.topuniversities.com/universities/university-duesseldorf,https://www.topuniversities.com/sites/default/files/university-duesseldorf_171_medium.jpg,46.2,201+,68,201+,77.6,201+,39.4,201+
551-700,661,University at Buffalo SUNY,United States,Buffalo,North America,n/a,https://www.topuniversities.com/universities/university-buffalo-suny,https://www.topuniversities.com/sites/default/files/university-at-buffalo-suny_1888_medium.jpg,51.4,201+,64.3,201+,80.6,201+,40.6,201+
551-700,662,University of Bayreuth,Germany,Bayreuth,Europe,n/a,https://www.topuniversities.com/universities/university-bayreuth,https://www.topuniversities.com/sites/default/files/university-of-bayreuth_592560cf2aeae70239af4ab4_medium.jpg,44,201+,71,201+,79.9,201+,38.8,201+
551-700,663,University of Calabria,Italy,Rende,Europe,n/a,https://www.topuniversities.com/universities/university-calabria,https://www.topuniversities.com/sites/default/files/university-of-calabria_592560cf2aeae70239af5821_medium.jpg,41.4,201+,64.9,201+,70.9,201+,44.7,201+
551-700,664,"University of California, Riverside",United States,Riverside,North America,n/a,https://www.topuniversities.com/universities/university-california-riverside,https://www.topuniversities.com/sites/default/files/230328051801pm377649UCR-200x200-90x90.jpg,44.2,201+,66.5,201+,75,201+,38.7,201+
551-700,665,"University of California, Santa Cruz",United States,Santa Cruz,North America,n/a,https://www.topuniversities.com/universities/university-california-santa-cruz,https://www.topuniversities.com/sites/default/files/university-of-california-santa-cruz_92_medium.jpg,43.3,201+,63.7,201+,74.6,201+,40.8,201+
551-700,666,University of Cyprus (UCY),Cyprus,Nicosia,Europe,n/a,https://www.topuniversities.com/universities/university-cyprus-ucy,https://www.topuniversities.com/sites/default/files/university-of-cyprus-ucy_14238_medium.jpg,43.3,201+,64.9,201+,75.2,201+,43.8,201+
551-700,667,University of Dundee.,United Kingdom,Dundee,Europe,n/a,https://www.topuniversities.com/universities/university-dundee,https://www.topuniversities.com/sites/default/files/241024102555am216937UoD-shield-RGB-90x90.jpg,50.3,201+,68.9,201+,75.3,201+,36.6,201+
551-700,668,University of Electronic Science and Technology of China,China (Mainland),Chengdu,Asia,n/a,https://www.topuniversities.com/universities/university-electronic-science-technology-china,https://www.topuniversities.com/sites/default/files/university-of-electronic-science-and-technology-of-china_2009_medium.jpg,53.7,201+,66,201+,79,201+,33.2,201+
551-700,669,University of Genoa,Italy,Genoa,Europe,n/a,https://www.topuniversities.com/universities/university-genoa,https://www.topuniversities.com/sites/default/files/university-of-genoa_592560cf2aeae70239af4b62_medium.jpg,50.4,201+,64.9,201+,73.1,201+,44.7,201+
551-700,670,University of Greenwich,United Kingdom,London,Europe,n/a,https://www.topuniversities.com/universities/university-greenwich,https://www.topuniversities.com/sites/default/files/university-of-greenwich_592560cf2aeae70239af50f0_medium.jpg,41.8,201+,71.4,201+,82.7,201+,38.3,201+
551-700,671,University of Hohenheim,Germany,Stuttgart,Europe,n/a,https://www.topuniversities.com/universities/university-hohenheim,https://www.topuniversities.com/sites/default/files/university-of-hohenheim_592560cf2aeae70239af4fcd_medium.jpg,36.6,201+,72.6,201+,82.4,201+,37.5,201+
551-700,672,University of Huddersfield,United Kingdom,Huddersfield,Europe,n/a,https://www.topuniversities.com/universities/university-huddersfield,https://www.topuniversities.com/sites/default/files/university-of-huddersfield_592560cf2aeae70239af4cac_medium.jpg,47.2,201+,71.4,201+,81.9,201+,32,201+
551-700,673,University of Kansas,United States,Lawrence,North America,n/a,https://www.topuniversities.com/universities/university-kansas,https://www.topuniversities.com/sites/default/files/university-of-kansas_309_medium.jpg,51.7,201+,68,201+,77.8,201+,37.9,201+
551-700,674,University of Kent,United Kingdom,Canterbury,Europe,n/a,https://www.topuniversities.com/universities/university-kent,https://www.topuniversities.com/sites/default/files/university-of-kent_315_medium.jpg,51,201+,72.6,201+,79.8,201+,35.6,201+
551-700,675,University of Lagos,Nigeria,Lagos,Africa,n/a,https://www.topuniversities.com/universities/university-lagos,https://www.topuniversities.com/sites/default/files/220318014704pm414721lagos-90x90.jpg,49.2,201+,67,201+,76,201+,42.7,201+
551-700,676,University of Limerick,Ireland,Limerick,Europe,n/a,https://www.topuniversities.com/universities/university-limerick,https://www.topuniversities.com/sites/default/files/university-of-limerick_592560cf2aeae70239af4be0_medium.jpg,56.4,201+,57.4,201+,72.9,201+,42.2,201+
551-700,677,University of Ljubljana,Slovenia,Ljubljana,Europe,n/a,https://www.topuniversities.com/universities/university-ljubljana,https://www.topuniversities.com/sites/default/files/university-of-ljubljana_351_medium.jpg,41.5,201+,68.5,201+,73.9,201+,45.1,201+
551-700,678,University of Lodz,Poland,Lodz,Europe,n/a,https://www.topuniversities.com/universities/university-lodz,https://www.topuniversities.com/sites/default/files/university-of-lodz_592560cf2aeae70239af4be4_medium.jpg,39.2,201+,68.9,201+,73.1,201+,42.8,201+
551-700,679,University of Macau,Macau SAR,,Asia,n/a,https://www.topuniversities.com/universities/university-macau,https://www.topuniversities.com/sites/default/files/university-of-macau_14378_medium.jpg,50.6,201+,67.5,201+,76.4,201+,37,201+
551-700,680,University of Management and Technology,Pakistan,Lahore,Asia,n/a,https://www.topuniversities.com/universities/university-management-technology,https://www.topuniversities.com/sites/default/files/university-of-management-and-technology_2188_medium.jpg,43.9,201+,71.4,201+,80.9,201+,41.4,201+
551-700,681,University of Minho,Portugal,Braga,Europe,n/a,https://www.topuniversities.com/universities/university-minho,https://www.topuniversities.com/sites/default/files/university-of-minho_1476_medium.jpg,45,201+,68,201+,74.4,201+,39.7,201+
551-700,682,University of New England Australia,Australia,Armidale,Oceania,n/a,https://www.topuniversities.com/universities/university-new-england-australia,https://www.topuniversities.com/sites/default/files/university-of-new-england-australia_592560cf2aeae70239af4dd3_medium.jpg,45.5,201+,64.9,201+,75.3,201+,43.1,201+
551-700,684,University of Oklahoma,United States,Norman,North America,n/a,https://www.topuniversities.com/universities/university-oklahoma,https://www.topuniversities.com/sites/default/files/university-of-oklahoma_467_medium.jpg,47.8,201+,70.6,201+,80,201+,36.8,201+
551-700,685,University of Oregon,United States,Eugene,North America,n/a,https://www.topuniversities.com/universities/university-oregon,https://www.topuniversities.com/sites/default/files/university-of-oregon_592560cf2aeae70239af4c58_medium.jpg,49.8,201+,70.6,201+,81.4,201+,36,201+
551-700,686,University of Salamanca,Spain,Salamanca,Europe,n/a,https://www.topuniversities.com/universities/university-salamanca,https://www.topuniversities.com/sites/default/files/university-of-salamanca_544_medium.jpg,52.1,201+,64.3,201+,72.7,201+,40.9,201+
551-700,687,University of South Florida,United States,Tampa,North America,n/a,https://www.topuniversities.com/universities/university-south-florida,https://www.topuniversities.com/sites/default/files/Webp.net-resizeimage-90-90x90.jpg,50.5,201+,62.5,201+,77.8,201+,37.5,201+
551-700,688,University of Tartu,Estonia,Tartu,Europe,n/a,https://www.topuniversities.com/universities/university-tartu,https://www.topuniversities.com/sites/default/files/university-of-tartu_592560cf2aeae70239af4d08_medium.jpg,50.2,201+,66,201+,67.6,201+,44.8,201+
551-700,689,University of Tasmania,Australia,Hobart,Oceania,n/a,https://www.topuniversities.com/universities/university-tasmania,https://www.topuniversities.com/sites/default/files/250410012459am759799UniTas-BM-V-Pos-Col-RGB-250x250-90x90.jpg,45.3,201+,70.2,201+,77.8,201+,40.2,201+
551-700,690,University of Tehran,Iran,Tehran,Asia,n/a,https://www.topuniversities.com/universities/university-tehran,https://www.topuniversities.com/sites/default/files/university-of-tehran_699_medium.jpg,43.3,201+,81.1,=92,87.5,=70,27.6,201+
551-700,691,University of Turku,Finland,Turku,Europe,n/a,https://www.topuniversities.com/universities/university-turku,https://www.topuniversities.com/sites/default/files/university-of-turku_592560cf2aeae70239af4cfe_medium.jpg,41.4,201+,66,201+,80.3,201+,45.5,201+
551-700,692,Universität Bremen,Germany,Bremen,Europe,n/a,https://www.topuniversities.com/universities/universitat-bremen,https://www.topuniversities.com/sites/default/files/universitt-bremen_67_medium.jpg,42.3,201+,65.4,201+,78.4,201+,42.1,201+
551-700,693,Université Paris-Nanterre,France,Paris,Europe,n/a,https://www.topuniversities.com/universities/universite-paris-nanterre,https://www.topuniversities.com/sites/default/files/universit-paris-ouest-nanterre-la-dfense_489_medium.jpg,40.3,201+,70.2,201+,77.9,201+,44.3,201+
551-700,694,Université de Liège,Belgium,Liège,Europe,n/a,https://www.topuniversities.com/universities/universite-de-liege,https://www.topuniversities.com/sites/default/files/universit-de-lige_592560cf2aeae70239af4bd9_medium.jpg,49.8,201+,63.1,201+,74.7,201+,42,201+
551-700,695,V. N. Karazin Kharkiv National University,Ukraine,Kharkiv,Europe,n/a,https://www.topuniversities.com/universities/v-n-karazin-kharkiv-national-university,https://www.topuniversities.com/sites/default/files/v.-n.-karazin-kharkiv-national-university_19511_medium.jpg,55.2,201+,62.5,201+,66,201+,39.7,201+
551-700,696,Van Lang University,Vietnam,Ho Chi Minh City,Asia,n/a,https://www.topuniversities.com/universities/van-lang-university,https://www.topuniversities.com/sites/default/files/230418061805am147438QS-Logo-90x90.jpg,49.7,201+,73.3,201+,81.4,201+,32.5,201+
551-700,697,Wake Forest University,United States,Winston-Salem,North America,n/a,https://www.topuniversities.com/universities/wake-forest-university,https://www.topuniversities.com/sites/default/files/wake-forest-university_661_medium.jpg,43.6,201+,64.3,201+,75.1,201+,40.4,201+
551-700,698,Xi'an Jiaotong Liverpool University,China (Mainland),Suzhou,Asia,n/a,https://www.topuniversities.com/universities/xian-jiaotong-liverpool-university,https://www.topuniversities.com/sites/default/files/xian-jiaotong-liverpool-university_592560cf2aeae70239af581d_medium.jpg,46,201+,67.5,201+,79.7,201+,37.1,201+
551-700,699,Yarmouk University,Jordan,Irbid,Asia,n/a,https://www.topuniversities.com/universities/yarmouk-university,https://www.topuniversities.com/sites/default/files/yarmouk-university_592560cf2aeae70239af4e72_medium.jpg,55.9,201+,59,201+,65.1,201+,46.3,201+
551-700,700,Yildiz Technical University,Türkiye,Istanbul,Asia,n/a,https://www.topuniversities.com/universities/yildiz-technical-university,https://www.topuniversities.com/sites/default/files/yildiz-technical-university_592560cf2aeae70239af5aa4_medium.jpg,59.4,201+,61.2,201+,66.8,201+,41.6,201+
551-700,701,École Nationale de la Statistique et de l’Analyse de l’Information (ENSAI),France,Bruz,Europe,n/a,https://www.topuniversities.com/universities/ecole-nationale-de-la-statistique-et-de-lanalyse-de-linformation-ensai,https://www.topuniversities.com/sites/default/files/newman-university-college_2100_large.jpg,26.7,201+,71.4,201+,90.9,27,39.4,201+
551-700,702,École Normale Supérieure de Lyon,France,Lyon,Europe,n/a,https://www.topuniversities.com/universities/ecole-normale-superieure-de-lyon,https://www.topuniversities.com/sites/default/files/cole-normale-suprieure-de-lyon_175_medium.jpg,53.7,201+,64.9,201+,71.3,201+,42.3,201+
