rank_display,rank,name,country,city,region,overall_score,url,logo,citations_per_faculty_score,citations_per_faculty_rank,academic_reputation_score,academic_reputation_rank,faculty_student_ratio_score,faculty_student_ratio_rank,employer_reputation_score,employer_reputation_rank,employment_outcomes_score,employment_outcomes_rank,international_student_ratio_score,international_student_ratio_rank,international_research_network_score,international_research_network_rank,international_faculty_ratio_score,international_faculty_ratio_rank,international_student_diversity_score,international_student_diversity_rank,sustainability_score_score,sustainability_score_rank
1,1,Massachusetts Institute of Technology (MIT),United States,Cambridge,North America,100,https://www.topuniversities.com/universities/massachusetts-institute-technology-mit,https://www.topuniversities.com/sites/default/files/massachusetts-institute-of-technology-mit_410_medium.jpg,100,7,100,4,100,16,100,2,100,7,91.6,153,94.1,98,100,63,92.3,130,93.8,33
2,2,Imperial College London,United Kingdom,London,Europe,99.4,https://www.topuniversities.com/universities/imperial-college-london,https://www.topuniversities.com/sites/default/files/240430033452pm869301QS-Imperial-Logo-white-text-blue-background-90x90.jpg,95,69,99.6,22,99.3,42,100,9,95.9,68,100,35,97.5,28,100,74,100,22,98.3,=7
3,3,Stanford University,United States,Stanford,North America,98.9,https://www.topuniversities.com/universities/stanford-university,https://www.topuniversities.com/sites/default/files/stanford-university_573_medium.jpg,99.7,24,100,5,100,17,100,3,100,2,73.5,261,96.5,49,94.2,188,76.1,230,95.4,=19
4,4,University of Oxford,United Kingdom,Oxford,Europe,97.9,https://www.topuniversities.com/universities/university-oxford,https://www.topuniversities.com/sites/default/files/university-of-oxford_478_medium.jpg,91,98,100,2,100,9,100,4,100,3,98.6,80,100,1,98.8,132,98.7,67,77.9,=198
5,5,Harvard University,United States,Cambridge,North America,97.7,https://www.topuniversities.com/universities/harvard-university,https://www.topuniversities.com/sites/default/files/harvard-university_253_medium.jpg,100,1,100,1,98.3,50,100,1,100,1,81.4,217,99.4,8,79.1,300,60.6,335,77.8,=201
6,6,University of Cambridge,United Kingdom,Cambridge,Europe,97.2,https://www.topuniversities.com/universities/university-cambridge,https://www.topuniversities.com/sites/default/files/university-of-cambridge_95_medium.jpg,88.6,107,100,3,100,23,100,5,100,5,93.1,144,99.2,12,100,80,93.6,120,78.4,194
7,7,ETH Zurich,Switzerland,Zürich,Europe,96.7,https://www.topuniversities.com/universities/eth-zurich,https://www.topuniversities.com/sites/default/files/eth-zurich-swiss-federal-institute-of-technology_201_medium.jpg,98.8,40,99.7,18,71.7,214,96.3,42,95,76,99.3,58,95.8,64,100,28,73.9,241,99.6,2
8,8,National University of Singapore (NUS),Singapore,Singapore,Asia,95.9,https://www.topuniversities.com/universities/national-university-singapore-nus,https://www.topuniversities.com/sites/default/files/national-university-of-singapore-nus_443_medium.jpg,95.9,64,99.9,14,71.5,216,98.2,32,100,9,96.9,101,92.4,140,100,37,72.1,253,90,=63
9,9,UCL,United Kingdom,London,Europe,95.8,https://www.topuniversities.com/universities/ucl,https://www.topuniversities.com/sites/default/files/240209111134am850728QS-UCL-icon-90x90.jpg,80.9,151,99.9,15,94.8,77,99.4,18,89.3,111,100,27,99.9,2,99.6,108,100,17,98.5,=5
10,10,California Institute of Technology (Caltech),United States,Pasadena,North America,94.3,https://www.topuniversities.com/universities/california-institute-technology-caltech,https://www.topuniversities.com/sites/default/files/california-institute-of-technology-caltech_94_medium.jpg,100,3,98.3,33,100,5,99.2,23,49.1,352,90.7,161,61.8,665,100,65,91.4,136,79.2,185
11,11,The University of Hong Kong,Hong Kong SAR,Hong Kong,Asia,94.2,https://www.topuniversities.com/universities/university-hong-kong,https://www.topuniversities.com/sites/default/files/250912101330am198735HKUcolour-low-resolution-90x90.jpg,96.6,60,99.3,27,85.3,131,82.5,97,99.8,15,100,38,82.3,305,100,31,100,24,84.8,=112
12,12,"Nanyang Technological University, Singapore (NTU Singapore)",Singapore,Singapore,Asia,93.7,https://www.topuniversities.com/universities/nanyang-technological-university-singapore-ntu-singapore,https://www.topuniversities.com/sites/default/files/nanyang-technological-university-singapore-ntu_592560cf2aeae70239af4c32_medium.jpg,94.6,76,97.1,42,83.9,148,91.4,67,87.7,121,93.1,145,86.9,217,100,43,93.6,121,87.2,88
13,13,University of Chicago,United States,Chicago,North America,93,https://www.topuniversities.com/universities/university-chicago,https://www.topuniversities.com/sites/default/files/university-of-chicago_120_medium.jpg,78.1,164,99.8,17,97.3,62,99.3,21,99.8,16,92.8,148,87.7,207,86.1,254,69.1,275,73.3,=269
14,14,Peking University,China (Mainland),Beijing,Asia,92.6,https://www.topuniversities.com/universities/peking-university,https://www.topuniversities.com/sites/default/files/peking-university_50_medium.jpg,99.2,35,99.9,12,96.2,66,99.6,17,97,58,37.3,523,83.2,290,59.9,391,27.9,640,70.6,=308
15,15,University of Pennsylvania,United States,Philadelphia,North America,92.5,https://www.topuniversities.com/universities/university-pennsylvania,https://www.topuniversities.com/sites/default/files/university-of-pennsylvania_495_medium.jpg,72,199,98.9,30,99.9,29,98.7,28,100,4,76.3,249,89.4,182,96.9,151,78.6,221,95,24
16,16,Cornell University,United States,Ithaca,North America,91.6,https://www.topuniversities.com/universities/cornell-university,https://www.topuniversities.com/sites/default/files/cornell-university_143_medium.jpg,98,48,99.5,25,64.3,276,98.8,27,99.3,24,75.7,251,93,126,57.6,401,56.4,363,76.8,218
=17,17,Tsinghua University,China (Mainland),Beijing,Asia,91.2,https://www.topuniversities.com/universities/tsinghua-university,https://www.topuniversities.com/sites/default/files/tsinghua-university_626_medium.jpg,99.6,26,99.9,16,97.1,63,99.7,15,97,60,31.9,570,80.4,347,39.5,502,23.9,707,68.7,=339
=17,18,"University of California, Berkeley (UCB)",United States,Berkeley,North America,91.2,https://www.topuniversities.com/universities/university-california-berkeley-ucb,https://www.topuniversities.com/sites/default/files/university-of-california-berkeley-ucb_84_medium.jpg,97.2,53,100,6,29.4,643,100,6,99.8,17,70.6,273,96.7,47,95.6,172,52.6,392,98.8,=3
19,19,The University of Melbourne,Australia,Melbourne,Oceania,90.8,https://www.topuniversities.com/universities/university-melbourne,https://www.topuniversities.com/sites/default/files/211118103607am165180PRIMARY-A-A4-Vertical-Housed-RGB-200px-90x90.jpg,94.8,72,99.7,21,20.5,801+,97.4,35,98.3,39,100,37,96.9,40,96.7,156,74.4,239,98.2,=9
20,20,The University of New South Wales (UNSW Sydney),Australia,Sydney,Oceania,90.7,https://www.topuniversities.com/universities/university-new-south-wales-unsw-sydney,https://www.topuniversities.com/sites/default/files/221220094647am317557UNSW-Sydney-Logo-jpeg-90x90.jpg,96.9,58,96.3,43,29.9,632,93.5,59,98.7,32,99.9,41,97.6,25,100,69,99.9,30,97,=12
21,21,Yale University,United States,New Haven,North America,90.4,https://www.topuniversities.com/universities/yale-university,https://www.topuniversities.com/sites/default/files/yale-university_684_medium.jpg,64.8,250,100,9,100,12,100,7,99.8,18,72.7,262,92.9,131,86.7,247,75.4,232,82.4,=144
=22,22,EPFL – École polytechnique fédérale de Lausanne,Switzerland,Lausanne,Europe,90.2,https://www.topuniversities.com/universities/epfl-ecole-polytechnique-federale-de-lausanne,https://www.topuniversities.com/sites/default/files/epfl-ecole-polytechnique-federale-de-lausanne_592560cf2aeae70239af4b34_medium.jpg,93.1,87,92.7,55,90,103,88,79,47.3,371,100,17,83.6,281,100,12,100,11,85.3,=107
=22,23,Technical University of Munich,Germany,Munich,Europe,90.2,https://www.topuniversities.com/universities/technical-university-munich,https://www.topuniversities.com/sites/default/files/technical-university-of-munich_599_medium.jpg,92.6,90,92,60,70.5,223,99.7,16,57.3,293,98.9,72,95.9,63,86.3,252,98.9,63,87.8,=83
24,24,Johns Hopkins University,United States,Baltimore,North America,89.7,https://www.topuniversities.com/universities/johns-hopkins-university,https://www.topuniversities.com/sites/default/files/johns-hopkins-university_305_medium.jpg,85.8,118,93.2,51,100,14,79.2,108,84.1,141,94.2,137,97.4,29,70.8,333,94.6,113,93,35
=25,25,Princeton University,United States,Princeton,North America,89.4,https://www.topuniversities.com/universities/princeton-university,https://www.topuniversities.com/sites/default/files/princeton-university_508_medium.jpg,100,5,100,10,67.3,253,99.8,13,98.9,28,70,280,82.6,300,12.7,801+,52.2,397,76,222
=25,26,The University of Sydney,Australia,Sydney,Oceania,89.4,https://www.topuniversities.com/universities/university-sydney,https://www.topuniversities.com/sites/default/files/the-university-of-sydney_592560cf2aeae70239af4cd0_medium.jpg,94.3,78,98.9,29,15.7,801+,94.2,53,95.8,70,100,18,95.5,71,99.9,101,100,12,97.6,11
27,27,McGill University,Canada,Montreal,North America,88.9,https://www.topuniversities.com/universities/mcgill-university,https://www.topuniversities.com/sites/default/files/250528065103pm337251shield-McGill-red-200x200px-90x90.jpg,72.4,194,98.1,35,67.3,250,93.5,58,98.9,27,93.5,138,92.9,130,88.6,232,69.6,272,96.3,=15
28,28,Université PSL,France,Paris,Europe,88.6,https://www.topuniversities.com/universities/universite-psl,https://www.topuniversities.com/sites/default/files/universit-psl_592560e69988f300e2321dfe_medium.jpg,85.1,123,82.6,86,98.6,48,98.5,31,97.5,51,75.5,252,99.7,3,69.6,336,77.9,222,87.8,=83
29,29,University of Toronto,Canada,Toronto,North America,88.5,https://www.topuniversities.com/universities/university-toronto,https://www.topuniversities.com/sites/default/files/university-of-toronto_619_medium.jpg,68.8,224,100,11,45.7,428,99.1,25,99.4,22,97.9,91,97,37,97.9,143,98,78,100,1
30,30,Fudan University,China (Mainland),Shanghai,Asia,88.4,https://www.topuniversities.com/universities/fudan-university,https://www.topuniversities.com/sites/default/files/fudan-university_218_medium.jpg,92.8,89,93.7,50,84.8,137,95.1,49,73.3,193,46.4,433,75.5,431,88.5,234,51.4,402,83.1,134
31,31,King's College London,United Kingdom,London,Europe,88.3,https://www.topuniversities.com/universities/kings-college-london,https://www.topuniversities.com/sites/default/files/231024034600pm558869KCL-box-red-485-rgb-90x90.jpg,70.2,215,96.2,44,74.4,202,91.8,65,76.4,174,99,70,98.4,19,99.5,115,99,61,96.5,14
=32,32,Australian National University (ANU),Australia,Canberra,Oceania,87.4,https://www.topuniversities.com/universities/australian-national-university-anu,https://www.topuniversities.com/sites/default/files/251223044806am137327ANU-Crest-Inversed-Gold200x200-90x90.jpg,91.7,93,97.9,37,40.9,495,82.6,96,67.1,232,99,68,93.1,123,100,49,99.1,59,91.8,48
=32,33,The Chinese University of Hong Kong (CUHK),Hong Kong SAR,Hong Kong,Asia,87.4,https://www.topuniversities.com/universities/chinese-university-hong-kong-cuhk,https://www.topuniversities.com/sites/default/files/230719090304am589775CUHK-acronym-logo-thumb-200x200%20%281%29.jpg,95,71,94.2,48,75.9,191,67.3,157,91.2,94,93.3,143,68.2,563,100,50,90.3,147,84.1,123
34,34,The University of Edinburgh,United Kingdom,Edinburgh,Europe,87.2,https://www.topuniversities.com/universities/university-edinburgh,https://www.topuniversities.com/sites/default/files/the-university-of-edinburgh_180_medium.jpg,54.3,338,99.6,24,77.3,179,98.2,33,69.7,213,99.9,42,99.5,5,99.7,105,99.9,31,98.3,=7
35,35,The University of Manchester,United Kingdom,Manchester,Europe,86.4,https://www.topuniversities.com/universities/university-manchester,https://www.topuniversities.com/sites/default/files/the-university-of-manchester_389_medium.jpg,56.8,308,98.6,31,58.2,310,98.8,26,91.9,90,99.5,56,99.4,7,95.3,176,99.5,45,98.2,=9
=36,36,Monash University,Australia,Melbourne,Oceania,85.8,https://www.topuniversities.com/universities/monash-university,https://www.topuniversities.com/sites/default/files/monash-university_412_medium.jpg,93,88,95.7,45,11.3,801+,87.5,81,86.7,128,100,24,94.7,87,100,61,100,15,91.7,=49
=36,37,The University of Tokyo,Japan,Tokyo,Asia,85.8,https://www.topuniversities.com/universities/university-tokyo,https://www.topuniversities.com/sites/default/files/the-university-of-tokyo_615_medium.jpg,69.9,217,100,7,92.4,94,99.9,10,100,10,44,457,88.8,193,15.9,777,49.2,422,92.3,44
=38,38,Columbia University,United States,New York City,North America,85.6,https://www.topuniversities.com/universities/columbia-university,https://www.topuniversities.com/sites/default/files/211207010540pm571294Webp.net-resizeimage-2021-12-07T150514.382-90x90.jpg,44.5,418,99.9,13,100,19,99.9,11,100,8,98.1,88,98.4,18,48.5,445,72.9,250,77.9,=198
=38,39,Seoul National University,South Korea,Seoul,Asia,85.6,https://www.topuniversities.com/universities/seoul-national-university,https://www.topuniversities.com/sites/default/files/graduate-school-of-business-seoul-national-university_553_medium.jpg,81.2,150,99.7,20,85.6,130,99.1,24,100,6,27.5,622,77.6,391,13.2,801+,33.5,571,90.8,57
40,40,University of British Columbia,Canada,Vancouver,North America,85.5,https://www.topuniversities.com/universities/university-british-columbia,https://www.topuniversities.com/sites/default/files/university-of-british-columbia_70_medium.jpg,70.9,210,99.6,23,34.7,568,96.5,41,84.9,135,79.8,222,96.6,48,98.5,135,81.7,191,98.5,=5
41,41,Institut Polytechnique de Paris,France,Paris,Europe,85.4,https://www.topuniversities.com/universities/institut-polytechnique-de-paris,https://www.topuniversities.com/sites/default/files/240924074028am263366logo-ipp-pour-qs-90x90.jpg,97.3,52,58.1,185,94.8,76,99.8,14,99.1,25,99.2,61,93,125,99.9,99,99.2,50,77.9,=198
=42,42,Northwestern University,United States,Evanston,North America,85.1,https://www.topuniversities.com/universities/northwestern-university,https://www.topuniversities.com/sites/default/files/northwestern-university_592560cf2aeae70239af4c50_medium.jpg,71.2,205,92.2,59,99.1,44,89.4,74,99.5,20,67.2,295,86.5,229,57.7,399,50,414,74.4,=250
=42,43,The University of Queensland,Australia,Brisbane City,Oceania,85.1,https://www.topuniversities.com/universities/university-queensland,https://www.topuniversities.com/sites/default/files/210824044126am970441uq-logo-90x90.jpg,94.2,79,94.3,46,26.5,705,79.5,105,66.6,233,100,28,97,36,100,60,100,18,92.5,41
44,44,The Hong Kong University of Science and Technology,Hong Kong SAR,Hong Kong,Asia,84.8,https://www.topuniversities.com/universities/hong-kong-university-science-technology,https://www.topuniversities.com/sites/default/files/the-hong-kong-university-of-science-and-technology_269_medium.jpg,100,12,89.4,69,67.5,247,69.7,149,76.6,173,99.3,59,49.5,801+,100,23,99,60,79.7,=175
45,45,University of Michigan-Ann Arbor,United States,Ann Arbor,North America,84.7,https://www.topuniversities.com/universities/university-michigan-ann-arbor,https://www.topuniversities.com/sites/default/files/university-of-michigan_403_medium.jpg,54.5,334,99.3,26,85.7,127,98.5,30,99.1,26,56.1,372,96,59,73.9,320,60.3,339,77.2,=210
46,46,"University of California, Los Angeles (UCLA)",United States,Los Angeles,North America,84.4,https://www.topuniversities.com/universities/university-california-los-angeles-ucla,https://www.topuniversities.com/sites/default/files/university-of-california-los-angeles-ucla_87_medium.jpg,84.3,127,100,8,43.6,456,100,8,98,46,31.8,571,93.5,117,50.8,437,37.7,521,78,=195
=47,47,Delft University of Technology,Netherlands,Delft,Europe,84.3,https://www.topuniversities.com/universities/delft-university-technology,https://www.topuniversities.com/sites/default/files/241219075823am191478thumbnail-logo-voor-QS-90x90.jpg,84.6,126,86.2,76,49.1,392,90.4,71,66,235,94.8,128,93.8,102,100,68,95.1,109,96.3,=15
=47,48,Shanghai Jiao Tong University,China (Mainland),Shanghai,Asia,84.3,https://www.topuniversities.com/universities/shanghai-jiao-tong-university,https://www.topuniversities.com/sites/default/files/shanghai-jiao-tong-university_556_medium.jpg,100,13,92.7,56,64.5,275,93.8,56,88.2,119,19.1,741,77.7,389,40.9,490,14.4,801+,82.5,=141
49,49,Zhejiang University,China (Mainland),Hangzhou,Asia,84,https://www.topuniversities.com/universities/zhejiang-university,https://www.topuniversities.com/sites/default/files/zhejiang-university_592560cf2aeae70239af4d37_medium.jpg,100,11,87,75,53,355,97.2,36,74.4,185,23.5,683,94,100,94.1,189,17.7,801+,63,=441
50,50,Yonsei University,South Korea,Seoul,Asia,82.9,https://www.topuniversities.com/universities/yonsei-university,https://www.topuniversities.com/sites/default/files/yonsei-university_688_medium.jpg,67.9,231,91.6,64,84.3,142,97.8,34,94.4,78,74.3,258,78,382,30.5,582,76.7,227,87.7,86
51,51,University of Bristol,United Kingdom,Bristol,Europe,82.5,https://www.topuniversities.com/universities/university-bristol,https://www.topuniversities.com/sites/default/files/240227125013pm861333White-90x90.jpg,83.2,135,87.3,73,36.7,546,89.4,75,63.1,248,95.7,118,95.3,74,90.7,219,96,100,97,=12
52,52,Carnegie Mellon University,United States,Pittsburgh,North America,82.3,https://www.topuniversities.com/universities/carnegie-mellon-university,https://www.topuniversities.com/sites/default/files/carnegie-mellon-university_101_medium.jpg,98.6,43,80.1,98,51.1,370,94.4,52,79.9,161,98.7,77,79.2,364,52.4,426,73.4,245,66.2,375
53,53,University of Amsterdam,Netherlands,Amsterdam,Europe,81.5,https://www.topuniversities.com/universities/university-amsterdam,https://www.topuniversities.com/sites/default/files/240924020914pm288471UvA-logo-90x90.jpg,87.2,113,92.5,57,27.5,688,72.6,135,90.3,104,95.8,117,95.1,82,98.8,133,71.3,259,64,=422
54,54,The Hong Kong Polytechnic University,Hong Kong SAR,Hong Kong,Asia,81.2,https://www.topuniversities.com/universities/hong-kong-polytechnic-university,https://www.topuniversities.com/sites/default/files/the-hong-kong-polytechnic-university_267_medium.jpg,98.7,41,81.2,93,77.1,182,47.5,275,74.1,187,98.8,76,82.8,296,100,34,97.9,81,80.8,160
55,55,New York University (NYU),United States,New York City,North America,81.1,https://www.topuniversities.com/universities/new-york-university-nyu,https://www.topuniversities.com/sites/default/files/240530125524pm936168NYUShanghai-90x90.jpg,31.7,568,98.6,32,89,109,99.9,12,99.5,19,99.7,52,93.5,115,33.1,553,99.7,42,91.3,52
56,56,The London School of Economics and Political Science (LSE),United Kingdom,London,Europe,80.5,https://www.topuniversities.com/universities/london-school-economics-political-science-lse,https://www.topuniversities.com/sites/default/files/london-school-of-economics-and-political-science-lse_362_medium.jpg,64,256,80.6,96,47.2,417,99.4,20,99.9,14,100,14,76.4,417,100,41,100,9,92.7,=39
57,57,Kyoto University,Japan,Kyoto,Asia,80.2,https://www.topuniversities.com/universities/kyoto-university,https://www.topuniversities.com/sites/default/files/kyoto-university_328_medium.jpg,50.9,369,99.7,19,94.3,80,99.3,22,85.9,132,29.2,601,85.5,247,22.9,675,35.1,551,84,=124
=58,58,Ludwig-Maximilians-Universität München,Germany,Munich,Europe,80.1,https://www.topuniversities.com/universities/ludwig-maximilians-universitat-munchen,https://www.topuniversities.com/sites/default/files/ludwig-maximilians-universitt-mnchen_420_medium.jpg,62.3,271,97.1,41,41,493,95.5,47,76.8,172,53.2,387,95.5,72,80.3,296,57.6,354,87,89
=58,59,Universiti Malaya (UM),Malaysia,Kuala Lumpur,Asia,80.1,https://www.topuniversities.com/universities/universiti-malaya-um,https://www.topuniversities.com/sites/default/files/universiti-malaya-um_383_medium.jpg,47.4,398,92.3,58,74.2,205,96.7,40,77.7,167,86.8,188,92.9,127,69.2,338,87.3,159,84.7,=115
60,60,KU Leuven,Belgium,Leuven,Europe,79.7,https://www.topuniversities.com/universities/ku-leuven,https://www.topuniversities.com/sites/default/files/ku-leuven_592560cf2aeae70239af4aec_medium.jpg,94.7,75,93,53,9.6,801+,63.5,169,83.5,143,65.1,307,99.5,4,95.8,166,48.5,428,94.7,25
61,61,Korea University,South Korea,Seoul,Asia,79.6,https://www.topuniversities.com/universities/korea-university,https://www.topuniversities.com/sites/default/files/korea-university_325_medium.jpg,68.2,229,89.2,70,77,183,95.4,48,93.6,83,64,311,67.7,573,24.5,656,67.5,287,85.9,101
62,62,Duke University,United States,Durham,North America,79,https://www.topuniversities.com/universities/duke-university,https://www.topuniversities.com/sites/default/files/duke-university_168_medium.jpg,47.1,402,92.9,54,100,7,91,68,95.6,73,62,326,90.8,163,28.3,602,46.2,450,77.6,205
=63,63,City University of Hong Kong (CityUHK),Hong Kong SAR,"Kowloon,",Asia,78.9,https://www.topuniversities.com/universities/city-university-hong-kong-cityuhk,https://www.topuniversities.com/sites/default/files/240301064743am994206logo-90x90.jpg,100,2,75.5,109,94.8,75,46.7,284,48.5,356,100,5,64.5,628,100,16,100,2,75.2,=232
=63,64,National Taiwan University (NTU),Taiwan,Taipei,Asia,78.9,https://www.topuniversities.com/universities/national-taiwan-university-ntu,https://www.topuniversities.com/sites/default/files/national-taiwan-university-ntu_592560cf2aeae70239af4c3c_medium.jpg,70.9,209,97.7,38,38.8,522,94.2,54,100,11,59.2,346,67.1,587,25.3,647,63.1,313,88.4,=74
65,65,The University of Auckland,New Zealand,Auckland,Oceania,77.5,https://www.topuniversities.com/universities/university-auckland,https://www.topuniversities.com/sites/default/files/221206065357am877738QS-Website-logo-01-90x90.jpg,79.1,162,91.7,63,17.6,801+,55.2,220,96.9,61,95.5,122,88.8,194,100,83,95.8,104,95.7,17
66,66,"University of California, San Diego (UCSD)",United States,San Diego,North America,76.9,https://www.topuniversities.com/universities/university-california-san-diego-ucsd,https://www.topuniversities.com/sites/default/files/university-of-california-san-diego-ucsd_89_medium.jpg,80.3,155,94,49,54.4,347,80.2,103,40.8,430,47,431,94,99,43.8,473,52,400,72.3,=286
67,67,KFUPM,Saudi Arabia,Dhahran,Asia,76.5,https://www.topuniversities.com/universities/kfupm,https://www.topuniversities.com/sites/default/files/250616011103pm115163linkedin-90x90.jpg,93.2,85,53.5,206,92.4,93,75.6,124,97.8,48,76.2,250,81,330,100,27,76.6,228,62.7,=444
68,68,University of Texas at Austin,United States,Austin,North America,76.4,https://www.topuniversities.com/universities/university-texas-austin,https://www.topuniversities.com/sites/default/files/university-of-texas-at-austin_604_medium.jpg,85.4,122,97.6,39,10.7,801+,96.8,38,93.9,82,19.1,742,90.5,169,9.1,801+,14.4,801+,70.6,=308
69,69,Brown University,United States,Providence,North America,76.2,https://www.topuniversities.com/universities/brown-university,https://www.topuniversities.com/sites/default/files/brown-university_72_medium.jpg,82.2,143,72.4,126,84.5,139,64.3,166,81.9,151,67,297,80.1,352,91,218,70.2,269,72.6,280
=70,70,University of Illinois Urbana-Champaign,United States,Champaign,North America,75.9,https://www.topuniversities.com/universities/university-illinois-urbana-champaign,https://www.topuniversities.com/sites/default/files/250319093914am927515Illinois-Logo-Full-Color-200x200-90x90.jpg,81.6,147,91.7,62,8.6,801+,91.5,66,92.5,86,70.1,277,91.3,152,14.2,801+,52.2,395,75.9,=223
=70,71,Université Paris-Saclay,France,Paris,Europe,75.9,https://www.topuniversities.com/universities/universite-paris-saclay,https://www.topuniversities.com/sites/default/files/universit-paris-saclay_592560cf2aeae70239af4c6e_medium.jpg,42.4,450,75.3,112,99.9,24,99.4,19,82.9,146,72.7,263,98.5,16,45.9,463,75.4,233,92.7,=39
=72,72,Lund University,Sweden,Lund,Europe,75.7,https://www.topuniversities.com/universities/lund-university,https://www.topuniversities.com/sites/default/files/lund-university_371_medium.jpg,56.6,312,80.1,99,68.1,246,64.1,167,96.1,65,82,213,97.1,35,98.8,134,83.7,181,98.8,=3
=72,73,Sorbonne University,France,Paris,Europe,75.7,https://www.topuniversities.com/universities/sorbonne-university,https://www.topuniversities.com/sites/default/files/sorbonne-university_5a6afcfecb4de709397114fe_medium.jpg,68.8,225,93.2,52,56.4,329,62.1,182,84.2,140,66.8,300,99.4,9,35.5,533,70,270,89.2,=68
74,74,The University of Warwick,United Kingdom,Coventry,Europe,75.2,https://www.topuniversities.com/universities/university-warwick,https://www.topuniversities.com/sites/default/files/240325030130pm310608Warwick-logo-90x90.jpg,43.6,432,82.7,85,48.3,402,93,60,75.3,182,99.2,60,93.8,101,99.5,111,99.3,49,84.6,=117
75,75,"Trinity College Dublin, The University of Dublin",Ireland,Dublin,Europe,73.9,https://www.topuniversities.com/universities/trinity-college-dublin-university-dublin,https://www.topuniversities.com/sites/default/files/trinity-college-dublin-the-university-of-dublin_167_medium.jpg,66,240,82.5,87,28.7,662,68.1,154,95.3,74,94.9,126,89.4,183,100,88,95.2,107,73.8,=262
76,76,University of Birmingham,United Kingdom,Birmingham,Europe,73.8,https://www.topuniversities.com/universities/university-birmingham,https://www.topuniversities.com/sites/default/files/university-of-birmingham_59_medium.jpg,56.1,316,81.1,95,49.9,385,75.7,122,54.7,305,93.4,139,96.3,54,96.7,154,93.9,115,92.8,38
77,77,The University of Western Australia,Australia,Perth,Oceania,73.7,https://www.topuniversities.com/universities/university-western-australia,https://www.topuniversities.com/sites/default/files/the-university-of-western-australia_673_medium.jpg,99.2,34,69,137,15.1,801+,56.5,209,82.6,147,100,36,93.2,122,100,77,100,23,83.7,=129
78,78,KTH Royal Institute of Technology,Sweden,Stockholm,Europe,73.6,https://www.topuniversities.com/universities/kth-royal-institute-technology,https://www.topuniversities.com/sites/default/files/260305113719am179277kth-royal-institute-of-technology--592560cf2aeae70239af4c9b-large-90x90.jpg,88.2,109,60.2,174,68.3,242,62.1,183,72.7,197,81.8,215,91.7,147,95.6,171,60.9,331,89.8,66
79,79,University of Glasgow,United Kingdom,Glasgow,Europe,73.4,https://www.topuniversities.com/universities/university-glasgow,https://www.topuniversities.com/sites/default/files/university-of-glasgow_592560cf2aeae70239af4b6c_medium.jpg,44.8,416,88.3,72,50.3,377,73.5,132,44.5,395,99.1,67,97,38,98,140,99.1,57,95.4,=19
80,80,Universität Heidelberg,Germany,Heidelberg,Europe,73,https://www.topuniversities.com/universities/universitat-heidelberg,https://www.topuniversities.com/sites/default/files/221104124726pm969012uniHD-siegel-200x200k-90x90.jpg,41.4,456,87.1,74,99.8,32,72.2,138,34.6,494,71.4,265,94.7,88,66.2,352,74.1,240,85.5,106
81,81,University of Washington,United States,Seattle,North America,72.7,https://www.topuniversities.com/universities/university-washington,https://www.topuniversities.com/sites/default/files/240709093150am256263W-Logo-Purple-RGB-resized-90x90.jpg,69.2,221,90.1,68,49.2,391,74.8,128,79.9,160,45.8,441,95,83,14.7,801+,34.2,561,74.9,=237
=82,82,Adelaide University,Australia,Adelaide,Oceania,72.6,https://www.topuniversities.com/universities/adelaide-university,https://www.topuniversities.com/sites/default/files/251230064220am949573AU-stacked-300x300-90x90.jpg,69.8,218,78.3,102,30.5,621,62.7,176,70.4,207,97.5,96,96.7,46,100,90,72.5,251,86.1,=98
=82,83,Pennsylvania State University,United States,University Park,North America,72.6,https://www.topuniversities.com/universities/pennsylvania-state-university,https://www.topuniversities.com/sites/default/files/pennsylvania-state-university_494_medium.jpg,67.2,235,86.1,77,29.1,647,85.8,89,79.2,165,38.2,514,97.4,31,37.4,518,43.8,476,95.4,=19
84,84,Universidad de Buenos Aires (UBA),Argentina,Buenos Aires,Latin America,72.3,https://www.topuniversities.com/universities/universidad-de-buenos-aires-uba,https://www.topuniversities.com/sites/default/files/universidad-de-buenos-aires-uba_78_medium.jpg,2.3,801+,98.1,34,82,158,95.8,44,99.9,12,78.5,233,75.8,423,72.3,328,80.5,202,66.1,=376
85,85,Tokyo Institute of Technology (Tokyo Tech),Japan,Tokyo,Asia,72.1,https://www.topuniversities.com/universities/tokyo-institute-technology-tokyo-tech,https://www.topuniversities.com/sites/default/files/tokyo-institute-of-technology_592560cf2aeae70239af4ceb_medium.jpg,54.2,339,85,80,87.6,115,95.7,45,33.5,504,43.4,464,67.8,571,29.8,587,46.6,446,74.2,=253
86,86,University of Leeds,United Kingdom,Leeds,Europe,72,https://www.topuniversities.com/universities/university-leeds,https://www.topuniversities.com/sites/default/files/250929041939pm876425Logo-200x200-v2-90x90.jpg,48.8,380,81.8,90,39.7,512,82.1,98,62.9,250,96.3,108,99.2,13,89.7,224,96.5,93,76.4,=219
87,87,University of Southampton,United Kingdom,Southampton,Europe,71.2,https://www.topuniversities.com/universities/university-southampton,https://www.topuniversities.com/sites/default/files/241015033016pm657896University-of-Southampton-shield-blue-200-px-square-90x90.jpg,87.8,111,62.6,163,40.1,504,55.9,214,58.6,279,98.6,82,97.4,32,96.8,153,98.6,69,95.1,23
=88,88,Boston University,United States,Boston,North America,71.1,https://www.topuniversities.com/universities/boston-university,https://www.topuniversities.com/sites/default/files/boston-university_592560cf2aeae70239af4ac2_medium.jpg,61.9,273,75.3,111,40.6,497,86.7,83,86.9,127,92.8,150,84.9,256,40,500,93.3,124,73.7,264
=88,89,Freie Universitaet Berlin,Germany,Berlin,Europe,71.1,https://www.topuniversities.com/universities/freie-universitaet-berlin,https://www.topuniversities.com/sites/default/files/freie-universitaet-berlin_215_medium.jpg,84.3,128,88.3,71,8.3,801+,66.4,160,46.9,374,56,373,94.4,92,73.8,322,60.2,340,65.4,391
=88,90,Purdue University,United States,West Lafayette,North America,71.1,https://www.topuniversities.com/universities/purdue-university,https://www.topuniversities.com/sites/default/files/230619052213pm191066PU-SIG-Logo-RGB--PU-V-Full-RGB-90x90.jpg,62.4,265,74.3,115,16.4,801+,92.7,62,81,153,55.3,377,91,157,96.4,159,59.6,344,88.4,=74
91,91,Osaka University,Japan,Osaka City,Asia,71,https://www.topuniversities.com/universities/osaka-university,https://www.topuniversities.com/sites/default/files/osaka-university_472_medium.jpg,65.8,242,90.5,67,45.6,430,90,73,51.4,330,21.1,709,72,500,25.2,649,27.2,651,79.5,=180
92,92,The University of Sheffield,United Kingdom,"Sheffield,",Europe,70.9,https://www.topuniversities.com/universities/university-sheffield,https://www.topuniversities.com/sites/default/files/230919100158am438629UoS-logo-90x90.jpg,68.4,226,73,122,50.3,378,61.7,186,47.9,363,98,89,96.8,42,81.6,281,98.1,76,94.3,27
93,93,Uppsala University,Sweden,Uppsala,Europe,70.3,https://www.topuniversities.com/universities/uppsala-university,https://www.topuniversities.com/sites/default/files/uppsala-university_643_medium.jpg,55.9,318,74.7,113,66.3,260,48.1,268,82.9,145,82.9,207,95.9,60,99.7,106,84.5,174,94.4,26
=94,94,Durham University,United Kingdom,Durham,Europe,70.1,https://www.topuniversities.com/universities/durham-university,https://www.topuniversities.com/sites/default/files/durham-university_170_medium.jpg,42.9,441,74.1,117,37.3,539,91.9,64,53.6,316,94.5,134,90.9,161,99.2,123,94.9,111,95.2,22
=94,95,University of Alberta,Canada,"Edmonton,",North America,70.1,https://www.topuniversities.com/universities/university-alberta,https://www.topuniversities.com/sites/default/files/240306052437pm316638378168-RankingLogo-QS-200x200px-90x90.jpg,71.5,204,70.9,133,44.6,443,53,230,77.1,169,78.6,229,94.5,90,99.4,119,80.6,199,90.7,58
96,96,University of Technology Sydney,Australia,Sydney,Oceania,69.9,https://www.topuniversities.com/universities/university-technology-sydney,https://www.topuniversities.com/sites/default/files/university-of-technology-sydney_592560cf2aeae70239af4ccf_medium.jpg,99.3,33,58.7,180,11.8,801+,66.7,159,52.3,323,91.7,151,89.7,177,97.6,146,92.3,128,92,47
97,97,University of Nottingham,United Kingdom,Nottingham,Europe,69.4,https://www.topuniversities.com/universities/university-nottingham,https://www.topuniversities.com/sites/default/files/240606102649am426810UoN-NottinghamBlue-CastleBox-RGB-90x90.jpg,48.6,382,75.4,110,44.5,444,78.4,110,53.7,313,78.5,231,97.4,30,92.7,202,80.6,201,92.9,=36
=98,98,"KIT, Karlsruhe Institute of Technology",Germany,Karlsruhe,Europe,69.1,https://www.topuniversities.com/universities/kit-karlsruhe-institute-technology,https://www.topuniversities.com/sites/default/files/kit-karlsruhe-institute-of-technology_310_medium.jpg,77.1,168,57.1,194,48.9,397,87.4,82,61.5,254,56.9,363,86.9,219,83.8,265,61.1,330,79.5,=180
=98,99,Politecnico di Milano,Italy,"Milan,",Europe,69.1,https://www.topuniversities.com/universities/politecnico-di-milano,https://www.topuniversities.com/sites/default/files/260325021911pm966918POLIMI-logo-200x200-v2--90x90.jpg,53.9,343,83.4,84,9.3,801+,90.1,72,72,199,69.3,281,87,215,74.4,317,72.3,252,72.9,=275
100,100,University of Zurich,Switzerland,Zürich,Europe,68.5,https://www.topuniversities.com/universities/university-zurich,https://www.topuniversities.com/sites/default/files/250124123220pm124063Logo-90x90.jpg,52.3,361,71,132,95.2,72,43.5,308,90.8,97,57.8,357,93.5,114,100,82,43.1,482,69.8,318
101,101,University of Copenhagen,Denmark,Copenhagen,Europe,68.4,https://www.topuniversities.com/universities/university-copenhagen,https://www.topuniversities.com/sites/default/files/university-of-copenhagen_141_medium.jpg,36.6,512,85.5,79,99.6,34,41.7,324,94.4,77,26.5,640,98,22,87.3,241,19.9,765,76.3,221
102,102,Pohang University of Science And Technology (POSTECH),South Korea,Pohang ,Asia,67.9,https://www.topuniversities.com/universities/pohang-university-science-technology-postech,https://www.topuniversities.com/sites/default/files/pohang-university-of-science-and-technology-postech_592560cf2aeae70239af4c7b_medium.jpg,98.3,45,61.3,166,99.9,27,83.3,94,16,801+,4.2,801+,29.6,801+,31.6,568,8.3,801+,64.3,=415
=103,103,Nanjing University,China (Mainland),Nanjing,Asia,67.7,https://www.topuniversities.com/universities/nanjing-university,https://www.topuniversities.com/sites/default/files/nanjing-university_430_medium.jpg,99,39,72.1,128,37.2,541,61.2,188,39.7,440,15.9,799,69.5,541,82.9,273,12,801+,59.5,513
=103,104,Utrecht University,Netherlands,Utrecht,Europe,67.7,https://www.topuniversities.com/universities/utrecht-university,https://www.topuniversities.com/sites/default/files/utrecht-university_646_medium.jpg,77.9,165,79.3,100,39.5,514,49.2,258,73.2,194,30.5,586,97.8,23,63.4,367,22.8,723,75.1,235
=105,105,Lomonosov Moscow State University,Russia,Moscow,Europe,67.6,https://www.topuniversities.com/universities/lomonosov-moscow-state-university,https://www.topuniversities.com/sites/default/files/lomonosov-moscow-state-university-_592560cf2aeae70239af4c27_medium.jpg,7.3,801+,83.7,83,99.9,26,87.9,80,98.3,37,96,112,87,214,25.5,641,96.1,97,48.8,=734
=105,106,RWTH Aachen University,Germany,Aachen,Europe,67.6,https://www.topuniversities.com/universities/rwth-aachen-university,https://www.topuniversities.com/sites/default/files/rwth-aachen-university_4_medium.jpg,79.7,157,57.7,187,10.7,801+,95.7,46,55.9,298,93,146,86,237,59.6,393,93.5,122,82.9,=135
107,107,Technical University of Denmark,Denmark,Kongens Lyngby,Europe,67.5,https://www.topuniversities.com/universities/technical-university-denmark,https://www.topuniversities.com/sites/default/files/technical-university-of-denmark_592560cf2aeae70239af4cd8_medium.jpg,90.9,99,44.8,264,98.4,49,36.2,396,60.5,269,95.9,113,87.1,213,100,52,96.1,96,68,=351
108,108,Universidade de São Paulo,Brazil,São Paulo,Latin America,67.3,https://www.topuniversities.com/universities/universidade-de-sao-paulo,https://www.topuniversities.com/sites/default/files/universidade-de-so-paulo_550_medium.jpg,40.3,467,97.3,40,30.5,623,81,102,98.8,31,3.5,801+,95.3,76,9.2,801+,8.5,801+,89,70
109,109,Tohoku University,Japan,Sendai City,Asia,66.7,https://www.topuniversities.com/universities/tohoku-university,https://www.topuniversities.com/sites/default/files/tohoku-university_611_medium.jpg,35.5,519,84.5,82,98.2,52,86.5,84,36.5,474,19.4,739,70.1,529,20.5,705,25.5,678,82,=149
=110,110,Queen Mary University of London,United Kingdom,London,Europe,66.6,https://www.topuniversities.com/universities/queen-mary-university-london,https://www.topuniversities.com/sites/default/files/queen-mary-university-of-london_592560cf2aeae70239af4bea_medium.jpg,83.4,134,63.6,160,31,618,47.1,277,40.1,438,99.9,45,91.9,146,99.9,100,99.9,34,82.4,=144
=110,111,University of Wisconsin-Madison,United States,Madison,North America,66.6,https://www.topuniversities.com/universities/university-wisconsin-madison,https://www.topuniversities.com/sites/default/files/university-of-wisconsin-madison_678_medium.jpg,28.1,606,85.7,78,84.3,141,63.1,172,91,96,37,527,88.9,192,57.7,400,42.6,488,72.5,=281
112,112,Qatar University,Qatar,Doha,Asia,66.5,https://www.topuniversities.com/universities/qatar-university,https://www.topuniversities.com/sites/default/files/251111064230am907511QULlOGO-90x90.jpg,73.3,188,43.3,273,73.8,206,56.5,208,98.9,29,98.6,83,89.6,179,100,26,98.6,70,72.2,=289
113,113,University of St Andrews,United Kingdom,St. Andrews,Europe,66.4,https://www.topuniversities.com/universities/university-st-andrews,https://www.topuniversities.com/sites/default/files/university-of-st-andrews_570_medium.jpg,51.3,368,61.5,165,63.8,278,74.9,127,28.9,575,99.7,47,87.7,208,98.8,131,99.7,36,86.2,97
=114,114,Aalto University,Finland,Espoo (Helsinki capital region),Europe,66.3,https://www.topuniversities.com/universities/aalto-university,https://www.topuniversities.com/sites/default/files/230913111738am272302Aalto-University-logo-200x200-90x90.jpg,79.6,160,57.5,189,35.1,564,56.1,212,97.1,55,60,343,80.9,332,97.2,147,63.9,312,88.3,77
=114,115,"University of California, Davis",United States,Davis,North America,66.3,https://www.topuniversities.com/universities/university-california-davis,https://www.topuniversities.com/sites/default/files/university-of-california-davis_592560cf2aeae70239af4ad8_medium.jpg,66.5,237,72.7,125,28.3,675,70.1,146,38,457,61.9,327,90.8,165,86.5,250,65.6,298,79.8,174
=116,116,Pontificia Universidad Católica de Chile (UC),Chile,Santiago,Latin America,66.1,https://www.topuniversities.com/universities/pontificia-universidad-católica-de-chile-uc,https://www.topuniversities.com/sites/default/files/pontificia-universidad-catlica-de-chile-uc_107_medium.jpg,14.2,801+,98,36,35.1,562,98.6,29,99.9,13,7.8,801+,81.2,328,42,482,11.9,801+,80,=169
=116,117,University of Helsinki,Finland,Helsinki,Europe,66.1,https://www.topuniversities.com/universities/university-helsinki,https://www.topuniversities.com/sites/default/files/university-of-helsinki_260_medium.jpg,62.7,262,74.5,114,66.9,256,37.7,370,94.2,80,13.1,801+,96.1,57,78.5,305,19.1,779,95.6,18
118,118,University College Dublin,Ireland,Dublin,Europe,66,https://www.topuniversities.com/universities/university-college-dublin,https://www.topuniversities.com/sites/default/files/university-college-dublin_166_medium.jpg,62,272,66.5,149,19.7,801+,57.6,204,92.2,88,89.6,170,89,188,99.5,112,90.5,144,91.7,=49
=119,119,Leiden University,Netherlands,Leiden,Europe,65.7,https://www.topuniversities.com/universities/leiden-university,https://www.topuniversities.com/sites/default/files/leiden-university_340_medium.jpg,64.9,249,80.4,97,30.3,629,46.3,288,61.2,263,68.4,288,94.3,93,89.7,225,50.9,408,58.6,=530
=119,120,Rice University,United States,Houston,North America,65.7,https://www.topuniversities.com/universities/rice-university,https://www.topuniversities.com/sites/default/files/rice-university_524_medium.jpg,81.6,148,50.6,221,74.9,196,51,245,45.7,381,96.6,104,66.3,605,91.3,215,96.8,91,81.5,156
=119,121,University of Oslo,Norway,Oslo,Europe,65.7,https://www.topuniversities.com/universities/university-oslo,https://www.topuniversities.com/sites/default/files/university-of-oslo_473_medium.jpg,67.7,232,67.8,143,78.4,176,27.7,498,86.6,129,46,439,96.8,43,95.8,167,34.3,560,72.3,=286
=119,122,University of Waterloo,Canada,Waterloo,North America,65.7,https://www.topuniversities.com/universities/university-waterloo,https://www.topuniversities.com/sites/default/files/university-of-waterloo_670_medium.jpg,88.3,108,53,209,8.8,801+,74.2,130,72,201,76.6,247,83.5,285,81.5,283,78.9,219,90.5,60
=123,123,Georgia Institute of Technology,United States,Atlanta,North America,65.5,https://www.topuniversities.com/universities/georgia-institute-technology,https://www.topuniversities.com/sites/default/files/250219111124am560242GTVertical-CMYK-90x90.jpg,54.2,340,76,107,32.4,595,92.8,61,67.5,228,60.4,339,79,368,21.5,692,64.2,308,66.1,=376
=123,124,Indian Institute of Technology Delhi (IITD),India,New Delhi,Asia,65.5,https://www.topuniversities.com/universities/indian-institute-technology-delhi-iitd,https://www.topuniversities.com/sites/default/files/indian-institute-of-technology-delhi-iitd_282_medium.jpg,93.1,86,67.9,142,21.9,792,95,50,50.5,340,1.9,801+,66.9,590,3.2,801+,6.3,801+,79.9,=172
125,125,RMIT University,Australia,Melbourne,Oceania,65.3,https://www.topuniversities.com/universities/rmit-university,https://www.topuniversities.com/sites/default/files/rmit-university_592560cf2aeae70239af4c95_medium.jpg,91.3,96,55.1,202,7.2,801+,60.3,191,49.9,345,95.2,125,83.1,292,100,45,95.5,106,87.9,=80
=126,126,Sungkyunkwan University (SKKU),South Korea,Seoul,Asia,65.2,https://www.topuniversities.com/universities/sungkyunkwan-university-skku,https://www.topuniversities.com/sites/default/files/sungkyunkwan-universityskku_592560cf2aeae70239af4cc9_medium.jpg,62.3,269,68.4,139,83.8,149,75.6,125,44.2,400,57.6,359,49.5,801+,24.2,659,61.6,326,74.7,=243
=126,127,Universiti Kebangsaan Malaysia (UKM),Malaysia,Bangi,Asia,65.2,https://www.topuniversities.com/universities/universiti-kebangsaan-malaysia-ukm,https://www.topuniversities.com/sites/default/files/universiti-kebangsaan-malaysia-ukm_384_medium.jpg,30.1,587,76.2,106,78.7,174,76.4,119,35.5,485,94.7,129,86.1,235,50.1,439,94,114,74.7,=243
128,128,Sapienza University of Rome,Italy,Rome,Europe,64.9,https://www.topuniversities.com/universities/sapienza-university-rome,https://www.topuniversities.com/sites/default/files/sapienza-university-of-rome_592560cf2aeae70239af4c97_medium.jpg,62.9,261,90.7,65,7.8,801+,66.4,161,91.5,92,14.8,801+,95.9,61,4,801+,20.9,749,81.9,=151
129,129,Indian Institute of Technology Bombay (IITB),India,Mumbai,Asia,64.8,https://www.topuniversities.com/universities/indian-institute-technology-bombay-iitb,https://www.topuniversities.com/sites/default/files/indian-institute-of-technology-bombay-iitb_281_medium.jpg,82.9,136,73.3,120,16.1,801+,96.7,39,72.6,198,1.6,801+,46.6,801+,6.5,801+,1.5,801+,75.2,=232
130,130,Humboldt-Universität zu Berlin,Germany,Berlin,Europe,64.5,https://www.topuniversities.com/universities/humboldt-universitat-zu-berlin,https://www.topuniversities.com/sites/default/files/humboldt-universitt-zu-berlin_272_medium.jpg,43.4,435,94.3,47,10.5,801+,75.3,126,27.5,603,47.6,424,95,85,75.7,314,35.5,541,58.4,=536
131,131,Aarhus University,Denmark,Aarhus,Europe,64.3,https://www.topuniversities.com/universities/aarhus-university,https://www.topuniversities.com/sites/default/files/aarhus-university_592560cf2aeae70239af4a8a_medium.jpg,74.1,183,68.3,140,42.4,472,41.7,325,79.4,164,25.5,654,96.3,52,96.7,157,19.1,777,73.2,=271
=132,132,University of Bath,United Kingdom,Bath,Europe,64.2,https://www.topuniversities.com/universities/university-bath,https://www.topuniversities.com/sites/default/files/university-of-bath_47_medium.jpg,75.9,173,48.9,233,20.5,801+,81.6,100,50.7,337,86.8,187,85.3,250,95.6,170,88,156,83.8,=127
=132,133,University of Science and Technology of China,China (Mainland),Hefei,Asia,64.2,https://www.topuniversities.com/universities/university-science-technology-china,https://www.topuniversities.com/sites/default/files/university-of-science-and-technology-of-china_122_medium.jpg,99.4,30,57.6,188,98.1,56,50.6,248,42.8,410,7.8,801+,74.4,457,14.9,801+,13.5,801+,55.3,=596
=134,134,Universiti Putra Malaysia (UPM),Malaysia,Serdang,Asia,64.1,https://www.topuniversities.com/universities/universiti-putra-malaysia-upm,https://www.topuniversities.com/sites/default/files/241015052445am567301logo-upm-petak-90x90.jpg,38.3,487,75.7,108,66.8,258,73.4,133,23.2,666,98.4,84,86.8,221,45.2,467,98.5,71,68.9,=331
=134,135,Universiti Sains Malaysia (USM),Malaysia,Gelugor,Asia,64.1,https://www.topuniversities.com/universities/universiti-sains-malaysia-usm,https://www.topuniversities.com/sites/default/files/universiti-sains-malaysia-usm_386_medium.jpg,38.4,486,77.6,104,47.6,410,79.8,104,29.1,568,99.3,57,92.5,137,34.7,539,99.3,48,74.5,249
136,136,Universidad Nacional Autónoma de México  (UNAM),Mexico,Mexico City,Latin America,64,https://www.topuniversities.com/universities/universidad-nacional-autonoma-de-mexico-unam,https://www.topuniversities.com/sites/default/files/universidad-nacional-autnoma-de-mxico-unam_425_medium.jpg,4.1,801+,99.2,28,47.1,419,95.9,43,97.9,47,5.4,801+,93.6,110,10,801+,10.7,801+,82.2,=146
137,137,Newcastle University,United Kingdom,Newcastle upon Tyne,Europe,63.9,https://www.topuniversities.com/universities/newcastle-university,https://www.topuniversities.com/sites/default/files/newcastle-university_592560cf2aeae70239af4c45_medium.jpg,49.1,379,62.9,162,49.5,388,68.7,152,40.5,433,81,220,95.8,65,92.5,205,82.8,185,90.9,56
=138,138,Alma Mater Studiorum - Università di Bologna,Italy,Bologna,Europe,63.3,https://www.topuniversities.com/universities/alma-mater-studiorum-universita-di-bologna,https://www.topuniversities.com/sites/default/files/240304015357pm262606Unibo-200X200-90x90.jpg,51.9,363,90.6,66,6,801+,67.5,156,67.4,229,26.5,639,95.6,67,29.9,585,32.5,583,83.2,133
=138,139,"Macquarie University (Sydney, Australia)",Australia,Sydney,Oceania,63.3,https://www.topuniversities.com/universities/macquarie-university-sydney-australia,https://www.topuniversities.com/sites/default/files/macquarie-university_378_medium.jpg,85.8,119,47.7,242,13.6,801+,56.7,206,62.2,252,97.3,98,91,156,100,86,97.5,86,90.6,59
=140,140,Eindhoven University of Technology,Netherlands,Eindhoven,Europe,63.2,https://www.topuniversities.com/universities/eindhoven-university-technology,https://www.topuniversities.com/sites/default/files/eindhoven-university-of-technology_592560cf2aeae70239af4b3c_medium.jpg,81.9,146,40.5,296,43.6,455,77.3,115,33.1,512,95.7,119,74.3,459,100,87,95.9,101,74.1,=255
=140,141,Erasmus University Rotterdam ,Netherlands,Rotterdam,Europe,63.2,https://www.topuniversities.com/universities/erasmus-university-rotterdam,https://www.topuniversities.com/sites/default/files/erasmus-university-rotterdam_190_medium.jpg,75.7,174,49.4,230,20.7,801+,74.8,129,94,81,81.6,216,81.8,318,81.8,280,60.8,333,62.2,=454
=140,142,University of North Carolina at Chapel Hill,United States,Chapel Hill,North America,63.2,https://www.topuniversities.com/universities/university-north-carolina-chapel-hill,https://www.topuniversities.com/sites/default/files/251009050439pm793541SOEBlueLogo-200x200-Vertical-Resized-90x90.jpg,47.9,389,72.2,127,85.6,129,55.5,216,74,188,25,663,89.5,181,31.1,577,31.1,602,83.9,126
143,143,King Saud University,Saudi Arabia,Riyadh,Asia,63.1,https://www.topuniversities.com/universities/king-saud-university,https://www.topuniversities.com/sites/default/files/king-saud-university_1175_medium.jpg,65.6,244,54.8,204,55.7,336,57.7,201,99.4,23,29.2,600,96.8,41,100,89,35.2,549,63.1,=439
144,144,Texas A&M University,United States,College Station,North America,63,https://www.topuniversities.com/universities/texas-am-university,https://www.topuniversities.com/sites/default/files/texas-am-university_592560cf2aeae70239af4ce2_medium.jpg,75.5,175,72.9,124,6.2,801+,81.5,101,63.8,244,20.7,717,93,124,28,608,15.6,801+,61,=480
145,145,Technische Universität Berlin (TU Berlin),Germany,Berlin,Europe,62.8,https://www.topuniversities.com/universities/technische-universitat-berlin-tu-berlin,https://www.topuniversities.com/sites/default/files/technische-universitt-berlin-tu-berlin_595_medium.jpg,34.3,533,64.6,156,70.6,221,79.4,107,47.6,367,84.5,197,89,187,64.2,361,85.9,168,68.3,=344
146,146,University of Southern California,United States,Los Angeles,North America,62.6,https://www.topuniversities.com/universities/university-southern-california,https://www.topuniversities.com/sites/default/files/university-of-southern-california_569_medium.jpg,66.2,240,61.2,167,19.6,801+,69.6,150,98,45,81.2,219,87.8,204,15.8,786,82.9,184,92.1,=45
=147,147,Stockholm University,Sweden,Stockholm,Europe,62.5,https://www.topuniversities.com/universities/stockholm-university,https://www.topuniversities.com/sites/default/files/stockholm-university_577_medium.jpg,73.6,186,65.1,155,28.3,678,29.5,484,90.5,102,79.4,224,96.7,45,83,271,59.1,346,72.1,=291
=147,148,University of Groningen,Netherlands,Groningen,Europe,62.5,https://www.topuniversities.com/universities/university-groningen,https://www.topuniversities.com/sites/default/files/university-of-groningen_243_medium.jpg,53,353,67.2,147,56.2,331,41.6,326,53.5,317,89.4,173,93.4,118,95.4,174,66.6,293,67.6,=355
=147,149,University of Liverpool,United Kingdom,Liverpool,Europe,62.5,https://www.topuniversities.com/universities/university-liverpool,https://www.topuniversities.com/sites/default/files/university-of-liverpool_350_medium.jpg,61.7,276,60.7,171,37.3,538,48.8,264,47.8,364,91.1,157,97,39,92.4,206,91.8,133,92.4,=42
150,150,University of Cape Town,South Africa,Cape Town,Africa,62.3,https://www.topuniversities.com/universities/university-cape-town,https://www.topuniversities.com/sites/default/files/210830024732pm396697UCTcircular-logo1-CMYK-90x90.jpg,75.4,176,58.2,183,14.6,801+,62.3,179,97.7,49,27.9,615,97.7,24,66.1,353,33.9,562,92.1,=45
151,151,Western University,Canada,London,North America,62,https://www.topuniversities.com/universities/western-university,https://www.topuniversities.com/sites/default/files/the-university-of-western-ontario_674_medium.jpg,93.5,84,42.3,282,5.2,801+,53.5,227,98,42,68.7,283,83.6,282,100,85,71.7,254,94,=30
152,152,University of Vienna,Austria,Vienna,Europe,61.9,https://www.topuniversities.com/universities/university-vienna,https://www.topuniversities.com/sites/default/files/university-of-vienna_652_medium.jpg,22.2,682,82.3,88,31,617,46.4,285,92.8,85,96.6,103,96.3,53,100,71,96.8,90,71.8,=294
=153,153,Universiti Teknologi Malaysia ,Malaysia,Skudai,Asia,61.6,https://www.topuniversities.com/universities/universiti-teknologi-malaysia,https://www.topuniversities.com/sites/default/files/universiti-teknologi-malaysia_387_medium.jpg,57.8,302,64,158,58.8,309,72.1,139,19.9,730,91.4,155,90.6,167,15.5,797,92.1,132,69.2,=326
=153,154,Wageningen University & Research,Netherlands,Wageningen,Europe,61.6,https://www.topuniversities.com/universities/wageningen-university-research,https://www.topuniversities.com/sites/default/files/260407070739am768792WUR-logo-200x200-90x90.jpg,54.8,329,55,203,99.5,37,34.4,420,32.9,516,90.7,159,97.2,34,72,329,91.5,134,91.2,53
=155,155,University of Exeter,United Kingdom,Exeter,Europe,61.5,https://www.topuniversities.com/universities/university-exeter,https://www.topuniversities.com/sites/default/files/221117102054am246521University-of-Exeter-Simplified-Logo-Portrait-positive-200-x-200-90x90.jpg,55.8,320,57.9,186,42,480,58.5,198,40.9,428,77.8,235,95.8,66,94.8,181,79.9,206,93.9,32
=155,156,University of Geneva,Switzerland,Geneva,Europe,61.5,https://www.topuniversities.com/universities/university-geneva,https://www.topuniversities.com/sites/default/files/university-of-geneva_221_medium.jpg,70.3,214,55.3,201,47.4,414,34.8,414,63.1,249,98.6,81,92.1,144,100,54,98.6,68,66.5,370
157,157,Lancaster University,United Kingdom,"Lancaster,",Europe,61.4,https://www.topuniversities.com/universities/lancaster-university,https://www.topuniversities.com/sites/default/files/lancaster-university_335_medium.jpg,77.5,166,51.2,217,36.1,555,45.8,296,38.2,452,93.3,141,87,216,96.4,161,93.8,117,89.2,=68
158,158,University of Basel,Switzerland,Basel,Europe,61.3,https://www.topuniversities.com/universities/university-basel,https://www.topuniversities.com/sites/default/files/university-of-basel_46_medium.jpg,94.2,80,34,357,70.2,229,20.7,639,74.9,183,91.4,156,90.4,170,100,47,68,284,88.4,=74
159,159,Hanyang University,South Korea,Seoul,Asia,61.2,https://www.topuniversities.com/universities/hanyang-university,https://www.topuniversities.com/sites/default/files/hanyang-university_250_medium.jpg,42.9,440,58.2,184,81.7,159,81.9,99,54.5,307,70.1,279,65.5,615,23.7,664,73,249,82.8,137
160,160,Universitat de Barcelona,Spain,Barcelona,Europe,61,https://www.topuniversities.com/universities/universitat-de-barcelona,https://www.topuniversities.com/sites/default/files/university-of-barcelona_592560cf2aeae70239af4aaf_medium.jpg,47.8,391,84.9,81,19,801+,48.9,262,77,170,40.8,484,96.4,50,39.9,501,46.2,451,84.7,=115
161,161,Michigan State University,United States,East Lansing,North America,60.9,https://www.topuniversities.com/universities/michigan-state-university,https://www.topuniversities.com/sites/default/files/michigan-state-university_402_medium.jpg,61.2,280,67.3,146,13.9,801+,62.9,174,75.6,180,21.1,708,97.6,27,67.2,348,27.3,649,94.2,28
162,162,Ghent University,Belgium,Ghent,Europe,60.8,https://www.topuniversities.com/universities/ghent-university,https://www.topuniversities.com/sites/default/files/ghent-university_228_medium.jpg,32.4,557,68.2,141,84.5,140,39.1,350,84.9,136,33.8,549,99.2,11,83.4,267,39.5,504,94,=30
163,163,King Abdulaziz University (KAU),Saudi Arabia,Jeddah,Asia,60.7,https://www.topuniversities.com/universities/king-abdulaziz-university-kau,https://www.topuniversities.com/sites/default/files/king-abdulaziz-university-kau_1172_medium.jpg,47.8,390,67.5,145,41.4,490,76.6,118,44.9,392,9.2,801+,95,84,83.1,270,14.9,801+,77.5,=206
164,164,Nagoya University,Japan,Nagoya,Asia,60.3,https://www.topuniversities.com/universities/nagoya-university,https://www.topuniversities.com/sites/default/files/nagoya-university_427_medium.jpg,38.2,491,74.2,116,84.2,144,71.5,141,39.2,443,27.6,619,66,610,22.6,681,33.6,568,74.1,=255
165,165,Chalmers University of Technology,Sweden,Gothenburg,Europe,60.2,https://www.topuniversities.com/universities/chalmers-university-technology,https://www.topuniversities.com/sites/default/files/chalmers-university-of-technology_592560cf2aeae70239af4af7_medium.jpg,80.9,152,34.6,350,59.5,303,56.6,207,53.3,319,74.3,257,77,405,100,56,76.8,226,82.7,=138
166,166,Al-Farabi Kazakh National University,Kazakhstan,Almaty,Asia,59.8,https://www.topuniversities.com/universities/al-farabi-kazakh-national-university,https://www.topuniversities.com/sites/default/files/240206083847am456393logo-1-90x90.jpg,2.1,801+,60.7,172,99.6,36,86.3,85,66.2,234,83.2,204,75.7,426,80.9,288,79.3,213,62.8,443
167,167,Washington University in St. Louis,United States,St. Louis,North America,59.6,https://www.topuniversities.com/universities/washington-university-st-louis,https://www.topuniversities.com/sites/default/files/250209012951am920550WashU-Shield-FullColor-RGB-200x200-90x90.jpg,62.6,263,46.5,251,99.8,31,25.7,529,55.1,301,81.8,214,74.8,445,93.1,199,83.5,182,85.8,=102
168,168,Université de Montréal,Canada,Montreal,North America,59.5,https://www.topuniversities.com/universities/universite-de-montreal,https://www.topuniversities.com/sites/default/files/universit-de-montral_417_medium.jpg,26.3,621,66.1,151,79.5,171,44,303,65.4,239,66.4,301,88.7,195,91.5,214,69.6,271,89.9,65
169,169,University of York,United Kingdom,York,Europe,59.4,https://www.topuniversities.com/universities/university-york,https://www.topuniversities.com/sites/default/files/250204120245pm633652UOY-Logo-Stacked-shield-Black-white-background-200x200px-90x90.jpg,53.8,344,56.8,197,55.8,335,42.3,317,41,427,75.4,253,96,58,92.4,208,77.8,223,93.2,34
=170,170,Hokkaido University,Japan,Sapporo,Asia,59.3,https://www.topuniversities.com/universities/hokkaido-university,https://www.topuniversities.com/sites/default/files/hokkaido-university_266_medium.jpg,42.7,445,71.5,129,76.8,185,68.8,151,26.4,617,20.5,724,77.5,393,28.2,604,26.6,664,78.5,=192
=170,171,Kyushu University,Japan,Fukuoka City,Asia,59.3,https://www.topuniversities.com/universities/kyushu-university,https://www.topuniversities.com/sites/default/files/kyushu-university_331_medium.jpg,34.2,534,71.3,130,87.1,121,72.1,140,20.9,710,39,502,76.4,416,24.5,657,44.5,468,74.8,=241
172,172,Universitat Autònoma de Barcelona,Spain,Barcelona,Europe,59.2,https://www.topuniversities.com/universities/universitat-autonoma-de-barcelona,https://www.topuniversities.com/sites/default/files/240404114804am190222logo-uab-qs-90x90.jpg,76.2,170,76.4,105,15.2,801+,42.1,318,30.4,546,27.2,625,93.7,105,26.5,632,33.3,572,90.3,=61
=173,173,Arizona State University,United States,Tempe,North America,59.1,https://www.topuniversities.com/universities/arizona-state-university,https://www.topuniversities.com/sites/default/files/arizona-state-university_592560cf2aeae70239af4a9c_medium.jpg,61.5,277,63.9,159,9.5,801+,63.3,171,42.2,415,53.2,385,95.2,81,72.5,326,57.7,353,85.8,=102
=173,174,McMaster University,Canada,Hamilton,North America,59.1,https://www.topuniversities.com/universities/mcmaster-university,https://www.topuniversities.com/sites/default/files/mcmaster-university_397_medium.jpg,56.6,311,52.5,211,61.8,289,43.6,307,60,271,66.3,302,84.3,270,94.6,184,69.6,273,86.6,=93
=173,175,Universidad de Chile,Chile,Santiago,Latin America,59.1,https://www.topuniversities.com/universities/universidad-de-chile,https://www.topuniversities.com/sites/default/files/universidad-de-chile_121_medium.jpg,18.2,747,91.9,61,10.9,801+,92,63,97.6,50,8.1,801+,77.9,384,12.2,801+,13.1,801+,69.5,=321
176,176,National Tsing Hua University - NTHU,Taiwan,Hsinchu City,Asia,59,https://www.topuniversities.com/universities/national-tsing-hua-university-nthu,https://www.topuniversities.com/sites/default/files/national-tsing-hua-university_442_medium.jpg,73.5,187,67,148,34.2,574,77.1,116,25.4,633,37.3,522,42.1,801+,26.7,630,40.4,501,57.8,=546
=177,177,Khalifa University,United Arab Emirates,Abu Dhabi,Asia,58.8,https://www.topuniversities.com/universities/khalifa-university,https://www.topuniversities.com/sites/default/files/khalifa-university-of-science-and-technology_592560e19988f300e2320ee2_medium.jpg,83.9,131,34.3,356,83.2,152,42.8,314,12.6,801+,83,206,81.1,329,100,11,82.5,186,68.1,=349
=177,178,Tongji University,China (Mainland),Shanghai,Asia,58.8,https://www.topuniversities.com/universities/tongji-university,https://www.topuniversities.com/sites/default/files/tongji-university_617_medium.jpg,99.6,27,45.2,261,31.2,613,41.2,331,33.4,507,47.4,425,74.6,449,92.6,204,52.4,393,77.2,=210
179,179,"University of California, Santa Barbara (UCSB)",United States,Santa Barbara,North America,58.7,https://www.topuniversities.com/universities/university-california-santa-barbara-ucsb,https://www.topuniversities.com/sites/default/files/university-of-california-santa-barbara-ucsb_91_medium.jpg,99,38,65.3,154,9.3,801+,32.4,442,25.6,628,27.5,620,75.4,434,81.3,286,20.6,753,65.2,=393
180,180,Indian Institute of Technology Madras (IITM),India,Chennai,Asia,58.4,https://www.topuniversities.com/universities/indian-institute-technology-madras-iitm,https://www.topuniversities.com/sites/default/files/indian-institute-of-technology-madras-iitm_286_medium.jpg,90.2,102,56.8,196,21.3,801+,85.8,87,45.8,380,3.2,801+,45.6,801+,3.1,801+,7.4,801+,73,274
181,181,Cardiff University,United Kingdom,Cardiff,Europe,57.8,https://www.topuniversities.com/universities/cardiff-university,https://www.topuniversities.com/sites/default/files/241218121747pm405354CU-Logo-Cardiff-Logo-Red-100-90x90.jpg,42.2,451,60.1,175,48.2,403,54.4,223,33.5,502,70.1,278,93.4,120,87.2,243,73,248,88.9,=71
182,182,Emory University,United States,Atlanta,North America,57.7,https://www.topuniversities.com/universities/emory-university,https://www.topuniversities.com/sites/default/files/emory-university_185_medium.jpg,85.7,120,34.5,353,92.8,88,37.7,369,42.4,413,49.6,411,85,255,70,335,54.3,378,63.5,432
183,183,Curtin University,Australia,Perth,Oceania,57.6,https://www.topuniversities.com/universities/curtin-university,https://www.topuniversities.com/sites/default/files/curtin-university_150_medium.jpg,89.6,104,46.3,254,17.7,801+,39.3,348,37.9,459,54.3,382,94.2,96,100,57,58.7,348,82,=149
=184,184,University of Bern,Switzerland,Bern,Europe,57.5,https://www.topuniversities.com/universities/university-bern,https://www.topuniversities.com/sites/default/files/university-of-bern_55_medium.jpg,99.3,32,38,313,49,394,26,520,37.2,466,52.9,389,95.5,69,100,58,57.4,356,68.9,=331
=184,185,University of Wollongong,Australia,Wollongong,Oceania,57.5,https://www.topuniversities.com/universities/university-wollongong,https://www.topuniversities.com/sites/default/files/university-of-wollongong_680_medium.jpg,95.6,66,41.6,287,21.1,801+,33.1,434,25.8,626,82.2,211,88.6,197,99.5,113,83.8,179,86.1,=98
186,186,Wuhan University,China (Mainland),Wuhan,Asia,57.3,https://www.topuniversities.com/universities/wuhan-university,https://www.topuniversities.com/sites/default/files/wuhan-university_889_medium.jpg,98,46,53.6,205,21.3,801+,46.7,283,58.9,276,10.7,801+,77.8,387,47.1,452,8.2,801+,60.8,=491
=187,187,Complutense University of Madrid,Spain,Madrid,Europe,57.1,https://www.topuniversities.com/universities/complutense-university-madrid,https://www.topuniversities.com/sites/default/files/complutense-university-of-madrid_592560cf2aeae70239af4bff_medium.jpg,12.8,801+,78.5,101,41.6,486,73.9,131,97.3,53,32.9,561,92.7,132,18.2,736,38.7,511,80.4,=163
=187,188,Tecnológico de Monterrey,Mexico,Monterrey,Latin America,57.1,https://www.topuniversities.com/universities/tecnologico-de-monterrey,https://www.topuniversities.com/sites/default/files/instituto-tecnolgico-y-de-estudios-superiores-de-monterrey_592560cf2aeae70239af4cd6_medium.jpg,4.8,801+,69.9,136,69.4,236,93.9,55,97.4,52,18.3,758,74.6,451,24.5,658,24.4,696,73.8,=262
189,189,Universitas Indonesia,Indonesia,Depok,Asia,57,https://www.topuniversities.com/universities/universitas-indonesia,https://www.topuniversities.com/sites/default/files/universitas-indonesia_290_medium.jpg,3.9,801+,69.9,135,68.8,240,89.3,76,87.2,124,10.9,801+,59.6,701,86.6,249,16.3,801+,60.9,=486
190,190,The Ohio State University,United States,Columbus,North America,56.9,https://www.topuniversities.com/universities/ohio-state-university,https://www.topuniversities.com/sites/default/files/the-ohio-state-university_465_medium.jpg,33.8,539,71.1,131,53.1,353,63,173,66,236,20.6,721,93.7,106,37.4,519,26.7,661,69.2,=326
=191,191,Queen's University at Kingston,Canada,Kingston,North America,56.8,https://www.topuniversities.com/universities/queens-university-kingston,https://www.topuniversities.com/sites/default/files/queens-university-at-kingston_513_medium.jpg,56.3,315,50.9,219,7.9,801+,75.7,123,92.3,87,35.5,536,79,369,75.6,315,41.2,496,86.6,=93
=191,192,Université catholique de Louvain (UCLouvain),Belgium,Louvain-la-Neuve,Europe,56.8,https://www.topuniversities.com/universities/universite-catholique-de-louvain-uclouvain,https://www.topuniversities.com/sites/default/files/universit-catholique-de-louvain-uclouvain_592560cf2aeae70239af4aed_medium.jpg,59.5,291,61.7,164,6.4,801+,36,398,82,150,63.1,319,91.6,150,94.5,185,66.6,292,81.3,157
193,193,Universität Hamburg,Germany,Hamburg,Europe,56.5,https://www.topuniversities.com/universities/universitat-hamburg,https://www.topuniversities.com/sites/default/files/universitt-hamburg_592560cf2aeae70239af4b79_medium.jpg,54.6,333,64,157,25.6,725,51.7,238,49.9,346,31.3,576,93.8,103,58.8,396,37.1,524,94.1,29
=194,194,University of Reading,United Kingdom,Reading,Europe,56.2,https://www.topuniversities.com/universities/university-reading,https://www.topuniversities.com/sites/default/files/university-of-reading_517_medium.jpg,63,260,45.7,256,20.2,801+,46.8,280,57.6,287,85.8,192,93.3,121,95,178,87,162,92.4,=42
=194,195,Vrije Universiteit Amsterdam,Netherlands,Amsterdam,Europe,56.2,https://www.topuniversities.com/universities/vrije-universiteit-amsterdam,https://www.topuniversities.com/sites/default/files/vrije-universiteit-amsterdam_658_medium.jpg,80.7,154,53.3,208,23.3,767,28.8,489,56.4,296,57.6,358,90.1,173,82.9,272,42.9,484,68.8,338
196,196,Waseda University,Japan,Tokyo,Asia,56.1,https://www.topuniversities.com/universities/waseda-university,https://www.topuniversities.com/sites/default/files/waseda-university_592560cf2aeae70239af4d1c_medium.jpg,7.3,801+,73.6,118,29.5,639,97.2,37,90.7,98,43.7,461,63.1,650,35.2,535,48.9,426,74.3,252
=197,197,Technische Universität Wien,Austria,Vienna,Europe,55.8,https://www.topuniversities.com/universities/vienna-university-technology,https://www.topuniversities.com/sites/default/files/vienna-university-of-technology_653_medium.jpg,71.1,207,47.6,246,18.5,801+,56.3,211,29.1,569,95.9,114,71.9,502,91.8,211,71.3,258,59,520
=197,198,University of Otago,New Zealand,Dunedin,Oceania,55.8,https://www.topuniversities.com/universities/university-otago,https://www.topuniversities.com/sites/default/files/250220051447pm493728240508092847pm590994Image-09-05-2024-at-9.28%E2%80%AFAM-200x200-90x90.jpg,63.2,258,60,176,14.8,801+,36,399,68.7,222,39.6,496,76.5,413,100,53,45,464,88.2,=78
=199,199,National Yang Ming Chiao Tung University (NYCU Taiwan),Taiwan,Hsinchu City,Asia,55.7,https://www.topuniversities.com/universities/national-yang-ming-chiao-tung-university-nycu-taiwan,https://www.topuniversities.com/sites/default/files/230525091126am408938230525%40400x-100-90x90.jpg,71.8,202,42.1,285,55.4,339,68.5,153,75.8,179,31.9,569,54.1,782,29.1,593,37.7,520,74.1,=255
=199,200,Queen's University Belfast,United Kingdom,Belfast,Europe,55.7,https://www.topuniversities.com/universities/queens-university-belfast,https://www.topuniversities.com/sites/default/files/queens-university-belfast_592560cf2aeae70239af4c86_medium.jpg,57.5,304,49.6,228,30.3,627,43.4,309,19.5,735,98.8,74,95.4,73,100,79,98.9,65,89.5,67
201,201,Albert-Ludwigs-Universitaet Freiburg,Germany,Freiburg im Breisgau,Europe,55.6,https://www.topuniversities.com/universities/albert-ludwigs-universitaet-freiburg,https://www.topuniversities.com/sites/default/files/240117022940pm384573UFR-Kurzform-200x200-Zeichenfl%C3%A4che-1-Zeichenfl%C3%A4che-1-90x90.jpg,66.4,238,56.8,195,31.1,616,35.3,408,47.2,372,44.2,455,89.5,180,78.7,302,49.4,420,85.6,=104
202,202,University of Gothenburg,Sweden,Gothenburg,Europe,55.5,https://www.topuniversities.com/universities/university-gothenburg,https://www.topuniversities.com/sites/default/files/university-of-gothenburg_233_medium.jpg,45.4,408,46.4,252,73,211,24.6,546,71,205,85.8,191,93.7,104,94.1,190,87.1,161,92.9,=36
=203,203,National Cheng Kung University (NCKU),Taiwan,Tainan City,Asia,55.2,https://www.topuniversities.com/universities/national-cheng-kung-university-ncku,https://www.topuniversities.com/sites/default/files/230407032250am673777NCKU-Alt-GraphicSignature-NL-RGB-AW-90x90.jpg,39.8,471,66.4,150,33.8,578,79.4,106,56.3,297,24.4,670,58,718,28.6,600,30.5,610,79.7,=175
=203,204,University of Twente,Netherlands,Enschede,Europe,55.2,https://www.topuniversities.com/universities/university-twente,https://www.topuniversities.com/sites/default/files/university-of-twente_635_medium.jpg,77,169,29.3,422,56,333,40.5,333,32.6,519,95.2,124,85.4,248,100,93,70.8,264,79.6,179
205,205,École Normale Supérieure de Lyon,France,Lyon,Europe,55.1,https://www.topuniversities.com/universities/ecole-normale-superieure-de-lyon,https://www.topuniversities.com/sites/default/files/cole-normale-suprieure-de-lyon_175_medium.jpg,89.2,106,41.7,286,98.8,46,25.7,528,17.9,760,23.9,677,73.1,485,61.5,380,26.7,662,50.2,=699
206,206,Universidad Autónoma de Madrid,Spain,Madrid,Europe,55,https://www.topuniversities.com/universities/universidad-autonoma-de-madrid,https://www.topuniversities.com/sites/default/files/230914073612am166112marcaUAM-centroColor-expandHQg-90x90.jpg,26.5,620,73.1,121,39.7,511,71.5,142,52.5,322,29.6,594,92.5,135,22.3,683,35.5,543,72.5,=281
=207,207,Deakin University,Australia,Melbourne,Oceania,54.9,https://www.topuniversities.com/universities/deakin-university,https://www.topuniversities.com/sites/default/files/download-90x90.png,86.2,116,42.3,281,5.9,801+,32.6,440,43.6,406,83.3,202,86.8,222,97.2,148,84.8,172,86.7,=91
=207,208,Rheinische Friedrich-Wilhelms-Universität Bonn,Germany,Bonn,Europe,54.9,https://www.topuniversities.com/universities/rheinische-friedrich-wilhelms-universitat-bonn,https://www.topuniversities.com/sites/default/files/rheinische-friedrich-wilhelms-universitt-bonn_592560cf2aeae70239af4ac1_medium.jpg,24.9,640,67.7,144,76.5,188,35.5,407,50,343,56.4,369,96.2,56,51.4,432,60.6,337,86.4,95
=207,209,"University of Maryland, College Park",United States,College Park,North America,54.9,https://www.topuniversities.com/universities/university-maryland-college-park,https://www.topuniversities.com/sites/default/files/university-of-maryland-college-park_393_medium.jpg,60.5,284,57.2,191,44.2,449,51.8,236,59.7,273,24.9,666,92.9,129,28,610,18.7,783,70.7,=305
210,210,University of Minnesota (System),United States,Minneapolis,North America,54.8,https://www.topuniversities.com/universities/university-minnesota-system,https://www.topuniversities.com/sites/default/files/university-of-minnesota_408_medium.jpg,49.2,378,68.6,138,37.2,540,49.4,257,67.2,231,15.4,801+,91.2,153,6.5,801+,21.5,741,91.1,=54
211,211,University of Calgary,Canada,Calgary,North America,54.7,https://www.topuniversities.com/universities/university-calgary,https://www.topuniversities.com/sites/default/files/250514083129pm658203Canadas-Entreprenuerial-University-University-of-Calgary-UCalgary-90x90.jpg,54.6,332,47.6,245,24.4,746,50.5,249,61.5,255,76.9,243,86.2,233,87.4,239,79.1,216,86,100
=212,212,Universidad de los Andes,Colombia,Bogotá,Latin America,54.6,https://www.topuniversities.com/universities/universidad-de-los-andes,https://www.topuniversities.com/sites/default/files/universidad-de-los-andes_592560cf2aeae70239af4bf6_medium.jpg,10.8,801+,81.5,92,17.6,801+,90.5,70,98.4,35,3.3,801+,54.7,774,28.7,597,7.9,801+,75.9,=223
=212,213,University of Florida,United States,Gainesville,North America,54.6,https://www.topuniversities.com/universities/university-florida,https://www.topuniversities.com/sites/default/files/university-of-florida_212_medium.jpg,34.7,526,58.9,179,75.1,194,55.8,215,67.9,225,18.1,762,98.2,20,31.4,570,24.2,701,74.9,=237
=212,214,University of Lausanne,Switzerland,Lausanne,Europe,54.6,https://www.topuniversities.com/universities/university-lausanne,https://www.topuniversities.com/sites/default/files/university-of-lausanne_592560cf2aeae70239af4bd3_medium.jpg,69,223,37,322,49,393,40.2,340,61.1,264,67,296,83.5,286,100,97,49.9,415,70.3,=313
=215,215,Eberhard Karls Universität Tübingen,Germany,Tübingen,Europe,54.5,https://www.topuniversities.com/universities/eberhard-karls-universitat-tubingen,https://www.topuniversities.com/sites/default/files/eberhard-karls-universitt-tbingen_629_medium.jpg,32.2,560,61,169,85.7,126,36.1,397,36.5,473,40.5,486,93.6,112,88.2,235,30.3,611,64.5,=409
=215,216,Indian Institute of Technology Kharagpur (IIT-KGP),India,Kharagpur,Asia,54.5,https://www.topuniversities.com/universities/indian-institute-technology-kharagpur-iit-kgp,https://www.topuniversities.com/sites/default/files/indian-institute-of-technology-kharagpur-iit-kgp_285_medium.jpg,97,55,42.5,278,10.6,801+,78.6,109,47.7,365,1.3,801+,70.1,528,n/a,n/a,5.7,801+,77.8,=201
=215,217,Keio University,Japan,Tokyo,Asia,54.5,https://www.topuniversities.com/universities/keio-university,https://www.topuniversities.com/sites/default/files/keio-university_592560cf2aeae70239af4bbe_medium.jpg,9.4,801+,65.5,153,65.2,268,93.8,57,95.8,71,19.6,735,55.6,759,15.2,801+,25.8,674,68.9,=331
218,218,Technische Universität Dresden,Germany,Dresden,Europe,54.3,https://www.topuniversities.com/universities/technische-universitat-dresden,https://www.topuniversities.com/sites/default/files/260129053723am237362TUD-Logos-final-RGB-TUD-Logo-vertikal-blau-de-90x90.jpg,58.6,296,47.2,247,74.9,197,49.2,259,12.5,801+,42,476,95.3,75,40.4,495,47.3,439,87.9,=80
=219,219,Indian Institute of Science,India,Bangalore,Asia,54.2,https://www.topuniversities.com/universities/indian-institute-science,https://www.topuniversities.com/sites/default/files/indian-institute-of-science-iisc-bangalore_22878_medium.jpg,99.9,15,56.6,198,39.1,520,46.4,286,15.1,801+,2.1,801+,45.4,801+,5.6,801+,6.4,801+,66.3,374
=219,220,University of Ottawa,Canada,Ottawa,North America,54.2,https://www.topuniversities.com/universities/university-ottawa,https://www.topuniversities.com/sites/default/files/university-of-ottawa_475_medium.jpg,84.8,125,35.8,339,5.4,801+,38.7,361,50,342,85.5,193,92.3,141,96.1,165,86.8,163,86.8,90
221,221,Chulalongkorn University,Thailand,Bangkok,Asia,53.9,https://www.topuniversities.com/universities/chulalongkorn-university,https://www.topuniversities.com/sites/default/files/chulalongkorn-university_592560cf2aeae70239af4b01_medium.jpg,12.5,801+,82,89,44.8,439,52.7,233,96.4,64,6.2,801+,80.6,342,32,564,11,801+,80,=169
222,222,Indian Institute of Technology Kanpur (IITK),India,Kanpur,Asia,53.7,https://www.topuniversities.com/universities/indian-institute-technology-kanpur-iitk,https://www.topuniversities.com/sites/default/files/indian-institute-of-technology-kanpur-iitk_592560cf2aeae70239af4ba5_medium.jpg,84.1,129,49.4,229,16.1,801+,82.7,95,47.6,366,1.4,801+,42.1,801+,3.1,801+,5.8,801+,74.7,=243
223,223,Tel Aviv University,Israel,Tel Aviv,Asia,53.6,https://www.topuniversities.com/universities/tel-aviv-university,https://www.topuniversities.com/sites/default/files/tel-aviv-university_592560cf2aeae70239af4cde_medium.jpg,99.7,25,43.6,269,6.1,801+,31,462,94.2,79,15.3,801+,78.3,378,48.9,444,21.3,743,77,=214
224,224,Gadjah Mada University,Indonesia,Yogyakarta,Asia,53.5,https://www.topuniversities.com/universities/gadjah-mada-university,https://www.topuniversities.com/sites/default/files/gadjah-mada-university_219_medium.jpg,3,801+,70.2,134,65.4,265,84.7,93,75.9,177,8.9,801+,46.3,801+,63,370,14.6,801+,66,=381
225,225,Loughborough University,United Kingdom,Loughborough,Europe,53.3,https://www.topuniversities.com/universities/loughborough-university,https://www.topuniversities.com/sites/default/files/loughborough-university_592560cf2aeae70239af4bf3_medium.jpg,50.6,371,42.8,277,26.9,699,64.5,165,33.2,509,71.1,269,81.4,324,94.6,183,73.9,242,87.9,=80
226,226,Queensland University of Technology (QUT),Australia,Brisbane,Oceania,53.2,https://www.topuniversities.com/universities/queensland-university-technology-qut,https://www.topuniversities.com/sites/default/files/queensland-university-of-technology-qut_592560cf2aeae70239af4c88_medium.jpg,70.9,211,51.6,215,11.6,801+,38.8,356,25.6,629,44.8,451,83.4,287,96.6,158,49.9,416,88.5,73
=227,227,"The University of Newcastle, Australia (UON)",Australia,Callaghan,Oceania,53.1,https://www.topuniversities.com/universities/university-newcastle-australia-uon,https://www.topuniversities.com/sites/default/files/the-university-of-newcastle-australia-uon_449_medium.jpg,95.2,67,36,336,29.7,638,30.5,466,20.8,712,36.2,533,81.8,319,100,92,41.8,494,84.8,=112
=227,228,Universite libre de Bruxelles,Belgium,Brussels,Europe,53.1,https://www.topuniversities.com/universities/universite-libre-de-bruxelles,https://www.topuniversities.com/sites/default/files/universite-libre-de-bruxelles_75_medium.jpg,60.3,287,43.3,271,4.6,801+,46.8,281,74.8,184,89.6,171,90.9,162,99.2,124,90.4,145,65.2,=393
229,229,United Arab Emirates University,United Arab Emirates,Al Ain,Asia,53,https://www.topuniversities.com/universities/united-arab-emirates-university,https://www.topuniversities.com/sites/default/files/united-arab-emirates-university_778_medium.jpg,35.1,522,43.3,272,55.1,341,58.1,199,87.9,120,39.1,501,88.9,191,100,24,44.4,470,68.6,341
=230,230,Massey University,New Zealand,Palmerston North,Oceania,52.9,https://www.topuniversities.com/universities/massey-university,https://www.topuniversities.com/sites/default/files/massey-university_395_medium.jpg,50.5,373,42.1,284,57.3,319,24.1,558,60.7,265,98.9,71,82.2,308,99.4,120,98.9,62,83.7,=129
=230,231,University of Lisbon ,Portugal,Lisbon,Europe,52.9,https://www.topuniversities.com/universities/university-lisbon,https://www.topuniversities.com/sites/default/files/university-of-lisbon_1475_medium.jpg,51.4,367,57.1,193,15.5,801+,46.3,289,97.3,54,58.6,350,98.4,17,14.3,801+,62.6,317,79.3,184
232,232,Friedrich-Alexander-Universität Erlangen-Nürnberg,Germany,Erlangen,Europe,52.2,https://www.topuniversities.com/universities/friedrich-alexander-universitat-erlangen-nurnberg,https://www.topuniversities.com/sites/default/files/220609081209am601836FAU-Logo-quadratisch-90x90.jpg,96.7,59,37.9,316,5.2,801+,46.2,290,27.1,606,60.6,338,86.7,226,39.5,504,64.4,307,75.4,=228
=233,233,La Trobe University,Australia,Melbourne,Oceania,52.1,https://www.topuniversities.com/universities/la-trobe-university,https://www.topuniversities.com/sites/default/files/220913045650am561995LTU-Int-V-RGB-JPG-90x90.jpg,87.8,110,33.4,365,13.2,801+,29,488,28,594,97.4,97,82.1,310,95.6,173,97.5,85,82.2,=146
=233,234,Universidade Estadual de Campinas (Unicamp),Brazil,Campinas,Latin America,52.1,https://www.topuniversities.com/universities/universidade-estadual-de-campinas-unicamp,https://www.topuniversities.com/sites/default/files/universidade-estadual-de-campinas-unicamp_96_medium.jpg,37.2,500,81.7,91,22.1,788,50.9,247,32.5,521,4,801+,84.5,265,15.1,801+,8.7,801+,79.5,=180
=233,235,Università di Padova,Italy,Padova,Europe,52.1,https://www.topuniversities.com/universities/universita-di-padova,https://www.topuniversities.com/sites/default/files/universitdi-padova_480_medium.jpg,54.4,337,73.5,119,13.5,801+,40.2,341,29.6,555,18.8,748,95.5,70,15.5,796,24.9,686,85,=110
236,236,University of Rochester,United States,Rochester,North America,51.9,https://www.topuniversities.com/universities/university-rochester,https://www.topuniversities.com/sites/default/files/university-of-rochester_592560cf2aeae70239af4c96_medium.jpg,56.6,314,27.1,463,98.2,51,32.4,443,51.2,333,96.2,109,63.7,641,80.5,294,96.5,94,72.3,=286
=237,237,American University of Beirut (AUB),Lebanon,Beirut,Asia,51.6,https://www.topuniversities.com/universities/american-university-beirut-aub,https://www.topuniversities.com/sites/default/files/230707125949pm449470AUB-Profile-Photo-only%5B99%5D-90x90.jpg,37.8,494,41.5,288,52.3,358,58.1,200,98.7,33,45.2,449,68.7,554,71.4,330,50.2,413,77.7,204
=237,238,University of Porto,Portugal,Porto,Europe,51.6,https://www.topuniversities.com/universities/university-porto,https://www.topuniversities.com/sites/default/files/220603114500am903324university-of-porto-logo-90x90.jpg,73.6,185,52.5,212,13.6,801+,41.5,328,61.2,261,38.2,513,94.3,94,9.2,801+,33.1,575,77.3,=208
239,239,Maastricht University,Netherlands,Maastricht,Europe,51.4,https://www.topuniversities.com/universities/maastricht-university,https://www.topuniversities.com/sites/default/files/231218042543pm676051UM-triangles-200-x-200-pixels-90x90.jpg,71.7,203,32.8,373,18.6,801+,33.7,425,49.6,350,100,21,85.6,243,99.9,103,100,14,80.2,=166
=240,240,The Hebrew University of Jerusalem,Israel,Jerusalem,Asia,51.3,https://www.topuniversities.com/universities/hebrew-university-jerusalem,https://www.topuniversities.com/sites/default/files/260323113836am686713Hebrew-U-90x90.jpg,41.9,452,42.9,276,74.6,201,36.4,394,97.1,57,33.5,551,74.2,460,81.9,279,38.8,509,65.5,=387
=240,241,Victoria University of Wellington,New Zealand,"Kelburn, Wellington",Oceania,51.3,https://www.topuniversities.com/universities/victoria-university-wellington,https://www.topuniversities.com/sites/default/files/victoria-university-of-wellington_592560cf2aeae70239af4d0f_medium.jpg,44.3,424,57.2,192,15.7,801+,32.2,445,77.6,168,56.7,367,70.1,530,100,96,60.9,332,83.3,132
242,242,Politecnico di Torino,Italy,Turin,Europe,51.2,https://www.topuniversities.com/universities/politecnico-di-torino,https://www.topuniversities.com/sites/default/files/211027114149am317273Poli-di-Torino-logo-200x2000-90x90.jpg,68.1,230,50.3,223,4.5,801+,64.6,164,37.8,462,57.9,356,79.1,366,7.3,801+,61.9,324,73.6,=265
243,243,University of Göttingen,Germany,Göttingen,Europe,51.1,https://www.topuniversities.com/universities/university-gottingen,https://www.topuniversities.com/sites/default/files/university-of-gttingen_234_medium.jpg,25.8,626,57.3,190,87,122,35.6,405,51.2,334,37.9,517,95.2,80,59.2,395,43.4,479,61,=480
=244,244,Hamad Bin Khalifa University (HBKU),Qatar,Doha,Asia,50.9,https://www.topuniversities.com/universities/hamad-bin-khalifa-university-hbku,https://www.topuniversities.com/sites/default/files/230216033433pm754356HBKU-Logo-90x90.jpg,100,6,14.3,701+,100,20,6.8,701+,6.8,801+,100,6,75.7,424,100,10,99.9,29,38.5,801+
=244,245,Hong Kong Baptist University,Hong Kong SAR,Hong Kong,Asia,50.9,https://www.topuniversities.com/universities/hong-kong-baptist-university,https://www.topuniversities.com/sites/default/files/hong-kong-baptist-university_893_medium.jpg,82.3,141,28.3,445,67.3,251,21.7,610,23,672,100,22,38.2,801+,99.4,118,99.9,33,67.5,=358
246,246,University College Cork,Ireland,Cork,Europe,50.7,https://www.topuniversities.com/universities/university-college-cork,https://www.topuniversities.com/sites/default/files/250831075941pm373153UCC-Master-Logo-2025-RGB-DIGITAL-90x90.jpg,52.7,357,43.4,270,22.5,782,48.1,269,49.5,351,75,255,68.8,551,86.2,253,77.4,224,83.8,=127
=247,247,Beijing Normal University ,China (Mainland),Beijing,Asia,50.6,https://www.topuniversities.com/universities/beijing-normal-university,https://www.topuniversities.com/sites/default/files/beijing-normal-university_869_medium.jpg,98.6,44,47.6,244,30.3,626,29.6,483,18.2,754,32.9,559,77.1,403,9,801+,24.7,690,55.5,=591
=247,248,Dartmouth College,United States,Hanover,North America,50.6,https://www.topuniversities.com/universities/dartmouth-college,https://www.topuniversities.com/sites/default/files/dartmouth-college_592560cf2aeae70239af4b1c_medium.jpg,56.9,307,30.7,398,79.9,167,54.3,225,87.7,122,58.5,351,46.2,801+,13.5,801+,62.5,318,82.2,=146
=247,249,University of Massachusetts Amherst,United States,Amherst,North America,50.6,https://www.topuniversities.com/universities/university-massachusetts-amherst,https://www.topuniversities.com/sites/default/files/university-of-massachusetts-amherst_592560cf2aeae70239af4c0e_medium.jpg,62.4,266,48.1,238,15.8,801+,40,342,44.2,399,46.3,436,78.8,372,77.9,307,51.3,404,84.5,=119
250,250,Vanderbilt University,United States,Nashville,North America,50.4,https://www.topuniversities.com/universities/vanderbilt-university,https://www.topuniversities.com/sites/default/files/vanderbilt-university_649_medium.jpg,50.6,372,32.3,382,100,10,41.8,323,57.5,288,50.9,404,77.9,383,48.4,446,55.5,370,61.8,=460
=251,251,Universiti Teknologi PETRONAS (UTP),Malaysia,Seri Iskandar,Asia,50.2,https://www.topuniversities.com/universities/universiti-teknologi-petronas-utp,https://www.topuniversities.com/sites/default/files/universiti-teknologi-petronas-utp_592560cf2aeae70239af4ef2_medium.jpg,95,70,29.7,415,44.6,442,41,332,5.2,801+,29.5,596,72.1,498,87,245,30.7,608,50,704
=251,252,University of Strathclyde,United Kingdom,Glasgow,Europe,50.2,https://www.topuniversities.com/universities/university-strathclyde,https://www.topuniversities.com/sites/default/files/251006032129pm964983strath-crest-200x200px-90x90.jpg,57.2,306,37.5,319,17.8,801+,40.5,335,46,379,89,175,84.5,263,99.2,122,90,149,84.6,=117
=253,253,Taylor's University,Malaysia,Kuala Lumpur,Asia,50,https://www.topuniversities.com/universities/taylors-university,https://www.topuniversities.com/sites/default/files/taylors-university_592560cf2aeae70239af57af_medium.jpg,21,696,40.2,298,69.7,233,85.2,92,5.2,801+,100,34,53.5,789,73,324,100,25,57.8,=546
=253,254,Technical University of Darmstadt,Germany,Darmstadt,Europe,50,https://www.topuniversities.com/universities/technical-university-darmstadt,https://www.topuniversities.com/sites/default/files/technische-universitt-darmstadt_628_medium.jpg,82.2,142,28.2,447,9.8,801+,41.9,320,53.5,318,92.8,149,73.8,473,67.8,344,93.4,123,78.6,=190
255,255,Institut Teknologi Bandung (ITB),Indonesia,Bandung,Asia,49.9,https://www.topuniversities.com/universities/institut-teknologi-bandung-itb,https://www.topuniversities.com/sites/default/files/bandung-institute-of-technology-itb_41_medium.jpg,5.4,801+,58.5,181,54.7,345,85.3,90,68.6,224,8,801+,39.8,801+,94.7,182,13.7,801+,59.2,=516
256,256,Harbin Institute of Technology,China (Mainland),Harbin,Asia,49.8,https://www.topuniversities.com/universities/harbin-institute-technology,https://www.topuniversities.com/sites/default/files/harbin-institute-of-technology_877_medium.jpg,99.8,22,33.3,367,42,479,47.9,270,35.2,490,9.2,801+,73.6,481,12.9,801+,14.9,801+,48.1,=757
=257,257,Tianjin University,China (Mainland),Tianjin,Asia,49.7,https://www.topuniversities.com/universities/tianjin-university,https://www.topuniversities.com/sites/default/files/tianjin-university_609_medium.jpg,99.9,18,26.3,481,51.6,368,37.6,371,38.7,449,33.5,550,72.5,491,29.9,586,25.1,682,56.2,=576
=257,258,Université Paris 1 Panthéon-Sorbonne,France,Paris,Europe,49.7,https://www.topuniversities.com/universities/universite-paris-1-pantheon-sorbonne,https://www.topuniversities.com/sites/default/files/260305110034am945966P1PS-logo-90x90.jpg,4.8,801+,78,103,6.8,801+,62.2,180,84.3,139,61.2,333,70.8,513,39,508,65,304,61.8,=460
=259,259,Beijing Institute of Technology,China (Mainland),Beijing,Asia,49.5,https://www.topuniversities.com/universities/beijing-institute-technology,https://www.topuniversities.com/sites/default/files/beijing-institute-of-technology_868_medium.jpg,96.4,62,34.3,355,42.7,469,46.7,282,22.5,681,15.5,801+,75.3,439,12.3,801+,11.8,801+,58.8,=525
=259,260,Universidad Nacional de Colombia,Colombia,Bogotá,Latin America,49.5,https://www.topuniversities.com/universities/universidad-nacional-de-colombia,https://www.topuniversities.com/sites/default/files/universidad-nacional-de-colombia_592560cf2aeae70239af4b0b_medium.jpg,6.9,801+,81.1,94,6.7,801+,90.9,69,57.3,292,2.2,801+,62.6,656,8.1,801+,6.6,801+,69.3,325
261,261,University of Canterbury | Te Whare Wānanga o Waitaha,New Zealand,Christchurch,Oceania,49.4,https://www.topuniversities.com/universities/university-canterbury-te-whare-wananga-o-waitaha,https://www.topuniversities.com/sites/default/files/university-of-canterbury_97_medium.jpg,48.2,387,48.8,235,12.1,801+,34.7,417,87.4,123,48.1,420,60.9,681,100,73,53,389,88.2,=78
=262,262,University of Aberdeen,United Kingdom,Aberdeen,Europe,49.3,https://www.topuniversities.com/universities/university-aberdeen,https://www.topuniversities.com/sites/default/files/250617044352pm441031UoA-Stacked-Logo-RGB-90x90.jpg,42.9,442,40.1,299,44.9,437,34.8,413,30,549,87.2,185,89.7,176,95.8,168,88.3,155,87.8,=83
=262,263,University of Navarra,Spain,Pamplona,Europe,49.3,https://www.topuniversities.com/universities/university-navarra,https://www.topuniversities.com/sites/default/files/230606111821am961353marcaunav-rojo-1x1-90x90.jpg,25.3,631,40.8,290,50.6,375,78.2,111,80.5,156,84,200,58.3,714,26.8,629,85.4,171,66.1,=376
=262,264,University of Surrey,United Kingdom,Guildford,Europe,49.3,https://www.topuniversities.com/universities/university-surrey,https://www.topuniversities.com/sites/default/files/230822021755pm944389Surrey-Logo-200x200px-90x90.jpg,74.4,182,29.7,411,33.4,583,30,475,30.7,539,88.7,181,86.6,227,98,139,89.7,152,60.4,=499
=265,265,Charles University,Czechia,Prague,Europe,49,https://www.topuniversities.com/universities/charles-university,https://www.topuniversities.com/sites/default/files/charles-university_117_medium.jpg,14.3,801+,58.5,182,37,543,55.5,217,73.2,196,61.7,328,97.2,33,33.5,549,65.4,300,76.9,217
=265,266,Universitat Pompeu Fabra (Barcelona),Spain,Barcelona,Europe,49,https://www.topuniversities.com/universities/universitat-pompeu-fabra,https://www.topuniversities.com/sites/default/files/universitat-pompeu-fabra_504_medium.jpg,70.6,212,43.7,268,19.1,801+,39.5,346,23,671,40,487,75.8,422,84.7,260,45.5,456,66.4,=371
267,267,Norwegian University of Science And Technology,Norway,Trondheim,Europe,48.9,https://www.topuniversities.com/universities/norwegian-university-science-technology,https://www.topuniversities.com/sites/default/files/norwegian-university-of-science-and-technology_457_medium.jpg,45.1,413,45.9,255,30.7,620,33.4,430,90.5,101,17.7,769,95.2,77,87.4,240,23.8,709,80.3,165
268,268,Griffith University,Australia,Nathan,Oceania,48.7,https://www.topuniversities.com/universities/griffith-university,https://www.topuniversities.com/sites/default/files/250520124305am681487GU-Logo-International-Red-on-White-Square-90x90.jpg,75.1,178,37.7,318,13.3,801+,16.6,701+,26.6,615,70.7,271,93.4,119,100,91,73.5,243,91.7,=49
=269,269,Middle East Technical University,Türkiye,Ankara,Asia,48.5,https://www.topuniversities.com/universities/middle-east-technical-university,https://www.topuniversities.com/sites/default/files/middle-east-technical-university_2110_medium.jpg,34.4,528,44.8,265,12.8,801+,88.7,77,82.2,148,31,579,79.2,365,18,743,36.9,528,71.8,=294
=269,270,UCSI University,Malaysia,Kuala Lumpur,Asia,48.5,https://www.topuniversities.com/universities/ucsi-university,https://www.topuniversities.com/sites/default/files/ucsi-university_592560e09988f300e2320ce5_medium.jpg,8.6,801+,40.7,293,87.7,113,70.4,145,13.3,801+,99,69,50,801+,92.9,201,98.9,64,61.6,466
271,271,University of Warsaw,Poland,Warsaw,Europe,48.3,https://www.topuniversities.com/universities/university-warsaw,https://www.topuniversities.com/sites/default/files/221121121702pm909597logo-University-of-Warsaw-90x90.jpg,10,801+,61,168,59.5,304,62.8,175,74.4,186,15.7,801+,85.9,238,13.5,801+,21.8,733,74,=259
=272,272,American University of Sharjah,United Arab Emirates,Sharjah,Asia,48.2,https://www.topuniversities.com/universities/american-university-sharjah,https://www.topuniversities.com/sites/default/files/211216011743pm346028American-University-of-Sharjah-AUS-Stacked-200X200px-90x90.jpg,43.8,428,31.7,388,24.6,742,65.1,163,60.6,268,100,9,50.6,801+,100,3,100,4,54.4,=613
=272,273,North Carolina State University,United States,Raleigh,North America,48.2,https://www.topuniversities.com/universities/north-carolina-state-university,https://www.topuniversities.com/sites/default/files/north-carolina-state-university_592560cf2aeae70239af4c2a_medium.jpg,72.9,190,36.4,333,12.2,801+,47.9,271,37.7,464,25.6,651,79.8,356,67.5,347,31.7,594,86.7,=91
=272,274,University of Cologne,Germany,Cologne,Europe,48.2,https://www.topuniversities.com/universities/university-cologne,https://www.topuniversities.com/sites/default/files/university-of-cologne_592560cf2aeae70239af4bc6_medium.jpg,43.8,429,45,263,23.6,759,50.5,250,64.5,241,47.1,430,92.6,134,39.3,506,52,399,88.9,=71
275,275,University of Virginia,United States,Charlottesville,North America,48.1,https://www.topuniversities.com/universities/university-virginia,https://www.topuniversities.com/sites/default/files/university-of-virginia_656_medium.jpg,36.5,513,46.5,250,68.2,245,47.9,272,91.9,91,19.2,740,82.6,299,5.3,801+,14.5,801+,68.9,=331
=276,276,Sun Yat-sen University,China (Mainland),Guangzhou,Asia,48,https://www.topuniversities.com/universities/sun-yat-sen-university,https://www.topuniversities.com/sites/default/files/sun-yat-sen-university_888_medium.jpg,72.6,193,45.4,259,53.4,352,39,351,38.8,446,6.8,801+,78.4,377,4.1,801+,5.3,801+,56.7,=562
=276,277,University of Milan,Italy,Milan,Europe,48,https://www.topuniversities.com/universities/university-milan,https://www.topuniversities.com/sites/default/files/230331095733am940735university-of-milan-1873-large-90x90.jpg,56.6,313,65.9,152,10.2,801+,27,507,63.1,246,13.4,801+,85.1,252,10.8,801+,19.4,772,76.4,=219
278,278,University of Sussex,United Kingdom,Brighton,Europe,47.9,https://www.topuniversities.com/universities/university-sussex,https://www.topuniversities.com/sites/default/files/260317044134pm839571UoS-Stacked-logo-CMYK-Black-on-White-90x90.jpg,60.7,283,33.8,360,21.4,801+,21,624,53.6,314,89.5,172,86.3,232,99,129,90.4,146,90,=63
279,279,Radboud University,Netherlands,Nijmegen,Europe,47.6,https://www.topuniversities.com/universities/radboud-university,https://www.topuniversities.com/sites/default/files/240410065850am767670Logo-Radboud-University-90x90.jpg,73.2,189,38.6,310,34.8,566,20.3,648,34.9,492,30.1,589,92.5,136,83.5,266,36,534,67.7,=353
280,280,University of Antwerp,Belgium,Antwerp,Europe,47.4,https://www.topuniversities.com/universities/university-antwerp,https://www.topuniversities.com/sites/default/files/220301072725am708442Logo-UAntwerpen-90x90.jpg,57.7,303,35,343,42.8,465,18.8,690,60.3,270,45.5,444,95.2,79,96.4,162,50.5,411,80.6,162
=281,281,University of Pittsburgh,United States,Pittsburgh,North America,47.3,https://www.topuniversities.com/universities/university-pittsburgh,https://www.topuniversities.com/sites/default/files/250923063818pm705607114803-Grad-Stud-Logo-Resize-for-Handshake-Profile-150x150-90x90.jpg,41.7,453,45.4,258,98.1,57,26.4,516,59.7,272,23,688,90.4,171,9.9,801+,29.1,625,60.2,501
=281,282,University of Waikato,New Zealand,Hamilton ,Oceania,47.3,https://www.topuniversities.com/universities/university-waikato,https://www.topuniversities.com/sites/default/files/230815114906pm995093UoW-NZ-logo-CMYK-vert-1061x1693-27c69c2-90x90.jpg,82.1,144,28.2,446,16.2,801+,18.8,691,58.4,282,79.7,223,49,801+,99.5,116,81.6,192,84.8,=112
283,283,Dalhousie University,Canada,Nova Scotia,North America,47.2,https://www.topuniversities.com/universities/dalhousie-university,https://www.topuniversities.com/sites/default/files/250221040601pm770441logo-200x200-90x90.jpg,76.2,171,27.1,465,15.8,801+,23.9,563,39.8,439,79.4,225,79.9,353,100,88,81.3,195,85.3,=107
284,284,University of Galway,Ireland,Galway,Europe,47.1,https://www.topuniversities.com/universities/university-galway,https://www.topuniversities.com/sites/default/files/230111113541am417642Logo-QS-90x90.jpg,24,655,37.3,321,68.6,241,40.2,339,61.2,260,62.7,321,72.9,488,96.7,155,66.4,294,82.5,=141
=285,285,Georgetown University,United States,Washington D.C.,North America,47,https://www.topuniversities.com/universities/georgetown-university,https://www.topuniversities.com/sites/default/files/220714055746am997087Georgetown-90x90.jpg,21.7,689,38.2,312,74.2,203,60.6,190,96,67,51.1,401,67.4,581,22.8,677,55.8,366,69.1,=329
=285,286,University of Macau,Macau SAR,,Asia,47,https://www.topuniversities.com/universities/university-macau,https://www.topuniversities.com/sites/default/files/university-of-macau_14378_medium.jpg,99.9,21,18.5,660,11.7,801+,17.9,701+,56.8,294,100,30,55.1,770,100,25,99.6,44,52.2,=658
=287,287,Universitas Airlangga,Indonesia,Surabaya,Asia,46.8,https://www.topuniversities.com/universities/universitas-airlangga,https://www.topuniversities.com/sites/default/files/250715015254am318034UNAIR-BRANDMARK-2025-01-90x90.jpg,2.5,801+,52.2,213,69.6,235,88.3,78,24,658,10.8,801+,52.9,797,77.3,308,16.7,801+,56.6,=568
=287,288,Heriot-Watt University,United Kingdom,Edinburgh,Europe,46.8,https://www.topuniversities.com/universities/heriot-watt-university,https://www.topuniversities.com/sites/default/files/241128020331pm630627qs-logo-90x90.jpg,61.8,275,25.7,490,27.3,692,34.8,415,37,467,97,100,75.7,425,100,78,97.2,89,77.2,=210
=287,289,The University of Arizona,United States,Tucson,North America,46.8,https://www.topuniversities.com/universities/university-arizona,https://www.topuniversities.com/sites/default/files/the-university-of-arizona_26_medium.jpg,47.4,397,49.3,231,42.8,463,40.4,336,54.1,311,15.2,801+,93.5,116,25.4,643,21.2,746,66.9,=363
=287,290,University of Bergen,Norway,Bergen,Europe,46.8,https://www.topuniversities.com/universities/university-bergen,https://www.topuniversities.com/sites/default/files/university-of-bergen_53_medium.jpg,42.5,446,40.5,297,67.2,254,13.7,701+,69.5,217,37.9,516,91,159,96.9,150,43.5,477,65.1,397
291,291,University of Witwatersrand,South Africa,Johannesburg,Africa,46.4,https://www.topuniversities.com/universities/university-witwatersrand,https://www.topuniversities.com/sites/default/files/university-of-the-witwatersrand_679_medium.jpg,40.2,468,36.8,328,14,801+,50.9,246,99.5,21,9.4,801+,96.7,44,86.8,246,15.1,801+,85.6,=104
292,292,Swansea University,United Kingdom,Swansea,Europe,46.2,https://www.topuniversities.com/universities/swansea-university,https://www.topuniversities.com/sites/default/files/220308050407pm529761Swansea-Uni-logo-200x200-photo-90x90.jpg,43,439,34.7,348,28.6,666,54.7,222,13.7,801+,80.5,221,79.7,357,76.9,312,82.4,187,84.4,121
293,293,"University of California, Irvine",United States,Irvine,North America,46.1,https://www.topuniversities.com/universities/university-california-irvine,https://www.topuniversities.com/sites/default/files/251015062328pm672635SSoE-200x200-90x90.jpg,53.1,351,46.6,249,26.8,701,37.1,381,28,596,64.2,310,81.9,313,39.5,503,52.3,394,64.9,=403
=294,294,Case Western Reserve University,United States,Cleveland,North America,46,https://www.topuniversities.com/universities/case-western-reserve-university,https://www.topuniversities.com/sites/default/files/case-western-reserve-university_102_medium.jpg,66.3,239,22.4,560,88.6,111,20.5,642,40.9,429,76.7,246,58.3,715,47.6,449,79,218,70.8,=303
=294,295,Swinburne University of Technology,Australia,Melbourne,Oceania,46,https://www.topuniversities.com/universities/swinburne-university-technology,https://www.topuniversities.com/sites/default/files/swinburne-university-of-technology_759_medium.jpg,95,68,18.8,655,14.7,801+,19.3,675,22.8,675,94.7,130,74,467,87.8,237,70.5,266,73.4,=267
=294,296,University of Notre Dame,United States,Notre Dame,North America,46,https://www.topuniversities.com/universities/university-notre-dame,https://www.topuniversities.com/sites/default/files/university-of-notre-dame_458_medium.jpg,36.7,511,38,315,70.8,220,43.6,306,75.4,181,32.7,562,75.4,435,28.9,596,28.9,627,72.5,=281
=294,297,Vrije Universiteit Brussel (VUB),Belgium,Brussels,Europe,46,https://www.topuniversities.com/universities/vrije-universiteit-brussel-vub,https://www.topuniversities.com/sites/default/files/vrije-universiteit-brussel-vub_74_medium.jpg,27.7,611,33.3,369,75.6,192,22.1,599,63.2,245,72.1,264,92.2,143,96.8,152,74.8,235,80,=169
298,298,Istanbul Technical University,Türkiye,Istanbul,Asia,45.8,https://www.topuniversities.com/universities/istanbul-technical-university,https://www.topuniversities.com/sites/default/files/istanbul-technical-university_296_medium.jpg,35.3,521,39.6,305,11.5,801+,85.3,91,79.7,162,36.5,531,76.2,419,10.4,801+,42.2,491,68.5,=342
299,299,University of Colorado Boulder,United States,Boulder,North America,45.6,https://www.topuniversities.com/universities/university-colorado-boulder,https://www.topuniversities.com/sites/default/files/university-of-colorado-boulder_137_medium.jpg,36,516,49,232,52.1,359,36.8,386,48.9,354,8.5,801+,85.6,242,38.6,510,14.2,801+,90.3,=61
300,300,Université Paris Cité,France,Paris,Europe,45.5,https://www.topuniversities.com/universities/universite-paris-cite,https://www.topuniversities.com/sites/default/files/260106104321am883327UniversiteParis-monogramme-couleur-RVB-90x90.jpg,92.5,91,37.7,317,11,801+,13.9,701+,22.8,676,61,336,99.5,6,24.8,653,45.5,455,55.7,=582
301,301,Universidad Carlos III de Madrid (UC3M),Spain,Madrid,Europe,45.4,https://www.topuniversities.com/universities/universidad-carlos-iii-de-madrid-uc3m,https://www.topuniversities.com/sites/default/files/universidad-carlos-iii-de-madrid-uc3m_1509_medium.jpg,8.1,801+,45.2,260,50.5,376,65.3,162,26.3,618,75.2,254,67.8,572,73.8,321,56,365,77.3,=208
302,302,Stellenbosch University,South Africa,Stellenbosch,Africa,45.2,https://www.topuniversities.com/universities/stellenbosch-university,https://www.topuniversities.com/sites/default/files/231205074857am619842su-logo-200x200-90x90.jpg,67.5,233,36.7,331,5,801+,44.8,299,88.9,114,14.5,801+,93.6,111,25.4,642,11,801+,61,=480
=303,303,Jagiellonian University,Poland,Krakow,Europe,45.1,https://www.topuniversities.com/universities/jagiellonian-university,https://www.topuniversities.com/sites/default/files/jagiellonian-university_300_medium.jpg,10.4,801+,49.9,226,75.3,193,54.4,224,61.5,256,30,591,88.6,198,8,801+,35.9,536,71.6,296
=303,304,University of Southern Denmark (SDU),Denmark,Odense,Europe,45.1,https://www.topuniversities.com/universities/university-southern-denmark-sdu,https://www.topuniversities.com/sites/default/files/university-of-southern-denmark_592560cf2aeae70239af4c53_medium.jpg,68.4,227,29.2,425,31.9,602,24.9,540,27,607,46.4,435,77.4,394,91.7,212,51.3,403,85,=110
305,305,Xi’an Jiaotong University,China (Mainland),Xi'an,Asia,45,https://www.topuniversities.com/universities/xian-jiaotong-university,https://www.topuniversities.com/sites/default/files/xian-jiaotong-university_683_medium.jpg,97.8,49,28.5,441,15.9,801+,44.2,302,34.9,491,6.8,801+,82.9,295,5.5,801+,5.3,801+,55.8,581
=306,306,Aalborg University,Denmark,"Aalborg,",Europe,44.9,https://www.topuniversities.com/universities/aalborg-university,https://www.topuniversities.com/sites/default/files/aalborg-university_1262_medium.jpg,77.2,167,26.4,478,27.7,685,25,538,25.4,634,29.4,597,91.7,148,89,231,35.4,546,79.1,186
=306,307,Indiana University Bloomington,United States,Bloomington,North America,44.9,https://www.topuniversities.com/universities/indiana-university-bloomington,https://www.topuniversities.com/sites/default/files/indiana-university-bloomington_289_medium.jpg,31.2,573,44.7,266,34.4,570,50.3,252,77,171,18.4,757,86.5,228,51.7,428,24.5,694,66,=381
=308,308,Simon Fraser University,Canada,Burnaby,North America,44.7,https://www.topuniversities.com/universities/simon-fraser-university,https://www.topuniversities.com/sites/default/files/simon-fraser-university_562_medium.jpg,59.6,289,34.9,345,7.6,801+,20.7,636,34,500,86.1,189,78.4,376,99.1,127,87.3,158,85.2,109
=308,309,University of Johannesburg,South Africa,Johannesburg,Africa,44.7,https://www.topuniversities.com/universities/university-johannesburg,https://www.topuniversities.com/sites/default/files/university-of-johannesburg-_592560cf2aeae70239af4f46_medium.jpg,45.2,410,25.5,496,46.5,424,25.9,523,69.6,215,60.1,342,99.1,14,98.5,136,63.9,310,74.8,=241
=310,310,"City St George’s, University of London",United Kingdom,London,Europe,44.5,https://www.topuniversities.com/universities/city-st-georges-university-london,https://www.topuniversities.com/sites/default/files/250714100347am877855240911011532pm115235Picture1-200x200-90x90.jpg,57.8,301,26.9,466,9.2,801+,32.3,444,65.8,238,97.9,90,77.2,402,92.4,207,98,77,62.3,=452
=310,311,Linköping University,Sweden,Linköping,Europe,44.5,https://www.topuniversities.com/universities/linkoping-university,https://www.topuniversities.com/sites/default/files/linkping-university_348_medium.jpg,55.2,328,25.4,501,50.2,382,32.2,446,50.8,336,46.3,437,81.5,320,85.8,255,48.3,430,68.2,=346
=310,312,Ulsan National Institute of Science and Technology (UNIST),South Korea,Ulsan,Asia,44.5,https://www.topuniversities.com/universities/ulsan-national-institute-science-technology-unist,https://www.topuniversities.com/sites/default/files/ulsan-national-institute-of-science-and-technology-unist_5ba37add9ed419611e043517_medium.jpg,99.5,29,21.8,571,92.5,92,16.3,701+,3.9,801+,15.5,801+,26.7,801+,37.4,520,18.9,782,57.5,=550
=310,313,Universität Stuttgart,Germany,Stuttgart,Europe,44.5,https://www.topuniversities.com/universities/universitat-stuttgart,https://www.topuniversities.com/sites/default/files/universitt-stuttgart_580_medium.jpg,64.2,253,33.4,364,11,801+,46.1,291,35.8,480,60.9,337,69.7,537,44.8,468,64.7,306,74.2,=253
=314,314,University of Miami,United States,Miami,North America,44.3,https://www.topuniversities.com/universities/university-miami,https://www.topuniversities.com/sites/default/files/university-of-miami_401_medium.jpg,48.4,386,24.5,521,57.9,312,40.3,338,59.6,274,25.1,660,85.2,251,87.8,238,31.2,598,64.6,=407
=314,315,University of Tasmania,Australia,Hobart,Oceania,44.3,https://www.topuniversities.com/universities/university-tasmania,https://www.topuniversities.com/sites/default/files/250410012459am759799UniTas-BM-V-Pos-Col-RGB-250x250-90x90.jpg,72.8,192,22.5,556,34.3,572,12.2,701+,25,640,91.7,152,80.4,348,87.1,244,92.3,129,84,=124
316,316,Goethe-University Frankfurt am Main,Germany,Frankfurt am Main,Europe,44,https://www.topuniversities.com/universities/goethe-university-frankfurt-am-main,https://www.topuniversities.com/sites/default/files/universitt-frankfurt-am-main_214_medium.jpg,31.7,567,52.1,214,27,697,38.6,362,28.7,583,30,590,87.7,205,54.9,411,36,535,82.9,=135
=317,317,L.N. Gumilyov Eurasian National University (ENU),Kazakhstan,Astana,Asia,43.9,https://www.topuniversities.com/universities/ln-gumilyov-eurasian-national-university-enu,https://www.topuniversities.com/sites/default/files/240216043308am306054%D0%BB%D0%BE%D0%B3%D0%BE%D1%82%D0%B8%D0%BF-90x90.jpg,2,801+,40.1,300,94.7,78,85.8,86,7.5,801+,25.8,649,31.4,801+,84.6,262,27.2,650,46.6,801+
=317,318,Universidade Federal do Rio de Janeiro,Brazil,Rio de Janeiro,Latin America,43.9,https://www.topuniversities.com/universities/universidade-federal-do-rio-de-janeiro,https://www.topuniversities.com/sites/default/files/220127083943pm152751UFRJ-Vertical-Impresso-Positivo-ai-90x90.jpg,13.8,801+,73,123,18.2,801+,36.2,395,89.9,107,2.3,801+,81,331,10.3,801+,6.5,801+,70.9,=301
319,319,Huazhong University of Science and Technology,China (Mainland),Wuhan,Asia,43.8,https://www.topuniversities.com/universities/huazhong-university-science-technology,https://www.topuniversities.com/sites/default/files/huazhong-university-of-science-and-technology_592560cf2aeae70239af5256_medium.jpg,100,10,30.9,395,11.6,801+,33.4,431,33.5,505,5.2,801+,80.3,349,7.1,801+,4.1,801+,55.7,=582
320,320,Bauman Moscow State Technical University,Russia,Moscow,Europe,43.5,https://www.topuniversities.com/universities/bauman-moscow-state-technical-university,https://www.topuniversities.com/sites/default/files/bauman-moscow-state-technical-university_592560cf2aeae70239af505c_medium.jpg,2,801+,41.1,289,99.9,25,63.8,168,10.1,801+,85.8,190,14.2,801+,81,287,87.1,160,47.6,=770
321,321,Université Grenoble Alpes,France,Grenoble,Europe,43.4,https://www.topuniversities.com/universities/universite-grenoble-alpes,https://www.topuniversities.com/sites/default/files/universit-grenoble-alpes_592560cf2aeae70239af5ab2_medium.jpg,51.8,365,55.3,200,10.4,801+,19.2,679,31.8,529,47.9,421,94.1,97,30.9,579,52.7,390,60,=502
322,322,University of Tehran,Iran,Tehran,Asia,43.3,https://www.topuniversities.com/universities/university-tehran,https://www.topuniversities.com/sites/default/files/university-of-tehran_699_medium.jpg,91.1,97,31,394,4.2,801+,41.8,322,58.1,284,3.3,801+,86.8,223,2.5,801+,2.7,801+,45.5,801+
323,323,Koç University,,,,43.1,https://www.topuniversities.com/universities/koc-university,https://www.topuniversities.com/sites/default/files/ko-university_592560cf2aeae70239af4d7e_medium.jpg,52.6,359,36,338,21,801+,77.5,113,10.8,801+,22.2,697,50.4,801+,30.1,584,27.7,643,62.4,=450
=324,324,Sichuan University,China (Mainland),Chengdu,Asia,43,https://www.topuniversities.com/universities/sichuan-university,https://www.topuniversities.com/sites/default/files/sichuan-university_885_medium.jpg,99.9,20,30.8,397,14,801+,34.5,418,21,709,9.2,801+,72.9,489,9.7,801+,7.1,801+,45.3,801+
=324,325,University of Jordan,Jordan,Amman,Asia,43,https://www.topuniversities.com/universities/university-jordan,https://www.topuniversities.com/sites/default/files/250728110941am245519200-90x90.jpg,7.3,801+,47.9,239,28.9,656,59.8,194,90.1,105,64.5,309,69.2,543,33.8,545,68,285,64.1,=420
326,326,University of Leicester,United Kingdom,Leicester,Europe,42.9,https://www.topuniversities.com/universities/university-leicester,https://www.topuniversities.com/sites/default/files/university-of-leicester_339_medium.jpg,44.2,426,29.6,418,40.1,502,17.7,701+,31,535,90.6,162,91.1,155,90.6,220,91.4,137,81.2,=158
327,327,Universidade Nova de Lisboa,Portugal,Lisbon,Europe,42.8,https://www.topuniversities.com/universities/universidade-nova-de-lisboa,https://www.topuniversities.com/sites/default/files/250708114440am556961NOVA-logo-square-90x90.jpg,37.6,498,40.1,301,18.1,801+,42.6,315,59.4,275,77.7,236,84.1,273,27.2,620,79.8,207,66.9,=363
=328,328,Rutgers University–New Brunswick,United States,New Brunswick,North America,42.6,https://www.topuniversities.com/universities/rutgers-university-new-brunswick,https://www.topuniversities.com/sites/default/files/240206105603pm596685Rutgers-Image-200x200-90x90.jpg,16.5,774,47.7,243,53.4,351,45.8,295,44.6,393,38.8,508,75.3,437,24.1,661,44.3,471,87.5,87
=328,329,University of Delhi,India,New Delhi,Asia,42.6,https://www.topuniversities.com/universities/university-delhi,https://www.topuniversities.com/sites/default/files/university-of-delhi_156_medium.jpg,47.1,403,46.9,248,6.9,801+,41.9,319,98.9,30,2.8,801+,83,294,1.8,801+,7.5,801+,71.2,=297
=328,330,University of Sharjah,United Arab Emirates,Sharjah,Asia,42.6,https://www.topuniversities.com/universities/university-sharjah,https://www.topuniversities.com/sites/default/files/230214053157pm550724UOS-logo-90x90.jpg,52.2,362,28.5,440,9.3,801+,34.9,411,19.3,740,100,40,84.8,259,100,15,100,28,58.8,=525
=331,331,Kyung Hee University,South Korea,Seoul,Asia,42.5,https://www.topuniversities.com/universities/kyung-hee-university,https://www.topuniversities.com/sites/default/files/241022045426am285667%EB%8C%80%ED%95%99%ED%9C%98%EC%9E%A5-%ED%99%9C%EC%9A%A9%ED%98%95-A-90x90.jpg,25.9,625,34.6,349,86.2,125,43,312,21.6,698,68.5,286,66.8,592,19.8,715,71.5,256,74.9,=237
=331,332,Satbayev University,Kazakhstan,Almaty,Asia,42.5,https://www.topuniversities.com/universities/satbayev-university,https://www.topuniversities.com/sites/default/files/kazakh-national-research-technical-university-after-k.i.satpayev_592560cf2aeae70239af52e7_medium.jpg,1.7,801+,40.6,295,94.2,81,58.8,196,33,515,53.7,383,25.7,801+,89.2,229,48.5,427,48.7,=737
333,333,York University,Canada,Toronto,North America,42.4,https://www.topuniversities.com/universities/york-university,https://www.topuniversities.com/sites/default/files/york-university_592560cf2aeae70239af4d39_medium.jpg,37.8,493,33.4,366,5,801+,31.7,451,82.2,149,78.9,227,73.5,482,87.3,242,80.9,197,84.5,=119
=334,334,Indian Institute of Technology Guwahati (IITG),India,Guwahati,Asia,42.3,https://www.topuniversities.com/universities/indian-institute-technology-guwahati-iitg,https://www.topuniversities.com/sites/default/files/indian-institute-of-technology-guwahati-iitg_283_medium.jpg,96.9,56,25.4,500,10.2,801+,62,184,8.7,801+,1.6,801+,53.1,795,8.1,801+,5.9,801+,43,801+
=334,335,Sultan Qaboos University,Oman,Muscat,Asia,42.3,https://www.topuniversities.com/universities/sultan-qaboos-university,https://www.topuniversities.com/sites/default/files/sultan-qaboos-university_2530_medium.jpg,39.5,478,28.9,430,62.3,284,25.9,522,70,209,6,801+,80.9,333,100,81,9.9,801+,69.6,320
=334,336,Tufts University,United States,Medford,North America,42.3,https://www.topuniversities.com/universities/tufts-university,https://www.topuniversities.com/sites/default/files/tufts-university_630_medium.jpg,52.5,360,23.8,532,65.6,264,21.2,619,69.3,219,48.3,419,67,588,42.9,477,53.2,387,86.3,96
=334,337,Universidad Politécnica de Madrid (UPM),Spain,Madrid,Europe,42.3,https://www.topuniversities.com/universities/universidad-politecnica-de-madrid,https://www.topuniversities.com/sites/default/files/politcnica-de-madrid_1507_medium.jpg,19.6,722,43,275,24.8,736,67.8,155,69.4,218,45.2,448,81.9,316,4.3,801+,33.8,567,70.7,=305
=334,338,University of Illinois Chicago (UIC),United States,Chicago,North America,42.3,https://www.topuniversities.com/universities/university-illinois-chicago-uic,https://www.topuniversities.com/sites/default/files/university-of-illinois-chicago-uic_592560cf2aeae70239af4b9a_medium.jpg,39.2,482,48.8,234,33.1,587,40.3,337,36.4,475,28.4,611,82.3,304,11,801+,21.3,744,66.9,=363
=339,339,Indian Institute of Technology Roorkee (IITR),India,Roorkee,Asia,42.2,https://www.topuniversities.com/universities/indian-institute-technology-roorkee-iitr,https://www.topuniversities.com/sites/default/files/indian-institute-of-technology-roorkee-iitr_287_medium.jpg,96.6,61,26.8,470,9.5,801+,52.2,234,19.5,734,3.6,801+,54.5,776,2,801+,7.8,801+,57.5,=550
=339,340,Shandong University,China (Mainland),Jinan,Asia,42.2,https://www.topuniversities.com/universities/shandong-university,https://www.topuniversities.com/sites/default/files/shandong-university_555_medium.jpg,97.1,54,22.8,549,21.8,799,39,352,26.8,610,5.7,801+,72.8,490,11.2,801+,4.5,801+,57.5,=550
341,341,Xiamen University,China (Mainland),Xiamen,Asia,42.1,https://www.topuniversities.com/universities/xiamen-university,https://www.topuniversities.com/sites/default/files/xiamen-university_891_medium.jpg,83.9,132,34.3,354,25,733,24.2,556,54.4,308,9.3,801+,64.7,626,10.8,801+,7.1,801+,54.1,623
342,342,University of Oulu,Finland,Oulu,Europe,42,https://www.topuniversities.com/universities/university-oulu,https://www.topuniversities.com/sites/default/files/university-of-oulu_476_medium.jpg,74.5,181,23,546,29.5,640,21.8,607,30.6,541,19.7,733,87.9,203,80.9,289,25.8,672,75.2,=232
=343,343,Southern University of Science and Technology (SUSTech),China (Mainland),Shenzhen,Asia,41.8,https://www.topuniversities.com/universities/southern-university-science-technology-sustech,https://www.topuniversities.com/sites/default/files/220530064029am250629Screenshot-at-May-30-14-39-50-90x90.jpg,100,14,14.9,701+,87.5,116,9.4,701+,1.3,801+,2.8,801+,47.2,801+,42.7,479,7.2,801+,65.5,=387
=343,344,University of Pisa,Italy,Pisa,Europe,41.8,https://www.topuniversities.com/universities/university-pisa,https://www.topuniversities.com/sites/default/files/university-of-pisa_499_medium.jpg,59.6,290,51.6,216,12.8,801+,26.3,517,25.1,639,10.5,801+,84.6,262,5,801+,16.3,801+,72.8,278
=345,345,National Taiwan University of Science and Technology (Taiwan Tech),Taiwan,Taipei City,Asia,41.7,https://www.topuniversities.com/universities/national-taiwan-university-science-technology-taiwan-tech,https://www.topuniversities.com/sites/default/files/national-taiwan-university-of-science-and-technology-taiwan-tech_590_medium.jpg,46.8,405,36.7,330,50.6,374,48.6,266,25.4,632,35.3,538,45.6,801+,31.3,571,38.9,508,56.8,=560
=345,346,Pontificia Universidad Catolica del Peru (PUCP),Peru,Lima,Latin America,41.7,https://www.topuniversities.com/universities/pontificia-universidad-catolica-del-peru-pucp,https://www.topuniversities.com/sites/default/files/210825042529am231772Isotipo-PUCP-200x200-90x90.jpg,2.3,801+,63.1,161,50,384,66.7,158,50.6,338,1.9,801+,44.4,801+,4.2,801+,6.4,801+,59.7,=507
=347,347,Cairo University,Egypt,Giza,Africa,41.6,https://www.topuniversities.com/universities/cairo-university,https://www.topuniversities.com/sites/default/files/cairo-university_80_medium.jpg,6,801+,60.8,170,13.8,801+,52.7,232,98,43,14.4,801+,88.9,190,4.2,801+,10.9,801+,66.6,=368
=347,348,Tilburg University,Netherlands,Tilburg,Europe,41.6,https://www.topuniversities.com/universities/tilburg-university,https://www.topuniversities.com/sites/default/files/tilburg-university_592560cf2aeae70239af4ce5_medium.jpg,67.1,236,20.5,602,16.8,801+,37.1,382,23.1,669,77.4,238,61.1,678,99,128,79.5,209,50.6,=693
=347,349,University of Coimbra,Portugal,Coimbra,Europe,41.6,https://www.topuniversities.com/universities/university-coimbra,https://www.topuniversities.com/sites/default/files/university-of-coimbra_592560cf2aeae70239af4b07_medium.jpg,61.4,279,39.2,307,14.9,801+,24.9,542,47.6,368,33.3,554,92.2,142,13.1,801+,39.1,506,75.8,226
=350,350,Technion - Israel Institute of Technology,Israel,Haifa,Asia,41.5,https://www.topuniversities.com/universities/technion-israel-institute-technology,https://www.topuniversities.com/sites/default/files/technion-israel-institute-of-technology_600_medium.jpg,33.3,546,32.2,384,67.3,252,35.6,404,65.9,237,10.6,801+,57.5,725,91.1,217,8.1,801+,53.2,=641
=350,351,University of Tsukuba,Japan,Tsukuba City,Asia,41.5,https://www.topuniversities.com/universities/university-tsukuba,https://www.topuniversities.com/sites/default/files/university-of-tsukuba_592560cf2aeae70239af4cf7_medium.jpg,30,588,49.9,225,58.9,307,32.9,436,18.1,757,31.1,577,68.4,561,18.1,742,37,526,73.4,=267
=350,352,Universität Innsbruck,Austria,Innsbruck,Europe,41.5,https://www.topuniversities.com/universities/universitat-innsbruck,https://www.topuniversities.com/sites/default/files/universitt-innsbruck_592560cf2aeae70239af4ba7_medium.jpg,17.7,758,27.7,455,76.9,184,12.3,701+,69.9,210,100,31,73.9,470,100,72,100,19,74.7,=243
=350,353,University of Münster,Germany,Munster,Europe,41.5,https://www.topuniversities.com/universities/university-munster,https://www.topuniversities.com/sites/default/files/231027093236am438692Logo-UniMuenster-200PixelBreite-RGB-90x90.jpg,15.5,793,42.3,280,79.6,170,41.5,327,45.3,387,8.4,801+,82.5,302,35.6,532,14.1,801+,74.6,=247
354,354,Quaid-i-Azam University,Pakistan,Islamabad,Asia,41.3,https://www.topuniversities.com/universities/quaid-i-azam-university,https://www.topuniversities.com/sites/default/files/quaid-i-azam-university_592560cf2aeae70239af4d41_medium.jpg,97.5,51,24,530,5.3,801+,47.6,274,27.8,599,3.1,801+,67.5,577,9.8,801+,7.8,801+,46.9,=793
=355,355,Nankai University,China (Mainland),Tianjin,Asia,41.2,https://www.topuniversities.com/universities/nankai-university,https://www.topuniversities.com/sites/default/files/nankai-university_882_medium.jpg,93.9,81,27.1,464,28.8,659,24.4,552,47.3,370,5,801+,56.1,748,17.8,749,3.9,801+,44.9,801+
=355,356,National Technical University of Athens,Greece,Athens,Europe,41.2,https://www.topuniversities.com/universities/national-technical-university-athens,https://www.topuniversities.com/sites/default/files/national-technical-university-of-athens_592560cf2aeae70239af4aa3_medium.jpg,80.9,153,28.2,448,5.9,801+,51.2,244,51.4,331,9.6,801+,72,499,n/a,n/a,14.9,801+,49.3,=725
=355,357,"University of Rome ""Tor Vergata""",Italy,Rome,Europe,41.2,https://www.topuniversities.com/universities/university-rome-tor-vergata,https://www.topuniversities.com/sites/default/files/university-of-rome-tor-vergata_592560cf2aeae70239af4c99_medium.jpg,65.5,246,40.7,294,14.9,801+,25.2,534,8.5,801+,58.8,348,71.7,505,19.7,716,62.8,315,70.3,=313
=358,358,George Washington University,United States,Washington D.C.,North America,41.1,https://www.topuniversities.com/universities/george-washington-university,https://www.topuniversities.com/sites/default/files/george-washington-university_223_medium.jpg,43.4,436,31.7,389,30.3,628,45.8,297,85.8,133,39.2,498,78.7,373,13,801+,44.7,466,60,=502
=358,359,Mahidol University,Thailand,Nakhon Pathom,Asia,41.1,https://www.topuniversities.com/universities/mahidol-university,https://www.topuniversities.com/sites/default/files/mahidol-university_381_medium.jpg,9,801+,59.4,177,82.4,155,38.8,358,17.4,774,9.1,801+,67.9,569,8.5,801+,14,801+,61.2,=474
=358,360,University of Victoria (UVic),Canada,Victoria,North America,41.1,https://www.topuniversities.com/universities/university-victoria-uvic,https://www.topuniversities.com/sites/default/files/university-of-victoria-uvic_592560cf2aeae70239af4d0e_medium.jpg,78.7,163,25.6,495,6.2,801+,17.3,701+,21.2,703,46,440,61.3,673,97.2,149,51,406,79.9,=172
=358,361,Virginia Polytechnic Institute and State University,United States,Blacksburg,North America,41.1,https://www.topuniversities.com/universities/virginia-polytechnic-institute-state-university,https://www.topuniversities.com/sites/default/files/virginia-polytechnic-institute-and-state-university_592560cf2aeae70239af4d15_medium.jpg,38.7,484,34.5,352,26.3,710,39.4,347,41.1,426,27.9,616,86.1,236,81.6,282,33.9,563,68.2,=346
=362,362,University of Chinese Academy of Sciences (UCAS),China (Mainland),Beijing,Asia,40.9,https://www.topuniversities.com/universities/university-chinese-academy-sciences-ucas,https://www.topuniversities.com/sites/default/files/university-of-chinese-academy-of-sciences-ucas_592560e89988f300e2322443_medium.jpg,75.1,179,30.9,396,100,11,11.9,701+,15.6,801+,3.9,801+,93.7,108,n/a,n/a,3.1,801+,n/a,n/a
=362,363,University of Pretoria,South Africa,Pretoria,Africa,40.9,https://www.topuniversities.com/universities/university-pretoria,https://www.topuniversities.com/sites/default/files/university-of-pretoria_506_medium.jpg,31.2,574,32.3,381,6.2,801+,55.1,221,84.8,138,17.4,776,97.6,26,57.2,404,23.5,713,80.1,168
=362,364,University of Tartu,Estonia,Tartu,Europe,40.9,https://www.topuniversities.com/universities/university-tartu,https://www.topuniversities.com/sites/default/files/university-of-tartu_592560cf2aeae70239af4d08_medium.jpg,19.1,728,28.6,437,94.6,79,23.7,567,89.2,112,20.8,712,89,186,62.1,374,26.9,654,64.2,=417
=362,365,University of the Philippines,Philippines,Quezon City,Asia,40.9,https://www.topuniversities.com/universities/university-philippines,https://www.topuniversities.com/sites/default/files/university-of-the-philippines_498_medium.jpg,3.2,801+,50.6,220,42.7,467,71.1,143,80.8,155,1.2,801+,66.4,600,2.4,801+,5.7,801+,68.9,=331
366,366,University of Turku,Finland,Turku,Europe,40.6,https://www.topuniversities.com/universities/university-turku,https://www.topuniversities.com/sites/default/files/university-of-turku_592560cf2aeae70239af4cfe_medium.jpg,39.6,476,36.3,334,63.2,279,20.2,651,46.1,378,8.9,801+,89.2,184,46.2,462,14.7,801+,74.4,=250
=367,367,RUDN University,Russia,Moscow,Europe,40.5,https://www.topuniversities.com/universities/rudn-university,https://www.topuniversities.com/sites/default/files/rudn-university_1503_medium.jpg,3.9,801+,28.4,443,94,84,61.2,189,14.3,801+,95.3,123,88.3,199,10.9,801+,95.6,105,58.9,=521
=367,368,Sciences Po,France,Paris,Europe,40.5,https://www.topuniversities.com/universities/sciences-po,https://www.topuniversities.com/sites/default/files/sciences-po-_592560cf2aeae70239af4c64_medium.jpg,4.7,801+,24.6,520,81.1,163,51.5,240,98,44,98.2,85,29.6,801+,61.8,377,98.3,72,54.5,=610
=367,369,Universiti Brunei Darussalam (UBD),Brunei,Bandar Seri Begawan,Asia,40.5,https://www.topuniversities.com/universities/universiti-brunei-darussalam-ubd,https://www.topuniversities.com/sites/default/files/universiti-brunei-darussalam-ubd_22212_medium.jpg,22.5,679,29.9,406,94.2,82,20.5,643,58.2,283,43.5,463,53,796,100,70,42.1,492,52.4,655
370,370,Daegu Gyeongbuk Institute of Science and Technology (DGIST),South Korea,Daegu,Asia,40.4,https://www.topuniversities.com/universities/daegu-gyeongbuk-institute-science-technology-dgist,https://www.topuniversities.com/sites/default/files/dgist_592560e49988f300e23218c9_medium.jpg,100,4,17,701+,82.3,156,28.1,494,2.5,801+,7.3,801+,15.8,801+,5.1,801+,10.8,801+,42.8,801+
=371,371,Bogaziçi Üniversitesi,Türkiye,Istanbul,Asia,40.3,https://www.topuniversities.com/universities/bogazici-universitesi,https://www.topuniversities.com/sites/default/files/bogazii-niversitesi_1575_medium.jpg,23.7,662,36.2,335,5.1,801+,85.8,88,88.7,116,7.5,801+,49,801+,28.2,603,12.6,801+,68.5,=342
=371,372,National University of Sciences & Technology (NUST) Islamabad,Pakistan,Islamabad,Asia,40.3,https://www.topuniversities.com/universities/national-university-sciences-technology-nust-islamabad,https://www.topuniversities.com/sites/default/files/240603070305am370964NUST-Signature-blue-90x90.jpg,32.3,559,29.3,421,66.7,259,76.3,121,3.4,801+,5,801+,76.6,411,5.7,801+,9.3,801+,63.3,435
=371,373,Pontificia Universidad Javeriana,Colombia,Bogotá,Latin America,40.3,https://www.topuniversities.com/universities/pontificia-universidad-javeriana,https://www.topuniversities.com/sites/default/files/pontificia-universidad-javeriana_592560cf2aeae70239af514a_medium.jpg,2.7,801+,60.5,173,37.8,535,61.8,185,83.1,144,3.7,801+,38.7,801+,3.8,801+,8.5,801+,58.6,=530
374,374,Oxford Brookes University,United Kingdom,Oxford,Europe,40,https://www.topuniversities.com/universities/oxford-brookes-university,https://www.topuniversities.com/sites/default/files/oxford-brookes-university_592560cf2aeae70239af4c61_medium.jpg,12.4,801+,38.7,309,14.8,801+,62.3,178,26,624,89.8,168,61.8,666,80.8,291,90.7,143,59.8,506
=375,375,Saint Petersburg State University,Russia,Saint Petersburg,Europe,39.9,https://www.topuniversities.com/universities/saint-petersburg-state-university,https://www.topuniversities.com/sites/default/files/saint-petersburg-state-university_592560cf2aeae70239af4cc0_medium.jpg,7.9,801+,42.2,283,65.8,263,43.6,305,80.1,158,52.2,396,83.7,280,6.7,801+,56.8,361,44.6,801+
=375,376,Sharif University of Technology,Iran,Tehran,Asia,39.9,https://www.topuniversities.com/universities/sharif-university-technology,https://www.topuniversities.com/sites/default/files/sharif-university-of-technology_592560cf2aeae70239af4d42_medium.jpg,99.2,36,17.8,686,8.2,801+,48.2,267,38.7,448,1.6,801+,68.4,560,2.6,801+,5.9,801+,38.7,801+
377,377,South China University of Technology,China (Mainland),Guangzhou,Asia,39.8,https://www.topuniversities.com/universities/south-china-university-technology,https://www.topuniversities.com/sites/default/files/south-china-university-of-technology_887_medium.jpg,99.3,31,18.8,652,29.4,641,20.8,635,40.4,434,10.5,801+,64.8,623,15.9,778,16.4,801+,50.1,=701
378,378,University of Saskatchewan,Canada,Saskatoon,North America,39.6,https://www.topuniversities.com/universities/university-saskatchewan,https://www.topuniversities.com/sites/default/files/university-of-saskatchewan_1755_medium.jpg,71.9,201,16,701+,21.1,801+,10.2,701+,44.3,396,65.4,305,77.3,397,82.4,276,68.7,280,83.6,131
=379,379,University of Naples - Federico II,Italy,Naples,Europe,39.5,https://www.topuniversities.com/universities/university-naples-federico-ii,https://www.topuniversities.com/sites/default/files/university-of-naples-federico-ii_432_medium.jpg,59.5,292,47.8,241,6.8,801+,32.8,438,12.5,801+,1.2,801+,94.9,86,2.9,801+,1.2,801+,57.5,=550
=379,380,Université de Liège,Belgium,Liège,Europe,39.5,https://www.topuniversities.com/universities/universite-de-liege,https://www.topuniversities.com/sites/default/files/universit-de-lige_592560cf2aeae70239af4bd9_medium.jpg,63.2,259,24.4,523,10.8,801+,16.9,701+,32.9,517,65.6,303,95.2,78,62.1,375,68.9,277,79.7,=175
=381,381,The American University in Cairo,Egypt,Cairo,Africa,39.4,https://www.topuniversities.com/universities/american-university-cairo,https://www.topuniversities.com/sites/default/files/250603090341am967303AUC-Logo-Blue-200X200-90x90.jpg,12.2,801+,40.8,292,39,521,46.9,278,88.6,118,7.1,801+,46.8,801+,98,141,11.7,801+,51.6,=669
=381,382,University of East Anglia (UEA),United Kingdom,Norwich,Europe,39.4,https://www.topuniversities.com/universities/university-east-anglia-uea,https://www.topuniversities.com/sites/default/files/university-of-east-anglia-uea_637_medium.jpg,55.5,324,24.7,514,24,753,15,701+,31.8,528,49.3,413,86.8,224,81.9,278,54,380,91.1,=54
=381,383,University of Luxembourg,Luxembourg,Alzette,Europe,39.4,https://www.topuniversities.com/universities/university-luxembourg,https://www.topuniversities.com/sites/default/files/university-of-luxembourg_592560cf2aeae70239af4d59_medium.jpg,39.5,479,13.2,701+,87.2,118,8.2,701+,58.8,277,100,33,68.1,566,100,19,100,21,42.4,801+
384,384,Northeastern University,United States,Boston,North America,39.3,https://www.topuniversities.com/universities/northeastern-university,https://www.topuniversities.com/sites/default/files/northeastern-university_454_medium.jpg,33.7,541,28,450,23.3,769,31.3,457,54.3,309,95.8,116,66.3,602,63.3,368,96.1,99,80.2,=166
=385,385,Brunel University of London,United Kingdom,London,Europe,39.1,https://www.topuniversities.com/universities/brunel-university-london,https://www.topuniversities.com/sites/default/files/241011103940am405152BD-691-QS-Logo-for-brand-profile-200x200px-HP-v1-90x90.jpg,51.8,364,17.6,694,12.2,801+,25.2,536,28.8,578,100,32,76.7,410,99.5,114,100,20,80.4,=163
=385,386,Gwangju Institute of Science and Technology (GIST),South Korea,Gwangju,Asia,39.1,https://www.topuniversities.com/universities/gwangju-institute-science-technology-gist,https://www.topuniversities.com/sites/default/files/231023124904am973997GIST-200px-emblem-90x90.jpg,99.9,16,21.3,584,56.7,326,12.4,701+,2.2,801+,18.5,751,28.9,801+,15.7,787,20.8,750,55.3,=596
387,387,Flinders University,Australia,Adelaide,Oceania,39,https://www.topuniversities.com/universities/flinders-university,https://www.topuniversities.com/sites/default/files/230124111744pm518938Flinders-University-Logo-Stacked-RGB-Master-90x90.jpg,64.3,252,19.6,629,11.3,801+,9.7,701+,15.5,801+,97.3,99,77.3,400,97.9,144,97.4,87,81.6,=154
=388,388,Beihang University (former BUAA),China (Mainland),Beijing,Asia,38.5,https://www.topuniversities.com/universities/beihang-university-former-buaa,https://www.topuniversities.com/sites/default/files/beihang-university-former-buaa_870_medium.jpg,91.6,95,18.3,665,57.8,313,23.5,569,20.9,711,8.3,801+,50.1,801+,9.5,801+,6.4,801+,36.7,801+
=388,389,"Birkbeck, University of London",United Kingdom,London,Europe,38.5,https://www.topuniversities.com/universities/birkbeck-university-london,https://www.topuniversities.com/sites/default/files/birkbeck-university-of-london_1636_medium.jpg,79.6,159,15.5,701+,19.1,801+,5.9,701+,17.7,766,98.7,78,60.1,690,98.9,130,98.7,66,45.6,801+
390,390,National and Kapodistrian University of Athens,Greece,Athens,Europe,38.4,https://www.topuniversities.com/universities/national-kapodistrian-university-athens,https://www.topuniversities.com/sites/default/files/national-and-kapodistrian-university-of-athens_33_medium.jpg,45.1,412,34.9,344,3,801+,38.9,354,88.9,115,27.2,624,79.7,358,12.7,801+,32.7,581,64.3,=415
391,391,Abu Dhabi University,United Arab Emirates,Abu Dhabi,Asia,38.3,https://www.topuniversities.com/universities/abu-dhabi-university,https://www.topuniversities.com/sites/default/files/250227042852am570201Logo-ADU-90x90.jpg,35.9,518,24.6,518,23.9,755,49.8,256,10.1,801+,99.9,44,34.5,801+,100,5,99.9,32,49.6,=711
=392,392,Sejong University,South Korea,Seoul,Asia,38.2,https://www.topuniversities.com/universities/sejong-university,https://www.topuniversities.com/sites/default/files/sejong-university_1094_medium.jpg,92.2,92,16.3,701+,16.3,801+,19.4,672,1.8,801+,50.7,407,77.8,388,32.4,558,37.8,516,61.3,=471
=392,393,Southeast University,China (Mainland),Nanjing,Asia,38.2,https://www.topuniversities.com/universities/southeast-university,https://www.topuniversities.com/sites/default/files/southeast-university_568_medium.jpg,93.6,83,21.1,588,24.5,745,20.8,632,9.6,801+,6.1,801+,76.9,407,31.6,569,11.5,801+,45,801+
=392,394,Universitat Politècnica de Catalunya · BarcelonaTech (UPC),Spain,Barcelona,Europe,38.2,https://www.topuniversities.com/universities/universitat-politecnica-de-catalunya-barcelonatech-upc,https://www.topuniversities.com/sites/default/files/universitat-politcnica-de-catalunya_103_medium.jpg,27,617,40.8,291,42.5,471,32.8,437,35.7,481,31,578,84,276,16.7,771,36.9,527,77,=214
=395,395,Aston University,United Kingdom,Birmingham,Europe,38.1,https://www.topuniversities.com/universities/aston-university,https://www.topuniversities.com/sites/default/files/250909012709pm723207Untitled-design-90x90.jpg,56.7,309,18.1,673,12,801+,27.1,506,28.3,587,63.4,317,81.8,317,97.9,142,67,290,67.6,=355
=395,396,Ruhr-Universität Bochum,Germany,Bochum,Europe,38.1,https://www.topuniversities.com/universities/ruhr-universitat-bochum,https://www.topuniversities.com/sites/default/files/ruhr-universitt-bochum_537_medium.jpg,65.8,243,29.1,427,3.9,801+,11.8,701+,21.4,701,55.6,376,90,174,59.3,394,59.9,343,72.5,=281
=397,397,Lappeenranta-Lahti University of Technology LUT,Finland,Lappeenranta,Europe,37.7,https://www.topuniversities.com/universities/lappeenranta-lahti-university-technology-lut,https://www.topuniversities.com/sites/default/files/lappeenranta-university-of-technology_592560cf2aeae70239af4f7d_medium.jpg,95.9,63,8.7,701+,11.9,801+,15.7,701+,10.4,801+,58.1,354,54.4,778,70.1,334,62.1,321,72.2,=289
=397,398,University of Kent,United Kingdom,Canterbury,Europe,37.7,https://www.topuniversities.com/universities/university-kent,https://www.topuniversities.com/sites/default/files/university-of-kent_315_medium.jpg,58.3,297,20.2,607,16.2,801+,13.8,701+,44,404,49.2,414,88,202,96.4,163,54,381,65.5,=387
399,399,IPB University (aka Bogor Agricultural University),Indonesia,Bogor,Asia,37.6,https://www.topuniversities.com/universities/ipb-university-aka-bogor-agricultural-university,https://www.topuniversities.com/sites/default/files/bogor-agricultural-university_704_medium.jpg,3,801+,35.1,342,82.9,153,56,213,45.3,386,6,801+,26.2,801+,73.7,323,10.8,801+,63.2,=436
400,400,Western Sydney University,Australia,Milperra,Oceania,37.5,https://www.topuniversities.com/universities/western-sydney-university,https://www.topuniversities.com/sites/default/files/western-sydney-university_848_medium.jpg,44.5,419,26.3,480,7.4,801+,22.5,593,11.8,801+,67.7,292,87.3,211,100,59,70.9,263,82.6,140
=401,401,Umea University,Sweden,Umeå,Europe,37.4,https://www.topuniversities.com/universities/umea-university,https://www.topuniversities.com/sites/default/files/logo_Umu-90x90.jpg,25,639,27.2,461,80.7,165,20.2,652,11.9,801+,37.5,520,76.9,406,77.2,310,28,638,77.1,213
=401,402,University of Granada,Spain,Granada,Europe,37.4,https://www.topuniversities.com/universities/university-granada,https://www.topuniversities.com/sites/default/files/university-of-granada_235_medium.jpg,26.3,622,59.3,178,11.2,801+,24.3,554,13.1,801+,31.7,572,96.4,51,9.9,801+,37.6,522,58.4,=536
=401,403,University of Limerick,Ireland,Limerick,Europe,37.4,https://www.topuniversities.com/universities/university-limerick,https://www.topuniversities.com/sites/default/files/university-of-limerick_592560cf2aeae70239af4be0_medium.jpg,34.5,527,27.9,453,23.6,758,36.6,390,14.7,801+,48.4,417,71.6,506,93.2,198,53.3,385,75.9,=223
=404,404,Sabanci University,Türkiye,Istanbul,Asia,37.2,https://www.topuniversities.com/universities/sabanci-university,https://www.topuniversities.com/sites/default/files/250702100245pm254411Sabanci-University-90x90.jpeg,39.2,483,26.5,477,40,505,62.6,177,12.8,801+,28,614,35.5,801+,51.2,434,30.9,606,50.1,=701
=404,405,University of Florence,Italy,Florence,Europe,37.2,https://www.topuniversities.com/universities/university-florence,https://www.topuniversities.com/sites/default/files/university-of-florence_208_medium.jpg,49.7,376,45.1,262,7,801+,16.9,701+,36.9,468,20.8,713,86.1,234,11.2,801+,26.9,655,72.9,=275
406,406,Institut National des Sciences Appliquées de Lyon (INSA),France,Lyon,Europe,37.1,https://www.topuniversities.com/universities/institut-national-des-sciences-appliquees-de-lyon-insa,https://www.topuniversities.com/sites/default/files/institut-national-des-sciences-appliques-de-lyon-insa_2461_medium.jpg,69,222,9.4,701+,42.7,468,38,367,17.8,764,77.5,237,58.7,711,34.4,542,79.7,208,39.1,801+
407,407,Lincoln University,New Zealand,Lincoln,Oceania,37,https://www.topuniversities.com/universities/lincoln-university,https://www.topuniversities.com/sites/default/files/lincoln-university-_592560cf2aeae70239af4ef3_medium.jpg,62.6,264,13.3,701+,32.4,597,10.7,701+,45.1,389,99.6,53,25.4,801+,100,55,99.1,58,62,=458
408,408,University of Turin,Italy,Turin,Europe,36.9,https://www.topuniversities.com/universities/university-turin,https://www.topuniversities.com/sites/default/files/university-of-turin_632_medium.jpg,42.5,447,48.1,237,5.1,801+,14.3,701+,61.4,257,10.1,801+,90,175,5.2,801+,16,801+,78.7,=188
409,409,Università Cattolica del Sacro Cuore,Italy,Milan,Europe,36.8,https://www.topuniversities.com/universities/universita-cattolica-del-sacro-cuore,https://www.topuniversities.com/sites/default/files/250121113309am654785Logo-Verticale-RGB-150x150-90x90.jpg,40.3,466,33.1,370,28.7,663,43.1,311,42.7,411,13.9,801+,72.4,492,17.1,764,19.9,763,62,=458
=410,410,Auckland University of Technology (AUT),New Zealand,Auckland,Oceania,36.7,https://www.topuniversities.com/universities/auckland-university-technology-aut,https://www.topuniversities.com/sites/default/files/auckland-university-of-technology-aut_592560cf2aeae70239af4ef7_medium.jpg,33.2,549,29.6,417,13.7,801+,22.5,587,23.4,663,100,39,50.4,801+,100,76,100,27,74,=259
=410,411,Dublin City University,Ireland,Dublin,Europe,36.7,https://www.topuniversities.com/universities/dublin-city-university,https://www.topuniversities.com/sites/default/files/251001112050am424289Study-Portals-Logo-QS-90x90.jpg,22,685,29.2,423,27.8,683,37.5,376,40.2,436,43.2,466,78,381,80.8,292,48.4,429,79.7,=175
=410,412,Sunway University,Malaysia,Kuala Lumpur,Asia,36.7,https://www.topuniversities.com/universities/sunway-university,https://www.topuniversities.com/sites/default/files/sunway-university_592560cf2aeae70239af4db8_medium.jpg,25.2,636,20.9,592,56.9,324,53.3,228,5.1,801+,66.9,298,61.4,671,57.1,405,68.7,279,61.2,=474
=410,413,University at Buffalo SUNY,United States,Buffalo,North America,36.7,https://www.topuniversities.com/universities/university-buffalo-suny,https://www.topuniversities.com/sites/default/files/university-at-buffalo-suny_1888_medium.jpg,53,354,26.3,482,10.7,801+,19.1,683,43.7,405,52.5,393,74.1,462,51.5,430,57,358,82.7,=138
=410,414,University of Southern Queensland,Australia,Toowoomba,Oceania,36.7,https://www.topuniversities.com/universities/university-southern-queensland,https://www.topuniversities.com/sites/default/files/220804085539am330175unisq-logo-qs-90x90.jpg,90.1,103,11,701+,7.9,801+,8.2,701+,11,801+,48.7,416,82.2,307,78.5,304,52,398,65.5,=387
415,415,Bilkent University,Türkiye,Ankara,Asia,36.6,https://www.topuniversities.com/universities/bilkent-university,https://www.topuniversities.com/sites/default/files/bilkent-university_58_medium.jpg,27.7,610,33.8,361,14.5,801+,73.3,134,27,609,7.6,801+,40.5,801+,61.6,379,12.1,801+,51.7,=667
=416,416,Czech Technical University in Prague,Czechia,Prague,Europe,36.5,https://www.topuniversities.com/universities/czech-technical-university-prague,https://www.topuniversities.com/sites/default/files/czech-technical-university-in-prague_592560cf2aeae70239af4d3b_medium.jpg,6.2,801+,26.8,468,89.4,107,51.3,243,23.1,670,56,374,69.4,542,28.7,598,60.2,341,53.6,=630
=416,417,Julius-Maximilians-Universität Würzburg,Germany,Würzburg,Europe,36.5,https://www.topuniversities.com/universities/julius-maximilians-universitat-wurzburg,https://www.topuniversities.com/sites/default/files/julius-maximilians-universitt-wrzburg_592560cf2aeae70239af4d2d_medium.jpg,87,115,21.4,579,8.9,801+,9.9,701+,17,783,19.7,731,78.3,379,60.1,389,14.9,801+,50.2,=699
=416,418,Universität Mannheim,Germany,Mannheim,Europe,36.5,https://www.topuniversities.com/universities/universitat-mannheim,https://www.topuniversities.com/sites/default/files/universitt-mannheim_592560cf2aeae70239af4c0b_medium.jpg,42.4,449,20.3,604,4.6,801+,76.3,120,45,390,41.2,481,25.7,801+,55.7,407,46.6,445,51.3,=677
419,419,University of Aveiro,Portugal,Aveiro,Europe,36.4,https://www.topuniversities.com/universities/university-aveiro,https://www.topuniversities.com/sites/default/files/220127095852am750420Logo-web-cores-02-90x90.jpg,94.7,73,18.6,658,13.1,801+,15.5,701+,3.3,801+,24.8,667,85.5,245,5.2,801+,30.9,605,64.7,=405
=420,420,National Taipei University of Technology,Taiwan,Taipei City,Asia,36.3,https://www.topuniversities.com/universities/national-taipei-university-technology,https://www.topuniversities.com/sites/default/files/national-taipei-university-of-technology_1993_medium.jpg,58.8,294,18.2,672,28.6,667,57.6,202,29.2,565,31.7,573,25.6,801+,25.6,639,34.9,552,58.9,=521
=420,421,Université de Strasbourg,France,Strasbourg,Europe,36.3,https://www.topuniversities.com/universities/universite-de-strasbourg,https://www.topuniversities.com/sites/default/files/251128072855am286970Signature-Universite-Strasbourg-carre-90x90.jpg,31.5,570,50.1,224,7.3,801+,16.3,701+,29.8,552,45.4,445,90.7,166,41.7,484,33.9,564,47.3,=780
422,422,Universitat Politecnica de Valencia,Spain,València,Europe,36.2,https://www.topuniversities.com/universities/universitat-politecnica-de-valencia,https://www.topuniversities.com/sites/default/files/universitat-politcnica-de-valncia_648_medium.jpg,31.2,572,38,314,35.3,561,27.6,501,22.4,689,41.5,479,85.8,240,7.7,801+,46.9,443,79.5,=180
=423,423,Murdoch University,Australia,Murdoch,Oceania,36.1,https://www.topuniversities.com/universities/murdoch-university,https://www.topuniversities.com/sites/default/files/220207051606am851054Murdoch-logo-RedBox-200x200-90x90.jpg,73.9,184,13,701+,7.4,801+,8.7,701+,24.9,642,82.5,209,75.1,442,89.6,226,61.4,328,53.4,=632
=423,424,Tampere University,Finland,Tampere,Europe,36.1,https://www.topuniversities.com/universities/tampere-university,https://www.topuniversities.com/sites/default/files/tampere-university_5bbf14847d023f5bc849ec9a_medium.jpg,47.7,392,29.2,424,24.8,737,24.7,543,42.1,417,13.9,801+,84,277,61.6,378,19.6,771,49.2,=729
=423,425,Università degli Studi di Pavia,Italy,Pavia,Europe,36.1,https://www.topuniversities.com/universities/universita-degli-studi-di-pavia,https://www.topuniversities.com/sites/default/files/230511020618pm859808Unipv-Logo-2-90x90.jpg,72.3,196,29.4,420,13.5,801+,12.9,701+,20.4,718,24.6,669,80.4,346,8.4,801+,30.7,607,74.9,=237
=423,426,Washington State University,United States,Pullman,North America,36.1,https://www.topuniversities.com/universities/washington-state-university,https://www.topuniversities.com/sites/default/files/washington-state-university_666_medium.jpg,42.7,444,28.7,434,23.1,771,39.9,345,15.5,801+,9.2,801+,77.9,386,50.7,438,15,801+,78.5,=192
427,427,Graz University of Technology,Austria,Graz,Europe,36,https://www.topuniversities.com/universities/graz-university-technology,https://www.topuniversities.com/sites/default/files/graz-university-of-technology_1239_medium.jpg,18.8,735,21.9,568,99.2,43,22.1,601,15.2,801+,71.3,267,52.3,801+,86.6,248,53.1,388,42.6,801+
=428,428,Aix-Marseille University,France,Marseille,Europe,35.9,https://www.topuniversities.com/universities/aix-marseille-university,https://www.topuniversities.com/sites/default/files/aix-marseille-university_592560cf2aeae70239af51e1_medium.jpg,29.7,591,51,218,11,801+,15.9,701+,29,571,29,604,99,15,22.8,678,21.7,734,63.2,=436
=428,429,University of Dundee.,United Kingdom,Dundee,Europe,35.9,https://www.topuniversities.com/universities/university-dundee,https://www.topuniversities.com/sites/default/files/241024102555am216937UoD-shield-RGB-90x90.jpg,20.6,704,25.5,497,44.8,438,21.3,618,13.9,801+,84.4,198,78.7,374,92,209,85.8,169,78.6,=190
=430,430,Masaryk University,Czechia,Brno,Europe,35.7,https://www.topuniversities.com/universities/masaryk-university,https://www.topuniversities.com/sites/default/files/masaryk-university_592560cf2aeae70239af4d5a_medium.jpg,18.8,738,32.3,383,13.1,801+,37.3,377,58.8,278,76.8,245,79.8,355,34.5,541,79,217,77,=214
=430,431,Universitat de Valencia,Spain,València,Europe,35.7,https://www.topuniversities.com/universities/universitat-de-valencia,https://www.topuniversities.com/sites/default/files/universitat-de-valencia_647_medium.jpg,31,575,49.7,227,17.3,801+,17.2,701+,16.5,797,39.4,497,91.4,151,2.7,801+,44.8,465,74.1,=255
=430,432,Université de Montpellier,France,Montpellier,Europe,35.7,https://www.topuniversities.com/universities/universite-de-montpellier,https://www.topuniversities.com/sites/default/files/universit-de-montpellier_592560e69988f300e2321d99_medium.jpg,72.3,195,26.7,471,11.7,801+,4.9,701+,18.8,745,42.8,468,99.4,10,29,594,48,433,55.3,=596
=433,433,East China Normal University,China (Mainland),Shanghai,Asia,35.6,https://www.topuniversities.com/universities/east-china-normal-university,https://www.topuniversities.com/sites/default/files/east-china-normal-university_592560cf2aeae70239af4def_medium.jpg,82.1,145,19.9,619,20.2,801+,16.4,701+,14.5,801+,15.7,801+,69.2,544,46.7,457,11.9,801+,47.7,=765
=433,434,Leibniz University Hannover,Germany,Hanover,Europe,35.6,https://www.topuniversities.com/universities/leibniz-university-hannover,https://www.topuniversities.com/sites/default/files/leibniz-universitt-hannover_249_medium.jpg,33.7,540,29.6,419,19.9,801+,37.2,378,20.3,720,33.3,556,80.5,345,54.7,413,39.1,507,78.7,=188
435,435,National Taiwan Normal University (NTNU),Taiwan,Taipei City,Asia,35.4,https://www.topuniversities.com/universities/national-taiwan-normal-university-ntnu,https://www.topuniversities.com/sites/default/files/national-taiwan-normal-university_440_medium.jpg,9.6,801+,47.8,240,68.3,243,28.2,493,29,573,39.6,495,24.1,801+,19.7,717,42.6,486,68.2,=346
=436,436,Prince Mohammad Bin Fahd university,Saudi Arabia,Al Khobar,Asia,35.2,https://www.topuniversities.com/universities/prince-mohammad-bin-fahd-university,https://www.topuniversities.com/sites/default/files/prince-mohammad-bin-fahd-university_592560df9988f300e2320a8a_medium.jpg,54.7,331,22.5,558,33.1,588,33.6,427,3.3,801+,29.6,593,32.3,801+,100,13,22.2,726,37.4,801+
=436,437,Universitat Ramon Llull,Spain,Barcelona,Europe,35.2,https://www.topuniversities.com/universities/universitat-ramon-llull,https://www.topuniversities.com/sites/default/files/RL-logo-90x90.jpg,15.5,797,17.5,701+,10.3,801+,72.5,136,81.2,152,68,290,31.3,801+,80.4,295,71.1,261,56.7,=562
438,438,IE University,Spain,Segovia,Europe,35.1,https://www.topuniversities.com/universities/ie-university,https://www.topuniversities.com/sites/default/files/230302024505pm732571IE-univ-logo-200x200-90x90.jpg,3.8,801+,12.7,701+,47.6,409,70.4,144,70.4,206,100,3,6.4,801+,94,194,100,1,53,=646
439,439,National Sun Yat-sen University,Taiwan,Kaohsiung City,Asia,35,https://www.topuniversities.com/universities/national-sun-yat-sen-university,https://www.topuniversities.com/sites/default/files/national-sun-yat-sen-university_439_medium.jpg,38,492,36.8,326,35.6,558,32.1,447,14.7,801+,16.5,788,46.4,801+,35.5,534,22.2,728,67,362
=440,440,Ajman University,United Arab Emirates,Ajman,Asia,34.9,https://www.topuniversities.com/universities/ajman-university,https://www.topuniversities.com/sites/default/files/ajman-university-of-science-technology_592560cf2aeae70239af4f31_medium.jpg,10.2,801+,27.8,454,15.7,801+,51.3,241,12.8,801+,100,4,65.2,621,100,8,99.7,37,46.2,801+
=440,441,HSE University,Russia,Moscow,Europe,34.9,https://www.topuniversities.com/universities/hse-university,https://www.topuniversities.com/sites/default/files/220303011024pm152717HSE-logo-90x90.jpg,2.7,801+,28.1,449,92,96,52.9,231,19.4,737,24,675,84.7,261,10.2,801+,30.1,614,57.6,549
=440,442,James Cook University,Australia,Townsville,Oceania,34.9,https://www.topuniversities.com/universities/james-cook-university,https://www.topuniversities.com/sites/default/files/220112080628am351672jcu-90x90.jpg,60.3,286,21,591,27.5,689,11,701+,11.2,801+,37.6,518,83.8,279,46.9,454,43.2,480,81.9,=151
=440,443,Macau University of Science and Technology,Macau SAR,,Asia,34.9,https://www.topuniversities.com/universities/macau-university-science-technology,https://www.topuniversities.com/sites/default/files/macau-university-of-science-and-technology_592560cf2aeae70239af5a46_medium.jpg,79.5,161,7.4,701+,4.8,801+,10.9,701+,36.8,472,100,1,23.9,801+,100,18,87.9,157,52,=663
=440,444,"University of California, Riverside",United States,Riverside,North America,34.9,https://www.topuniversities.com/universities/university-california-riverside,https://www.topuniversities.com/sites/default/files/230328051801pm377649UCR-200x200-90x90.jpg,64.2,254,21.4,577,10,801+,21.1,623,7,801+,30.4,587,75.4,433,80.9,290,36.3,530,55.6,=589
=440,445,Universität Konstanz,Germany,Konstanz,Europe,34.9,https://www.topuniversities.com/universities/universitat-konstanz,https://www.topuniversities.com/sites/default/files/universitt-konstanz_323_medium.jpg,33.4,544,25.5,499,50.3,380,18.7,692,23,673,26.8,634,63.7,640,91.5,213,32.8,577,69.9,=316
446,446,Vilnius University,Lithuania,Vilnius,Europe,34.8,https://www.topuniversities.com/universities/vilnius-university,https://www.topuniversities.com/sites/default/files/vilnius-university-_592560cf2aeae70239af4d7f_medium.jpg,6.2,801+,26.9,467,73.1,210,28,496,91.3,93,28.5,609,80.2,351,28.4,601,34.5,557,70.3,=313
447,447,Belarusian State University,Belarus,Minsk,Europe,34.6,https://www.topuniversities.com/universities/belarusian-state-university,https://www.topuniversities.com/sites/default/files/belarusian-state-university_14128_medium.jpg,1.7,801+,32.5,377,91.8,98,51.5,239,61.3,258,71.1,268,34.4,801+,4.9,801+,67.5,286,n/a,n/a
448,448,University of Bayreuth,Germany,Bayreuth,Europe,34.5,https://www.topuniversities.com/universities/university-bayreuth,https://www.topuniversities.com/sites/default/files/university-of-bayreuth_592560cf2aeae70239af4ab4_medium.jpg,39.2,481,14.1,701+,64.6,272,22.3,596,16.2,801+,39.7,494,82.3,306,63.6,365,45.1,462,69.9,=316
449,449,Iowa State University,United States,Ames,North America,34.4,https://www.topuniversities.com/universities/iowa-state-university,https://www.topuniversities.com/sites/default/files/iowa-state-university_294_medium.jpg,61,281,26.4,479,10.8,801+,21.6,611,50.6,339,17.8,764,78.9,370,6.7,801+,24,703,65,=398
=450,450,Kazan (Volga region) Federal University,Russia,Kazan,Europe,34.3,https://www.topuniversities.com/universities/kazan-volga-region-federal-university,https://www.topuniversities.com/sites/default/files/kazan-volga-region-federal-university_313_medium.jpg,3.8,801+,27.2,460,98.1,54,19.5,669,19.6,732,97.7,94,86.7,225,14,801+,97.8,83,55.3,=596
=450,451,UNESP,Brazil,Sao Paulo,Latin America,34.3,https://www.topuniversities.com/universities/unesp,https://www.topuniversities.com/sites/default/files/unesp_492_medium.jpg,22.2,683,53.3,207,20.1,801+,36.8,387,1.6,801+,5.3,801+,73.6,480,7.4,801+,10.1,801+,58.5,=534
=452,452,Johannes Gutenberg Universität Mainz,Germany,Mainz,Europe,34.2,https://www.topuniversities.com/universities/johannes-gutenberg-universitat-mainz,https://www.topuniversities.com/sites/default/files/johannes-gutenberg-universitt-mainz_382_medium.jpg,18.1,750,32.5,378,70.5,225,19.8,667,18.1,756,26.4,641,87.5,209,51.3,433,32.4,584,52.2,=658
=452,453,Shenzhen University,China (Mainland),Shenzhen,Asia,34.2,https://www.topuniversities.com/universities/shenzhen-university,https://www.topuniversities.com/sites/default/files/shenzhen-university_24794_medium.jpg,90.9,100,11.9,701+,40.1,501,8.7,701+,26,623,2.7,801+,69,547,15.9,780,7.5,801+,48.2,=751
=452,454,"Stony Brook University, State University of New York",United States,Stony Brook,North America,34.2,https://www.topuniversities.com/universities/stony-brook-university-state-university-new-york,https://www.topuniversities.com/sites/default/files/stony-brook-university-state-university-of-new-york_592560cf2aeae70239af4ccb_medium.jpg,32.4,556,24.2,527,43.6,459,17.8,701+,31.9,527,53.4,384,73.7,474,47.4,451,57.9,352,82.5,=141
=452,455,University of Cyprus (UCY),Cyprus,Nicosia,Europe,34.2,https://www.topuniversities.com/universities/university-cyprus-ucy,https://www.topuniversities.com/sites/default/files/university-of-cyprus-ucy_14238_medium.jpg,62.3,270,14.6,701+,10.3,801+,10.8,701+,54.6,306,42.2,471,69.8,534,94.3,187,46.1,452,52.9,650
=456,456,Amirkabir University of Technology,Iran,Tehran,Asia,34.1,https://www.topuniversities.com/universities/amirkabir-university-technology,https://www.topuniversities.com/sites/default/files/amirkabir-university-of-technology_592560cf2aeae70239af4e54_medium.jpg,100,9,8.5,701+,7.4,801+,26.7,513,5.4,801+,5.7,801+,67.2,583,41.7,485,4.5,801+,35.5,801+
=456,457,"Essex, University of",United Kingdom,Colchester,Europe,34.1,https://www.topuniversities.com/universities/essex-university,https://www.topuniversities.com/sites/default/files/university-of-essex_592560cf2aeae70239af4b4c_medium.jpg,35.1,525,23.7,535,17.1,801+,9.9,701+,24.7,645,99.2,64,77,404,99.9,102,99.2,53,54.5,=610
=458,458,Colorado State University,United States,Fort Collins,North America,34,https://www.topuniversities.com/universities/colorado-state-university,https://www.topuniversities.com/sites/default/files/250211033205pm683792CSU-Symbol-r-357-RGB-90x90.jpg,22.8,672,25.2,508,73.1,209,30.1,473,32.3,524,9,801+,82.5,303,22.7,679,14.7,801+,75,236
=458,459,Universidad Nacional de La Plata (UNLP),Argentina,La Plata,Latin America,34,https://www.topuniversities.com/universities/universidad-nacional-de-la-plata-unlp,https://www.topuniversities.com/sites/default/files/universidad-nacional-de-la-plata-unlp_1690_medium.jpg,2.9,801+,55.7,199,40.8,496,30.8,464,37.7,463,41.6,478,54.1,780,7.2,801+,31.1,601,39.4,801+
=458,460,"University of California, Santa Cruz",United States,Santa Cruz,North America,34,https://www.topuniversities.com/universities/university-california-santa-cruz,https://www.topuniversities.com/sites/default/files/university-of-california-santa-cruz_92_medium.jpg,62.4,268,24.7,517,10,801+,13.6,701+,14.3,801+,10,801+,62.2,662,71.4,331,15.7,801+,84.3,122
=461,461,Jordan University of Science & Technology,Jordan,Irbid,Asia,33.9,https://www.topuniversities.com/universities/jordan-university-science-technology,https://www.topuniversities.com/sites/default/files/241024094456am374600Colored-logo-JPEG-90x90.jpg,12.3,801+,32,386,23.1,774,47.8,273,5.8,801+,87.9,183,54.6,775,66.7,350,83.8,180,52.1,=661
=461,462,Novosibirsk State University,Russia,Novosibirsk ,Europe,33.9,https://www.topuniversities.com/universities/novosibirsk-state-university,https://www.topuniversities.com/sites/default/files/novosibirsk-state-university_462_medium.jpg,13,801+,28.8,432,93.6,87,31.1,460,13.3,801+,70.6,272,55.7,758,9.1,801+,69.5,274,43.8,801+
=461,463,"Royal Holloway, University of London",United Kingdom,London,Europe,33.9,https://www.topuniversities.com/universities/royal-holloway-university-london,https://www.topuniversities.com/sites/default/files/250117013204pm929619Royal-Holloway%2C-University-of-London-RGB-200x200-pixel-logo-90x90.jpg,41,460,22.8,548,15.1,801+,11.8,701+,12.3,801+,88.9,177,73,487,96.3,164,89.9,151,61.7,=464
=461,464,Università Vita-Salute San Raffaele,Italy,Milan,Europe,33.9,https://www.topuniversities.com/universities/universita-vita-salute-san-raffaele,https://www.topuniversities.com/sites/default/files/universit-vita-salute-san-raffaele_592560cf2aeae70239af5016_medium.jpg,99.5,28,4.8,701+,89.3,108,3.1,701+,4.1,801+,11.3,801+,35.5,801+,6.2,801+,16.3,801+,26.1,801+
=465,465,Anna University,India,Chennai,Asia,33.8,https://www.topuniversities.com/universities/anna-university,https://www.topuniversities.com/sites/default/files/anna-university_592560cf2aeae70239af4e05_medium.jpg,99.8,23,15,701+,9.2,801+,19.4,674,17.8,763,1.6,801+,47.3,801+,n/a,n/a,6,801+,64.5,=409
=465,466,Concordia University,Canada,Montreal,North America,33.8,https://www.topuniversities.com/universities/concordia-university,https://www.topuniversities.com/sites/default/files/concordia-university_592560cf2aeae70239af4b0e_medium.jpg,32,563,21.7,572,5.2,801+,18,701+,58.4,281,94.4,135,75.6,429,64,362,94.8,112,81.8,153
=465,467,Shanghai University,China (Mainland),Shanghai,Asia,33.8,https://www.topuniversities.com/universities/shanghai-university,https://www.topuniversities.com/sites/default/files/shanghai-university_557_medium.jpg,48.5,385,29.8,410,51.1,369,21.4,615,12.5,801+,10.2,801+,62.5,657,29.6,589,7.8,801+,42.9,801+
=465,468,University of Kansas,United States,Lawrence,North America,33.8,https://www.topuniversities.com/universities/university-kansas,https://www.topuniversities.com/sites/default/files/university-of-kansas_309_medium.jpg,13.6,801+,17.6,697,91.9,97,22.8,582,42.8,409,12.6,801+,87.5,210,79,301,18.6,786,62.2,=454
=469,469,Ben-Gurion University of The Negev,Israel,Be'er Sheva,Asia,33.7,https://www.topuniversities.com/universities/ben-gurion-university-negev,https://www.topuniversities.com/sites/default/files/ben-gurion-university-of-the-negev_592560cf2aeae70239af4ab7_medium.jpg,58.7,295,19.5,631,15,801+,26.9,510,24.5,649,23.8,679,63.4,643,71.2,332,17.9,798,48.8,=734
=469,470,Tashkent Institute of Irrigation and Agricultural Mechanization Engineers (TIIAME)-National Research University,Uzbekistan,Tashkent,Asia,33.7,https://www.topuniversities.com/universities/tashkent-institute-irrigation-agricultural-mechanization-engineers-tiiame-national-research,https://www.topuniversities.com/sites/default/files/tashkent-institute-of-irrigation-and-agricultural-mechanization-engineers-tiiame_592560e59988f300e2321bd1_medium.jpg,4.2,801+,35.6,341,87.1,120,46,292,24.8,644,16.7,785,18.6,801+,44.3,470,18.5,787,46.9,=793
=469,471,Universidad de Sevilla,Spain,Seville,Europe,33.7,https://www.topuniversities.com/universities/universidad-de-sevilla,https://www.topuniversities.com/sites/default/files/universidad-de-sevilla_554_medium.jpg,15.1,801+,52.7,210,23.4,763,20.6,640,22.1,694,25.8,648,90.8,164,5.1,801+,31.9,591,66.1,=376
=469,472,Université Laval,Canada,Québec,North America,33.7,https://www.topuniversities.com/universities/universite-laval,https://www.topuniversities.com/sites/default/files/laval-university_337_medium.jpg,29.8,590,25.3,503,33.3,585,11.3,701+,49.9,347,54.9,378,78.8,371,57.4,402,59.2,345,81.6,=154
=473,473,Jilin University,China (Mainland),Changchun,Asia,33.5,https://www.topuniversities.com/universities/jilin-university,https://www.topuniversities.com/sites/default/files/jilin-university_304_medium.jpg,53.9,342,16.2,701+,35.8,557,47.3,276,33,513,2.2,801+,65.3,620,15.6,791,1.9,801+,48.5,=743
=473,474,Johannes Kepler University Linz,Austria,Linz,Europe,33.5,https://www.topuniversities.com/universities/johannes-kepler-university-linz,https://www.topuniversities.com/sites/default/files/johannes-kepler-university-linz_349_medium.jpg,25.2,635,17.5,700,80,166,14.9,701+,15.3,801+,57.5,360,56.6,743,89.9,223,61.6,327,61,=480
=473,475,Pusan National University,South Korea,Busan,Asia,33.5,https://www.topuniversities.com/universities/pusan-national-university,https://www.topuniversities.com/sites/default/files/pusan-national-university_511_medium.jpg,36.7,509,28.6,439,57.6,315,20.2,650,18.9,744,27.1,626,57.5,726,19.9,714,33.2,573,73.6,=265
=473,476,USI - Università della Svizzera italiana,Switzerland,Lugano,Europe,33.5,https://www.topuniversities.com/universities/usi-universita-della-svizzera-italiana,https://www.topuniversities.com/sites/default/files/usi-universit-della-svizzera-italiana_592560cf2aeae70239af50ca_medium.jpg,43.4,434,9.3,701+,70.3,227,9.4,701+,2.2,801+,100,10,42.7,801+,100,33,100,5,48.2,=751
=477,477,Moscow Institute of Physics and Technology (MIPT / Moscow Phystech),Russia,Dolgoprudny,Europe,33.4,https://www.topuniversities.com/universities/moscow-institute-physics-technology-mipt-moscow-phystech,https://www.topuniversities.com/sites/default/files/moscow-institute-of-physics-and-technology-mipt-moscow-phystech_15270_medium.jpg,18.1,748,20.3,606,95.3,71,34.1,421,38,458,54.8,380,47.1,801+,38.6,512,55.6,368,21.9,801+
=477,478,Universität Potsdam,Germany,Potsdam,Europe,33.4,https://www.topuniversities.com/universities/universitat-potsdam,https://www.topuniversities.com/sites/default/files/universitt-potsdam_1367_medium.jpg,53.7,347,22.3,563,28.4,673,5,701+,4.2,801+,34.9,541,92.6,133,60.9,384,40.6,499,75.3,231
479,479,Chung-Ang University (CAU),South Korea,Seoul,Asia,33.3,https://www.topuniversities.com/universities/chung-ang-university-cau,https://www.topuniversities.com/sites/default/files/260330120819am627163%ED%99%94%EB%A9%B4-%EC%BA%A1%EC%B2%98-2026-03-30-090753-90x90.jpg,16.7,769,24.9,512,79.2,172,37.6,372,17.3,777,62.4,323,31.3,801+,19.7,719,66.1,297,68.9,=331
=480,480,Hiroshima University,Japan,Higashihiroshima City,Asia,33.2,https://www.topuniversities.com/universities/hiroshima-university,https://www.topuniversities.com/sites/default/files/hiroshima-university_264_medium.jpg,17.2,762,34.6,351,79.8,168,17.1,701+,12.4,801+,22.7,690,70.3,525,19.2,725,17.1,801+,73.2,=271
=480,481,University of Science and Technology Beijing,China (Mainland),Beijing,Asia,33.2,https://www.topuniversities.com/universities/university-science-technology-beijing,https://www.topuniversities.com/sites/default/files/university-of-science-and-technology-beijing_2004_medium.jpg,99.2,37,16.4,701+,13.9,801+,14.6,701+,8.5,801+,5.1,801+,59.1,706,4.2,801+,4,801+,41.6,801+
=482,482,Dalian University of Technology,China (Mainland),Dalian,Asia,33,https://www.topuniversities.com/universities/dalian-university-technology,https://www.topuniversities.com/sites/default/files/dalian-university-of-technology_874_medium.jpg,95.7,65,11.4,701+,23.4,766,11,701+,21.8,697,5.3,801+,59.8,697,15.4,800,4.2,801+,46.8,798
=482,483,Duy Tan University,Vietnam,Da Nang,Asia,33,https://www.topuniversities.com/universities/duy-tan-university,https://www.topuniversities.com/sites/default/files/duy-tan-university_59e5a998acb295021d569f1b_medium.jpg,76,172,13.7,701+,6.3,801+,27.7,500,6.4,801+,2.1,801+,87.7,206,43.4,475,6.3,801+,58.7,=528
=482,484,Kobe University,Japan,Kobe City,Asia,33,https://www.topuniversities.com/universities/kobe-university,https://www.topuniversities.com/sites/default/files/kobe-university_320_medium.jpg,19.4,725,36.9,324,45,434,39,353,27,608,10.7,801+,53.3,791,11.2,801+,15.9,801+,73.3,=269
=485,485,Aristotle University of Thessaloniki,Greece,Thessaloniki,Europe,32.9,https://www.topuniversities.com/universities/aristotle-university-thessaloniki,https://www.topuniversities.com/sites/default/files/aristotle-university-of-thessaloniki_24_medium.jpg,28.4,602,38.2,311,6.4,801+,35.9,402,48.3,359,8.1,801+,90.9,160,2.1,801+,13.8,801+,66.4,=371
=485,486,University of Trento,Italy,Trento,Europe,32.9,https://www.topuniversities.com/universities/university-trento,https://www.topuniversities.com/sites/default/files/university-of-trento_623_medium.jpg,40,470,34.8,346,32.9,589,18.6,693,7.1,801+,11.3,801+,85.6,244,32.3,560,17.2,801+,51.8,=665
=487,487,Edith Cowan University,Australia,Joondalup,Oceania,32.8,https://www.topuniversities.com/universities/edith-cowan-university,https://www.topuniversities.com/sites/default/files/251111045132am451526ECU-90x90.jpg,60.4,285,13.7,701+,6,801+,13.1,701+,7.4,801+,82.4,210,63.8,637,96.4,160,84,176,51,=680
=487,488,Technische Universität Bergakademie Freiberg,Germany,Freiberg,Europe,32.8,https://www.topuniversities.com/universities/technische-universitat-bergakademie-freiberg,https://www.topuniversities.com/sites/default/files/231108074238am170028TUBAF-Siegel-blau-90x90.jpg,90.9,101,7.4,701+,10.1,801+,6.4,701+,1.4,801+,100,25,35.1,801+,59.7,392,100,16,32.9,801+
=487,489,Warsaw University of Technology,Poland,Warsaw,Europe,32.8,https://www.topuniversities.com/universities/warsaw-university-technology,https://www.topuniversities.com/sites/default/files/250701010256pm188166PW-logo-czarne-RGB-90x90.jpg,9.5,801+,28.4,442,55.7,337,72.4,137,15.9,801+,17.6,771,63.8,638,3.4,801+,23.7,710,38.4,801+
490,490,Universidad de Santiago de Chile (USACH),Chile,Santiago,Latin America,32.7,https://www.topuniversities.com/universities/universidad-de-santiago-de-chile-usach,https://www.topuniversities.com/sites/default/files/universidad-de-santiago-de-chile-usach_548_medium.jpg,7.8,801+,50.4,222,11.4,801+,59.9,193,17.5,772,3.8,801+,53.9,783,10.6,801+,8,801+,53.7,=627
=491,491,Central South University,China (Mainland),"Changsha,",Asia,32.6,https://www.topuniversities.com/universities/central-south-university,https://www.topuniversities.com/sites/default/files/central-south-university_871_medium.jpg,100,8,12.1,701+,7.3,801+,10.2,701+,23.2,667,7,801+,73.8,472,9,801+,5.4,801+,42.7,801+
=491,492,Imam Abdulrahman Bin Faisal University (IAU),Saudi Arabia,Dammam,Asia,32.6,https://www.topuniversities.com/universities/imam-abdulrahman-bin-faisal-university-iau,https://www.topuniversities.com/sites/default/files/imam-abdulrahman-bin-faisal-university-iau-formerly-university-of-dammam_592560cf2aeae70239af57b7_medium.jpg,5.6,801+,16.9,701+,94.9,74,31.4,456,2.9,801+,34.8,544,73.9,471,99.2,125,35.4,544,55.3,=596
=491,493,Universiti Utara Malaysia (UUM),Malaysia,Sintok,Asia,32.6,https://www.topuniversities.com/universities/universiti-utara-malaysia-uum,https://www.topuniversities.com/sites/default/files/universiti-utara-malaysia-uum_388_medium.jpg,12.7,801+,31.2,393,48,404,39.2,349,16.4,799,86.9,186,42.4,801+,25.6,638,84,177,49.5,=715
=494,494,University of Bordeaux,France,Talence,Europe,32.5,https://www.topuniversities.com/universities/university-bordeaux,https://www.topuniversities.com/sites/default/files/university-of-bordeaux_1286_medium.jpg,28.1,605,43.2,274,13.5,801+,10,701+,25.3,635,35.2,539,93.5,113,31.7,566,40.9,498,56.5,=571
=494,495,University of Canberra,Australia,Bruce,Oceania,32.5,https://www.topuniversities.com/universities/university-canberra,https://www.topuniversities.com/sites/default/files/220623031009am674262UC-logo-90x90.jpg,50.8,370,18.2,670,3.4,801+,11.9,701+,10.9,801+,83.1,205,66.7,593,82.8,274,84.6,173,73.2,=271
=496,496,Iran University of Science and Technology,Iran,Tehran,Asia,32.4,https://www.topuniversities.com/universities/iran-university-science-technology,https://www.topuniversities.com/sites/default/files/iran-university-of-science-and-technology_592560cf2aeae70239af4e57_medium.jpg,99.9,19,11.8,701+,4.3,801+,24.3,553,9.4,801+,8.6,801+,64.4,629,7,801+,11.3,801+,27.3,801+
=496,497,Justus-Liebig-University Giessen,Germany,Giessen,Europe,32.4,https://www.topuniversities.com/universities/justus-liebig-university-giessen,https://www.topuniversities.com/sites/default/files/justus-liebig-university-giessen_592560cf2aeae70239af4b68_medium.jpg,85.6,121,15.4,701+,2.7,801+,9.6,701+,17,784,28.9,605,80.7,340,19.3,724,21.7,738,53.4,=632
498,498,University of Jyväskylä,Finland,Jyväskylä,Europe,32.3,https://www.topuniversities.com/universities/university-jyvaskyla,https://www.topuniversities.com/sites/default/files/university-of-jyvskyl_306_medium.jpg,20.8,702,23.4,539,87.8,112,13.7,701+,13.9,801+,6.3,801+,84.3,269,51.1,435,11.8,801+,70.6,=308
=499,499,Central Queensland University (CQUniversity Australia),Australia,Norman Gardens,Oceania,32.2,https://www.topuniversities.com/universities/central-queensland-university-cquniversity-australia,https://www.topuniversities.com/sites/default/files/251020030708am792928CQU-Logo-Square-Positive-Portrait-1500x1500px-90x90.jpg,39.7,473,13.6,701+,42.2,474,8.5,701+,5,801+,99.9,43,47.5,801+,97.6,145,99.4,47,64.2,=417
=499,500,Northwestern Polytechnical University,China (Mainland),Xi'an,Asia,32.2,https://www.topuniversities.com/universities/northwestern-polytechnical-university,https://www.topuniversities.com/sites/default/files/northwestern-polytechnical-university_592560cf2aeae70239af5255_medium.jpg,82.6,139,9.5,701+,52.3,356,9.9,701+,11.5,801+,10.1,801+,57.6,724,25.5,640,7.8,801+,39,801+
=499,501,Tomsk State University,Russia,Tomsk,Europe,32.2,https://www.topuniversities.com/universities/tomsk-state-university,https://www.topuniversities.com/sites/default/files/tomsk-state-university_616_medium.jpg,7,801+,25.3,502,99.3,39,20,656,7.1,801+,94.7,131,66.4,599,28,609,93.2,125,30.6,801+
=499,502,Universidad de Costa Rica,Costa Rica,San Jose,Latin America,32.2,https://www.topuniversities.com/universities/universidad-de-costa-rica,https://www.topuniversities.com/sites/default/files/universidad-de-costa-rica_789_medium.jpg,2.5,801+,46.4,253,44.4,445,31.6,453,86.1,130,3.4,801+,46.1,801+,3,801+,2.8,801+,53.7,=627
503,503,Shoolini University of Biotechnology and Management Sciences,India,Solan,Asia,32.1,https://www.topuniversities.com/universities/shoolini-university-biotechnology-management-sciences,https://www.topuniversities.com/sites/default/files/shoolini-university-of-biotechnology-and-management-sciences_5b278febcb4de72fdd143864_medium.jpg,82.6,138,16.2,701+,12.1,801+,22.5,589,1.8,801+,2.2,801+,54.1,781,29,595,6.4,801+,57.3,=555
=504,504,China Agricultural University ,China (Mainland),Beijing,Asia,32,https://www.topuniversities.com/universities/china-agricultural-university,https://www.topuniversities.com/sites/default/files/china-agricultural-university_872_medium.jpg,98.7,42,12.3,701+,19.2,801+,10.3,701+,9.6,801+,2.3,801+,62.1,663,4.8,801+,2,801+,44.4,801+
=504,505,Chongqing University,China (Mainland),Chongqing,Asia,32,https://www.topuniversities.com/universities/chongqing-university,https://www.topuniversities.com/sites/default/files/chongqing-university_873_medium.jpg,93.8,82,11.9,701+,18.2,801+,9.8,701+,19.1,743,3.9,801+,58.1,717,28.1,605,3.2,801+,40,801+
=504,506,Ewha Womans University,South Korea,Seoul,Asia,32,https://www.topuniversities.com/universities/ewha-womans-university,https://www.topuniversities.com/sites/default/files/ewha-womans-university_592560cf2aeae70239af4b38_medium.jpg,13.6,801+,33.5,363,75.1,195,26.6,515,28.4,586,37.5,519,32.9,801+,9.6,801+,43.1,481,67.1,361
=504,507,Hunan University ,China (Mainland),Changsha,Asia,32,https://www.topuniversities.com/universities/hunan-university,https://www.topuniversities.com/sites/default/files/hunan-university-_592560cf2aeae70239af4df1_medium.jpg,94.7,74,10.9,701+,20.8,801+,11.8,701+,32.5,520,2.8,801+,57.7,721,5.9,801+,2.3,801+,40.6,801+
=504,508,University of Guelph,Canada,Guelph,North America,32,https://www.topuniversities.com/universities/university-guelph,https://www.topuniversities.com/sites/default/files/university-of-guelph_1756_medium.jpg,55.2,327,19.9,621,7.9,801+,19.2,680,18.2,755,24,672,74.8,446,49.6,443,30.1,613,80.7,161
509,509,China Medical University ,Taiwan,Taichung,Asia,31.9,https://www.topuniversities.com/universities/china-medical-university,https://www.topuniversities.com/sites/default/files/china-medical-university_14334_medium.jpg,99.9,16,8.8,701+,27.4,692,6.3,701+,2,801+,12.7,801+,75.9,420,5.8,801+,9.7,801+,36.1,801+
=509,510,INTI International University,Malaysia,Nilai,Asia,31.9,https://www.topuniversities.com/universities/inti-international-university,https://www.topuniversities.com/sites/default/files/inti-international-university-colleges_592560e49988f300e2321830_medium.jpg,3,801+,14.3,701+,95.1,73,37.8,368,5.2,801+,99.7,50,19.2,801+,100,39,99.5,46,33.2,801+
=509,511,Institut Teknologi Sepuluh Nopember (ITS Surabaya),Indonesia,Surabaya,Asia,31.9,https://www.topuniversities.com/universities/institut-teknologi-sepuluh-nopember-its-surabaya,https://www.topuniversities.com/sites/default/files/260407025155am560753Lambang-ITS-90x90.jpg,2.7,801+,27.4,456,62.1,287,60.2,192,17,782,11.9,801+,27.6,801+,69.6,337,17.9,800,52.5,654
=511,512,Ateneo de Manila University,Philippines,Quezon City,Asia,31.6,https://www.topuniversities.com/universities/ateneo-de-manila-university,https://www.topuniversities.com/sites/default/files/ateneo-de-manila-university_592560cf2aeae70239af4aa1_medium.jpg,3,801+,32.2,385,33.1,586,70,148,80.4,157,4.3,801+,24.3,801+,3.6,801+,8.5,801+,60.5,=497
=511,513,SOAS University of London,United Kingdom,London,Europe,31.6,https://www.topuniversities.com/universities/soas-university-london,https://www.topuniversities.com/sites/default/files/soas-university-of-london-_592560cf2aeae70239af4bf0_medium.jpg,23.7,663,24.7,516,18.4,801+,19,686,35.2,489,99.2,63,17.8,801+,100,67,99.2,52,65,=398
=511,514,Singapore Management University,Singapore,Singapore,Asia,31.6,https://www.topuniversities.com/universities/singapore-management-university,https://www.topuniversities.com/sites/default/files/singapore-management-university_1177_medium.jpg,30.9,577,19.4,635,14.2,801+,27.4,502,38.1,455,83.2,203,23,801+,100,48,80.4,205,58.9,=521
=511,515,University of Bradford,United Kingdom,Bradford,Europe,31.6,https://www.topuniversities.com/universities/university-bradford,https://www.topuniversities.com/sites/default/files/university-of-bradford_592560cf2aeae70239af4ac5_medium.jpg,40.3,465,14,701+,9.3,801+,11.2,701+,41.5,421,99.2,66,70.5,519,75,316,99.2,56,70.4,=311
=515,516,Lebanese University,Lebanon,Beirut,Asia,31.5,https://www.topuniversities.com/universities/lebanese-university,https://www.topuniversities.com/sites/default/files/lebanese-university_592560cf2aeae70239af4eec_medium.jpg,3.4,801+,32.9,372,16,801+,55.3,219,38.9,445,47.2,428,59.9,695,52.2,427,44.1,474,45.2,801+
=515,517,Universitas Padjadjaran (UNPAD),Indonesia,Bandung,Asia,31.5,https://www.topuniversities.com/universities/universitas-padjadjaran-unpad,https://www.topuniversities.com/sites/default/files/universitas-padjadjaran_592560cf2aeae70239af4e3c_medium.jpg,2.2,801+,29.9,408,55.9,334,51.7,237,45.4,384,4.4,801+,31.8,801+,54.3,417,9.4,801+,59.7,=507
=517,518,Pontificia Universidad Católica Argentina,Argentina,Buenos Aires,Latin America,31.4,https://www.topuniversities.com/universities/pontificia-universidad-catolica-argentina,https://www.topuniversities.com/sites/default/files/pontificia-universidad-catlica-argentina_592560cf2aeae70239af5486_medium.jpg,1.2,801+,30.2,402,100,22,39.9,344,89.8,108,14.8,801+,10.5,801+,3,801+,11.2,801+,26.7,801+
=517,519,University of Stirling,United Kingdom,Stirling,Europe,31.4,https://www.topuniversities.com/universities/university-stirling,https://www.topuniversities.com/sites/default/files/university-of-stirling_575_medium.jpg,38.3,489,16.8,701+,14.6,801+,13.1,701+,22.4,685,81.3,218,62.7,655,79.5,299,83,183,81.2,=158
=519,520,Kyungpook National University,South Korea,Daegu,Asia,31.3,https://www.topuniversities.com/universities/kyungpook-national-university,https://www.topuniversities.com/sites/default/files/kyungpook-national-university_592560cf2aeae70239af4bd0_medium.jpg,29.6,593,18,680,78.5,175,20.3,649,15.5,801+,44.6,452,55.8,752,18.7,733,49.7,417,68.3,=344
=519,521,Singapore University of Technology and Design,Singapore,Singapore,Asia,31.3,https://www.topuniversities.com/universities/singapore-university-technology-design,https://www.topuniversities.com/sites/default/files/singapore-university-of-technology-and-design_592560e89988f300e2322191_medium.jpg,71,208,11,701+,99.3,41,11.3,701+,5.3,801+,n/a,n/a,35.2,801+,n/a,n/a,n/a,n/a,25,801+
=519,522,Universidad Austral,Argentina,Pilar,Latin America,31.3,https://www.topuniversities.com/universities/universidad-austral,https://www.topuniversities.com/sites/default/files/universidad-austral_38_medium.jpg,2.5,801+,29.8,409,89.6,105,48.9,263,69.9,211,16.7,786,13.4,801+,2.9,801+,18.7,784,29.2,801+
=519,523,University of Electronic Science and Technology of China,China (Mainland),Chengdu,Asia,31.3,https://www.topuniversities.com/universities/university-electronic-science-technology-china,https://www.topuniversities.com/sites/default/files/university-of-electronic-science-and-technology-of-china_2009_medium.jpg,99.9,17,5.8,701+,11.3,801+,16.3,701+,11.5,801+,4.4,801+,83.2,289,4.2,801+,3.5,801+,37.6,801+
=519,524,Ural Federal University - UrFU,Russia,Ekaterinburg,Europe,31.3,https://www.topuniversities.com/universities/ural-federal-university-urfu,https://www.topuniversities.com/sites/default/files/ural-federal-university-urfu_592560cf2aeae70239af505a_medium.jpg,3.5,801+,25.8,488,98.2,53,24.7,544,5.6,801+,49.3,412,91,158,8.7,801+,54.1,379,54.4,=613
524,525,University of Huddersfield,United Kingdom,Huddersfield,Europe,31.2,https://www.topuniversities.com/universities/university-huddersfield,https://www.topuniversities.com/sites/default/files/university-of-huddersfield_592560cf2aeae70239af4cac_medium.jpg,36.3,515,17.9,683,9.1,801+,19,684,2.2,801+,91.6,154,74.6,450,79.7,298,92.2,131,69.1,=329
525,526,The University of Georgia,United States,Athens,North America,31.1,https://www.topuniversities.com/universities/university-georgia,https://www.topuniversities.com/sites/default/files/the-university-of-georgia_227_medium.jpg,33,552,27.9,452,14,801+,36.7,388,35.8,478,8.8,801+,85,254,11.1,801+,6.8,801+,65.9,=385
=526,527,Boston College,United States,Chestnut Hill,North America,30.9,https://www.topuniversities.com/universities/boston-college,https://www.topuniversities.com/sites/default/files/boston-college_723_medium.jpg,26.8,618,29.9,407,28,681,30.2,471,64.8,240,28.5,608,47.7,801+,9.8,801+,34.5,556,56,=579
=526,528,Chiang Mai University,Thailand,Chiang Mai,Asia,30.9,https://www.topuniversities.com/universities/chiang-mai-university,https://www.topuniversities.com/sites/default/files/chiang-mai-university_118_medium.jpg,8.8,801+,48.8,236,22,790,30.4,467,28.7,584,8.7,801+,65.8,613,5.5,801+,13.3,801+,67.6,=355
=526,529,University of Hull,United Kingdom,Hull,Europe,30.9,https://www.topuniversities.com/universities/university-hull,https://www.topuniversities.com/sites/default/files/240314033354pm534974UoH-Primary-Brandmark-CMYK-90x90.jpg,36.9,505,13.2,701+,15.9,801+,14.3,701+,29.5,556,95.6,121,70.3,526,68.3,342,95.9,103,75.4,=228
=526,530,University of Salamanca,Spain,Salamanca,Europe,30.9,https://www.topuniversities.com/universities/university-salamanca,https://www.topuniversities.com/sites/default/files/university-of-salamanca_544_medium.jpg,11.8,801+,36.9,323,36.8,545,23.5,568,33.4,506,25.9,647,86.3,231,10.2,801+,31.9,590,70.8,=303
=530,531,The Education University of Hong Kong,Hong Kong SAR,Hong Kong,Asia,30.8,https://www.topuniversities.com/universities/education-university-hong-kong,https://www.topuniversities.com/sites/default/files/the-education-university-of-hong-kong_592560cf2aeae70239af5734_medium.jpg,39.7,474,9.4,701+,71.7,215,7.8,701+,9.4,801+,68.6,285,43.4,801+,99.8,104,61.7,325,35.3,801+
=530,532,University of Genoa,Italy,Genoa,Europe,30.8,https://www.topuniversities.com/universities/university-genoa,https://www.topuniversities.com/sites/default/files/university-of-genoa_592560cf2aeae70239af4b62_medium.jpg,52.6,358,28,451,19.8,801+,10.6,701+,16.6,795,17.5,773,83.1,291,9.2,801+,23.6,711,62.3,=452
=530,533,University of Iowa,United States,Iowa City,North America,30.8,https://www.topuniversities.com/universities/university-iowa,https://www.topuniversities.com/sites/default/files/university-of-iowa_592560cf2aeae70239af4baa_medium.jpg,27.4,614,25.5,498,50.1,383,16.2,701+,47.1,373,8.5,801+,68.7,555,40.4,496,14.2,801+,61,=480
=530,534,Universität Bremen,Germany,Bremen,Europe,30.8,https://www.topuniversities.com/universities/universitat-bremen,https://www.topuniversities.com/sites/default/files/universitt-bremen_67_medium.jpg,39.5,477,25.7,491,15.2,801+,14.2,701+,7.6,801+,41.9,477,86.9,220,61.4,381,47.2,440,54.9,605
534,535,University of Connecticut,United States,Storrs,North America,30.7,https://www.topuniversities.com/universities/university-connecticut,https://www.topuniversities.com/sites/default/files/university-of-connecticut_140_medium.jpg,33.5,543,20.8,597,28.1,679,14.6,701+,40.1,437,34.9,543,85.1,253,54.6,415,40.6,500,63.4,=433
=535,536,King Khalid University,Saudi Arabia,Abha,Asia,30.6,https://www.topuniversities.com/universities/king-khalid-university,https://www.topuniversities.com/sites/default/files/240318014008pm464639KKU-New-Logo-90x90.jpg,7,801+,25.8,489,64.6,274,17.6,701+,2.7,801+,35.9,535,84.4,266,100,30,26.9,658,45.7,801+
=535,537,Lebanese American University,Lebanon,Byblos,Asia,30.6,https://www.topuniversities.com/universities/lebanese-american-university,https://www.topuniversities.com/sites/default/files/lebanese-american-university_592560cf2aeae70239af4eed_medium.jpg,10.7,801+,20.2,610,31.3,612,44.6,301,29.2,564,26.6,638,78.3,380,80.6,293,31.7,593,58.3,=539
=535,538,Prince Sultan University,Saudi Arabia,Riyadh,Asia,30.6,https://www.topuniversities.com/universities/prince-sultan-university,https://www.topuniversities.com/sites/default/files/221201114936am874757PSU-logo-200x200-90x90.jpg,61.9,274,10.6,701+,19.4,801+,12,701+,15.9,801+,23.2,686,62.7,654,100,35,24.7,691,45.7,801+
=535,539,University of Ljubljana,Slovenia,Ljubljana,Europe,30.6,https://www.topuniversities.com/universities/university-ljubljana,https://www.topuniversities.com/sites/default/files/university-of-ljubljana_351_medium.jpg,11,801+,29.7,414,45.6,431,18.9,689,98.1,41,18.1,760,85.7,241,7.1,801+,13.7,801+,54.2,=619
=535,540,Universität  Leipzig,Germany,Leipzig,Europe,30.6,https://www.topuniversities.com/universities/universitat-leipzig,https://www.topuniversities.com/sites/default/files/universitt-leipzig_341_medium.jpg,13,801+,31.5,391,85.3,132,14,701+,15.9,801+,24,673,82.7,298,n/a,n/a,18.1,795,57.2,557
=540,541,Jinan University (China),China (Mainland),Guangzhou,Asia,30.5,https://www.topuniversities.com/universities/jinan-university-china,https://www.topuniversities.com/sites/default/files/jinan-university-china_592560cf2aeae70239af5298_medium.jpg,75.3,177,8.6,701+,12.3,801+,8.7,701+,10.5,801+,89.1,174,47.2,801+,41.6,486,66.3,295,40.5,801+
=540,542,University of Utah,United States,Salt Lake City,North America,30.5,https://www.topuniversities.com/universities/university-utah,https://www.topuniversities.com/sites/default/files/university-of-utah_645_medium.jpg,38.3,488,21.8,570,53.8,349,13.1,701+,28.3,588,18.2,759,74.5,455,21.2,695,24.3,699,59.6,=509
=542,543,"Ain Shams University in Cairo (ASU, Cairo)",Egypt,Cairo,Africa,30.3,https://www.topuniversities.com/universities/ain-shams-university-cairo-asu-cairo,https://www.topuniversities.com/sites/default/files/ain-shams-university-_592560cf2aeae70239af4f38_medium.jpg,3.5,801+,35.6,340,17.1,801+,38.8,357,69.6,216,13.7,801+,80.8,336,29.5,590,19.7,769,56.7,=562
=542,544,Universiti Teknologi MARA - UiTM,Malaysia,Shah Alam,Asia,30.3,https://www.topuniversities.com/universities/universiti-teknologi-mara-uitm,https://www.topuniversities.com/sites/default/files/universiti-teknologi-mara-uitm_732_medium.jpg,5.6,801+,44.5,267,26.3,709,48.8,265,4.9,801+,3.4,801+,74.3,458,2.5,801+,7.7,801+,55.4,=593
=542,545,University of Milano-Bicocca,Italy,Milan,Europe,30.3,https://www.topuniversities.com/universities/university-milano-bicocca,https://www.topuniversities.com/sites/default/files/university-of-milano-bicocca_14336_medium.jpg,56,317,28.6,438,5.2,801+,19.2,677,15,801+,8.3,801+,80.8,335,7.3,801+,14,801+,53.6,=630
=542,546,University of the Punjab,Pakistan,Lahore,Asia,30.3,https://www.topuniversities.com/universities/university-punjab,https://www.topuniversities.com/sites/default/files/university-of-the-punjab_592560cf2aeae70239af4f07_medium.jpg,24.4,649,22.5,559,5.7,801+,57.6,203,89.4,109,1.7,801+,71.8,504,4,801+,6.1,801+,44.3,801+
=546,547,Ulm University,Germany,Ulm,Europe,30.2,https://www.topuniversities.com/universities/ulm-university,https://www.topuniversities.com/sites/default/files/university-ulm_638_medium.jpg,43.8,430,10.9,701+,83.9,147,10.2,701+,3.4,801+,30.8,582,67.2,585,47.5,450,23.1,718,38.7,801+
=546,548,University of Hawaiʻi at Mānoa,United States,Honolulu,North America,30.2,https://www.topuniversities.com/universities/university-hawaii-manoa,https://www.topuniversities.com/sites/default/files/university-of-hawaii-at-maoa_255_medium.jpg,51.8,366,21.3,583,32.4,594,10.5,701+,13.3,801+,11.1,801+,84.5,264,25.2,650,17,801+,60.9,=486
=546,549,University of Windsor,Canada,Windsor,North America,30.2,https://www.topuniversities.com/universities/university-windsor,https://www.topuniversities.com/sites/default/files/university-of-windsor_592560cf2aeae70239af5162_medium.jpg,58.2,299,5.1,701+,2.7,801+,7.1,701+,34.4,497,94.6,132,49.5,801+,89.4,228,95,110,68.7,=339
549,550,Florida State University,United States,Tallahassee,North America,30.1,https://www.topuniversities.com/universities/florida-state-university,https://www.topuniversities.com/sites/default/files/florida-state-university_211_medium.jpg,34.1,536,32.7,375,11.4,801+,24,562,34.8,493,9,801+,74.5,454,16.4,772,14.7,801+,62.5,449
550,551,Northumbria University at Newcastle,United Kingdom,Newcastle upon Tyne,Europe,30,https://www.topuniversities.com/universities/northumbria-university-newcastle,https://www.topuniversities.com/sites/default/files/northumbria-university-at-newcastle_592560cf2aeae70239af4c4b_medium.jpg,30.6,580,16.6,701+,18.2,801+,19.1,681,20,725,63.6,313,81.5,321,64.5,360,67.1,289,77.8,=201
=551,552,Thammasat University,Thailand,Bangkok,Asia,29.9,https://www.topuniversities.com/universities/thammasat-university,https://www.topuniversities.com/sites/default/files/thammasat-university_592560cf2aeae70239af4ce1_medium.jpg,3.9,801+,36.7,329,27.2,694,38.3,365,90.6,100,2.2,801+,45.7,801+,15.9,779,6.9,801+,60.7,=494
=551,553,Universiti Tenaga Nasional (UNITEN),Malaysia,Kajang,Asia,29.9,https://www.topuniversities.com/universities/universiti-tenaga-nasional-uniten,https://www.topuniversities.com/sites/default/files/universiti-tenaga-nasional-uniten_592560cf2aeae70239af4d97_medium.jpg,34.1,535,9.5,701+,76.6,187,19.9,660,5.3,801+,70.5,274,55.7,754,34.7,537,65.6,299,48.7,=737
=553,554,Hitotsubashi University,Japan,Tokyo,Asia,29.8,https://www.topuniversities.com/universities/hitotsubashi-university,https://www.topuniversities.com/sites/default/files/hitotsubashi-university-business-school-school-of-international-corporate-strategy_592560cf2aeae70239af4b8d_medium.jpg,4,801+,19.7,627,42.2,473,78.1,112,57.5,290,33.5,553,11.7,801+,31.3,573,36.1,533,32.2,801+
=553,555,University of Delaware,United States,Newark,North America,29.8,https://www.topuniversities.com/universities/university-delaware,https://www.topuniversities.com/sites/default/files/220714055424am282888Del-logo-90x90.jpg,64.1,255,12.5,701+,9.6,801+,9.4,701+,28.7,581,22.5,695,68.5,559,48.2,447,28.6,632,72.9,=275
555,556,Lahore University of Management Sciences (LUMS),Pakistan,Lahore,Asia,29.7,https://www.topuniversities.com/universities/lahore-university-management-sciences-lums,https://www.topuniversities.com/sites/default/files/lahore-university-of-management-sciences-lums_592560cf2aeae70239af531b_medium.jpg,16.5,775,21.4,578,28.8,660,77.3,114,48.4,358,3.1,801+,26.2,801+,10.8,801+,7.3,801+,45,801+
=556,557,Indian Institute of Technology Indore,India,Indore,Asia,29.6,https://www.topuniversities.com/universities/indian-institute-technology-indore,https://www.topuniversities.com/sites/default/files/indian-institute-of-technology-indore_592560cf2aeae70239af5ae1_medium.jpg,96.9,57,8,701+,28.8,658,16.9,701+,5.3,801+,1.3,801+,28.2,801+,1.8,801+,5.7,801+,34.7,801+
=556,558,University of Houston,United States,Houston,North America,29.6,https://www.topuniversities.com/universities/university-houston,https://www.topuniversities.com/sites/default/files/university-of-houston_270_medium.jpg,30.2,585,18.7,656,8.1,801+,24.9,541,67.3,230,43.9,459,74.1,465,48,448,32.8,579,57.1,558
=558,559,Al Ain University,United Arab Emirates,"Al Ain,",Asia,29.5,https://www.topuniversities.com/universities/al-ain-university,https://www.topuniversities.com/sites/default/files/al-ain-university_592560e39988f300e2321680_medium.jpg,17,764,25.6,494,20.8,801+,20.8,631,7.3,801+,100,20,37.1,801+,100,1,74.4,238,42.9,801+
558,560,Coventry University,United Kingdom,Coventry,Europe,29.5,https://www.topuniversities.com/universities/coventry-university,https://www.topuniversities.com/sites/default/files/coventry-university_592560cf2aeae70239af4b16_medium.jpg,14.8,801+,16,701+,21.8,798,18.5,697,18.4,752,99.5,57,84.3,271,85.1,258,99.5,46,71.2,=297
=558,561,Jawaharlal Nehru University,India,New Delhi,Asia,29.5,https://www.topuniversities.com/universities/jawaharlal-nehru-university,https://www.topuniversities.com/sites/default/files/jawaharlal-nehru-university_302_medium.jpg,37.6,497,39.8,303,16.7,801+,17.4,701+,20.6,716,1.7,801+,56.9,737,n/a,n/a,6,801+,59.3,=514
=558,562,Sogang University,South Korea,Seoul,Asia,29.5,https://www.topuniversities.com/universities/sogang-university,https://www.topuniversities.com/sites/default/files/sogang-university_565_medium.jpg,8.9,801+,27.3,459,61.3,290,51.9,235,23.4,665,35.3,537,16.2,801+,9.5,801+,39.2,505,49.8,=706
=558,563,University of Kwazulu-Natal,South Africa,Pinetown,Africa,29.5,https://www.topuniversities.com/universities/university-kwazulu-natal,https://www.topuniversities.com/sites/default/files/university-of-kwazulu-natal_433_medium.jpg,44.5,420,17.9,682,6.9,801+,14.4,701+,79.4,163,2.1,801+,95.9,62,29.1,591,6.7,801+,63,=441
=563,564,Ajou University,South Korea,Suwon,Asia,29.4,https://www.topuniversities.com/universities/ajou-university,https://www.topuniversities.com/sites/default/files/ajou-university_1034_medium.jpg,34.3,530,19.8,623,70.2,230,22.1,600,5.3,801+,58,355,18.1,801+,13.3,801+,58.4,350,53.3,=636
=563,565,American University of the Middle East,Kuwait,Egaila,Asia,29.4,https://www.topuniversities.com/universities/american-university-middle-east,https://www.topuniversities.com/sites/default/files/american-university-of-the-middle-east_592560e39988f300e232137c_medium.jpg,8.9,801+,25.9,487,28.9,652,34.7,416,6.1,801+,36.9,528,67.2,586,100,7,38.6,512,47.2,=783
=563,566,University of Debrecen,Hungary,Debrecen,Europe,29.4,https://www.topuniversities.com/universities/university-debrecen,https://www.topuniversities.com/sites/default/files/university-of-debrecen_592560cf2aeae70239af4fec_medium.jpg,7.4,801+,27.3,458,45.9,426,21.5,613,25.9,625,76.5,248,74.9,444,14.4,801+,78.7,220,70.4,=311
=566,567,Bangor University,United Kingdom,Bangor,Europe,29.3,https://www.topuniversities.com/universities/bangor-university,https://www.topuniversities.com/sites/default/files/230815120010pm252072BU-logot-90x90.jpg,44.4,422,12.8,701+,18.9,801+,10.5,701+,16.9,787,77.4,239,74.7,447,38.1,515,79.5,210,78,=195
=566,568,Indian Institute of Technology BHU Varanasi (IIT BHU Varanasi),India,Varanasi,Asia,29.3,https://www.topuniversities.com/universities/indian-institute-technology-bhu-varanasi-iit-bhu-varanasi,https://www.topuniversities.com/sites/default/files/iit-bhu-varanasi_592560e59988f300e2321c55_medium.jpg,98,47,9.3,701+,5.2,801+,19.4,670,10.3,801+,1.2,801+,30.5,801+,2.5,801+,5.6,801+,48.3,=749
=566,569,Renmin (People's) University of China,China (Mainland),Beijing,Asia,29.3,https://www.topuniversities.com/universities/renmin-peoples-university-china,https://www.topuniversities.com/sites/default/files/renmin-peoples-university-of-china_884_medium.jpg,16.6,771,29.7,416,21.3,801+,50,255,83.6,142,9.1,801+,26,801+,8.9,801+,7,801+,44.5,801+
=566,570,Savitribai Phule Pune University,India,Pune,Asia,29.3,https://www.topuniversities.com/universities/savitribai-phule-pune-university,https://www.topuniversities.com/sites/default/files/university-of-pune_592560cf2aeae70239af4c80_medium.jpg,63.8,257,11.1,701+,47.1,420,20.3,647,30.4,547,3.3,801+,54.7,773,n/a,n/a,7.5,801+,43,801+
=566,571,University of Minho,Portugal,Braga,Europe,29.3,https://www.topuniversities.com/universities/university-minho,https://www.topuniversities.com/sites/default/files/university-of-minho_1476_medium.jpg,38.6,485,22.2,564,28.3,676,17.1,701+,15.7,801+,26,645,83.6,284,21.3,694,32,589,67.7,=353
=571,572,Colorado School of Mines,United States,Golden,North America,29.2,https://www.topuniversities.com/universities/colorado-school-mines,https://www.topuniversities.com/sites/default/files/colorado-school-of-mines_592560de9988f300e2320883_medium.jpg,69.9,216,11.3,701+,18.8,801+,22.5,588,29.4,558,11.2,801+,30.9,801+,28.7,599,17.1,801+,54.7,=608
=571,573,Hacettepe University ,Türkiye,Ankara,Asia,29.2,https://www.topuniversities.com/universities/hacettepe-university,https://www.topuniversities.com/sites/default/files/hacettepe-university-_592560cf2aeae70239af4d8c_medium.jpg,11.8,801+,33,371,18.5,801+,50.5,251,30.8,536,6.1,801+,73.5,483,3.9,801+,10.9,801+,58.3,=539
=571,574,Isfahan University of Technology,Iran,Isfahan,Asia,29.2,https://www.topuniversities.com/universities/isfahan-university-technology,https://www.topuniversities.com/sites/default/files/isfahan-university-of-technology_592560cf2aeae70239af4e5a_medium.jpg,97.7,50,7.8,701+,6.4,801+,22.6,586,9.6,801+,3.9,801+,45.7,801+,2.2,801+,7.7,801+,28,801+
=571,575,Pontifícia Universidade Católica do Rio de Janeiro,Brazil,Rio de Janeiro,Latin America,29.2,https://www.topuniversities.com/universities/pontificia-universidade-catolica-do-rio-de-janeiro,https://www.topuniversities.com/sites/default/files/pontifcia-universidade-catlica-do-rio-de-janeiro_526_medium.jpg,14.6,801+,42.5,279,17.2,801+,23.5,570,73.4,192,2.6,801+,46.1,801+,16.1,776,7.1,801+,51.3,=677
=575,576,Brno University of Technology,Czechia,Brno,Europe,29.1,https://www.topuniversities.com/universities/brno-university-technology,https://www.topuniversities.com/sites/default/files/brno-university-of-technology_592560cf2aeae70239af4aca_medium.jpg,13.7,801+,17.7,691,37,544,36.4,393,15.7,801+,77.3,241,80.7,339,26.7,631,79.2,215,61.3,=471
=575,577,Chandigarh University,India,Mohali,Asia,29.1,https://www.topuniversities.com/universities/chandigarh-university,https://www.topuniversities.com/sites/default/files/chandigarh-university_600ebd4710ca6037cb12c714_medium.jpg,2.8,801+,22.4,561,34.2,573,70,147,1.7,801+,25.1,662,66.3,603,44.5,469,29.4,621,44,801+
=575,578,Universität Jena,Germany,Jena,Europe,29.1,https://www.topuniversities.com/universities/universitat-jena,https://www.topuniversities.com/sites/default/files/universitt-jena_592560cf2aeae70239af4bb5_medium.jpg,12.7,801+,23.4,540,100,21,10.4,701+,4.9,801+,34.1,548,91.1,154,n/a,n/a,25.5,679,53.2,=641
=578,579,Universidad Adolfo Ibáñez,Chile,Santiago,Latin America,29,https://www.topuniversities.com/universities/universidad-adolfo-ibanez,https://www.topuniversities.com/sites/default/files/universidad-adolfo-ibez-_11_medium.jpg,9.1,801+,28.7,433,7.6,801+,63.3,170,60.7,267,8,801+,34.4,801+,46.4,460,11.7,801+,40,801+
=578,580,Universiti Teknologi Brunei,Brunei,Bandar Seri Begawan,Asia,29,https://www.topuniversities.com/universities/universiti-teknologi-brunei,https://www.topuniversities.com/sites/default/files/universiti-teknologi-brunei_592560e49988f300e23219b2_medium.jpg,22.7,673,20.2,609,86.5,123,13.1,701+,16.6,794,7.7,801+,20.7,801+,100,62,11.5,801+,34.7,801+
=578,581,University of Tabriz,Iran,Tabriz,Asia,29,https://www.topuniversities.com/universities/university-tabriz,https://www.topuniversities.com/sites/default/files/university-of-tabriz_592560cf2aeae70239af4e62_medium.jpg,91.7,94,9.7,701+,2.9,801+,11.2,701+,5.1,801+,25.4,655,76.9,408,1.7,801+,24.4,697,29.6,801+
581,582,Comillas Pontifical University,Spain,Madrid,Europe,28.9,https://www.topuniversities.com/universities/comillas-pontifical-university,https://www.topuniversities.com/sites/default/files/241009094956am596302COMILLAS-300x300-90x90.jpg,4.1,801+,12.3,701+,48.4,400,76.7,117,87.1,125,11.2,801+,10.4,801+,25.4,644,16.6,801+,49.2,=729
=582,583,Florida International University,United States,Miami,North America,28.8,https://www.topuniversities.com/universities/florida-international-university,https://www.topuniversities.com/sites/default/files/florida-international-university_592560cf2aeae70239af4b55_medium.jpg,17.5,759,22.7,551,18.3,801+,38.3,363,28,595,22.6,692,84.7,260,27.7,617,28.7,630,79,187
=582,584,University of Iceland,Iceland,Reykjavík,Europe,28.8,https://www.topuniversities.com/universities/university-iceland,https://www.topuniversities.com/sites/default/files/220317031202pm503917iceland-90x90.jpg,18,751,9.6,701+,99.6,35,2,701+,89.3,110,18.1,761,75.5,432,32.4,557,24.2,700,49.4,=719
=584,585,Charles Darwin University,Australia,Casuarina,Oceania,28.7,https://www.topuniversities.com/universities/charles-darwin-university,https://www.topuniversities.com/sites/default/files/charles-darwin-university-_592560cf2aeae70239af4dcb_medium.jpg,65.1,247,7.8,701+,6.4,801+,7.3,701+,4.8,801+,88.9,178,49.7,801+,41.8,483,88.5,154,70.7,=305
=584,586,Eötvös Loránd University,Hungary,Budapest,Europe,28.7,https://www.topuniversities.com/universities/eotvos-lorand-university,https://www.topuniversities.com/sites/default/files/etvs-lornd-university_366_medium.jpg,9.3,801+,31.6,390,16.6,801+,29.7,479,69.2,220,26.1,644,79.8,354,5.7,801+,32.2,588,68.1,=349
=584,587,University of Dhaka,Bangladesh,Dhaka,Asia,28.7,https://www.topuniversities.com/universities/university-dhaka,https://www.topuniversities.com/sites/default/files/university-of-dhaka_158_medium.jpg,6.9,801+,30.5,401,10.5,801+,51.3,242,97,59,1.4,801+,57.8,720,2.2,801+,1.3,801+,54.2,=619
=587,588,American University,United States,Washington D.C.,North America,28.6,https://www.topuniversities.com/universities/american-university,https://www.topuniversities.com/sites/default/files/american-university_17_medium.jpg,7.6,801+,19.8,624,45.1,433,50.2,253,51.6,328,27,630,34.6,801+,16.7,770,33.1,574,74.6,=247
=587,589,National Central University,Taiwan,Taoyuan,Asia,28.6,https://www.topuniversities.com/universities/national-central-university,https://www.topuniversities.com/sites/default/files/national-central-university_434_medium.jpg,25.6,628,28.9,428,26.4,706,38.7,360,18.7,747,18.4,755,33.9,801+,18.5,735,20.4,755,60.6,496
=587,590,Université Claude Bernard Lyon 1,France,Villeurbanne,Europe,28.6,https://www.topuniversities.com/universities/universite-claude-bernard-lyon-1,https://www.topuniversities.com/sites/default/files/universit-claude-bernard-lyon-1_373_medium.jpg,53,356,26.1,486,9.6,801+,5.9,701+,16,801+,20.5,723,91.7,149,10.1,801+,15.5,801+,51,=680
=587,591,Université Paul Sabatier Toulouse III,France,Toulouse,Europe,28.6,https://www.topuniversities.com/universities/universite-paul-sabatier-toulouse-iii,https://www.topuniversities.com/sites/default/files/universit-paul-sabatier-toulouse-iii_622_medium.jpg,36.4,514,24.6,519,45.5,432,4.4,701+,9.3,801+,33.2,557,98.1,21,6.9,801+,24.8,687,50.4,=696
=591,592,American University of Ras Al Khaimah,United Arab Emirates,Ras Al Khaima,Asia,28.5,https://www.topuniversities.com/universities/american-university-ras-al-khaimah,https://www.topuniversities.com/sites/default/files/230404082544am873324AURAK-Logo-200x200-90x90.jpg,48.6,383,8.4,701+,37.6,536,9.5,701+,4.4,801+,100,15,15.3,801+,100,9,97.4,88,25.3,801+
=591,593,Bond University,Australia,Gold Coast,Oceania,28.5,https://www.topuniversities.com/universities/bond-university,https://www.topuniversities.com/sites/default/files/bond-university_715_medium.jpg,53.8,346,5.9,701+,52.1,362,8.3,701+,11.6,801+,90.4,164,24.6,801+,63.5,366,91.2,139,23.5,801+
=591,594,Illinois Institute of Technology,United States,Chicago,North America,28.5,https://www.topuniversities.com/universities/illinois-institute-technology,https://www.topuniversities.com/sites/default/files/230109044608pm870090ILTECH-red-stacked-logo-90x90.jpg,47.5,396,16.9,701+,15.8,801+,23.3,575,22.5,683,99.7,48,27.3,801+,18.7,734,99.7,38,32.5,801+
=591,595,National Research Nuclear University MEPhI (Moscow Engineering Physics Institute),Russia,Moscow,Europe,28.5,https://www.topuniversities.com/universities/national-research-nuclear-university-mephi-moscow-engineering-physics-institute,https://www.topuniversities.com/sites/default/files/national-research-nuclear-university-mephi-moscow-engineering-physics-institute_15207_medium.png,11.2,801+,10.3,701+,99.3,40,20.9,627,17.6,769,93.3,142,30.2,801+,60.6,387,93.8,118,23,801+
=595,596,Federal University of Minas Gerais (UFMG),Brazil,Belo Horizonte,Latin America,28.4,https://www.topuniversities.com/universities/federal-university-minas-gerais-ufmg,https://www.topuniversities.com/sites/default/files/universidade-federal-de-minas-gerais_1727_medium.jpg,11.8,801+,45.4,257,21.1,801+,16.9,701+,50.9,335,2.5,801+,67.6,574,9,801+,7,801+,48.2,=751
=595,597,Zayed University,United Arab Emirates,"Abu Dhabi,",Asia,28.4,https://www.topuniversities.com/universities/zayed-university,https://www.topuniversities.com/sites/default/files/zayed-university_592560cf2aeae70239af4f36_medium.jpg,21.8,688,19.8,625,34.7,567,31.7,452,29.3,561,2.8,801+,48.5,801+,100,17,7.1,801+,41.1,801+
=597,598,Asia Pacific University of Technology and Innovation (APU) Malaysia,Malaysia,Kuala Lumpur,Asia,28.3,https://www.topuniversities.com/universities/asia-pacific-university-technology-innovation-apu-malaysia,https://www.topuniversities.com/sites/default/files/asia-pacific-university-of-technology-and-innovation-apu_592560e79988f300e2322131_medium.jpg,2.9,801+,17.3,701+,74.2,204,23.7,565,5.3,801+,100,16,14.1,801+,95.6,169,100,10,39,801+
=597,599,Hasselt University,Belgium,Diepenbeek,Europe,28.3,https://www.topuniversities.com/universities/hasselt-university,https://www.topuniversities.com/sites/default/files/hasselt-university_1255_medium.jpg,22.8,671,8.8,701+,85.7,128,5.2,701+,6.6,801+,41.1,483,69.8,533,78.5,306,46.4,448,62.7,=444
=597,600,Management and Science University,Malaysia,Shah Alam,Asia,28.3,https://www.topuniversities.com/universities/management-science-university,https://www.topuniversities.com/sites/default/files/management-and-science-university_22618_medium.jpg,3.2,801+,25.1,509,55.3,340,20.9,629,5.3,801+,100,23,10.8,801+,99.6,107,99.7,40,36.8,801+
=597,601,Taipei Medical University (TMU),Taiwan,Taipei,Asia,28.3,https://www.topuniversities.com/universities/taipei-medical-university-tmu,https://www.topuniversities.com/sites/default/files/taipei-medical-university_2134_medium.jpg,32.3,558,16.9,701+,94.2,83,14.7,701+,11.9,801+,22,699,24.7,801+,20,713,16.6,801+,48.1,=757
=597,602,Tulane University,United States,New Orleans,North America,28.3,https://www.topuniversities.com/universities/tulane-university,https://www.topuniversities.com/sites/default/files/tulane-university_631_medium.jpg,17.5,760,14.5,701+,87.2,117,13.8,701+,46.2,375,18.5,752,79.2,363,20.3,708,24.6,692,51.8,=665
=597,603,University of Szeged,Hungary,Szeged,Europe,28.3,https://www.topuniversities.com/universities/university-szeged,https://www.topuniversities.com/sites/default/files/university-of-szeged_592560cf2aeae70239af4cd1_medium.jpg,8.9,801+,26.2,484,41.9,482,22.7,583,29,574,56.4,368,75.3,438,15.4,801+,60.6,336,69.4,=323
=597,604,University of Texas at Dallas,United States,Richardson,North America,28.3,https://www.topuniversities.com/universities/university-texas-dallas,https://www.topuniversities.com/sites/default/files/university-of-texas-dallas_592560cf2aeae70239af5355_medium.jpg,43,438,19.3,641,5.5,801+,33.7,426,9.1,801+,61.1,335,55.3,765,14.4,801+,64.9,305,48.9,733
=604,605,Canadian University Dubai,United Arab Emirates,Dubai,Asia,28.2,https://www.topuniversities.com/universities/canadian-university-dubai,https://www.topuniversities.com/sites/default/files/canadian-university-dubai_592560e09988f300e2320c17_medium.jpg,7,801+,22.7,553,40.3,499,29.7,478,18.1,758,100,7,18.8,801+,100,4,74.4,237,17.6,801+
=604,606,National Chengchi University,Taiwan,Taipei City,Asia,28.2,https://www.topuniversities.com/universities/national-chengchi-university,https://www.topuniversities.com/sites/default/files/national-chengchi-university_436_medium.jpg,3.4,801+,28.3,444,21.2,801+,46.9,279,93.3,84,36.2,532,12.8,801+,38,516,41.1,497,41.4,801+
=604,607,University of Eastern Finland,Finland,Kuopio,Europe,28.2,https://www.topuniversities.com/universities/university-eastern-finland,https://www.topuniversities.com/sites/default/files/university-of-eastern-finland_592560cf2aeae70239af4bcb_medium.jpg,35.3,520,18.9,649,45,435,10.3,701+,5.6,801+,12,801+,84,275,39.2,507,17.9,797,71.2,=297
=607,608,"The University of Tennessee, Knoxville",United States,Knoxville,North America,28,https://www.topuniversities.com/universities/university-tennessee-knoxville,https://www.topuniversities.com/sites/default/files/the-university-of-tennessee-knoxville_603_medium.jpg,69.3,220,14.3,701+,12.9,801+,11.7,701+,25.2,636,4.6,801+,68.6,557,6.9,801+,9.8,801+,54.8,=606
=607,609,University of Siena,Italy,Siena,Europe,28,https://www.topuniversities.com/universities/university-siena,https://www.topuniversities.com/sites/default/files/250602032307pm343908UNISI-vert-col%2B-RGB-QS-90x90.jpg,60.2,288,21.4,580,15.3,801+,7.8,701+,12.3,801+,19.7,734,61.2,675,4.6,801+,25.8,673,63.4,=433
=609,610,Nottingham Trent University,United Kingdom,Nottingham,Europe,27.9,https://www.topuniversities.com/universities/nottingham-trent-university,https://www.topuniversities.com/sites/default/files/nottingham-trent-university_592560cf2aeae70239af50e6_medium.jpg,10.7,801+,16.4,701+,15.5,801+,22.9,580,20.4,717,90.4,165,84.8,258,67.1,349,91.2,140,77.5,=206
=609,611,Peter the Great St. Petersburg Polytechnic University,Russia,St. Petersburg,Europe,27.9,https://www.topuniversities.com/universities/peter-great-st-petersburg-polytechnic-university,https://www.topuniversities.com/sites/default/files/peter-the-great-st.-petersburg-polytechnic-university_592560cf2aeae70239af52ed_medium.jpg,4.9,801+,18,679,79.8,169,17.8,701+,11.1,801+,89.8,167,70.4,522,18.9,730,90.7,142,51.6,=669
=609,612,Ulster University,United Kingdom,Belfast,Europe,27.9,https://www.topuniversities.com/universities/ulster-university,https://www.topuniversities.com/sites/default/files/ulster-university_1641_medium.jpg,19,731,12.6,701+,11.4,801+,19.8,664,10.1,801+,90.1,166,71.5,508,100,94,90.9,141,75.6,227
=609,613,Universiti Malaysia Pahang Al-Sultan Abdullah (UMPSA),Malaysia,Kuantan,Asia,27.9,https://www.topuniversities.com/universities/universiti-malaysia-pahang-al-sultan-abdullah-umpsa,https://www.topuniversities.com/sites/default/files/231025091749am823761UMPSA-logo-90x90.jpg,57.9,300,17.2,701+,23.6,760,9.9,701+,5.2,801+,19,746,61.6,668,32.1,561,21.1,747,51.4,=675
=613,614,Applied Science University - Bahrain,Bahrain,Al-Ekir,Asia,27.8,https://www.topuniversities.com/universities/applied-science-university-bahrain,https://www.topuniversities.com/sites/default/files/applied-science-university-of-bahrain_592560e29988f300e23211d4_medium.jpg,4.5,801+,26.6,473,51.6,367,29.4,485,11.9,801+,62.3,324,12.3,801+,100,14,46.5,447,23.9,801+
=613,615,City University of New York,United States,New York City,North America,27.8,https://www.topuniversities.com/universities/city-university-new-york,https://www.topuniversities.com/sites/default/files/city-university-of-new-york_149_medium.jpg,6.4,801+,25.3,505,14.3,801+,59.4,195,31.3,532,8.3,801+,92.9,128,8.4,801+,6.4,801+,55.4,=593
=613,616,International Islamic University Malaysia (IIUM),Malaysia,Kuala Lumpur,Asia,27.8,https://www.topuniversities.com/universities/international-islamic-university-malaysia-iium,https://www.topuniversities.com/sites/default/files/international-islamic-university-malaysia-iium_717_medium.jpg,6.2,801+,36,337,17.9,801+,27.3,503,32.3,523,69,282,58.6,712,29.1,592,51.4,401,32,801+
=613,617,Universidad de Concepción,Chile,Concepción,Latin America,27.8,https://www.topuniversities.com/universities/universidad-de-concepcion,https://www.topuniversities.com/sites/default/files/universidad-de-concepcin_1700_medium.jpg,12.3,801+,36.8,325,20.2,801+,34,422,16.9,786,2.6,801+,64.1,634,14.5,801+,6.9,801+,69.5,=321
=613,618,University of Plymouth,United Kingdom,Plymouth,Europe,27.8,https://www.topuniversities.com/universities/university-plymouth,https://www.topuniversities.com/sites/default/files/university-of-plymouth_592560cf2aeae70239af4c79_medium.jpg,36.7,508,13.8,701+,15.4,801+,14.2,701+,13.8,801+,61.4,332,82.1,311,61.3,=382,65.1,303,58.6,=530
=618,619,Christian-Albrechts-University zu Kiel,Germany,Kiel,Europe,27.7,https://www.topuniversities.com/universities/christian-albrechts-university-zu-kiel,https://www.topuniversities.com/sites/default/files/christian-albrechts-university-zu-kiel_318_medium.jpg,20.9,700,24.4,522,56.7,325,14.6,701+,24.5,648,15.1,801+,92.4,139,n/a,n/a,11.5,801+,59.2,=516
=618,620,Dongguk University ,South Korea,Seoul,Asia,27.7,https://www.topuniversities.com/universities/dongguk-university,https://www.topuniversities.com/sites/default/files/dongguk-university_1048_medium.jpg,29.9,589,12.8,701+,76.3,189,18,701+,6.7,801+,52.3,395,36.2,801+,22.9,676,56.8,360,56.5,=571
=618,621,Saint Joseph University of Beirut (USJ),Lebanon,Beirut,Asia,27.7,https://www.topuniversities.com/universities/saint-joseph-university-beirut-usj,https://www.topuniversities.com/sites/default/files/250714075532am806062usj-round-90x90.jpg,4.2,801+,13.4,701+,62.3,285,38.2,366,40.8,431,40.7,485,30.2,801+,94.3,186,46.1,453,35,801+
=618,622,Zhengzhou University,China (Mainland),Zhengzhou,Asia,27.7,https://www.topuniversities.com/universities/zhengzhou-university,https://www.topuniversities.com/sites/default/files/zhengzhou-university_592560cf2aeae70239af4e00_medium.jpg,82.7,137,7.1,701+,7,801+,23.8,564,11.4,801+,4.1,801+,62.3,661,n/a,n/a,3.3,801+,42.3,801+
=622,623,Umm Al-Qura University,Saudi Arabia,Makkah,Asia,27.6,https://www.topuniversities.com/universities/umm-al-qura-university,https://www.topuniversities.com/sites/default/files/230327012758pm283863UMM-AL-QURA-logo-200x200-90x90.jpg,4.9,801+,23.6,537,61.3,291,15.4,701+,11.5,801+,26.1,643,71.3,510,100,95,19.6,770,36.8,801+
=622,624,University of New Brunswick,Canada,Fredericton,North America,27.6,https://www.topuniversities.com/universities/university-new-brunswick,https://www.topuniversities.com/sites/default/files/230131071527pm70078520770451-10159493364640393-6339597966658436698-n-90x90.jpg,41.1,458,7.1,701+,22.2,786,17.9,701+,24.7,646,65.1,308,51.1,801+,67.5,346,68.5,282,62.7,=444
=624,625,Diponegoro University,Indonesia,Semarang,Asia,27.5,https://www.topuniversities.com/universities/diponegoro-university,https://www.topuniversities.com/sites/default/files/diponegoro-university_592560cf2aeae70239af4b23_medium.jpg,2.3,801+,30,405,30.5,622,53.2,229,24.2,655,7.1,801+,35.5,801+,46.4,461,12,801+,51,=680
=624,626,Oregon State University,United States,Corvallis,North America,27.5,https://www.topuniversities.com/universities/oregon-state-university,https://www.topuniversities.com/sites/default/files/oregon-state-university_592560cf2aeae70239af4dc3_medium.jpg,44.4,423,19.7,626,20.4,801+,11.9,701+,28.8,579,11.9,801+,80.3,350,17.3,761,9.1,801+,64.1,=420
=624,627,University of the Basque Country,Spain,Leioa,Europe,27.5,https://www.topuniversities.com/universities/university-basque-country,https://www.topuniversities.com/sites/default/files/universidad-del-pais-vasco_592560cf2aeae70239af506c_medium.jpg,27.8,608,28.6,435,38.4,530,10.8,701+,31.2,533,6.3,801+,90.1,172,3,801+,4.9,801+,51.5,=673
=624,628,Yeshiva University,United States,New York City,North America,27.5,https://www.topuniversities.com/universities/yeshiva-university,https://www.topuniversities.com/sites/default/files/the-katz-school-at-yeshiva-university_685_medium.jpg,72.8,191,3.8,701+,62.7,282,4.6,701+,4.9,801+,27.7,618,15.3,801+,36.4,527,30,615,36.4,801+
=628,629,Abai Kazakh National Pedagogical University (Abai University),Kazakhstan,Almaty,Asia,27.4,https://www.topuniversities.com/universities/abai-kazakh-national-pedagogical-university-abai-university,https://www.topuniversities.com/sites/default/files/abai-kazakh-national-pedagogical-university_592560cf2aeae70239af55d7_medium.jpg,1.3,801+,31.7,387,71.2,217,34.9,409,16.6,792,13.5,801+,9,801+,55.4,409,15.7,801+,35.6,801+
=628,630,Istanbul University,Türkiye,Istanbul,Asia,27.4,https://www.topuniversities.com/universities/istanbul-university,https://www.topuniversities.com/sites/default/files/istanbul-university_592560cf2aeae70239af4bac_medium.jpg,5.1,801+,33.3,368,4.5,801+,43,313,78.8,166,20.6,720,70.5,518,7,801+,26.8,660,37.5,801+
=628,631,Missouri University of Science and Technology,United States,Rolla,North America,27.4,https://www.topuniversities.com/universities/missouri-university-science-technology,https://www.topuniversities.com/sites/default/files/missouri-university-of-science-and-technology_592560cf2aeae70239af51e4_medium.jpg,87.7,112,4.9,701+,8.6,801+,10.5,701+,8.8,801+,32.5,563,41.7,801+,26.9,627,35.3,547,34,801+
=628,632,National Chung Hsing University,Taiwan,Taichung City,Asia,27.4,https://www.topuniversities.com/universities/national-chung-hsing-university,https://www.topuniversities.com/sites/default/files/210804075257am94502001-90x90.jpg,22.5,677,28.6,436,29.4,642,30.9,463,42.2,416,14,801+,34.5,801+,12.3,801+,19,781,56.3,=573
=628,633,Universidade de Santiago de Compostela,Spain,Santiago de Compostela,Europe,27.4,https://www.topuniversities.com/universities/universidade-de-santiago-de-compostela,https://www.topuniversities.com/sites/default/files/universidade-de-santiago-de-compostela_547_medium.jpg,27.6,612,33.9,359,17.5,801+,16,701+,20,728,11.8,801+,77.3,399,3,801+,17.7,801+,62.4,=450
=628,634,University of Crete,Greece,Heraklion,Europe,27.4,https://www.topuniversities.com/universities/university-crete,https://www.topuniversities.com/sites/default/files/university-of-crete_147_medium.jpg,69.6,219,19.3,639,3.9,801+,17.8,701+,4.5,801+,7.2,801+,61.9,664,2.7,801+,12,801+,40.6,801+
=628,635,University of South Carolina,United States,Columbia,North America,27.4,https://www.topuniversities.com/universities/university-south-carolina,https://www.topuniversities.com/sites/default/files/university-of-south-carolina_539_medium.jpg,37.1,502,17.7,693,13.5,801+,21.9,605,28,593,5.9,801+,68,568,54.6,414,10,801+,68.9,=331
=635,636,Tallinn University of Technology (TalTech),Estonia,Tallinn,Europe,27.2,https://www.topuniversities.com/universities/tallinn-university-technology-taltech,https://www.topuniversities.com/sites/default/files/tallinn-university-of-technology-taltech_592560cf2aeae70239af4cd3_medium.jpg,23.5,665,16.2,701+,33.5,581,18.6,694,50.5,341,26.8,635,81.2,326,53.2,425,32.8,578,43,801+
=635,637,University of Portsmouth,United Kingdom,Portsmouth,Europe,27.2,https://www.topuniversities.com/universities/university-portsmouth,https://www.topuniversities.com/sites/default/files/220208040544pm645473UoP-logo-200x200px-90x90.jpg,27.8,607,10.9,701+,12,801+,13.1,701+,13.5,801+,90.7,160,81.5,322,80.1,297,91.4,135,62.6,448
=635,638,Saarland University,Germany,Saarbrücken,Europe,27.2,https://www.topuniversities.com/universities/saarland-university,https://www.topuniversities.com/sites/default/files/universitt-des-saarlandes_541_medium.jpg,12.1,801+,14,701+,96.3,65,10.1,701+,41.8,419,62.3,325,70.4,520,6.3,801+,46.4,449,31.9,801+
=638,639,Lincoln University College,Malaysia,Kuala Lumpur,Asia,27.1,https://www.topuniversities.com/universities/lincoln-university-college,https://www.topuniversities.com/sites/default/files/lincoln-university-college_5d10a20e5c52f348b43fbc8a_medium.jpg,1.8,801+,11.1,701+,95.6,69,26,521,5.3,801+,100,26,5.2,801+,100,75,99.2,55,12.5,801+
=638,640,Southern Cross University,Australia,Lismore,Oceania,27.1,https://www.topuniversities.com/universities/southern-cross-university,https://www.topuniversities.com/sites/default/files/southern-cross-university-_592560cf2aeae70239af4dcf_medium.jpg,55.5,322,6,701+,3.9,801+,4.3,701+,6.2,801+,62.6,322,61.1,677,92.7,203,66.2,296,65.9,=385
=638,641,Universidad de Zaragoza,Spain,Zaragoza,Europe,27.1,https://www.topuniversities.com/universities/universidad-de-zaragoza,https://www.topuniversities.com/sites/default/files/universidad-de-zaragoza_691_medium.jpg,15.6,792,29.7,413,54.6,346,9.9,701+,14.8,801+,10.2,801+,89.2,185,2.3,801+,16,801+,69.7,319
=638,642,"University of Chemistry and Technology, Prague",Czechia,Prague,Europe,27.1,https://www.topuniversities.com/universities/university-chemistry-technology-prague,https://www.topuniversities.com/sites/default/files/university-of-chemistry-and-technology-prague_592560cf2aeae70239af4f53_medium.jpg,19.2,727,8.2,701+,99.5,38,12.2,701+,9.4,801+,85.4,194,32,801+,33.7,547,86.7,164,43.4,801+
642,643,Université de Fribourg,Switzerland,Fribourg,Europe,27,https://www.topuniversities.com/universities/universite-de-fribourg,https://www.topuniversities.com/sites/default/files/universit-de-fribourg_1603_medium.jpg,27.3,615,13.6,701+,14.1,801+,5.5,701+,49.6,349,52.5,392,60.4,687,99.9,98,51.2,405,66.8,367
=643,644,Abo Akademi University,Finland,Turku,Europe,26.9,https://www.topuniversities.com/universities/abo-akademi-university,https://www.topuniversities.com/sites/default/files/abo-akademi-university_592560cf2aeae70239af4f7a_medium.jpg,53.9,341,9.5,701+,22.1,789,7.9,701+,13.5,801+,43.6,462,59.8,696,60.7,386,32.6,582,45.2,801+
=643,645,Free University of Bozen-Bolzano,Italy,Bolzano,Europe,26.9,https://www.topuniversities.com/universities/free-university-bozen-bolzano,https://www.topuniversities.com/sites/default/files/free-university-of-bozen-bolzano_592560cf2aeae70239af5007_medium.jpg,62.4,267,7.8,701+,20.6,801+,3.1,701+,4,801+,56.3,370,51.9,801+,66.1,355,60.5,338,37.4,801+
=643,646,Inha University,South Korea,Incheon,Asia,26.9,https://www.topuniversities.com/universities/inha-university,https://www.topuniversities.com/sites/default/files/inha-university_592560cf2aeae70239af4d3a_medium.jpg,23.8,661,17.5,699,74.7,198,19.9,659,17.1,779,25.7,650,28.1,801+,17.7,752,29.4,622,64.7,=405
=643,647,Manchester Metropolitan University.,United Kingdom,Manchester,Europe,26.9,https://www.topuniversities.com/universities/manchester-metropolitan-university,https://www.topuniversities.com/sites/default/files/251203115155am858066Manchester-Met-RGB-Black-Centred-200x200-90x90.jpg,16.8,766,18.8,654,11.4,801+,16.4,701+,19.2,741,61.4,331,89,189,63.1,369,65.2,302,78,=195
=643,648,University of Manitoba,Canada,Winnipeg,North America,26.9,https://www.topuniversities.com/universities/university-manitoba,https://www.topuniversities.com/sites/default/files/university-of-manitoba_592560cf2aeae70239af4c0a_medium.jpg,22.6,675,19.2,643,31.8,604,20,657,39.5,442,68.4,287,70,532,n/a,n/a,71.5,257,55.7,=582
=648,649,King Faisal University,Saudi Arabia,Hofuf,Asia,26.8,https://www.topuniversities.com/universities/king-faisal-university,https://www.topuniversities.com/sites/default/files/king-faisal-university_592560cf2aeae70239af4f18_medium.jpg,6.3,801+,25.3,506,24.5,743,29.8,476,14.9,801+,11,801+,66,609,99.4,121,14.9,801+,54.3,=617
=648,650,University of Tromsø The Arctic University of Norway,Norway,Tromsø,Europe,26.8,https://www.topuniversities.com/universities/university-tromso-arctic-university-norway,https://www.topuniversities.com/sites/default/files/university-of-troms-the-arctic-university-of-norway_625_medium.jpg,12,801+,15.5,701+,82.5,154,7.9,701+,9.3,801+,12.9,801+,80.8,334,75.9,313,9.8,801+,51.4,=675
=650,651,MGIMO University,Russia,Moscow,Europe,26.7,https://www.topuniversities.com/universities/mgimo-university,https://www.topuniversities.com/sites/default/files/moscow-state-institute-of-international-relations-mgimo-university_2156_medium.jpg,1.7,801+,10.7,701+,100,18,38.7,359,69.8,212,57.2,361,6.7,801+,15.4,799,61.3,329,21.7,801+
=650,652,Paris Lodron University of Salzburg,Austria,Salzburg ,Europe,26.7,https://www.topuniversities.com/universities/paris-lodron-university-salzburg,https://www.topuniversities.com/sites/default/files/PLUS-Logo-3-90x90.jpg,11.6,801+,13.3,701+,38.7,524,4.8,701+,23.7,661,98.1,86,59.1,705,98.4,137,98.2,74,62.2,=454
=650,653,Universidad de la República (Udelar),Uruguay,Montevideo,Latin America,26.7,https://www.topuniversities.com/universities/universidad-de-la-republica-udelar,https://www.topuniversities.com/sites/default/files/universidad-de-la-repblica-udelar_592560cf2aeae70239af515e_medium.jpg,2.3,801+,40,302,18.2,801+,20.4,645,90.6,99,4.1,801+,63.2,649,10.7,801+,3.3,801+,43.3,801+
=650,654,University of Brescia,Italy,Brescia,Europe,26.7,https://www.topuniversities.com/universities/university-brescia,https://www.topuniversities.com/sites/default/files/university-of-brescia_592560cf2aeae70239af5666_medium.jpg,85,124,7.3,701+,8.7,801+,4.1,701+,11.6,801+,8.5,801+,58.8,710,2,801+,14.2,801+,63.9,=425
=654,655,China University of Mining and Technology,China (Mainland),Xuzhou,Asia,26.6,https://www.topuniversities.com/universities/china-university-mining-technology,https://www.topuniversities.com/sites/default/files/china-university-of-mining-and-technology_2003_medium.jpg,87.2,114,4.3,701+,25.5,727,6.4,701+,16.3,801+,n/a,n/a,55.5,761,n/a,n/a,n/a,n/a,39.2,801+
=654,656,De La Salle University,Philippines,Manila,Asia,26.6,https://www.topuniversities.com/universities/de-la-salle-university,https://www.topuniversities.com/sites/default/files/de-la-salle-university_153_medium.jpg,6.8,801+,32.7,374,9.6,801+,58.6,197,60.7,266,3.5,801+,27.3,801+,2.8,801+,7.8,801+,44.1,801+
=654,657,Konkuk University ,South Korea,Seoul,Asia,26.6,https://www.topuniversities.com/universities/konkuk-university,https://www.topuniversities.com/sites/default/files/konkuk-university-_592560cf2aeae70239af4eb1_medium.jpg,34.1,537,11.6,701+,61.3,292,12.8,701+,14.7,801+,43.9,458,52.5,799,16.2,774,49.1,424,61.8,=460
=654,658,"University of Agriculture, Faisalabad ",Pakistan,Faisalabad,Asia,26.6,https://www.topuniversities.com/universities/university-agriculture-faisalabad,https://www.topuniversities.com/sites/default/files/university-of-agriculture-faisalabad_776_medium.jpg,83.4,133,7.3,701+,2.2,801+,14.6,701+,3.1,801+,1.2,801+,75.3,436,2.6,801+,5.6,801+,48.4,=746
=654,659,University of South Florida,United States,Tampa,North America,26.6,https://www.topuniversities.com/universities/university-south-florida,https://www.topuniversities.com/sites/default/files/Webp.net-resizeimage-90-90x90.jpg,36.7,507,17.4,701+,13.8,801+,20.4,646,13.5,801+,41.4,480,81.9,314,14.3,801+,46.7,444,66.4,=371
=654,660,Université de Lille,France,Lille,Europe,26.6,https://www.topuniversities.com/universities/universite-de-lille,https://www.topuniversities.com/sites/default/files/260205065623pm763363logo-universite-de-lille-200x200-90x90.jpg,27,616,33.9,358,6.1,801+,10.6,701+,6.9,801+,25.4,657,94.2,95,21,698,19.1,778,54.3,=617
=660,661,Bar-Ilan University,Israel,Ramat Gan,Asia,26.5,https://www.topuniversities.com/universities/bar-ilan-university,https://www.topuniversities.com/sites/default/files/230731084451am210860BIULogo200pixelsgreen-90x90.jpg,59.4,293,11,701+,10.4,801+,14.3,701+,33.1,511,4.9,801+,53.2,792,54.4,416,3.9,801+,41.7,801+
=660,662,Ca' Foscari University of Venice,Italy,Venice,Europe,26.5,https://www.topuniversities.com/universities/ca-foscari-university-venice,https://www.topuniversities.com/sites/default/files/250311030733pm324084Logo-Square-JPEG-ZOOM-WAITING-ROOM-90x90.jpg,20.7,703,27.1,462,10.1,801+,21.7,609,20,729,18.6,749,68.2,564,44,471,24.7,688,74,=259
=660,663,"Kingston University, London",United Kingdom,Kingston upon Thames,Europe,26.5,https://www.topuniversities.com/universities/kingston-university-london,https://www.topuniversities.com/sites/default/files/kingston-university-london_592560cf2aeae70239af4bc2_medium.jpg,12.7,801+,20.7,598,7.2,801+,24.6,547,16.4,801+,95.8,115,52,801+,77.3,309,96.1,98,49.5,=715
=660,664,Memorial University of Newfoundland,Canada,St. John's,North America,26.5,https://www.topuniversities.com/universities/memorial-university-newfoundland,https://www.topuniversities.com/sites/default/files/memorial-university-of-newfoundland_1760_medium.jpg,43.7,431,10.7,701+,15.7,801+,10.5,701+,17.4,773,78.5,230,73.6,479,30.7,581,80.6,200,53.3,=636
=664,665,COMSATS University Islamabad,Pakistan,Islamabad,Asia,26.4,https://www.topuniversities.com/universities/comsats-university-islamabad,https://www.topuniversities.com/sites/default/files/comsats-university-islamabad_592560cf2aeae70239af52bb_medium.jpg,36.8,506,17,701+,17,801+,35.8,403,8.3,801+,1.6,801+,87.3,212,1.4,801+,6,801+,62.7,=444
=664,666,Indian Institute of Technology Hyderabad (IITH),India,Sangareddy,Asia,26.4,https://www.topuniversities.com/universities/indian-institute-technology-hyderabad-iith,https://www.topuniversities.com/sites/default/files/250412040209pm593893trili-90x90.jpg,84,130,10.3,701+,20.2,801+,15,701+,6.5,801+,1.9,801+,18,801+,1.3,801+,6.2,801+,42.3,801+
=664,667,University of Mumbai,India,Mumbai,Asia,26.4,https://www.topuniversities.com/universities/university-mumbai,https://www.topuniversities.com/sites/default/files/university-of-mumbai_592560cf2aeae70239af4c26_medium.jpg,53.7,348,11.3,701+,4.7,801+,31.5,454,91,95,4.3,801+,27.6,801+,3,801+,8.5,801+,41.3,801+
=664,668,University of Oklahoma,United States,Norman,North America,26.4,https://www.topuniversities.com/universities/university-oklahoma,https://www.topuniversities.com/sites/default/files/university-of-oklahoma_467_medium.jpg,41.5,455,14.3,701+,19.8,801+,18.6,695,35.2,488,9.8,801+,72.3,494,27.8,611,7.5,801+,60.5,=497
=668,669,"Birla Institute of Technology and Science, Pilani",India,Pilani,Asia,26.3,https://www.topuniversities.com/universities/birla-institute-technology-science-pilani,https://www.topuniversities.com/sites/default/files/birla-institute-of-technology-and-science-pilani_592560cf2aeae70239af4e0e_medium.jpg,39.3,480,18,678,12.4,801+,32.6,441,55,302,4,801+,41.8,801+,2.9,801+,7.9,801+,58.8,=525
=668,670,Chang Gung University,Taiwan,Taoyuan City,Asia,26.3,https://www.topuniversities.com/universities/chang-gung-university,https://www.topuniversities.com/sites/default/files/chang-gung-university_1187_medium.jpg,58.2,298,9.3,701+,74.6,200,6.6,701+,2.1,801+,9.5,801+,25.5,801+,7.9,801+,13.2,801+,48.8,=734
=668,671,Karl-Franzens-Universitaet Graz,Austria,Graz,Europe,26.3,https://www.topuniversities.com/universities/karl-franzens-universitaet-graz,https://www.topuniversities.com/sites/default/files/karl-franzens-universitaet-graz_236_medium.jpg,13.6,801+,26.8,469,18.9,801+,13.1,701+,44,403,38.6,511,70.3,524,53.4,424,28.9,628,52.7,=652
=668,672,Lehigh University,United States,Bethlehem,North America,26.3,https://www.topuniversities.com/universities/lehigh-university,https://www.topuniversities.com/sites/default/files/230505060940pm345928Lehigh-for-social-90x90.jpg,37.1,501,7.2,701+,30.5,625,12.4,701+,45.4,385,40,490,44.9,801+,68.9,339,45.4,459,61.5,=467
=668,673,Palacký University Olomouc,Czechia,"Olomouc,",Europe,26.3,https://www.topuniversities.com/universities/palacky-university-olomouc,https://www.topuniversities.com/sites/default/files/palack-university-in-olomouc_592560cf2aeae70239af5946_medium.jpg,14.7,801+,21.5,576,36.5,550,19.8,665,9,801+,28.5,606,85.8,239,40.1,499,34.5,555,67.5,=358
=673,674,East China University of Science and Technology,China (Mainland),Shanghai,Asia,26.2,https://www.topuniversities.com/universities/east-china-university-science-technology,https://www.topuniversities.com/sites/default/files/east-china-university-of-science-and-technology_876_medium.jpg,82.5,140,9.1,701+,15.4,801+,10.3,701+,12.5,801+,2.5,801+,43.5,801+,3.3,801+,2.1,801+,40.2,801+
=673,675,Stevens Institute of Technology,United States,Hoboken,North America,26.2,https://www.topuniversities.com/universities/stevens-institute-technology,https://www.topuniversities.com/sites/default/files/stevens-institute-of-technology_592560cf2aeae70239af4db6_medium.jpg,60.9,282,4,701+,8.4,801+,10,701+,13.5,801+,98.7,79,21.7,801+,54.1,418,98.2,73,46.7,=799
=673,676,TU Dortmund University,Germany,Dortmund,Europe,26.2,https://www.topuniversities.com/universities/tu-dortmund-university,https://www.topuniversities.com/sites/default/files/tu-dortmund-university_592560cf2aeae70239af4b24_medium.jpg,11.1,801+,18.5,661,42.7,466,35.5,406,12.5,801+,36.7,529,76.5,412,32.3,559,27.5,646,43,801+
=676,677,Beirut Arab University ,Lebanon,Beirut,Asia,26.1,https://www.topuniversities.com/universities/beirut-arab-university,https://www.topuniversities.com/sites/default/files/beirut-arab-university-_592560cf2aeae70239af4ee5_medium.jpg,7.6,801+,20,614,28.8,661,22.2,597,44.1,401,61.1,334,29.6,801+,94.8,180,56.5,362,42.1,801+
=676,678,Jadavpur University,India,Kolkata,Asia,26.1,https://www.topuniversities.com/universities/jadavpur-university,https://www.topuniversities.com/sites/default/files/jadavpur-university_592560cf2aeae70239af4e11_medium.jpg,55.8,319,23.2,544,13.7,801+,10.5,701+,19.5,733,1.1,801+,44,801+,n/a,n/a,5.5,801+,61.4,470
=678,679,American University in Dubai,United Arab Emirates,Dubai,Asia,26,https://www.topuniversities.com/universities/american-university-dubai,https://www.topuniversities.com/sites/default/files/american-university-in-dubai_1200_medium.jpg,3.8,801+,14.4,701+,26.2,714,38.3,364,45.6,383,100,11,4.3,801+,100,2,100,6,25.4,801+
=678,680,University of Haifa,Israel,Haifa,Asia,26,https://www.topuniversities.com/universities/university-haifa,https://www.topuniversities.com/sites/default/files/240220092213am989705Screenshot-2024-02-20-at-11.20.42-90x90.jpg,44.8,417,17.4,701+,15.8,801+,13,701+,29.6,554,6.7,801+,69.6,539,17.8,751,5.2,801+,67.4,360
=680,681,HUFS - Hankuk (Korea) University of Foreign Studies ,South Korea,Seoul,Asia,25.9,https://www.topuniversities.com/universities/hufs-hankuk-korea-university-foreign-studies,https://www.topuniversities.com/sites/default/files/hufs-hankuk-korea-university-of-foreign-studies_1054_medium.jpg,2.5,801+,17.6,696,85.2,133,25.5,531,3.6,801+,70.5,275,14.1,801+,40.1,498,73.3,246,51.5,=673
=680,682,Nanjing University of Aeronautics and Astronautics,China (Mainland),Nanjing,Asia,25.9,https://www.topuniversities.com/universities/nanjing-university-aeronautics-astronautics,https://www.topuniversities.com/sites/default/files/nanjing-university-of-aeronautics-and-astronautics_592560cf2aeae70239af4df3_medium.jpg,79.7,158,6.3,701+,26.4,707,10.9,701+,1.3,801+,8.8,801+,46.2,801+,7.2,801+,6.8,801+,37,801+
=680,683,Ritsumeikan University,Japan,Kyoto,Asia,25.9,https://www.topuniversities.com/universities/ritsumeikan-university,https://www.topuniversities.com/sites/default/files/ritsumeikan-university_592560cf2aeae70239af4c92_medium.jpg,5,801+,25.7,493,10.3,801+,61.5,187,4.8,801+,17.8,766,41.1,801+,36.5,525,23.9,704,64.4,=413
=680,684,Universitas Brawijaya ,Indonesia,Malang,Asia,25.9,https://www.topuniversities.com/universities/universitas-brawijaya,https://www.topuniversities.com/sites/default/files/university-of-brawijaya_761_medium.jpg,1.9,801+,30.1,404,20.4,801+,55.3,218,29.1,567,2.7,801+,27.3,801+,35.9,531,6.9,801+,53.3,=636
=684,685,Comenius University Bratislava,Slovakia,Bratislava,Europe,25.8,https://www.topuniversities.com/universities/comenius-university-bratislava,https://www.topuniversities.com/sites/default/files/230322042211pm814933Comenius-University-Bratislava-90x90.jpg,6.9,801+,16.8,701+,61.3,293,14.7,701+,87,126,39,504,68.8,549,8.4,801+,44.5,469,43.7,801+
=684,686,Ton Duc Thang University,Vietnam,Ho Chi Minh City,Asia,25.8,https://www.topuniversities.com/universities/ton-duc-thang-university,https://www.topuniversities.com/sites/default/files/ton-duc-thang-university_592560e19988f300e2320e3c_medium.jpg,74.8,180,6.1,701+,8.6,801+,13.3,701+,6.8,801+,2,801+,88.1,200,7.7,801+,6.3,801+,43.9,801+
=686,687,"China University of Petroleum, Beijing",China (Mainland),Beijing,Asia,25.7,https://www.topuniversities.com/universities/china-university-petroleum-beijing,https://www.topuniversities.com/sites/default/files/china-university-of-petroleum_592560cf2aeae70239af5258_medium.jpg,94.5,77,3.1,701+,10.7,801+,6.8,701+,26.2,621,5.2,801+,26.4,801+,7.2,801+,4.1,801+,35.3,801+
=686,688,Cyprus University of Technology,Cyprus,Limassol,Asia,25.7,https://www.topuniversities.com/universities/cyprus-university-technology,https://www.topuniversities.com/sites/default/files/cyprus-university-of-technology_592560e89988f300e2322412_medium.jpg,39.8,472,8.1,701+,49.3,389,4.9,701+,11.3,801+,42,474,46.6,801+,68.1,343,43.4,478,49.6,=711
=688,689,Baku State University,Azerbaijan,Baku,Asia,25.6,https://www.topuniversities.com/universities/baku-state-university,https://www.topuniversities.com/sites/default/files/220117064650am288067resize-16423988381385868772BSUlogopng-90x90.jpg,1.9,801+,22,566,94,85,20.1,654,64.1,243,7,801+,22.1,801+,13.4,801+,11.2,801+,43.3,801+
=688,690,National Research Tomsk Polytechnic University,Russia,Tomsk,Europe,25.6,https://www.topuniversities.com/universities/national-research-tomsk-polytechnic-university,https://www.topuniversities.com/sites/default/files/221212044114am573109200x200%2BTPU-logo-sign-color-rgb-90x90.jpg,7,801+,9.4,701+,96,67,15.4,701+,2,801+,88.8,179,60.4,686,14.8,801+,83.9,178,47.7,=765
=688,691,Université Côte d'Azur,France,Nice,Europe,25.6,https://www.topuniversities.com/universities/universite-cote-dazur,https://www.topuniversities.com/sites/default/files/universit-cte-dazur_5c056024094c9000617768e0_medium.jpg,27.7,609,21.6,573,9.1,801+,8.2,701+,13.6,801+,51,402,83.3,288,36.5,526,55.6,367,69.2,=326
=691,692,Eastern Mediterranean University,Northern Cyprus,Famagusta,Europe,25.4,https://www.topuniversities.com/universities/eastern-mediterranean-university,https://www.topuniversities.com/sites/default/files/eastern-mediterranean-university_592560cf2aeae70239af5813_medium.jpg,31.3,571,9.2,701+,5.6,801+,4.5,701+,53.6,315,100,19,51.3,801+,77.1,311,100,13,45.4,801+
=691,693,Universidade Federal do Rio Grande Do Sul,Brazil,Porto Alegre,Latin America,25.4,https://www.topuniversities.com/universities/universidade-federal-do-rio-grande-do-sul,https://www.topuniversities.com/sites/default/files/universidade-federal-do-rio-grande-do-sul_2239_medium.jpg,15.7,788,36.8,327,20,801+,9.2,701+,32.3,525,2.4,801+,80.5,344,3.8,801+,7,801+,63.9,=425
=691,694,Universität Regensburg,Germany,Regensburg,Europe,25.4,https://www.topuniversities.com/universities/universitat-regensburg,https://www.topuniversities.com/sites/default/files/universitt-regensburg_592560cf2aeae70239af4c89_medium.jpg,13.3,801+,16,701+,77.3,181,11.9,701+,27.7,600,17.7,768,71,512,39.4,505,23.9,708,38.7,801+
=691,695,"Vellore Institute of Technology (VIT), Vellore, India",India,Vellore,Asia,25.4,https://www.topuniversities.com/universities/vellore-institute-technology-vit-vellore-india,https://www.topuniversities.com/sites/default/files/vellore-institute-of-technology-vit_592560cf2aeae70239af4e26_medium.jpg,34.3,531,20.5,601,11.6,801+,26,519,15.8,801+,5.3,801+,81.2,327,5,801+,10.1,801+,65.2,=393
695,696,Rensselaer Polytechnic Institute,United States,Troy,North America,25.3,https://www.topuniversities.com/universities/rensselaer-polytechnic-institute,https://www.topuniversities.com/sites/default/files/251107075425pm800303Untitled-design-90x90.jpg,54.7,330,10.2,701+,28.7,662,17.9,701+,41.3,423,34.4,547,25.8,801+,n/a,n/a,25.7,675,38.7,801+
696,697,Symbiosis International (Deemed University),India,Pune,Asia,25.2,https://www.topuniversities.com/universities/symbiosis-international-deemed-university,https://www.topuniversities.com/sites/default/files/231020084546am287151Symbiosis-International-University-Logo-90x90.jpg,3.3,801+,9.2,701+,26.5,704,94.7,51,8.9,801+,16.1,796,29.4,801+,23.3,673,20.4,757,45.6,801+
696,698,TUHH Hamburg University of Technology,Germany,Hamburg,Europe,25.2,https://www.topuniversities.com/universities/tuhh-hamburg-university-technology,https://www.topuniversities.com/sites/default/files/240705081732am454032hamburg-university-technology-hamburg-germany-200x200-90x90.jpg,10,801+,11.2,701+,84.8,136,14.6,701+,1.4,801+,93.4,139,47.8,801+,35.7,533,93.9,115,30,801+
=697,699,Ankara Üniversitesi,Türkiye,Ankara,Asia,25.1,https://www.topuniversities.com/universities/ankara-universitesi,https://www.topuniversities.com/sites/default/files/ankara-niversitesi_592560cf2aeae70239af50a5_medium.jpg,4.6,801+,30.6,400,12.8,801+,30.4,468,61.2,262,9.7,801+,74,466,2.8,801+,15.4,801+,61,=480
=697,700,Beijing University of Chemical Technology,China (Mainland),Beijing,Asia,25.1,https://www.topuniversities.com/universities/beijing-university-chemical-technology,https://www.topuniversities.com/sites/default/files/beijing-university-of-chemical-technology_2013_medium.jpg,81.5,149,6.1,701+,28.6,668,7.2,701+,2.8,801+,2.5,801+,36.6,801+,3.2,801+,7.1,801+,40.5,801+
=697,701,Kazakh National Agrarian Research University (KazNARU),Kazakhstan,Almaty,Asia,25.1,https://www.topuniversities.com/universities/kazakh-national-agrarian-research-university-kaznaru,https://www.topuniversities.com/sites/default/files/240122053331am772732123-90x90.jpg,1.4,801+,22.8,550,92.6,91,27.7,499,4.3,801+,39.2,499,7.7,801+,26.2,634,35.2,550,38.7,801+
=697,702,Tokyo Medical and Dental University (TMDU),Japan,Tokyo,Asia,25.1,https://www.topuniversities.com/universities/tokyo-medical-dental-university-tmdu,https://www.topuniversities.com/sites/default/files/tokyo-medical-and-dental-university-tmdu_592560cf2aeae70239af4e8a_medium.jpg,29.1,595,15.7,701+,100,13,9.5,701+,1.8,801+,22.6,693,23.3,801+,3.1,801+,24.3,698,37.5,801+
=697,703,Universidad de Alcalá (Madrid),Spain,Madrid,Europe,25.1,https://www.topuniversities.com/universities/universidad-de-alcala-madrid,https://www.topuniversities.com/sites/default/files/universidad-de-alcal_1511_medium.jpg,10.8,801+,13.8,701+,72.5,212,10.2,701+,11.8,801+,50.9,403,79.4,361,11.8,801+,55.6,369,72.1,=291
=697,704,University of Klagenfurt,Austria,Klagenfurt,Europe,25.1,https://www.topuniversities.com/universities/university-klagenfurt,https://www.topuniversities.com/sites/default/files/university-of-klagenfurt_592560cf2aeae70239af51e0_medium.jpg,16.4,777,7.2,701+,57.4,318,5.8,701+,13.6,801+,94.8,127,43.9,801+,98.2,138,95.2,108,36.3,801+
=697,705,"University of Missouri, Columbia",United States,Columbia,North America,25.1,https://www.topuniversities.com/universities/university-missouri-columbia,https://www.topuniversities.com/sites/default/files/university-of-missouri-columbia_409_medium.jpg,23.5,664,17.2,701+,38.5,526,15.7,701+,48,361,6.4,801+,71.8,503,29.7,588,5,801+,50.9,=684
701-710,706,Jeonbuk National University,South Korea,Jeonju,Asia,n/a,https://www.topuniversities.com/universities/jeonbuk-national-university,https://www.topuniversities.com/sites/default/files/jeonbuk-national-university_592560cf2aeae70239af4aff_medium.jpg,21.4,693,19.9,618,73.7,207,14.2,701+,3.5,801+,16.5,789,34,801+,12.5,801+,20.4,756,64.6,=407
701-710,707,Kasetsart University,Thailand,Bangkok,Asia,n/a,https://www.topuniversities.com/universities/kasetsart-university,https://www.topuniversities.com/sites/default/files/kasetsart-university_312_medium.jpg,4.6,801+,37.4,320,10.3,801+,37.1,383,31.2,534,1.7,801+,46.2,801+,7.7,801+,6.2,801+,60.8,=491
701-710,708,"Lingnan University, Hong Kong",Hong Kong SAR,Hong Kong,Asia,n/a,https://www.topuniversities.com/universities/lingnan-university-hong-kong,https://www.topuniversities.com/sites/default/files/lingnan-university-hong-kong_894_medium.jpg,22.3,681,16,701+,19.3,801+,12.5,701+,5,801+,99.6,55,10.6,801+,100,38,93.1,126,47,=789
701-710,709,Nanjing University of Science and Technology,China (Mainland),Nanjing,Asia,n/a,https://www.topuniversities.com/universities/nanjing-university-science-technology,https://www.topuniversities.com/sites/default/files/nanjing-university-of-science-and-technology_592560cf2aeae70239af525a_medium.jpg,86.1,117,7,701+,14.6,801+,8.5,701+,6.4,801+,n/a,n/a,38.2,801+,n/a,n/a,n/a,n/a,39.4,801+
701-710,710,Shiraz University,Iran,Shiraz,Asia,n/a,https://www.topuniversities.com/universities/shiraz-university,https://www.topuniversities.com/sites/default/files/shiraz-university_592560cf2aeae70239af4e60_medium.jpg,68.3,228,10.2,701+,6,801+,10.9,701+,23.4,664,4.3,801+,68.1,565,1.2,801+,8,801+,45.7,801+
701-710,711,Universidad Panamericana (UP),Mexico,Mexico City,Latin America,n/a,https://www.topuniversities.com/universities/universidad-panamericana,https://www.topuniversities.com/sites/default/files/220110044732pm195521Logo-QS-Hub-v2-90x90.jpg,1.7,801+,15.9,701+,81.2,162,34.4,419,73.5,191,5,801+,14.3,801+,24.5,655,4,801+,36.2,801+
701-710,712,University of Central Florida,United States,Orlando,North America,n/a,https://www.topuniversities.com/universities/university-central-florida,https://www.topuniversities.com/sites/default/files/university-of-central-florida_209_medium.jpg,33,553,18.6,659,4.1,801+,37.1,384,17.4,775,7.7,801+,73.7,475,13.2,801+,6,801+,45.9,801+
701-710,713,University of Zagreb,Croatia,Zagreb,Europe,n/a,https://www.topuniversities.com/universities/university-zagreb,https://www.topuniversities.com/sites/default/files/university-of-zagreb_14110_medium.jpg,8.1,801+,23.2,545,26.8,700,12.8,701+,98.4,34,5.1,801+,92.1,145,1.9,801+,10,801+,60.9,=486
711-720,714,Asia University Taiwan,Taiwan,Taichung City,Asia,n/a,https://www.topuniversities.com/universities/asia-university-taiwan,https://www.topuniversities.com/sites/default/files/asia-university-taiwan_592560df9988f300e2320a10_medium.jpg,79.9,156,9,701+,5.1,801+,2.8,701+,2.1,801+,6,801+,64.2,633,14.5,801+,10.2,801+,36.6,801+
711-720,715,Budapest University of Technology and Economics,Hungary,Budapest,Europe,n/a,https://www.topuniversities.com/universities/budapest-university-technology-economics,https://www.topuniversities.com/sites/default/files/budapest-university-of-technology-and-economics_592560cf2aeae70239af4feb_medium.jpg,15.3,800,20.8,595,18.6,801+,37.5,375,37.8,460,22.7,691,60,691,4.6,801+,28.8,629,57.9,545
711-720,716,Drexel University,United States,Philadelphia,North America,n/a,https://www.topuniversities.com/universities/drexel-university,https://www.topuniversities.com/sites/default/files/drexel-university_163_medium.jpg,36.9,503,8.9,701+,30.2,630,11.2,701+,35.3,487,37.4,521,68.8,552,31.3,572,43,483,48.7,=737
711-720,717,"Goldsmiths, University of London",United Kingdom,London,Europe,n/a,https://www.topuniversities.com/universities/goldsmiths-university-london,https://www.topuniversities.com/sites/default/files/goldsmiths-university-of-london_355_medium.jpg,17,765,18.3,668,20.8,801+,7.5,701+,25.2,637,97.8,93,22.7,801+,89.1,230,97.9,82,43,801+
711-720,718,Iscte - University Institute of Lisbon,Portugal,Lisbon,Europe,n/a,https://www.topuniversities.com/universities/iscte-university-institute-lisbon,https://www.topuniversities.com/sites/default/files/260225112350am145109rgb-iscte-pt-vertical-positive-90x90.jpg,42.4,448,8.6,701+,3.2,801+,19,687,40.3,435,55.8,375,49.8,801+,27.1,623,60,342,56.7,=562
711-720,719,ITMO University,Russia,St. Petersburg,Europe,n/a,https://www.topuniversities.com/universities/itmo-university,https://www.topuniversities.com/sites/default/files/221006020816pm364524logo-ITMO-90x90.jpg,11,801+,12.7,701+,92.6,89,17.4,701+,3.9,801+,44.5,453,60.1,689,27.2,621,49.7,418,26.6,801+
711-720,720,Technische Universität Braunschweig,Germany,Braunschweig,Europe,n/a,https://www.topuniversities.com/universities/technische-universitat-braunschweig,https://www.topuniversities.com/sites/default/files/technische-universitt-braunschweig_596_medium.jpg,9.7,801+,14.4,701+,69.9,232,21.9,604,19.3,738,50.9,405,66.1,608,n/a,n/a,38,515,47.4,=776
711-720,721,Toronto Metropolitan University (formerly Ryerson University),Canada,Toronto,North America,n/a,https://www.topuniversities.com/universities/toronto-metropolitan-university-formerly-ryerson-university,https://www.topuniversities.com/sites/default/files/240703034600pm717180tmu-social-icon-90x90.jpg,41,459,12.5,701+,2.3,801+,19.4,673,20.1,723,19.6,736,60.9,679,46.5,458,25.7,676,66,=381
711-720,722,University of Hohenheim,Germany,Stuttgart,Europe,n/a,https://www.topuniversities.com/universities/university-hohenheim,https://www.topuniversities.com/sites/default/files/university-of-hohenheim_592560cf2aeae70239af4fcd_medium.jpg,45.4,409,9.1,701+,19.6,801+,11.1,701+,7.7,801+,38.4,512,74.1,464,31.8,565,28.7,631,55,604
711-720,723,University of Nebraska - Lincoln,United States,Lincoln,North America,n/a,https://www.topuniversities.com/universities/university-nebraska-lincoln,https://www.topuniversities.com/sites/default/files/university-of-nebraska-lincoln_819_medium.jpg,37.7,495,14.3,701+,23.8,756,11.5,701+,17.5,771,12.1,801+,79.6,359,27.1,622,18.1,794,63.8,=427
711-720,724,Université de Rennes,France,Rennes,Europe,n/a,https://www.topuniversities.com/universities/universite-de-rennes,https://www.topuniversities.com/sites/default/files/260401113526am378304UNIRENNES-LOGOnoir-centre-RVB-90x90.jpg,36.7,510,21.3,581,15.6,801+,11,701+,9.8,801+,19,745,86.9,218,15.9,781,14.4,801+,49.4,=719
721-730,725,National University of Uzbekistan named after Mirzo Ulugbek,Uzbekistan,Tashkent,Asia,n/a,https://www.topuniversities.com/universities/national-university-uzbekistan-named-after-mirzo-ulugbek,https://www.topuniversities.com/sites/default/files/250225093945am408165logo-NUU.jpg-90x90.jpg,1.9,801+,29.7,412,7.5,801+,38.9,355,30.4,545,6.8,801+,21.3,801+,92.9,200,10.4,801+,43.5,801+
721-730,726,Pakistan Institute of Engineering and Applied Sciences (PIEAS),Pakistan,Islamabad,Asia,n/a,https://www.topuniversities.com/universities/pakistan-institute-engineering-applied-sciences-pieas,https://www.topuniversities.com/sites/default/files/250615023719am393036PIEAS-Insignia-200by200-90x90.jpg,66,241,7.4,701+,62.8,281,15.1,701+,3.8,801+,n/a,n/a,19,801+,n/a,n/a,n/a,n/a,10.4,801+
721-730,727,Prince Sattam Bin Abdulaziz University,Saudi Arabia,Al-Kharj,Asia,n/a,https://www.topuniversities.com/universities/prince-sattam-bin-abdulaziz-university,https://www.topuniversities.com/sites/default/files/241022083702am676087PSAU-Logo-90x90.jpg,19.6,720,6.4,701+,69.3,237,3.1,701+,3,801+,15.5,801+,93.6,109,99.6,109,18.4,789,36.3,801+
721-730,728,Taras Shevchenko National University of Kyiv,Ukraine,Kyiv,Europe,n/a,https://www.topuniversities.com/universities/taras-shevchenko-national-university-kyiv,https://www.topuniversities.com/sites/default/files/taras-shevchenko-national-university-of-kyiv_14977_medium.jpg,3.9,801+,21.9,567,30.7,619,50.1,254,72,200,3.7,801+,37.6,801+,1.7,801+,8.2,801+,37.9,801+
721-730,729,Temple University,United States,Philadelphia,North America,n/a,https://www.topuniversities.com/universities/temple-university,https://www.topuniversities.com/sites/default/files/260227034612pm664097BIG-T-90x90.jpg,24.6,647,16.8,701+,37.9,534,15,701+,38.7,447,11.6,801+,64.7,625,4.4,801+,17.5,801+,72.1,=291
721-730,730,The National University of Science and Technology MISIS,Russia,Moscow,Europe,n/a,https://www.topuniversities.com/universities/national-university-science-technology-misis,https://www.topuniversities.com/sites/default/files/the-national-university-of-science-and-technology-misis_14956_medium.jpg,21,698,7.2,701+,76.8,186,15.5,701+,25.1,638,67.4,294,43.7,801+,10.7,801+,70.2,268,37.5,801+
721-730,731,University of Cincinnati,United States,Cincinnati,North America,n/a,https://www.topuniversities.com/universities/university-cincinnati,https://www.topuniversities.com/sites/default/files/university-of-cincinnati_129_medium.jpg,31.9,564,15.1,701+,24.8,738,12.3,701+,47.9,362,23.7,680,66.9,589,6.2,801+,17.8,801+,63.2,=436
721-730,732,University of Patras,Greece,Patras,Europe,n/a,https://www.topuniversities.com/universities/university-patras,https://www.topuniversities.com/sites/default/files/university-of-patras_592560cf2aeae70239af4c6f_medium.jpg,44.3,425,16.8,701+,4.2,801+,25.7,527,4.7,801+,9.2,801+,66.2,606,2.3,801+,14.3,801+,65.3,392
721-730,733,UWE Bristol (University of the West of England),United Kingdom,Bristol,Europe,n/a,https://www.topuniversities.com/universities/uwe-bristol-university-west-england,https://www.topuniversities.com/sites/default/files/250203040526am782065UWELogo-90x90.jpg,25.2,633,10.6,701+,8.9,801+,15.1,701+,4.2,801+,88.9,176,72.4,493,66.1,354,89.9,150,53.3,=636
731-740,734,Auezov South Kazakhstan University (SKU),Kazakhstan,Shymkent,Asia,n/a,https://www.topuniversities.com/universities/auezov-south-kazakhstan-university-sku,https://www.topuniversities.com/sites/default/files/auezov-south-kazakhstan-state-university-sksu_592560cf2aeae70239af52eb_medium.jpg,1.1,801+,21.2,585,91.6,99,33.9,424,4.1,801+,29.3,598,5,801+,20.1,711,27.9,641,35.3,801+
731-740,735,Far Eastern Federal University,Russia,Vladivostok,Europe,n/a,https://www.topuniversities.com/universities/far-eastern-federal-university,https://www.topuniversities.com/sites/default/files/far-eastern-federal-university_592560cf2aeae70239af57c9_medium.jpg,2.6,801+,13.9,701+,98.7,47,9.5,701+,7.1,801+,79.3,226,48,801+,16.7,769,80.5,204,37.5,801+
731-740,736,"National Institute of Technology, Tiruchirappalli",India,Tiruchirappalli,Asia,n/a,https://www.topuniversities.com/universities/national-institute-technology-tiruchirappalli,https://www.topuniversities.com/sites/default/files/national-institute-of-technology-tiruchirappalli_592560e19988f300e2320ebf_medium.jpg,89.5,105,4.1,701+,10.6,801+,5.3,701+,8.8,801+,3.5,801+,38.2,801+,n/a,n/a,7.5,801+,37.4,801+
731-740,737,Princess Nourah bint Abdulrahman University,Saudi Arabia,Riyadh,Asia,n/a,https://www.topuniversities.com/universities/princess-nourah-bint-abdulrahman-university,https://www.topuniversities.com/sites/default/files/princess-nourah-bint-abdulrahman-university_592560e39988f300e232144f_medium.jpg,7.2,801+,18.3,666,28.7,664,24.1,561,2.8,801+,31.3,575,74.6,452,83.8,264,35.9,537,49.8,=706
731-740,738,SEGi UNIVERSITY,Malaysia,Kuala Lumpur,Asia,n/a,https://www.topuniversities.com/universities/segi-university,https://www.topuniversities.com/sites/default/files/240116101816am638544SEGi-University-logo-90x90.jpg,2.1,801+,6.7,701+,91.2,100,12.6,701+,9.4,801+,100,13,6.6,801+,94.9,179,100,8,30.7,801+
731-740,739,"Sofia University ""St. Kliment Ohridski""",Bulgaria,Sofia,Europe,n/a,https://www.topuniversities.com/universities/sofia-university-st-kliment-ohridski,https://www.topuniversities.com/sites/default/files/sofia-university-st.-kliment-ohridski_592560cf2aeae70239af5654_medium.jpg,3.1,801+,16,701+,55,342,25.2,537,88.6,117,15.6,801+,55.7,755,4,801+,21.1,748,49.4,=719
731-740,740,Texas Tech University,United States,Lubbock,North America,n/a,https://www.topuniversities.com/universities/texas-tech-university,https://www.topuniversities.com/sites/default/files/texas-tech-university_592560cf2aeae70239af51b2_medium.jpg,18.8,739,14.5,701+,10,801+,26.9,509,28.1,591,17.4,777,70.6,517,63.8,364,23.5,714,66.1,=376
731-740,741,Universidad Central de Venezuela,Venezuela,Caracas,Latin America,n/a,https://www.topuniversities.com/universities/universidad-central-de-venezuela,https://www.topuniversities.com/sites/default/files/universidad-central-de-venezuela_592560cf2aeae70239af54c0_medium.jpg,1.4,801+,28.9,431,41.5,487,45.3,298,57.5,289,2,801+,13.3,801+,3.3,801+,6.3,801+,36.3,801+
731-740,742,Université de Tunis El Manar,Tunisia,Tunis,Africa,n/a,https://www.topuniversities.com/universities/universite-de-tunis-el-manar,https://www.topuniversities.com/sites/default/files/universit-de-tunis-el-manar_592560cf2aeae70239af5472_medium.jpg,9.2,801+,15.8,701+,39.9,508,6.2,701+,61.3,259,16.7,787,82.5,301,61.9,376,19.9,764,56.7,=562
731-740,743,Yildiz Technical University,Türkiye,Istanbul,Asia,n/a,https://www.topuniversities.com/universities/yildiz-technical-university,https://www.topuniversities.com/sites/default/files/yildiz-technical-university_592560cf2aeae70239af5aa4_medium.jpg,26,624,13.4,701+,5.6,801+,43.2,310,26.7,613,27.8,617,55.4,763,9.5,801+,33.8,566,63.7,=429
741-750,744,Aberystwyth University,United Kingdom,Aberystwyth,Europe,n/a,https://www.topuniversities.com/universities/aberystwyth-university,https://www.topuniversities.com/sites/default/files/211220023723pm848877Aber-Uni-Crest-200-x-200-90x90.jpg,23.9,658,12.8,701+,27.6,687,11.5,701+,11,801+,42,475,63.3,646,61.3,=382,45.4,457,63.1,=439
741-750,745,"Adam Mickiewicz University, Poznań",Poland,Poznań,Europe,n/a,https://www.topuniversities.com/universities/adam-mickiewicz-university-poznan,https://www.topuniversities.com/sites/default/files/adam-mickiewicz-university-pozna_592560e29988f300e2321163_medium.jpg,8.8,801+,24.1,528,45.7,427,12.3,701+,15.8,801+,15.6,801+,88.7,196,10.9,801+,21.7,737,63.6,431
741-750,746,Brandeis University,United States,Waltham,North America,n/a,https://www.topuniversities.com/universities/brandeis-university,https://www.topuniversities.com/sites/default/files/brandeis-university_66_medium.jpg,25,638,12.8,701+,50.2,381,9.7,701+,30.5,544,83.4,201,24.7,801+,33,554,62.1,322,28.8,801+
741-750,747,Kaunas University of Technology,Lithuania,Kaunas,Europe,n/a,https://www.topuniversities.com/universities/kaunas-university-technology,https://www.topuniversities.com/sites/default/files/kaunas-university-of-technology_1454_medium.jpg,17.5,761,15.1,701+,37.9,533,22,602,29,570,40,489,68.6,556,4.8,801+,45.4,458,58.9,=521
741-750,748,Plekhanov Russian University of Economics,Russia,Moscow,Europe,n/a,https://www.topuniversities.com/universities/plekhanov-russian-university-economics,https://www.topuniversities.com/sites/default/files/250206094506am819525Logo200x200-90x90.jpg,3.3,801+,15.5,701+,57.8,314,30.1,474,55.2,300,26.7,636,61.2,674,4.1,801+,31.7,595,42.4,801+
741-750,749,Shahid Beheshti University (SBU),Iran,Tehran,Asia,n/a,https://www.topuniversities.com/universities/shahid-beheshti-university-sbu,https://www.topuniversities.com/sites/default/files/shahid-beheshti-university-sbu_592560cf2aeae70239af4e58_medium.jpg,49.4,377,11.8,701+,6,801+,22.5,590,24.2,654,24.7,668,68,567,5.2,801+,25.1,683,33.6,801+
741-750,750,Syracuse University,United States,Syracuse,North America,n/a,https://www.topuniversities.com/universities/syracuse-university,https://www.topuniversities.com/sites/default/files/syracuse-university_812_medium.jpg,17,763,17,701+,16.1,801+,18.3,699,58,285,45.5,443,56.7,742,25.2,648,50.5,410,60.9,=486
741-750,751,The Catholic University of Korea (CUK),South Korea,Gyeonggi,Asia,n/a,https://www.topuniversities.com/universities/catholic-university-korea-cuk,https://www.topuniversities.com/sites/default/files/the-catholic-university-of-korea-_592560cf2aeae70239af4ed7_medium.jpg,31,576,7.9,701+,97.4,61,6,701+,1.9,801+,52.9,390,14.3,801+,4.7,801+,47.1,441,44.8,801+
741-750,752,University of Baghdad,Iraq,Baghdad,Asia,n/a,https://www.topuniversities.com/universities/university-baghdad,https://www.topuniversities.com/sites/default/files/university-of-baghdad_592560cf2aeae70239af5456_medium.jpg,2.5,801+,18.1,675,31.1,614,41.2,330,85.6,134,1.2,801+,69,545,2.8,801+,1.1,801+,43.4,801+
741-750,753,University of Malta,Malta,Msida,Europe,n/a,https://www.topuniversities.com/universities/university-malta,https://www.topuniversities.com/sites/default/files/university-of-malta_592560cf2aeae70239af581a_medium.jpg,10.1,801+,9.3,701+,47.7,408,7.4,701+,98.1,40,42.2,472,76.8,409,33.1,551,47.5,436,38.2,801+
741-750,754,University of Messina (UniME),Italy,Messina,Europe,n/a,https://www.topuniversities.com/universities/university-messina-unime,https://www.topuniversities.com/sites/default/files/university-of-messina-unime_5a0b25faca24f343003ab8f5_medium.jpg,55.5,323,12.6,701+,18.6,801+,2.9,701+,1.6,801+,17.8,767,78.6,375,1.4,801+,23.9,706,61.5,=467
741-750,755,University of Pecs,Hungary,Pécs,Europe,n/a,https://www.topuniversities.com/universities/university-pecs,https://www.topuniversities.com/sites/default/files/260325110048am566172university-of-pecs-logo-mark-white-90x90.jpg,5,801+,20.1,613,52.3,357,20.1,653,12.8,801+,77.3,240,42.4,801+,12.8,801+,79.5,211,53.7,=627
741-750,756,Victoria University,Australia,Footscray,Oceania,n/a,https://www.topuniversities.com/universities/victoria-university,https://www.topuniversities.com/sites/default/files/victoria-university-_592560cf2aeae70239af4dd6_medium.jpg,48.7,381,9.2,701+,3.4,801+,10.1,701+,9.7,801+,74.6,256,48.9,801+,23.6,667,77.1,225,59.3,=514
741-750,757,Vytautas Magnus University,Lithuania,Kaunas,Europe,n/a,https://www.topuniversities.com/universities/vytautas-magnus-university,https://www.topuniversities.com/sites/default/files/vytautas-magnus-university_592560cf2aeae70239af5032_medium.jpg,5,801+,14,701+,44.2,447,19.9,658,26.8,611,70.8,270,62.8,653,46.8,455,73.5,244,47,=789
751-760,758,Martin-Luther-Universität Halle-Wittenberg,Germany,Halle,Europe,n/a,https://www.topuniversities.com/universities/martin-luther-universitat-halle-wittenberg,https://www.topuniversities.com/sites/default/files/martin-luther-universitt-halle-wittenberg_245_medium.jpg,11.2,801+,15.1,701+,89.4,106,9.9,701+,6.3,801+,17,781,86.5,230,n/a,n/a,12.9,801+,47.1,=785
751-760,759,University of New Mexico,United States,Albuquerque,North America,n/a,https://www.topuniversities.com/universities/university-new-mexico,https://www.topuniversities.com/sites/default/files/university-of-new-mexico_592560cf2aeae70239af4c41_medium.jpg,20.4,705,14.2,701+,57.3,320,16.9,701+,11.4,801+,7.1,801+,83.6,283,11,801+,5.5,801+,53.8,626
751-760,760,University of Oregon,United States,Eugene,North America,n/a,https://www.topuniversities.com/universities/university-oregon,https://www.topuniversities.com/sites/default/files/university-of-oregon_592560cf2aeae70239af4c58_medium.jpg,25.3,632,23.2,543,14.7,801+,22.5,592,36.9,470,5.4,801+,53.8,785,10.5,801+,4.3,801+,55.7,=582
751-760,761,University of Trieste,Italy,Trieste,Europe,n/a,https://www.topuniversities.com/universities/university-trieste,https://www.topuniversities.com/sites/default/files/university-of-trieste_624_medium.jpg,53.8,345,16.1,701+,5.5,801+,7.8,701+,18.7,746,16.8,783,70.8,514,11.6,801+,22.9,721,36.4,801+
751-760,762,Université de Lorraine,France,Nancy,Europe,n/a,https://www.topuniversities.com/universities/universite-de-lorraine,https://www.topuniversities.com/sites/default/files/universit-de-lorraine_592560cf2aeae70239af4c2f_medium.jpg,24.7,646,19.2,644,8.6,801+,5,701+,22.3,692,40,488,95.6,68,40.5,494,29.9,617,54.5,=610
761-770,763,Al-Ahliyya Amman University,Jordan,Amman,Asia,n/a,https://www.topuniversities.com/universities/al-ahliyya-amman-university,https://www.topuniversities.com/sites/default/files/al-ahliyya-amman-university_592560e29988f300e232131e_medium.jpg,6.4,801+,17.1,701+,15.8,801+,21,625,6,801+,100,29,32.7,801+,93.7,196,98,79,38.2,801+
761-770,764,Babes-Bolyai University,Romania,Cluj-Napoca,Europe,n/a,https://www.topuniversities.com/universities/babes-bolyai-university,https://www.topuniversities.com/sites/default/files/babes-bolyai-university_592560cf2aeae70239af5299_medium.jpg,8,801+,21.9,569,8.7,801+,34.9,410,35.9,477,7.1,801+,83.9,278,18.9,729,12.6,801+,65,=398
761-770,765,Bangladesh University of Engineering and Technology,Bangladesh,Dhaka,Asia,n/a,https://www.topuniversities.com/universities/bangladesh-university-engineering-technology,https://www.topuniversities.com/sites/default/files/bangladesh-university-of-engineering-and-technology_592560cf2aeae70239af4dd7_medium.jpg,30.8,578,21.3,582,15.6,801+,42.5,316,29.9,551,n/a,n/a,23,801+,n/a,n/a,n/a,n/a,30,801+
761-770,766,Czech University of Life Sciences in Prague,Czechia,Prague,Europe,n/a,https://www.topuniversities.com/universities/czech-university-life-sciences-prague,https://www.topuniversities.com/sites/default/files/240905010255pm429537CZU-logo-zelena-90x90.jpg,22.3,680,11.6,701+,13.7,801+,8.7,701+,5,801+,82.5,208,85.4,249,36,530,84.1,175,72.5,=281
761-770,767,"Government College University, Faisalabad",Pakistan,Faisalabad,Asia,n/a,https://www.topuniversities.com/universities/government-college-university-faisalabad,https://www.topuniversities.com/sites/default/files/government-college-university-faisalabad_5c99c54e10ca60622b55ba0a_medium.jpg,72.2,197,4.2,701+,7.6,801+,7.1,701+,33.5,503,1.1,801+,77.6,392,1.3,801+,5.5,801+,32.2,801+
761-770,768,Jamia Millia Islamia,India,New Delhi,Asia,n/a,https://www.topuniversities.com/universities/jamia-millia-islamia,https://www.topuniversities.com/sites/default/files/jamia-millia-islamia-new-delhi_592560e19988f300e2320f1d_medium.jpg,47.7,394,13,701+,40.1,500,5.6,701+,6.3,801+,10.7,801+,60.5,683,4.2,801+,14.8,801+,49.7,=708
761-770,769,Kaohsiung Medical University,Taiwan,Kaohsiung City,Asia,n/a,https://www.topuniversities.com/universities/kaohsiung-medical-university,https://www.topuniversities.com/sites/default/files/kaohsiung-medical-university_23018_medium.jpg,58.6,294,8.4,701+,46.9,423,6,701+,4.1,801+,7.4,801+,26.1,801+,11.2,801+,11.1,801+,51.7,=667
761-770,770,Khoja Akhmet Yassawi International Kazakh-Turkish University,Kazakhstan,Turkestan,Asia,n/a,https://www.topuniversities.com/universities/khoja-akhmet-yassawi-international-kazakh-turkish-university,https://www.topuniversities.com/sites/default/files/khoja-akhmet-yassawi-international-kazakh-turkish-university_592560cf2aeae70239af5981_medium.jpg,1.3,801+,19.1,646,57.5,316,46.3,287,10.7,801+,45.5,442,4.1,801+,27.8,612,40,503,30.1,801+
761-770,771,New Jersey Institute of Technology (NJIT),United States,Newark,North America,n/a,https://www.topuniversities.com/universities/new-jersey-institute-technology-njit,https://www.topuniversities.com/sites/default/files/new-jersey-institute-of-technology-njit_592560cf2aeae70239af5376_medium.jpg,40.6,462,7.5,701+,13.2,801+,19.8,666,10.4,801+,65.4,306,37.7,801+,36,529,68.7,281,54.2,=619
761-770,772,Riga Technical University,Latvia,Riga,Europe,n/a,https://www.topuniversities.com/universities/riga-technical-university,https://www.topuniversities.com/sites/default/files/riga-technical-university_592560cf2aeae70239af578f_medium.jpg,6,801+,12.6,701+,31.7,606,31.9,449,40.5,432,84.9,195,38.2,801+,22.1,686,86.3,165,47.6,=770
761-770,773,University of Belgrade,Serbia,Belgrade,Europe,n/a,https://www.topuniversities.com/universities/university-belgrade,https://www.topuniversities.com/sites/default/files/university-of-belgrade_2243_medium.jpg,10.1,801+,23.6,536,6.5,801+,14,701+,98.4,36,7.4,801+,94.5,91,3.6,801+,5.8,801+,52.1,=661
761-770,774,University of Bucharest,Romania,Bucharest,Europe,n/a,https://www.topuniversities.com/universities/university-bucharest,https://www.topuniversities.com/sites/default/files/university-of-bucharest_77_medium.jpg,8.3,801+,21.1,590,9,801+,35.9,400,67.9,226,4.8,801+,72.3,495,3.5,801+,10,801+,60.8,=491
761-770,775,University of Nizwa,Oman,Nizwa,Asia,n/a,https://www.topuniversities.com/universities/university-nizwa,https://www.topuniversities.com/sites/default/files/university-of-nizwa_592560cf2aeae70239af5467_medium.jpg,13,801+,11,701+,47.5,412,12.8,701+,73.5,190,26.2,642,26.1,801+,100,32,27,653,19,801+
761-770,776,"Vietnam National University, Hanoi",Vietnam,Hanoi,Asia,n/a,https://www.topuniversities.com/universities/vietnam-national-university-hanoi,https://www.topuniversities.com/sites/default/files/vietnam-national-university-hanoi-_592560cf2aeae70239af523a_medium.jpg,4.3,801+,24.3,525,9.2,801+,33,435,68.7,223,1.3,801+,68.3,562,6.6,801+,1.3,801+,69.4,=323
771-780,777,Holy Spirit University of Kaslik ,Lebanon,Jounieh,Asia,n/a,https://www.topuniversities.com/universities/holy-spirit-university-kaslik,https://www.topuniversities.com/sites/default/files/holy-spirit-university-of-kaslik-_592560cf2aeae70239af4ee8_medium.jpg,3.8,801+,11.1,701+,70.4,226,20.7,637,7.3,801+,52.2,397,9.6,801+,99.4,117,53.4,383,38,801+
771-780,778,Maynooth University,Ireland,Maynooth,Europe,n/a,https://www.topuniversities.com/universities/maynooth-university,https://www.topuniversities.com/sites/default/files/maynooth-university_766_medium.jpg,21,699,16.6,701+,14.2,801+,13.1,701+,16.3,801+,32.2,566,45.1,801+,91.2,216,38,514,52.3,=656
771-780,779,Philipps-Universität Marburg ,Germany,Marburg,Europe,n/a,https://www.topuniversities.com/universities/philipps-universitat-marburg,https://www.topuniversities.com/sites/default/files/philipps-universitt-marburg_392_medium.jpg,39.6,475,16.3,701+,7.4,801+,15.1,701+,8.9,801+,31.9,568,65.9,612,19,727,23.9,705,47.6,=770
771-780,780,Rutgers University–Newark,United States,Newark,North America,n/a,https://www.topuniversities.com/universities/rutgers-university-newark,https://www.topuniversities.com/sites/default/files/rutgers-the-state-university-of-new-jersey_592560cf2aeae70239af52b1_medium.jpg,26,623,13.7,701+,26.1,718,14.2,701+,44.6,394,44.8,450,26.9,801+,31.2,575,49.1,423,61.2,=474
771-780,781,Thapar Institute of Engineering & Technology,India,Patiala,Asia,n/a,https://www.topuniversities.com/universities/thapar-institute-engineering-technology,https://www.topuniversities.com/sites/default/files/thapar-institute-of-engineering-and-technology-deemed-to-be-university_592560e59988f300e2321c69_medium.jpg,71.2,206,4,701+,14.3,801+,9.3,701+,11.6,801+,4.7,801+,33.7,801+,17.1,763,8.7,801+,58.5,=534
771-780,782,Universidad de Palermo (UP),Argentina,Buenos Aires,Latin America,n/a,https://www.topuniversities.com/universities/universidad-de-palermo,https://www.topuniversities.com/sites/default/files/universidad-de-palermo-up_592560cf2aeae70239af54de_medium.jpg,1.1,801+,15.8,701+,96,68,16,701+,10.1,801+,94.3,136,3.6,801+,42,481,90,148,n/a,n/a
771-780,783,Universitat Rovira i Virgili,Spain,Tarragona,Europe,n/a,https://www.topuniversities.com/universities/universitat-rovira-i-virgili,https://www.topuniversities.com/sites/default/files/universitat-rovira-i-virgili_592560cf2aeae70239af5826_medium.jpg,48,388,9.5,701+,19.9,801+,4.5,701+,1.8,801+,28.4,610,82.2,309,9.8,801+,34.4,559,65,=398
771-780,784,University of Calcutta,India,Kolkata,Asia,n/a,https://www.topuniversities.com/universities/university-calcutta,https://www.topuniversities.com/sites/default/files/university-of-calcutta_592560cf2aeae70239af4ad4_medium.jpg,33.9,538,19.7,628,7.7,801+,11.1,701+,61.6,253,1.3,801+,57,735,31.3,574,5.7,801+,34.4,801+
781-790,785,Alexandria University ,Egypt,Alexandria,Africa,n/a,https://www.topuniversities.com/universities/alexandria-university,https://www.topuniversities.com/sites/default/files/alexandria-university_1209_medium.jpg,3.5,801+,32.7,376,7.2,801+,24.2,555,33,514,13.6,801+,80.7,341,1.9,801+,19,780,56.6,=568
781-790,786,Carleton University,Canada,Ottawa,North America,n/a,https://www.topuniversities.com/universities/carleton-university,https://www.topuniversities.com/sites/default/files/251126071407pm239929Carleton-University-Shield-90x90.jpg,18.6,743,15.6,701+,7.3,801+,16.8,701+,43.1,407,56.9,364,74.9,443,17.6,756,42.4,489,61.1,=477
781-790,787,Georgia State University,United States,Atlanta,North America,n/a,https://www.topuniversities.com/universities/georgia-state-university,https://www.topuniversities.com/sites/default/files/georgia-state-university_592560cf2aeae70239af4b65_medium.jpg,33.2,547,14.8,701+,6,801+,29.1,486,29,572,18.9,747,64.6,627,6.6,801+,14.3,801+,47.3,=780
781-790,788,Hong Kong Metropolitan University,Hong Kong SAR,Hong Kong,Asia,n/a,https://www.topuniversities.com/universities/hong-kong-metropolitan-university,https://www.topuniversities.com/sites/default/files/241128081739am970254HKMU--LOGO-90x90.jpg,9.7,801+,26.5,476,4.2,801+,7.1,701+,29.3,563,92.9,147,11.2,801+,90.3,222,81.9,189,36.6,801+
781-790,789,Kuwait University,Kuwait,Kuwait City,Asia,n/a,https://www.topuniversities.com/universities/kuwait-university,https://www.topuniversities.com/sites/default/files/231022092206am554044%D8%B4%D8%B9%D8%A7%D8%B1-%D8%A7%D9%84%D8%AC%D8%A7%D9%85%D8%B9%D8%A9-200-px-01-90x90.jpg,5.5,801+,20.9,594,9.4,801+,17.5,701+,97.1,56,32,567,55.1,769,24.1,662,37.8,519,58.3,=539
781-790,790,Technological University Dublin,Ireland,Dublin,Europe,n/a,https://www.topuniversities.com/universities/technological-university-dublin,https://www.topuniversities.com/sites/default/files/technological-university-of-dublin_592560cf2aeae70239af4b28_medium.jpg,6.1,801+,17.7,690,18,801+,22.4,594,22.6,679,63.7,312,53.7,787,49.8,440,67.3,288,58.7,=528
781-790,791,Universidad de Antioquia,Colombia,Medellin,Latin America,n/a,https://www.topuniversities.com/universities/universidad-de-antioquia,https://www.topuniversities.com/sites/default/files/universidad-de-antioquia_592560cf2aeae70239af5149_medium.jpg,7.1,801+,39.7,304,5.9,801+,24.1,557,26.7,612,n/a,n/a,55.7,753,4.9,801+,n/a,n/a,45.5,801+
781-790,792,Universidad del Rosario,Colombia,Bogotá,Latin America,n/a,https://www.topuniversities.com/universities/universidad-del-rosario,https://www.topuniversities.com/sites/default/files/universidad-del-rosario_592560cf2aeae70239af514d_medium.jpg,4.4,801+,23.8,531,35.1,563,32.7,439,48.5,357,5.8,801+,31.2,801+,9.8,801+,4.6,801+,58.2,=543
781-790,793,Universidade Católica Portuguesa,Portugal,Lisbon,Europe,n/a,https://www.topuniversities.com/universities/universidade-catolica-portuguesa,https://www.topuniversities.com/sites/default/files/260414111537am918917020926-CATOLICA-LogoMarca-CMYK-Logo-Catolica-Dark-Blue-90x90.jpg,12.9,801+,16.5,701+,14.1,801+,31.2,459,57.7,286,58.3,353,33.8,801+,17.1,767,62.3,320,47.9,=763
781-790,794,University of Alicante,Spain,Alicante,Europe,n/a,https://www.topuniversities.com/universities/university-alicante,https://www.topuniversities.com/sites/default/files/universidad-de-alicante_592560cf2aeae70239af5067_medium.jpg,14.2,801+,21.1,589,36,556,11.5,701+,10.4,801+,21.4,704,79.3,362,11.5,801+,27.5,644,70.9,=301
781-790,795,University of Kentucky,United States,Lexington,North America,n/a,https://www.topuniversities.com/universities/university-kentucky,https://www.topuniversities.com/sites/default/files/university-of-kentucky_316_medium.jpg,32.1,561,15,701+,19.2,801+,15,701+,24.4,651,5.7,801+,77.3,401,18.2,739,4.5,801+,59.6,=509
781-790,796,University of Mons ,Belgium,Mons,Europe,n/a,https://www.topuniversities.com/universities/university-mons,https://www.topuniversities.com/sites/default/files/university-of-mons-_592560cf2aeae70239af4f68_medium.jpg,53.2,349,7,701+,5.2,801+,8.1,701+,7.3,801+,47,432,43.6,801+,40.9,491,50.6,409,54.4,=613
781-790,797,V. N. Karazin Kharkiv National University,Ukraine,Kharkiv,Europe,n/a,https://www.topuniversities.com/universities/v-n-karazin-kharkiv-national-university,https://www.topuniversities.com/sites/default/files/v.-n.-karazin-kharkiv-national-university_19511_medium.jpg,1.9,801+,14.3,701+,70.5,222,30.2,470,4.6,801+,67.8,291,35.2,801+,4.4,801+,69,276,46.2,801+
781-790,798,Wayne State University,United States,Detroit,North America,n/a,https://www.topuniversities.com/universities/wayne-state-university,https://www.topuniversities.com/sites/default/files/wayne-state-university_592560cf2aeae70239af51d1_medium.jpg,18,752,9,701+,70.3,228,6.8,701+,34.1,499,10.5,801+,69.8,536,17.9,747,8.1,801+,66.9,=363
791-800,799,Applied Science Private University - Jordan,Jordan,Amman,Asia,n/a,https://www.topuniversities.com/universities/applied-science-private-university-jordan,https://www.topuniversities.com/sites/default/files/250210083556am601837logo-ASU-01-90x90.jpg,7.4,801+,16.4,701+,30,631,27.8,497,5.9,801+,82.1,212,44.9,801+,36.3,528,79.3,214,39.4,801+
791-800,800,Beijing University of Technology,China (Mainland),Beijing,Asia,n/a,https://www.topuniversities.com/universities/beijing-university-technology,https://www.topuniversities.com/sites/default/files/beijing-university-of-technology_2012_medium.jpg,55.4,325,9,701+,41.9,481,10.8,701+,7.6,801+,2.7,801+,38.4,801+,5.3,801+,7.5,801+,33.4,801+
791-800,801,Chiba University,Japan,Chiba City,Asia,n/a,https://www.topuniversities.com/universities/chiba-university,https://www.topuniversities.com/sites/default/files/chiba-university_119_medium.jpg,17.8,755,22.5,555,65.8,261,12.5,701+,6.2,801+,7.9,801+,30.2,801+,11.3,801+,12.1,801+,48.7,=737
791-800,802,Lanzhou University,China (Mainland),Lanzhou,Asia,n/a,https://www.topuniversities.com/universities/lanzhou-university,https://www.topuniversities.com/sites/default/files/lanzhou-university_592560cf2aeae70239af4df2_medium.jpg,47.7,393,9.4,701+,43.4,460,5.3,701+,11.1,801+,2.2,801+,69.6,540,3,801+,1.9,801+,45.3,801+
791-800,803,Norwegian University of Life Sciences,Norway,Ås,Europe,n/a,https://www.topuniversities.com/universities/norwegian-university-life-sciences,https://www.topuniversities.com/sites/default/files/norwegian-university-of-life-sciences_14423_medium.jpg,13.4,801+,8.2,701+,100,15,8.2,701+,25.5,630,n/a,n/a,77.7,390,n/a,n/a,n/a,n/a,50.8,=688
791-800,804,Pontificia Universidad Católica de Valparaíso,Chile,Valparaíso,Latin America,n/a,https://www.topuniversities.com/universities/pontificia-universidad-catolica-de-valparaiso,https://www.topuniversities.com/sites/default/files/pontificia-universidad-catlica-de-valparaso_733_medium.jpg,13.2,801+,36.4,332,6.8,801+,29,487,12.2,801+,2.6,801+,43.3,801+,15.1,801+,2.2,801+,36.9,801+
791-800,805,Universiti Tunku Abdul Rahman (UTAR),Malaysia,Kampar,Asia,n/a,https://www.topuniversities.com/universities/universiti-tunku-abdul-rahman-utar,https://www.topuniversities.com/sites/default/files/universiti-tunku-abdul-rahman-utar_592560cf2aeae70239af5243_medium.jpg,13.4,801+,19.4,636,19.2,801+,43.9,304,5.1,801+,8,801+,51.7,801+,15.8,784,11.9,801+,57.7,548
791-800,806,Wake Forest University,United States,Winston-Salem,North America,n/a,https://www.topuniversities.com/universities/wake-forest-university,https://www.topuniversities.com/sites/default/files/wake-forest-university_661_medium.jpg,11.9,801+,7.4,701+,100,6,18.9,688,28.3,589,16,798,38.8,801+,6.2,801+,12.1,801+,42.2,801+
801-850,807,AGH University of Krakow,Poland,Krakow,Europe,n/a,https://www.topuniversities.com/universities/agh-university-krakow,https://www.topuniversities.com/sites/default/files/agh-university-of-science-and-technology_1461_medium.jpg,12.7,801+,13.1,701+,54.7,344,30.6,465,4,801+,7.3,801+,75.6,430,4.4,801+,12.1,801+,47.4,=776
801-850,808,Ahlia University,Bahrain,Manama,Asia,n/a,https://www.topuniversities.com/universities/ahlia-university,https://www.topuniversities.com/sites/default/files/ahlia-university_592560cf2aeae70239af544c_medium.jpg,10.3,801+,18.1,677,38.4,528,9.9,701+,12.1,801+,61.7,330,11.1,801+,100,51,46,454,26.4,801+
801-850,809,Alfaisal University,Saudi Arabia,Riyadh,Asia,n/a,https://www.topuniversities.com/universities/alfaisal-university,https://www.topuniversities.com/sites/default/files/alfaisal-university_592560cf2aeae70239af52dd_medium.jpg,21.8,687,7.9,701+,31.7,605,5.9,701+,5.7,801+,96.7,102,28.1,801+,100,29,92.4,127,31,801+
801-850,810,Azerbaijan State University of Economics,Azerbaijan,Baku,Asia,n/a,https://www.topuniversities.com/universities/azerbaijan-state-university-economics,https://www.topuniversities.com/sites/default/files/azerbaijan-state-university-of-economics_14955_medium.jpg,1.5,801+,21.2,587,36.7,548,37.2,379,51.5,329,10.7,801+,11.7,801+,32,563,13.9,801+,39.2,801+
801-850,811,Bournemouth University,United Kingdom,Poole,Europe,n/a,https://www.topuniversities.com/universities/bournemouth-university,https://www.topuniversities.com/sites/default/files/bournemouth-university_592560cf2aeae70239af4ac4_medium.jpg,29.4,594,8,701+,8.1,801+,11,701+,7.7,801+,47.7,422,76.3,418,84.7,261,52.6,391,43.4,801+
801-850,812,De Montfort University,United Kingdom,Leicester,Europe,n/a,https://www.topuniversities.com/universities/de-montfort-university,https://www.topuniversities.com/sites/default/files/de-montfort-university_592560cf2aeae70239af4d9f_medium.jpg,16.7,770,6.4,701+,6.8,801+,9.5,701+,10.5,801+,96.4,107,57.1,734,81.4,284,96.6,92,64.5,=409
801-850,813,Donghua University,China (Mainland),Shanghai,Asia,n/a,https://www.topuniversities.com/universities/donghua-university,https://www.topuniversities.com/sites/default/files/donghua-university_592560cf2aeae70239af526e_medium.jpg,70.6,213,4.5,701+,32.4,596,4.4,701+,5.1,801+,4.2,801+,32.1,801+,2,801+,3.4,801+,28.5,801+
801-850,814,Gdańsk University of Technology,Poland,Gdańsk,Europe,n/a,https://www.topuniversities.com/universities/gdansk-university-technology,https://www.topuniversities.com/sites/default/files/gdask-university-of-technology_592560e59988f300e2321bdf_medium.jpg,25.5,630,12,701+,31.8,603,24.1,560,4,801+,7.8,801+,70,531,6.9,801+,12.7,801+,64,=422
801-850,815,German Jordanian University,Jordan,Amman,Asia,n/a,https://www.topuniversities.com/universities/german-jordanian-university,https://www.topuniversities.com/sites/default/files/german-jordanian-university_592560e29988f300e2321333_medium.jpg,12.7,801+,14.6,701+,34.6,569,28.7,490,11.3,801+,23.9,676,18.3,801+,85.3,256,26,668,22.1,801+
801-850,816,Indian Institute of Technology Gandhinagar (IITGN),India,Gandhinagar,Asia,n/a,https://www.topuniversities.com/universities/indian-institute-technology-gandhinagar-iitgn,https://www.topuniversities.com/sites/default/files/211021090704am976397Webp.net-resizeimage-2021-10-21T120700.404-90x90.jpg,53.2,350,7,701+,51.9,364,9.1,701+,1.9,801+,2.2,801+,20.1,801+,2.7,801+,6.4,801+,42.3,801+
801-850,817,Instituto Tecnológico Autónomo de México (ITAM),Mexico,Mexico City,Latin America,n/a,https://www.topuniversities.com/universities/instituto-tecnologico-autonomo-de-mexico-itam,https://www.topuniversities.com/sites/default/files/instituto-tecnolgico-autnomo-de-mxico-itam_592560cf2aeae70239af4da6_medium.jpg,2.7,801+,21.5,575,22.3,784,40,343,80,159,2.2,801+,8.7,801+,51.1,436,6.6,801+,24.6,801+
801-850,818,Keele University,United Kingdom,Keele,Europe,n/a,https://www.topuniversities.com/universities/keele-university,https://www.topuniversities.com/sites/default/files/230707030402pm540140200px-x-200px-logo-90x90.jpg,28.5,600,8.5,701+,21.3,801+,8,701+,10.1,801+,50.7,408,66.4,601,60.9,385,42.3,490,39.4,801+
801-850,819,Middlesex University,United Kingdom,London,Europe,n/a,https://www.topuniversities.com/universities/middlesex-university,https://www.topuniversities.com/sites/default/files/middlesex-university_592560cf2aeae70239af4c19_medium.jpg,14.3,801+,7.5,701+,11.3,801+,9.3,701+,24.6,647,99.7,49,56.5,744,88.6,233,99.7,39,40,801+
801-850,820,"National Technical University of Ukraine ""Igor Sikorsky Kyiv Polytechnic Institute""",Ukraine,Kyiv,Europe,n/a,https://www.topuniversities.com/universities/national-technical-university-ukraine-igor-sikorsky-kyiv-polytechnic-institute,https://www.topuniversities.com/sites/default/files/national-technical-university-of-ukraine-igor-sikorsky-kyiv-polytechnic-institute_592560cf2aeae70239af55b9_medium.jpg,2.1,801+,18.4,663,38.5,527,49,261,48.8,355,3,801+,22.7,801+,1.3,801+,7.3,801+,37.2,801+
801-850,821,Northwest Agriculture and Forestry University,China (Mainland),Yangling,Asia,n/a,https://www.topuniversities.com/universities/northwest-agriculture-forestry-university,https://www.topuniversities.com/sites/default/files/northwest-agriculture-and-forestry-university_592560cf2aeae70239af4df6_medium.jpg,61.5,278,5.2,701+,35,565,2.9,701+,5.1,801+,2,801+,70.6,516,n/a,n/a,1.7,801+,39,801+
801-850,822,Ocean University of China,China (Mainland),Qingdao,Asia,n/a,https://www.topuniversities.com/universities/ocean-university-china,https://www.topuniversities.com/sites/default/files/ocean-university-of-china_592560cf2aeae70239af5282_medium.jpg,72.1,198,6.3,701+,9.6,801+,5.8,701+,3.9,801+,2.6,801+,49.8,801+,4,801+,2.2,801+,41.5,801+
801-850,823,Politecnico di Bari,Italy,Bari,Europe,n/a,https://www.topuniversities.com/universities/politecnico-di-bari,https://www.topuniversities.com/sites/default/files/politecnico-di-bari_592560cf2aeae70239af5002_medium.jpg,64.7,251,9.8,701+,13.1,801+,9,701+,3.7,801+,13.1,801+,47.6,801+,6.3,801+,10,801+,27.4,801+
801-850,824,Qassim University,Saudi Arabia,Buraydah,Asia,n/a,https://www.topuniversities.com/universities/qassim-university,https://www.topuniversities.com/sites/default/files/qassim-university_592560cf2aeae70239af52de_medium.jpg,3.8,801+,15.5,701+,47,421,6.5,701+,3,801+,25.1,661,72.1,497,100,64,31.1,600,52.2,=658
801-850,825,Soochow University,China (Mainland),Suzhou,Asia,n/a,https://www.topuniversities.com/universities/soochow-university,https://www.topuniversities.com/sites/default/files/soochow-university_592560cf2aeae70239af4dfa_medium.jpg,57.3,305,9.2,701+,25.8,721,8.2,701+,24,657,2.4,801+,51.1,801+,3.4,801+,7.2,801+,35.6,801+
801-850,826,"The New School, New York City and Paris",United States,New York,North America,n/a,https://www.topuniversities.com/universities/new-school-new-york-city-paris,https://www.topuniversities.com/sites/default/files/221221080326pm130396TNS-Logo3-Large-RGB%402x-90x90.jpg,4.6,801+,20.4,603,47.6,411,17.9,701+,24.9,641,97.9,92,21.1,801+,8.2,801+,98,80,24.1,801+
801-850,827,Tokyo University of Science,Japan,Kagurazaka,Asia,n/a,https://www.topuniversities.com/universities/tokyo-university-science,https://www.topuniversities.com/sites/default/files/tokyo-university-of-science_14169_medium.jpg,16.3,778,11.5,701+,12.1,801+,57.5,205,49,353,7.2,801+,22.6,801+,15.1,801+,10.7,801+,46.5,801+
801-850,828,Universidad San Francisco de Quito USFQ,Ecuador,Quito,Latin America,n/a,https://www.topuniversities.com/universities/universidad-san-francisco-de-quito-usfq,https://www.topuniversities.com/sites/default/files/250514080051pm522863logo-usfq1500x1500px-90x90.jpg,4.6,801+,25,510,41.4,489,18.2,701+,12.5,801+,2.9,801+,32.1,801+,57.2,403,7.3,801+,54.8,=606
801-850,829,Universidad de La Habana,Cuba,Havana,Latin America,n/a,https://www.topuniversities.com/universities/universidad-de-la-habana,https://www.topuniversities.com/sites/default/files/221020033509pm867038295-UH-Color-90x90.jpg,2.4,801+,19.9,617,71,218,17.8,701+,86,131,6.9,801+,19.3,801+,3.3,801+,5.3,801+,32.2,801+
801-850,830,Universidad de Montevideo (UM),Uruguay,Montevideo,Latin America,n/a,https://www.topuniversities.com/universities/universidad-de-montevideo-um,https://www.topuniversities.com/sites/default/files/universidad-de-montevideo-um_695_medium.jpg,1.4,801+,24.9,513,81.2,161,25.8,525,13.4,801+,6.1,801+,7.9,801+,27,625,9.9,801+,11.7,801+
801-850,831,Universidade Federal de Santa Catarina ,Brazil,Florianópolis,Latin America,n/a,https://www.topuniversities.com/universities/universidade-federal-de-santa-catarina,https://www.topuniversities.com/sites/default/files/universidade-federal-de-santa-catarina_2746_medium.jpg,15.8,786,26.1,485,25.2,731,8.3,701+,23.7,659,4,801+,64.4,631,5.9,801+,8.7,801+,65.2,=393
801-850,832,Universidade Federal de São Paulo,Brazil,São Paulo,Latin America,n/a,https://www.topuniversities.com/universities/universidade-federal-de-sao-paulo,https://www.topuniversities.com/sites/default/files/universidade-federal-de-so-paulo_2750_medium.jpg,10.4,801+,14.1,701+,97.9,59,8.8,701+,3.6,801+,2.2,801+,49.5,801+,6.1,801+,6.7,801+,61.8,=460
801-850,833,Universidade de Brasília,Brazil,Brasília,Latin America,n/a,https://www.topuniversities.com/universities/universidade-de-brasilia,https://www.topuniversities.com/sites/default/files/universidade-de-braslia_1726_medium.jpg,8.3,801+,34.8,347,9,801+,10.8,701+,36.3,476,2.1,801+,63.7,639,12.8,801+,6.7,801+,66.6,=368
801-850,834,Universita' Politecnica delle Marche,Italy,Ancona,Europe,n/a,https://www.topuniversities.com/universities/universita-politecnica-delle-marche,https://www.topuniversities.com/sites/default/files/universita-politecnica-delle-marche_592560cf2aeae70239af501b_medium.jpg,55.3,326,8,701+,17.1,801+,5.2,701+,3.9,801+,11.6,801+,77.4,396,8.6,801+,17.5,801+,57.3,=555
801-850,835,Universiti Malaysia Terengganu (UMT),Malaysia,Kuala Terengganu,Asia,n/a,https://www.topuniversities.com/universities/universiti-malaysia-terengganu-umt,https://www.topuniversities.com/sites/default/files/universiti-malaysia-terengganu-umt_1987_medium.jpg,28.9,596,16.7,701+,18.6,801+,8.2,701+,5,801+,30.3,588,58.9,709,23.6,668,31.7,592,58.2,=543
801-850,836,University of Bari,Italy,Bari,Europe,n/a,https://www.topuniversities.com/universities/university-bari,https://www.topuniversities.com/sites/default/files/university-of-bari_45_medium.jpg,43.1,437,16.8,701+,7.4,801+,5.3,701+,12.2,801+,4,801+,80.7,338,6.9,801+,9.1,801+,56.3,=573
801-850,837,University of Brighton,United Kingdom,Brighton,Europe,n/a,https://www.topuniversities.com/universities/university-brighton,https://www.topuniversities.com/sites/default/files/250319040610pm863025Uni-of-Brighton-logo-black-300x300px-90x90.jpg,24.9,642,9.6,701+,12.4,801+,9.7,701+,11.5,801+,68.1,289,73.1,486,64.9,359,71.2,260,39.1,801+
801-850,838,University of Engineering & Technology (UET) Lahore,Pakistan,Lahore,Asia,n/a,https://www.topuniversities.com/universities/university-engineering-technology-uet-lahore,https://www.topuniversities.com/sites/default/files/university-of-engineering-technology-uet-lahore_592560cf2aeae70239af4d82_medium.jpg,15.1,801+,11.1,701+,20.4,801+,49.1,260,54.1,310,2.3,801+,56.5,746,n/a,n/a,6.5,801+,40.7,801+
801-850,839,University of Greenwich,United Kingdom,London,Europe,n/a,https://www.topuniversities.com/universities/university-greenwich,https://www.topuniversities.com/sites/default/files/university-of-greenwich_592560cf2aeae70239af50f0_medium.jpg,15.2,801+,6.2,701+,5.2,801+,7,701+,19.7,731,99.6,54,75.8,421,94,193,99.6,43,44.9,801+
801-850,840,University of Hyderabad,India,Hyderabad,Asia,n/a,https://www.topuniversities.com/universities/university-hyderabad,https://www.topuniversities.com/sites/default/files/university-of-hyderabad_592560cf2aeae70239af4d86_medium.jpg,54.5,335,17.7,692,20.7,801+,4.6,701+,3.4,801+,2.6,801+,34,801+,n/a,n/a,6.9,801+,42.1,801+
801-850,841,University of Latvia,Latvia,Riga,Europe,n/a,https://www.topuniversities.com/universities/university-latvia,https://www.topuniversities.com/sites/default/files/250324053503am319363LU-logotips-LAT-90x90.jpg,10.4,801+,14.5,701+,10,801+,22.8,581,92,89,10,801+,66.6,595,16.1,775,15.8,801+,56,=579
801-850,842,University of Lincoln,United Kingdom,Lincoln,Europe,n/a,https://www.topuniversities.com/universities/university-lincoln,https://www.topuniversities.com/sites/default/files/university-of-lincoln_592560cf2aeae70239af50f6_medium.jpg,14.6,801+,8,701+,13,801+,9.3,701+,6,801+,73.7,260,73.7,478,84.8,259,75.2,234,63.8,=427
801-850,843,"University of Maryland, Baltimore",United States,Baltimore,North America,n/a,https://www.topuniversities.com/universities/university-maryland-baltimore,https://www.topuniversities.com/sites/default/files/university-of-maryland-baltimore_5ca2179210ca6023896347d9_medium.jpg,22.5,678,7.6,701+,100,3,2.3,701+,2.3,801+,10.2,801+,45.7,801+,22.1,687,7.9,801+,41.3,801+
801-850,844,"University of Maryland, Baltimore County",United States,Baltimore,North America,n/a,https://www.topuniversities.com/universities/university-maryland-baltimore-county,https://www.topuniversities.com/sites/default/files/university-of-maryland-baltimore-county_592560cf2aeae70239af52af_medium.jpg,20,710,13.6,701+,18.9,801+,8.2,701+,10.3,801+,50.8,406,45.4,801+,72.9,325,55.5,371,66,=381
801-850,845,University of Modena and Reggio Emilia,Italy,Modena,Europe,n/a,https://www.topuniversities.com/universities/university-modena-reggio-emilia,https://www.topuniversities.com/sites/default/files/university-of-modena-and-reggio-emilia_411_medium.jpg,56.7,310,12.3,701+,4.6,801+,7.6,701+,20.3,719,7.5,801+,55.1,767,4.8,801+,13.1,801+,54.4,=613
801-850,846,University of Namur,Belgium,Namur,Europe,n/a,https://www.topuniversities.com/universities/university-namur,https://www.topuniversities.com/sites/default/files/230201095828am394887UNamur200x200-90x90.jpg,44.4,421,6.4,701+,5.8,801+,8.8,701+,10.3,801+,59.3,345,47.5,801+,37.2,521,62.7,316,53.4,=632
801-850,847,University of Palermo,Italy,Palermo,Europe,n/a,https://www.topuniversities.com/universities/university-palermo,https://www.topuniversities.com/sites/default/files/university-of-palermo_592560cf2aeae70239af5347_medium.jpg,45,415,17.8,688,7.1,801+,4.8,701+,6.4,801+,3.8,801+,84,274,3.3,801+,8.8,801+,44.3,801+
801-850,848,University of Salerno,Italy,Fisciano,Europe,n/a,https://www.topuniversities.com/universities/university-salerno,https://www.topuniversities.com/sites/default/files/university-of-salerno_592560cf2aeae70239af51f9_medium.jpg,46.9,404,12.3,701+,9.6,801+,6.1,701+,5.4,801+,2.6,801+,85.5,246,4.4,801+,7.4,801+,58.4,=536
801-850,849,University of Ulsan,South Korea,Ulsan,Asia,n/a,https://www.topuniversities.com/universities/university-ulsan,https://www.topuniversities.com/sites/default/files/university-of-ulsan_1111_medium.jpg,50.1,374,6,701+,60.2,300,3.8,701+,6.4,801+,3.6,801+,29.1,801+,2.7,801+,7.9,801+,44.2,801+
801-850,850,University of Westminster,United Kingdom,London,Europe,n/a,https://www.topuniversities.com/universities/university-westminster,https://www.topuniversities.com/sites/default/files/university-of-westminster_592560cf2aeae70239af4d26_medium.jpg,9,801+,12.3,701+,7.1,801+,11.4,701+,34.2,498,99.2,65,37.6,801+,85.2,257,99.2,54,40.3,801+
801-850,851,University of Wroclaw,Poland,Wroclaw,Europe,n/a,https://www.topuniversities.com/universities/university-wroclaw,https://www.topuniversities.com/sites/default/files/250327084651am354532UWR-LOGO-sygnet-RGB-90x90.jpg,6.9,801+,20.6,599,45,436,22,603,18.5,749,15.6,801+,63.2,648,7.2,801+,21.7,736,45.3,801+
801-850,852,Università degli Studi di Perugia,Italy,Perugia,Europe,n/a,https://www.topuniversities.com/universities/universita-degli-studi-di-perugia,https://www.topuniversities.com/sites/default/files/universit-degli-studi-di-perugia_497_medium.jpg,53,355,12,701+,5,801+,5.2,701+,5.2,801+,10,801+,71.5,507,8.8,801+,13.9,801+,49.3,=725
801-850,853,Universität Duisburg-Essen,Germany,Duisburg,Europe,n/a,https://www.topuniversities.com/universities/universitat-duisburg-essen,https://www.topuniversities.com/sites/default/files/universitt-duisburg-essen_199_medium.jpg,15.3,799,16.1,701+,21.9,794,8.1,701+,16.9,788,52.7,391,90.5,168,33,555,57.2,357,44.9,801+
801-850,854,Viet Nam National University Ho Chi Minh City (VNU-HCM),Vietnam,Ho Chi Minh City,Asia,n/a,https://www.topuniversities.com/universities/viet-nam-national-university-ho-chi-minh-city-vnu-hcm,https://www.topuniversities.com/sites/default/files/vietnam-national-university-ho-chi-minh-city-vnu-hcm_592560cf2aeae70239af4d92_medium.jpg,3.9,801+,29.1,426,7.1,801+,44.7,300,34.4,495,1.2,801+,46.8,801+,7.3,801+,5.7,801+,45.1,801+
801-850,855,Zurich University of Applied Sciences (ZHAW),Switzerland,Winterthur,Europe,n/a,https://www.topuniversities.com/universities/zurich-university-applied-sciences-zhaw,https://www.topuniversities.com/sites/default/files/220318050904pm242987zhaw-zurich-university-of-applied-sciences-logo-90x90.jpg,5,801+,7.2,701+,81.1,164,12.5,701+,7.4,801+,25.1,659,43.1,801+,73.9,319,31.2,597,55.1,=602
851-900,856,Addis Ababa University,Ethiopia,Addis Ababa,Africa,n/a,https://www.topuniversities.com/universities/addis-ababa-university,https://www.topuniversities.com/sites/default/files/addis-ababa-university_592560df9988f300e23208f9_medium.jpg,2.5,801+,7.8,701+,65.3,267,12.1,701+,96.9,62,n/a,n/a,63.8,636,n/a,n/a,n/a,n/a,41.7,801+
851-900,857,Altai State University,Russia,Barnaul,Europe,n/a,https://www.topuniversities.com/universities/altai-state-university,https://www.topuniversities.com/sites/default/files/altai-state-university_592560cf2aeae70239af505f_medium.jpg,1.9,801+,12.9,701+,90.7,101,7,701+,2,801+,71.3,266,18.3,801+,8.6,801+,68.1,283,46.2,801+
851-900,858,Auburn University,United States,Auburn,North America,n/a,https://www.topuniversities.com/universities/auburn-university,https://www.topuniversities.com/sites/default/files/auburn-university_592560cf2aeae70239af51d3_medium.jpg,24.3,650,11.6,701+,10.7,801+,17.6,701+,29.6,553,10.1,801+,57.2,728,58.1,397,16,801+,50.1,=701
851-900,859,Australian Catholic University,Australia,Melbourne,Oceania,n/a,https://www.topuniversities.com/universities/australian-catholic-university,https://www.topuniversities.com/sites/default/files/australian-catholic-university_592560cf2aeae70239af4dc8_medium.jpg,19.4,724,12,701+,8,801+,11.8,701+,1.7,801+,61.7,329,35.6,801+,86.4,251,65.4,301,49.3,=725
851-900,860,Azerbaijan State Oil and Industry University,Azerbaijan,Baku,Asia,n/a,https://www.topuniversities.com/universities/azerbaijan-state-oil-industry-university,https://www.topuniversities.com/sites/default/files/azerbaijan-state-oil-and-industry-university_592560cf2aeae70239af5aa2_medium.jpg,1.5,801+,13.1,701+,73.3,208,19,685,45,391,9.7,801+,8.5,801+,46.8,456,13.9,801+,31,801+
851-900,861,Azerbaijan Technical University,Azerbaijan,"Baku,",Asia,n/a,https://www.topuniversities.com/universities/azerbaijan-technical-university,https://www.topuniversities.com/sites/default/files/211007075136am659518aztu-logo-az200x200-en-90x90.jpg,1.4,801+,19.1,645,82.2,157,25.5,532,11.6,801+,13.4,801+,4.2,801+,13.9,801+,16.5,801+,27.9,801+
851-900,862,Beijing Jiaotong University,China (Mainland),Beijing,Asia,n/a,https://www.topuniversities.com/universities/beijing-jiaotong-university,https://www.topuniversities.com/sites/default/files/beijing-jiaotong-university_592560cf2aeae70239af525e_medium.jpg,34.4,529,12.3,701+,31.4,609,16.8,701+,13.5,801+,17,780,46.1,801+,4.9,801+,12.9,801+,30.8,801+
851-900,863,Belarusian National Technical University (BNTU),Belarus,Minsk,Europe,n/a,https://www.topuniversities.com/universities/belarusian-national-technical-university-bntu,https://www.topuniversities.com/sites/default/files/belarusian-national-technical-university-bntu_592560cf2aeae70239af5828_medium.jpg,1,801+,16.6,701+,64.6,273,41.3,329,7.5,801+,66.9,299,3.2,801+,2.6,801+,62,323,n/a,n/a
851-900,864,Bina Nusantara University (BINUS),Indonesia,Jakarta,Asia,n/a,https://www.topuniversities.com/universities/bina-nusantara-university-binus,https://www.topuniversities.com/sites/default/files/bina-nusantara-university-binus_937_medium.jpg,4.3,801+,20.1,611,28.5,670,33.3,432,20.6,714,8.7,801+,14.4,801+,51.5,429,13.5,801+,41.1,801+
851-900,865,Catania University,Italy,Catania,Europe,n/a,https://www.topuniversities.com/universities/catania-university,https://www.topuniversities.com/sites/default/files/catania-university_592560cf2aeae70239af4aeb_medium.jpg,35.9,517,17.5,701+,8.7,801+,6.2,701+,9.4,801+,8.2,801+,74.4,456,15.4,798,12.6,801+,46.3,801+
851-900,866,China University of Geosciences,China (Mainland),Wuhan,Asia,n/a,https://www.topuniversities.com/universities/china-university-geosciences,https://www.topuniversities.com/sites/default/files/china-university-of-geosciences_2006_medium.jpg,40.1,469,6.6,701+,60.4,299,5.6,701+,1.3,801+,4.5,801+,60,693,1.8,801+,3.6,801+,43.3,801+
851-900,867,Chungnam National University,South Korea,Daejeon,Asia,n/a,https://www.topuniversities.com/universities/chungnam-national-university,https://www.topuniversities.com/sites/default/files/chungnam-national-university_592560cf2aeae70239af4b02_medium.jpg,21,697,11.7,701+,54.7,343,10.6,701+,6.7,801+,20,729,40.8,801+,8.4,801+,25.1,681,59.9,=504
851-900,868,Dhofar University,Oman,Salalah,Asia,n/a,https://www.topuniversities.com/universities/dhofar-university,https://www.topuniversities.com/sites/default/files/dhofar-university_592560cf2aeae70239af5466_medium.jpg,19.6,719,10,701+,12.1,801+,9.5,701+,70.3,208,11.1,801+,35.1,801+,100,21,13.8,801+,18.7,801+
851-900,869,Edinburgh Napier University,United Kingdom,Edinburgh,Europe,n/a,https://www.topuniversities.com/universities/edinburgh-napier-university,https://www.topuniversities.com/sites/default/files/ENU-logo-Stacked-200x200px-90x90.jpg,21.9,686,7.9,701+,6.1,801+,5.5,701+,8.6,801+,84.7,196,59.4,702,89.5,227,86.1,167,40.1,801+
851-900,870,Effat University,Saudi Arabia,Jeddah,Asia,n/a,https://www.topuniversities.com/universities/effat-university,https://www.topuniversities.com/sites/default/files/effat-university_23395_medium.jpg,22.7,674,4.9,701+,25.3,728,5.4,701+,3.4,801+,98.9,73,18.8,801+,100,20,91.3,138,26.1,801+
851-900,871,European University of Lefke,Northern Cyprus,Lefke,Europe,n/a,https://www.topuniversities.com/universities/european-university-lefke,https://www.topuniversities.com/sites/default/files/european-university-of-lefke_5b6973fb9ed4194e0c6500f6_medium.jpg,11.5,801+,6.7,701+,10,801+,14.4,701+,55,303,100,2,13.7,801+,100,66,100,26,18.7,801+
851-900,872,Imam Mohammad Ibn Saud Islamic University – IMSIU,Saudi Arabia,Riyadh,Asia,n/a,https://www.topuniversities.com/universities/imam-mohammad-ibn-saud-islamic-university-imsiu,https://www.topuniversities.com/sites/default/files/al-imam-mohammad-ibn-saud-islamic-university_592560cf2aeae70239af4f14_medium.jpg,2.4,801+,16.7,701+,27.1,696,11.9,701+,35.6,483,18.5,753,56.8,741,91.9,210,24.6,693,34.8,801+
851-900,873,Instituto Politécnico Nacional (IPN),Mexico,Ciudad de México,Latin America,n/a,https://www.topuniversities.com/universities/instituto-politecnico-nacional-ipn,https://www.topuniversities.com/sites/default/files/instituto-politcnico-nacional-ipn_592560cf2aeae70239af5483_medium.jpg,3.1,801+,26.6,474,17,801+,33.9,423,12.7,801+,2.1,801+,47.4,801+,6.7,801+,6.6,801+,56.3,=573
851-900,874,Jiangnan University,China (Mainland),Wuxi,Asia,n/a,https://www.topuniversities.com/universities/jiangnan-university,https://www.topuniversities.com/sites/default/files/jiangnan-university_592560cf2aeae70239af527c_medium.jpg,65,248,5.8,701+,15.6,801+,4.7,701+,1.2,801+,n/a,n/a,58.3,716,n/a,n/a,n/a,n/a,30,801+
851-900,875,Liverpool John Moores University,United Kingdom,Liverpool ,Europe,n/a,https://www.topuniversities.com/universities/liverpool-john-moores-university,https://www.topuniversities.com/sites/default/files/liverpool-john-moores-university_592560cf2aeae70239af50e9_medium.jpg,20.4,707,13.5,701+,9.6,801+,12,701+,11.5,801+,21.2,707,89.7,178,53.8,420,27.3,648,53.9,=624
851-900,876,Louisiana State University,United States,Baton Rouge,North America,n/a,https://www.topuniversities.com/universities/louisiana-state-university,https://www.topuniversities.com/sites/default/files/211217042229pm466378LSU-Logo-90x90.jpg,23.8,659,14.1,701+,9.6,801+,12.9,701+,36.8,471,6.9,801+,63.4,644,22.4,682,12.5,801+,75.4,=228
851-900,877,"Manipal Academy of Higher Education, Manipal, Karnataka, India",India,Manipal,Asia,n/a,https://www.topuniversities.com/universities/manipal-academy-higher-education-manipal-karnataka-india,https://www.topuniversities.com/sites/default/files/manipal-academy-of-higher-education_592560cf2aeae70239af4e15_medium.jpg,9.7,801+,14.7,701+,50.3,379,11.8,701+,13.7,801+,17.4,775,73.7,476,2.9,801+,20.7,752,65,=398
851-900,878,Mendel University in Brno,Czechia,Brno,Europe,n/a,https://www.topuniversities.com/universities/mendel-university-brno,https://www.topuniversities.com/sites/default/files/mendel-university-in-brno_592560e59988f300e2321bf0_medium.jpg,8.3,801+,9.8,701+,68.8,239,8.3,701+,4.8,801+,38.8,507,74.1,461,14.3,801+,41.5,495,49.4,=719
851-900,879,Multimedia University (MMU),Malaysia,Cyberjaya,Asia,n/a,https://www.topuniversities.com/universities/multimedia-university-mmu,https://www.topuniversities.com/sites/default/files/250303023213am305823MMU-logo-QS-90x90.jpg,9.2,801+,18.9,651,17.3,801+,27,508,5.1,801+,56.8,365,26.9,801+,53.6,422,60.8,334,39.1,801+
851-900,880,Nantes Université,France,Nantes,Europe,n/a,https://www.topuniversities.com/universities/nantes-universite,https://www.topuniversities.com/sites/default/files/universit-de-nantes_592560cf2aeae70239af55c0_medium.jpg,30.6,582,14.8,701+,12.3,801+,5.9,701+,4.6,801+,25,665,88.1,201,20.2,709,31,603,48.3,=749
851-900,881,O.P. Jindal Global University (JGU),India,Sonepat,Asia,n/a,https://www.topuniversities.com/universities/op-jindal-global-university-jgu,https://www.topuniversities.com/sites/default/files/o.p.-jindal-global-university_592560cf2aeae70239af5884_medium.jpg,3.2,801+,15.9,701+,66.8,257,29.7,481,3.5,801+,2.1,801+,23.3,801+,34.3,543,6.5,801+,46.7,=799
851-900,882,Oklahoma State University,United States,Stillwater,North America,n/a,https://www.topuniversities.com/universities/oklahoma-state-university,https://www.topuniversities.com/sites/default/files/oklahoma-state-university-_592560cf2aeae70239af5345_medium.jpg,21.3,694,10.6,701+,12.2,801+,12.8,701+,30.6,543,12,801+,71.4,509,65,358,17.9,799,50.5,695
851-900,883,Prince of Songkla University,Thailand,Hat Yai,Asia,n/a,https://www.topuniversities.com/universities/prince-songkla-university,https://www.topuniversities.com/sites/default/files/prince-of-songkla-university_507_medium.jpg,6.9,801+,32.4,380,20.4,801+,13.5,701+,5.6,801+,2.7,801+,55.4,764,7.4,801+,7.2,801+,60.9,=486
851-900,884,Sechenov University,Russia,Moscow,Europe,n/a,https://www.topuniversities.com/universities/sechenov-university,https://www.topuniversities.com/sites/default/files/sechenov-university_592560cf2aeae70239af57de_medium.jpg,10.4,801+,5,701+,63.9,277,10.3,701+,2,801+,74,259,84.3,268,12.2,801+,75.8,231,24.3,801+
851-900,885,Tokyo University of Agriculture and Technology ,Japan,Tokyo,Asia,n/a,https://www.topuniversities.com/universities/tokyo-university-agriculture-technology,https://www.topuniversities.com/sites/default/files/tokyo-university-of-agriculture-and-technology_1030_medium.jpg,40.3,464,15.6,701+,18.7,801+,11.2,701+,1.7,801+,11.3,801+,42.4,801+,11.6,801+,15.3,801+,33.2,801+
851-900,886,UNIVERSITY OF GDAŃSK,Poland,Gdańsk,Europe,n/a,https://www.topuniversities.com/universities/university-gdansk,https://www.topuniversities.com/sites/default/files/260407111217am251830UG-logo-RGB-pionowy-pozytyw-EN-90x90.jpg,7.4,801+,17.4,701+,41.4,488,13.4,701+,23.6,662,5.1,801+,73.9,469,4.5,801+,9.6,801+,71,300
851-900,887,Universidad Anáhuac México,Mexico,Huixquilucan,Latin America,n/a,https://www.topuniversities.com/universities/universidad-anahuac-mexico,https://www.topuniversities.com/sites/default/files/universidad-anahuac_592560cf2aeae70239af4a97_medium.jpg,1.4,801+,18,681,60.9,295,29.7,480,68.7,221,5.2,801+,3.7,801+,6.2,801+,9.5,801+,25.3,801+
851-900,888,Universidad Nacional de Córdoba - UNC,Argentina,Córdoba,Latin America,n/a,https://www.topuniversities.com/universities/universidad-nacional-de-cordoba-unc,https://www.topuniversities.com/sites/default/files/universidad-nacional-de-crdoba-unc_592560cf2aeae70239af511e_medium.jpg,2.3,801+,39,308,8,801+,23.3,576,20,726,2.2,801+,41.3,801+,1.6,801+,1.9,801+,39.1,801+
851-900,889,Universidade de Vigo,Spain,Vigo,Europe,n/a,https://www.topuniversities.com/universities/universidade-de-vigo,https://www.topuniversities.com/sites/default/files/220406023231pm599996220331033736pm534640Logo-UVigo-200x200-90x90.jpg,32.5,555,14,701+,15.4,801+,9.1,701+,5.1,801+,11.4,801+,81.5,323,4.5,801+,8.7,801+,72.7,279
851-900,890,Universiti Pendidikan Sultan Idris (UPSI),Malaysia,Tanjong Malim,Asia,n/a,https://www.topuniversities.com/universities/universiti-pendidikan-sultan-idris-upsi,https://www.topuniversities.com/sites/default/files/universiti-pendidikan-sultan-idris-upsi_592560cf2aeae70239af5245_medium.jpg,5.5,801+,17,701+,39.1,519,18.5,696,5.2,801+,63.4,318,23,801+,45.3,466,56.9,359,42.5,801+
851-900,891,University Duesseldorf,Germany,Düsseldorf,Europe,n/a,https://www.topuniversities.com/universities/university-duesseldorf,https://www.topuniversities.com/sites/default/files/university-duesseldorf_171_medium.jpg,11.5,801+,16.2,701+,60.4,298,11.4,701+,4.9,801+,30.6,584,68.5,558,n/a,n/a,23,720,36.9,801+
851-900,892,"University of Colorado, Denver",United States,Denver,North America,n/a,https://www.topuniversities.com/universities/university-colorado-denver,https://www.topuniversities.com/sites/default/files/university-of-colorado-denver_2116_medium.jpg,5,801+,10.5,701+,100,4,11.7,701+,10.5,801+,20.6,719,39.8,801+,4.3,801+,26.8,659,39.7,801+
851-900,893,University of Dubai,United Arab Emirates,Dubai,Asia,n/a,https://www.topuniversities.com/universities/university-dubai,https://www.topuniversities.com/sites/default/files/university-of-dubai_592560df9988f300e2320a7d_medium.jpg,24.2,652,6,701+,12.6,801+,11.5,701+,11.2,801+,88.7,180,14.4,801+,100,6,82.2,188,19.1,801+
851-900,894,University of Ghana,Ghana,Legon,Africa,n/a,https://www.topuniversities.com/universities/university-ghana,https://www.topuniversities.com/sites/default/files/university-of-ghana_15046_medium.jpg,10.8,801+,17.8,687,2.1,801+,12.4,701+,96.8,63,1.8,801+,80.8,337,8.1,801+,1.6,801+,52.8,651
851-900,895,University of Santo Tomas,Philippines,Manila,Asia,n/a,https://www.topuniversities.com/universities/university-santo-tomas,https://www.topuniversities.com/sites/default/files/university-of-santo-tomas_592560cf2aeae70239af4ca8_medium.jpg,1.7,801+,20.3,605,14.1,801+,45.9,294,25.5,631,9,801+,19.1,801+,38.5,513,7,801+,40.2,801+
851-900,896,University of Seoul ,South Korea,Seoul,Asia,n/a,https://www.topuniversities.com/universities/university-seoul,https://www.topuniversities.com/sites/default/files/university-of-seoul_1113_medium.jpg,16.5,773,17.6,695,49.2,390,15.6,701+,6.9,801+,12,801+,38.4,801+,6.4,801+,16.3,801+,48.5,=743
851-900,897,University of Stavanger,Norway,Stavanger,Europe,n/a,https://www.topuniversities.com/universities/university-stavanger,https://www.topuniversities.com/sites/default/files/220318112016am666420stavanger-90x90.jpg,10.9,801+,10.4,701+,83.2,151,11.2,701+,12.9,801+,n/a,n/a,72.2,496,n/a,n/a,n/a,n/a,45.2,801+
851-900,898,Università degli Studi della Tuscia (University of Tuscia),Italy,Viterbo,Europe,n/a,https://www.topuniversities.com/universities/universita-degli-studi-della-tuscia-university-tuscia,https://www.topuniversities.com/sites/default/files/universita-degli-studi-della-tuscia_592560cf2aeae70239af500f_medium.jpg,67.2,234,4,701+,8.4,801+,1.8,701+,2,801+,28.5,607,40.5,801+,19.3,722,32.8,580,36.7,801+
851-900,899,Universität Rostock,Germany,Rostock,Europe,n/a,https://www.topuniversities.com/universities/universitat-rostock,https://www.topuniversities.com/sites/default/files/universitt-rostock_592560cf2aeae70239af4fdb_medium.jpg,9.5,801+,9.6,701+,92.6,90,5,701+,6.6,801+,21.2,705,77.3,398,n/a,n/a,16,801+,39.5,801+
851-900,900,Université de Franche-Comté,France,Besançon,Europe,n/a,https://www.topuniversities.com/universities/universite-de-franche-comte,https://www.topuniversities.com/sites/default/files/universit-de-franche-comt_592560cf2aeae70239af4f88_medium.jpg,18.7,740,7.6,701+,100,8,3.6,701+,3.8,801+,n/a,n/a,77.4,395,n/a,n/a,n/a,n/a,32,801+
851-900,901,Université du Québec,Canada,Québec,North America,n/a,https://www.topuniversities.com/universities/universite-du-quebec,https://www.topuniversities.com/sites/default/files/universit-du-qubec_512_medium.jpg,16.8,767,20.5,600,2.5,801+,14.9,701+,31.4,531,19,744,65.4,616,40.3,497,14.4,801+,51.6,=669
851-900,902,Verona University,Italy,Verona,Europe,n/a,https://www.topuniversities.com/universities/verona-university,https://www.topuniversities.com/sites/default/files/verona-university_592560cf2aeae70239af5667_medium.jpg,50,375,13.1,701+,5.9,801+,5,701+,6.9,801+,8.4,801+,70.3,523,6.3,801+,14.1,801+,52.7,=652
851-900,903,VILNIUS TECH (Vilnius Gediminas Technical University),Lithuania,Vilnius,Europe,n/a,https://www.topuniversities.com/universities/vilnius-tech-vilnius-gediminas-technical-university,https://www.topuniversities.com/sites/default/files/VT_logo-90x90.jpg,15.6,790,13.8,701+,38.4,529,17.4,701+,9.3,801+,54.3,381,42.7,801+,19.3,723,58.7,347,35.1,801+
851-900,904,Worcester Polytechnic Institute,United States,Worcester,North America,n/a,https://www.topuniversities.com/universities/worcester-polytechnic-institute,https://www.topuniversities.com/sites/default/files/worcester-polytechnic-institute_592560cf2aeae70239af4dc0_medium.jpg,40.7,461,3.7,701+,20.5,801+,15.3,701+,16.7,791,36.6,530,29.4,801+,36.9,522,27.4,647,47.3,=780
851-900,905,Wroclaw University of Science and Technology (Wrocław Tech),Poland,Wrocław,Europe,n/a,https://www.topuniversities.com/universities/wroclaw-university-science-technology-wroclaw-tech,https://www.topuniversities.com/sites/default/files/wroclaw-university-of-technology_592560cf2aeae70239af5039_medium.jpg,10.8,801+,15,701+,45.7,429,31,461,4,801+,10.6,801+,68.8,553,4.7,801+,15.9,801+,31.2,801+
851-900,906,Yarmouk University,Jordan,Irbid,Asia,n/a,https://www.topuniversities.com/universities/yarmouk-university,https://www.topuniversities.com/sites/default/files/yarmouk-university_592560cf2aeae70239af4e72_medium.jpg,5.2,801+,23.4,541,5.3,801+,32,448,42.3,414,25.9,646,44.6,801+,7.7,801+,28.4,634,45.3,801+
901-950,907,American University of Central Asia,Kyrgyzstan,Bishkek,Asia,n/a,https://www.topuniversities.com/universities/american-university-central-asia,https://www.topuniversities.com/sites/default/files/american-university-of-central-asia_592560cf2aeae70239af58d0_medium.jpg,2.4,801+,12.7,701+,60.9,296,14.5,701+,6.6,801+,96.4,105,4.3,801+,58,398,81.5,193,7.5,801+
901-950,908,Baku Engineering University,Azerbaijan,Baku,Asia,n/a,https://www.topuniversities.com/universities/baku-engineering-university,https://www.topuniversities.com/sites/default/files/241216060651am361481Picture2-90x90.jpg,1.5,801+,24.9,511,37.1,542,37.5,373,11.7,801+,8.7,801+,3.8,801+,21.3,693,12.3,801+,29.4,801+
901-950,909,Chonnam National University,South Korea,Gwangju,Asia,n/a,https://www.topuniversities.com/universities/chonnam-national-university,https://www.topuniversities.com/sites/default/files/chonnam-national-university_125_medium.jpg,24,654,12.2,701+,47.3,415,6.8,701+,6.5,801+,16.3,793,29.2,801+,14.6,801+,21.9,731,61.3,=471
901-950,910,"El Colegio de México, A.C.",Mexico,Mexico City,Latin America,n/a,https://www.topuniversities.com/universities/el-colegio-de-mexico-ac,https://www.topuniversities.com/sites/default/files/el-colegio-de-mxico-a.c._592560cf2aeae70239af547b_medium.jpg,2.9,801+,19.5,630,100,1,5.8,701+,3.3,801+,26.7,637,9.8,801+,11.5,801+,20,762,13.9,801+
901-950,911,Future University in Egypt,Egypt,New Cairo,Africa,n/a,https://www.topuniversities.com/universities/future-university-egypt,https://www.topuniversities.com/sites/default/files/future-university-in-egypt_592560cf2aeae70239af5834_medium.jpg,5.3,801+,7.1,701+,47.2,416,40.5,334,3.3,801+,33,558,50.4,801+,18.2,738,34.5,558,35.7,801+
901-950,912,Gazi Üniversitesi,Türkiye,Ankara,Asia,n/a,https://www.topuniversities.com/universities/gazi-universitesi,https://www.topuniversities.com/sites/default/files/gazi-niversitesi_592560cf2aeae70239af50b8_medium.jpg,7.6,801+,23.7,533,9.8,801+,24.4,551,28.9,576,7.5,801+,61.2,676,1.2,801+,13.1,801+,55.6,=589
901-950,913,Gulf University for Science and Technology,Kuwait,Kuwait City,Asia,n/a,https://www.topuniversities.com/universities/gulf-university-science-technology,https://www.topuniversities.com/sites/default/files/240211051651am186387GUST-Logo200x200-90x90.jpg,10.6,801+,15.9,701+,18.4,801+,15.1,701+,11.8,801+,34.6,545,19.5,801+,100,22,37.8,517,28.7,801+
901-950,914,Huazhong Agricultural University,China (Mainland),Wuhan,Asia,n/a,https://www.topuniversities.com/universities/huazhong-agricultural-university,https://www.topuniversities.com/sites/default/files/huazhong-agricultural-university_2047_medium.jpg,65.6,245,5.2,701+,8.5,801+,2.1,701+,5.1,801+,2.4,801+,41.4,801+,5,801+,2,801+,38.8,801+
901-950,915,Jouf University,Saudi Arabia,Sakaka,Asia,n/a,https://www.topuniversities.com/universities/jouf-university,https://www.topuniversities.com/sites/default/files/250114084917am420219JU-Logo2018-90x90.jpg,7,801+,12.6,701+,44.8,440,9.8,701+,2.9,801+,3.2,801+,56.9,740,99.2,126,7.3,801+,23.7,801+
901-950,916,Kanazawa University,Japan,Kanazawa,Asia,n/a,https://www.topuniversities.com/universities/kanazawa-university,https://www.topuniversities.com/sites/default/files/kanazawa-university_592560cf2aeae70239af4bb7_medium.jpg,22.1,684,13.2,701+,58.1,311,7.1,701+,1.7,801+,10.8,801+,33.9,801+,11.6,801+,15.4,801+,53.1,=644
901-950,917,Kansas State University,United States,Manhattan,North America,n/a,https://www.topuniversities.com/universities/kansas-state-university,https://www.topuniversities.com/sites/default/files/kansas-state-university_1912_medium.jpg,31.6,569,9.1,701+,16.2,801+,11.9,701+,21,706,9.5,801+,60.4,685,26.2,633,7.3,801+,43.4,801+
901-950,918,NLC «Buketov Karaganda National Research University»,Kazakhstan,Karaganda,Asia,n/a,https://www.topuniversities.com/universities/nlc-buketov-karaganda-national-research-university,https://www.topuniversities.com/sites/default/files/academician-y.a.-buketov-karaganda-university_592560cf2aeae70239af52e9_medium.jpg,1.2,801+,17.6,698,60,301,36.7,389,10.5,801+,18.5,754,5.7,801+,14.5,801+,19.8,766,22.3,801+
901-950,919,Khon Kaen University,Thailand,Khon Kaen,Asia,n/a,https://www.topuniversities.com/universities/khon-kaen-university,https://www.topuniversities.com/sites/default/files/khon-kaen-university_592560cf2aeae70239af4bc1_medium.jpg,8.8,801+,26.6,472,11.7,801+,22.6,585,5.9,801+,3.3,801+,57.1,733,6.4,801+,7.6,801+,59.9,=504
901-950,920,King Mongkut's University of Technology Thonburi,Thailand,Bangkok,Asia,n/a,https://www.topuniversities.com/universities/king-mongkuts-university-technology-thonburi,https://www.topuniversities.com/sites/default/files/king-mongkuts-university-of-technology-thonburi-_592560cf2aeae70239af4f2a_medium.jpg,17.7,757,20.8,596,17.9,801+,15.1,701+,3.1,801+,7.1,801+,45,801+,11.7,801+,11.5,801+,61.5,=467
901-950,921,London South Bank University,United Kingdom,London,Europe,n/a,https://www.topuniversities.com/universities/london-south-bank-university,https://www.topuniversities.com/sites/default/files/240807021257pm729019Untitled-design-90x90.jpg,8.5,801+,4.9,701+,13.6,801+,6.3,701+,15.2,801+,98.1,87,47.7,801+,94.1,192,98.2,75,50.8,=688
901-950,922,Lovely Professional University (LPU),India,Chaheru,Asia,n/a,https://www.topuniversities.com/universities/lovely-professional-university-lpu,https://www.topuniversities.com/sites/default/files/Logo-2-90x90.jpg,10.9,801+,20,615,17.1,801+,27.3,504,1.7,801+,7,801+,73.7,477,14,801+,11.5,801+,49.4,=719
901-950,923,Macao Polytechnic University,Macau SAR,,Asia,n/a,https://www.topuniversities.com/universities/macao-polytechnic-university,https://www.topuniversities.com/sites/default/files/231123073417am205092MPU-logo-90x90.jpg,3,801+,5.6,701+,34.3,571,10,701+,38.1,454,96.4,106,5.6,801+,100,40,81.5,194,22.6,801+
901-950,924,Michigan Technological University,United States,Houghton,North America,n/a,https://www.topuniversities.com/universities/michigan-technological-university,https://www.topuniversities.com/sites/default/files/michigan-technological-university_1810_medium.jpg,38.2,490,6.2,701+,32.2,599,10.2,701+,4.6,801+,20.1,728,55.2,766,18.2,740,15.2,801+,37.9,801+
901-950,925,Nagasaki University,Japan,Nagasaki City,Asia,n/a,https://www.topuniversities.com/universities/nagasaki-university,https://www.topuniversities.com/sites/default/files/nagasaki-university_592560cf2aeae70239af4c2d_medium.jpg,12.2,801+,9,701+,84.3,143,3.7,701+,3.4,801+,10.8,801+,48.4,801+,8.5,801+,15.3,801+,59.6,=509
901-950,926,Osaka Metropolitan University,Japan,Osaka,Asia,n/a,https://www.topuniversities.com/universities/osaka-metropolitan-university,https://www.topuniversities.com/sites/default/files/230711044707am750078QS1maincolor-001-symbol-90x90.jpg,12.3,801+,18.1,676,57.2,321,14,701+,8.9,801+,5.2,801+,34.1,801+,6.2,801+,9.4,801+,47.7,=765
901-950,927,Panjab University,India,Chandigarh,Asia,n/a,https://www.topuniversities.com/universities/panjab-university,https://www.topuniversities.com/sites/default/files/panjab-university_592560cf2aeae70239af4e1c_medium.jpg,43.5,433,9.4,701+,10.3,801+,11.5,701+,39.6,441,3.2,801+,33,801+,n/a,n/a,7.5,801+,50.9,=684
901-950,928,Princess Sumaya University for Technology,Jordan,Amman,Asia,n/a,https://www.topuniversities.com/universities/princess-sumaya-university-technology,https://www.topuniversities.com/sites/default/files/211107084721am862411PSUT-Logo-Stacked-RGB-90x90.jpg,12.1,801+,11,701+,14.3,801+,36.8,385,6.3,801+,57.2,362,8.8,801+,60.1,390,54.4,377,31.3,801+
901-950,929,Saveetha Institute of Medical And Technical Sciences (SIMATS),India,Tiruvallur,Asia,n/a,https://www.topuniversities.com/universities/saveetha-institute-medical-technical-sciences-simats,https://www.topuniversities.com/sites/default/files/210703074535am738168download-90x90.jpg,20.3,708,8.9,701+,26.2,713,2.9,701+,1.7,801+,10.7,801+,83,293,84,263,15.4,801+,48.2,=751
901-950,930,Taif University,Saudi Arabia,Ta'if,Asia,n/a,https://www.topuniversities.com/universities/taif-university,https://www.topuniversities.com/sites/default/files/taif-university_592560cf2aeae70239af5462_medium.jpg,30.2,586,7,701+,9.2,801+,2.7,701+,2.9,801+,4.7,801+,80.5,343,100,44,9.2,801+,46,801+
901-950,931,Tallinn University,Estonia,Tallinn,Europe,n/a,https://www.topuniversities.com/universities/tallinn-university,https://www.topuniversities.com/sites/default/files/tallinn-university-_592560cf2aeae70239af567b_medium.jpg,9.9,801+,11.1,701+,12.6,801+,12.4,701+,45.6,382,30.6,585,55.1,768,63.9,363,36.5,529,44.3,801+
901-950,932,Tashkent State Technical University,Uzbekistan,Tashkent,Asia,n/a,https://www.topuniversities.com/universities/tashkent-state-technical-university,https://www.topuniversities.com/sites/default/files/tashkent-state-technical-university-named-by-islam-karimov_592560e59988f300e2321bca_medium.jpg,2.1,801+,30.6,399,20.1,801+,16.2,701+,30.7,540,1.8,801+,9.9,801+,62.9,371,6.1,801+,33.9,801+
901-950,933,The University of Alabama,United States,Tuscaloosa,North America,n/a,https://www.topuniversities.com/universities/university-alabama,https://www.topuniversities.com/sites/default/files/university-of-alabama_592560cf2aeae70239af4a91_medium.jpg,18.8,736,12.1,701+,8,801+,29.6,482,29.4,557,4.4,801+,59.7,698,7.1,801+,3.5,801+,53.1,=644
901-950,934,Universidad Católica Andres Bello,Venezuela,Caracas City,Latin America,n/a,https://www.topuniversities.com/universities/universidad-catolica-andres-bello,https://www.topuniversities.com/sites/default/files/universidad-catlica-andres-bello_592560cf2aeae70239af4a98_medium.jpg,1,801+,33.6,362,7.4,801+,56.4,210,22.6,677,5.3,801+,n/a,n/a,5.5,801+,9.2,801+,n/a,n/a
901-950,935,Universidad Católica del Uruguay (UCU),Uruguay,Montevideo,Latin America,n/a,https://www.topuniversities.com/universities/universidad-catolica-del-uruguay-ucu,https://www.topuniversities.com/sites/default/files/universidad-catlica-del-uruguay-ucu_592560cf2aeae70239af54bb_medium.jpg,1.5,801+,18.2,669,77.3,180,25.5,530,27.4,604,6,801+,9.1,801+,13.2,801+,10,801+,22.6,801+
901-950,936,Universidad Europea,Spain,Madrid,Europe,n/a,https://www.topuniversities.com/universities/universidad-europea,https://www.topuniversities.com/sites/default/files/240222083748am296868perfil-qs-90x90.jpg,3,801+,7.7,701+,56.6,328,19.7,668,10.7,801+,96.1,110,11.6,801+,14.4,801+,96.4,95,45,801+
901-950,937,Universidad Iberoamericana Ciudad de México - IBERO,Mexico,Mexico City,Latin America,n/a,https://www.topuniversities.com/universities/universidad-iberoamericana-ciudad-de-mexico-ibero,https://www.topuniversities.com/sites/default/files/240131094720pm844056LOGO-200x200-90x90.jpg,1.8,801+,24.2,526,34.2,575,30.2,469,71.4,203,3.6,801+,5.4,801+,8.1,801+,7.8,801+,25.7,801+
901-950,938,Universidad de Oviedo,Spain,Oviedo,Europe,n/a,https://www.topuniversities.com/universities/universidad-de-oviedo,https://www.topuniversities.com/sites/default/files/universidad-de-oviedo_592560cf2aeae70239af5070_medium.jpg,11.6,801+,18.2,671,34.1,576,8.4,701+,11.9,801+,6,801+,74,468,5.8,801+,11.4,801+,63.7,=429
901-950,939,Universidad de Valladolid,Spain,Valladolid,Europe,n/a,https://www.topuniversities.com/universities/universidad-de-valladolid,https://www.topuniversities.com/sites/default/files/universidad-de-valladolid_592560cf2aeae70239af507c_medium.jpg,7.1,801+,16.1,701+,41.2,491,6.4,701+,20.3,721,7.7,801+,84.9,257,9.6,801+,13.3,801+,59.2,=516
901-950,940,Universidad de los Andes - Chile,Chile,Santiago,Latin America,n/a,https://www.topuniversities.com/universities/universidad-de-los-andes-chile,https://www.topuniversities.com/sites/default/files/universidad-de-los-andes-chile_2638_medium.jpg,4.7,801+,25.3,504,13.4,801+,36.5,392,45.2,388,3.5,801+,17.9,801+,15.1,801+,7.7,801+,28.9,801+
901-950,941,University at Albany SUNY,United States,Albany,North America,n/a,https://www.topuniversities.com/universities/university-albany-suny,https://www.topuniversities.com/sites/default/files/university-at-albany-suny_1835_medium.jpg,44.1,427,10.1,701+,7.3,801+,9.7,701+,12.8,801+,10.1,801+,63.2,647,5.3,801+,7.8,801+,47.4,=776
901-950,942,University of Alaska Fairbanks,United States,Fairbanks,North America,n/a,https://www.topuniversities.com/universities/university-alaska-fairbanks,https://www.topuniversities.com/sites/default/files/university-of-alaska-fairbanks_592560cf2aeae70239af51b6_medium.jpg,19.9,713,3.4,701+,99.7,33,3.5,701+,5.9,801+,5.5,801+,40.4,801+,6.3,801+,4.3,801+,37.9,801+
901-950,943,University of Hertfordshire,United Kingdom,Hatfield,Europe,n/a,https://www.topuniversities.com/universities/university-hertfordshire,https://www.topuniversities.com/sites/default/files/241219041312pm322395herts-profile-pic-1080x1080-90x90.jpg,12.1,801+,5.8,701+,6.8,801+,6.7,701+,17,780,100,12,57.7,723,81.4,285,100,7,39,801+
901-950,944,University of Maribor,Slovenia,Maribor,Europe,n/a,https://www.topuniversities.com/universities/university-maribor,https://www.topuniversities.com/sites/default/files/university-of-maribor_592560cf2aeae70239af509c_medium.jpg,12.7,801+,10.8,701+,36.4,551,15.6,701+,41.3,422,27.3,623,67.4,580,2.3,801+,28.3,635,49.9,705
901-950,945,University of North Texas,United States,Denton,North America,n/a,https://www.topuniversities.com/universities/university-north-texas,https://www.topuniversities.com/sites/default/files/university-of-north-texas_592560cf2aeae70239af51c3_medium.jpg,30.5,583,10.1,701+,3.2,801+,9.7,701+,29.4,560,51.5,399,69,546,6.3,801+,38.4,513,40.6,801+
901-950,946,University of Peshawar,Pakistan,Peshawar,Asia,n/a,https://www.topuniversities.com/universities/university-peshawar,https://www.topuniversities.com/sites/default/files/university-of-peshawar_592560cf2aeae70239af4d90_medium.jpg,12.3,801+,9.4,701+,87.2,119,11.9,701+,19.2,742,2,801+,49,801+,n/a,n/a,1.7,801+,25.8,801+
901-950,947,UPES,India,Dehradun,Asia,n/a,https://www.topuniversities.com/universities/upes,https://www.topuniversities.com/sites/default/files/230206030830am237475upes-logo-200px-90x90.jpg,9.5,801+,23.4,542,46.5,423,7.7,701+,1.7,801+,1.4,801+,66.5,597,23.7,666,5.8,801+,27.2,801+
901-950,948,University of Salford,United Kingdom,Salford,Europe,n/a,https://www.topuniversities.com/universities/university-salford,https://www.topuniversities.com/sites/default/files/university-of-salford_592560cf2aeae70239af4ca5_medium.jpg,12,801+,10.8,701+,9.1,801+,7.9,701+,13.8,801+,88.2,182,61.6,670,55.6,408,89.2,153,43.4,801+
901-950,949,University of South Africa,South Africa,Pretoria,Africa,n/a,https://www.topuniversities.com/universities/university-south-africa,https://www.topuniversities.com/sites/default/files/university-of-south-africa_592560cf2aeae70239af4f45_medium.jpg,11.7,801+,13.8,701+,1.2,801+,13.6,701+,96,66,13.3,801+,92.5,138,n/a,n/a,10.1,801+,43.3,801+
901-950,950,Università degli studi Roma Tre,Italy,Rome,Europe,n/a,https://www.topuniversities.com/universities/universita-degli-studi-roma-tre,https://www.topuniversities.com/sites/default/files/universit-degli-studi-roma-tre_15002_medium.jpg,15.5,796,24.7,515,3.3,801+,14.6,701+,11,801+,7.8,801+,66.7,594,8.8,801+,6,801+,56.2,=576
901-950,951,Université de Sherbrooke,Canada,Sherbrooke,North America,n/a,https://www.topuniversities.com/universities/universite-de-sherbrooke,https://www.topuniversities.com/sites/default/files/universit-de-sherbrooke_592560cf2aeae70239af5161_medium.jpg,24.2,651,8.2,701+,24.2,749,4.4,701+,31.8,530,13.9,801+,55,771,62.6,372,10.5,801+,48.5,=743
901-950,952,Virginia Commonwealth University,United States,Richmond,North America,n/a,https://www.topuniversities.com/universities/virginia-commonwealth-university,https://www.topuniversities.com/sites/default/files/virginia-commonwealth-university_654_medium.jpg,20,712,9.5,701+,42.8,464,9.9,701+,18.3,753,6,801+,68.8,550,12.6,801+,11.5,801+,48.4,=746
901-950,953,Yeungnam University ,South Korea,Gyeongsan,Asia,n/a,https://www.topuniversities.com/universities/yeungnam-university,https://www.topuniversities.com/sites/default/files/yeungnam-university-_592560cf2aeae70239af4ee0_medium.jpg,47.5,395,5.1,701+,18.9,801+,4.7,701+,4.9,801+,17.8,763,46.7,801+,38.6,511,23.3,716,33.5,801+
951-1000,954,Al Nahrain University,Iraq,Baghdad,Asia,n/a,https://www.topuniversities.com/universities/al-nahrain-university,https://www.topuniversities.com/sites/default/files/210630065320am779638logo-nahrainuniv-edu-iq-%D8%B4%D8%B9%D8%A7%D8%B1-%D8%A7%D9%84%D9%86%D9%87%D8%B1%D9%8A%D9%86-90x90.jpg,3.7,801+,8.2,701+,98.9,45,24.1,559,10.1,801+,1,801+,15.6,801+,2.5,801+,5.5,801+,29.4,801+
951-1000,955,Al-Quds University,Palestinian Territories,East Jerusalem,Asia,n/a,https://www.topuniversities.com/universities/al-quds-university,https://www.topuniversities.com/sites/default/files/al-quds-university-the-arab-university-in-jerusalem_592560cf2aeae70239af5474_medium.jpg,2.8,801+,10.1,701+,19.4,801+,20.5,644,12.3,801+,90.5,163,15,801+,72.3,327,76.3,229,40.1,801+
951-1000,956,Amity University,India,Noida,Asia,n/a,https://www.topuniversities.com/universities/amity-university,https://www.topuniversities.com/sites/default/files/amity-university_592560cf2aeae70239af563b_medium.jpg,14.9,801+,10.5,701+,18.2,801+,18.3,700,4.9,801+,34.9,540,67.5,578,12.1,801+,36.3,531,54.7,=608
951-1000,957,Athens University of Economics and Business,Greece,Athens,Europe,n/a,https://www.topuniversities.com/universities/athens-university-economics-business,https://www.topuniversities.com/sites/default/files/220228075444am741134AUEBLogo-90x90.jpg,31.9,565,10.1,701+,2.1,801+,37.2,380,33.9,501,6.6,801+,14.8,801+,1.9,801+,11,801+,39.8,801+
951-1000,958,CY Cergy Paris University,France,Paris,Europe,n/a,https://www.topuniversities.com/universities/cy-cergy-paris-university,https://www.topuniversities.com/sites/default/files/Webp.net-resizeimage-2021-05-14T142106.589-90x90.jpg,7.4,801+,5.2,701+,64.9,270,5.2,701+,1.3,801+,59,347,47.9,801+,55.1,410,62.9,314,31.4,801+
951-1000,959,Charles Sturt University,Australia,Bathurst,Oceania,n/a,https://www.topuniversities.com/universities/charles-sturt-university,https://www.topuniversities.com/sites/default/files/charles-sturt-university-_592560cf2aeae70239af4dcc_medium.jpg,13.9,801+,6.4,701+,14.1,801+,9.4,701+,13.4,801+,47.2,427,60.4,684,66,356,52.2,396,64.9,=403
951-1000,960,Clarkson University,United States,Potsdam,North America,n/a,https://www.topuniversities.com/universities/clarkson-university,https://www.topuniversities.com/sites/default/files/clarkson-university_592560cf2aeae70239af5181_medium.jpg,47.3,400,1,701+,19,801+,4,701+,12.2,801+,38,515,31,801+,42.9,478,42.1,493,26.9,801+
951-1000,961,Clemson University,United States,Clemson,North America,n/a,https://www.topuniversities.com/universities/clemson-university,https://www.topuniversities.com/sites/default/files/clemson-university_806_medium.jpg,24.8,643,9.6,701+,18.5,801+,15.2,701+,13.5,801+,10.6,801+,75.8,420,16.3,773,8.1,801+,47.7,=765
951-1000,962,Escuela Superior Politécnica del Litoral (ESPOL),Ecuador,Guayaquil,Latin America,n/a,https://www.topuniversities.com/universities/escuela-superior-politecnica-del-litoral-espol,https://www.topuniversities.com/sites/default/files/escuela-superior-politcnica-del-litoral-espol_592560cf2aeae70239af547f_medium.jpg,5,801+,22.7,552,32.6,593,21.5,612,12.3,801+,2.4,801+,27.4,801+,20.1,712,6.7,801+,49.3,=725
951-1000,963,Ferdowsi University of Mashhad,Iran,Mashhad,Asia,n/a,https://www.topuniversities.com/universities/ferdowsi-university-mashhad,https://www.topuniversities.com/sites/default/files/ferdowsi-university-of-mashhad_592560cf2aeae70239af4e55_medium.jpg,35.1,524,11.1,701+,5.7,801+,10.9,701+,12.9,801+,9.5,801+,74.5,453,n/a,n/a,12.4,801+,33.3,801+
951-1000,964,George Mason University,United States,Fairfax,North America,n/a,https://www.topuniversities.com/universities/george-mason-university,https://www.topuniversities.com/sites/default/files/george-mason-university_592560cf2aeae70239af518c_medium.jpg,18,753,12,701+,17.1,801+,11.6,701+,17.4,776,17.1,778,67.6,575,15.6,790,12.9,801+,56.1,578
951-1000,965,Guru Gobind Singh Indraprastha University,India,New Delhi,Asia,n/a,https://www.topuniversities.com/universities/guru-gobind-singh-indraprastha-university,https://www.topuniversities.com/sites/default/files/230727040550pm423686IPU-logo-90x90.jpg,48.5,384,5.8,701+,12.5,801+,14.6,701+,12.8,801+,9.4,801+,26.9,801+,5,801+,12.6,801+,43,801+
951-1000,966,Immanuel Kant Baltic Federal University,Russia,Kaliningrad,Europe,n/a,https://www.topuniversities.com/universities/immanuel-kant-baltic-federal-university,https://www.topuniversities.com/sites/default/files/immanuel-kant-baltic-federal-university_592560cf2aeae70239af58ab_medium.jpg,3.1,801+,7.7,701+,86.3,124,4.7,701+,1.9,801+,53.2,386,34.5,801+,28.1,607,51,407,32.1,801+
951-1000,967,Indian Institute of Technology Bhubaneswar,India,Bhubaneswar,Asia,n/a,https://www.topuniversities.com/universities/indian-institute-technology-bhubaneswar,https://www.topuniversities.com/sites/default/files/indian-institute-of-technology-bhubaneswar_5a42524bca24f32b064948ed_medium.jpg,55.6,321,5,701+,15.9,801+,12.4,701+,1.8,801+,1.1,801+,10.8,801+,n/a,n/a,5.5,801+,42.4,801+
951-1000,968,Ivane Javakhishvili Tbilisi State University,Georgia,Tbilisi,Asia,n/a,https://www.topuniversities.com/universities/ivane-javakhishvili-tbilisi-state-university,https://www.topuniversities.com/sites/default/files/ivane-javakhishvili-tbilisi-state-university_592560e59988f300e2321ac8_medium.jpg,1.4,801+,11.9,701+,83.5,150,1.4,701+,95.2,75,7.5,801+,24.7,801+,1.9,801+,12.2,801+,18.2,801+
951-1000,969,Abylkas Saginov Karaganda Technical University,Kazakhstan,Karaganda,Asia,n/a,https://www.topuniversities.com/universities/abylkas-saginov-karaganda-technical-university,https://www.topuniversities.com/sites/default/files/250128094927am939606WhatsApp-Image-2025-01-28-at-14.47.21-90x90.jpg,1.3,801+,10.3,701+,90.3,102,16.9,701+,7.8,801+,25.6,652,3.1,801+,15.5,794,26.4,665,29.7,801+
951-1000,970,Khazar University,Azerbaijan,Baku,Asia,n/a,https://www.topuniversities.com/universities/khazar-university,https://www.topuniversities.com/sites/default/files/211215111851am280090logo-90x90.jpg,3.3,801+,7.8,701+,60.6,297,15.1,701+,11.9,801+,37.1,525,7.6,801+,82.3,277,35.8,538,27.5,801+
951-1000,971,Kumamoto University,Japan,Kumamoto City,Asia,n/a,https://www.topuniversities.com/universities/kumamoto-university,https://www.topuniversities.com/sites/default/files/kumamoto-university_326_medium.jpg,21.4,692,9.2,701+,67.5,249,4.4,701+,3.4,801+,6.9,801+,33.9,801+,8.2,801+,11.4,801+,50.4,=696
951-1000,972,Kyrgyz-Turkish Manas University,Kyrgyzstan,Bishkek,Asia,n/a,https://www.topuniversities.com/universities/kyrgyz-turkish-manas-university,https://www.topuniversities.com/sites/default/files/220106031025am829503Manas-University-logo-90x90.jpg,3,801+,19.2,642,14.5,801+,23,579,7.9,801+,28.2,613,8.2,801+,95.3,175,26.6,663,33.1,801+
951-1000,973,Nanjing Agricultural University,China (Mainland),Nanjing,Asia,n/a,https://www.topuniversities.com/universities/nanjing-agricultural-university,https://www.topuniversities.com/sites/default/files/nanjing-agricultural-university_881_medium.jpg,53,352,6.1,701+,17.8,801+,2.3,701+,1.2,801+,2.2,801+,54.8,772,n/a,n/a,1.9,801+,39.1,801+
951-1000,974,Nanjing Normal University,China (Mainland),Nanjing,Asia,n/a,https://www.topuniversities.com/universities/nanjing-normal-university,https://www.topuniversities.com/sites/default/files/nanjing-normal-university_592560cf2aeae70239af525d_medium.jpg,42.8,443,6.4,701+,20.7,801+,4.6,701+,8.2,801+,7.8,801+,57.2,730,n/a,n/a,6,801+,40.2,801+
951-1000,975,National Chung Cheng University,Taiwan,Minxiong Township,Asia,n/a,https://www.topuniversities.com/universities/national-chung-cheng-university,https://www.topuniversities.com/sites/default/files/national-chung-cheng-university_592560cf2aeae70239af4f28_medium.jpg,9.5,801+,18.9,650,16.6,801+,34.8,412,5.1,801+,6.3,801+,28.9,801+,7.9,801+,10.5,801+,51.6,=669
951-1000,976,North South University,Bangladesh,Dhaka,Asia,n/a,https://www.topuniversities.com/universities/north-south-university,https://www.topuniversities.com/sites/default/files/north-south-university_592560cf2aeae70239af4de2_medium.jpg,6.6,801+,16.9,701+,7.5,801+,54.1,226,11.7,801+,1.6,801+,30.2,801+,10.5,801+,6,801+,37.3,801+
951-1000,977,North-West University,South Africa,Potchefstroom,Africa,n/a,https://www.topuniversities.com/universities/north-west-university,https://www.topuniversities.com/sites/default/files/north-west-university_592560cf2aeae70239af4f48_medium.jpg,24.9,641,8.4,701+,7,801+,14.9,701+,24.8,643,3.1,801+,94.6,89,9.2,801+,7.7,801+,60.4,=499
951-1000,978,Okayama University,Japan,Okayama City,Asia,n/a,https://www.topuniversities.com/universities/okayama-university,https://www.topuniversities.com/sites/default/files/okayama-university_592560cf2aeae70239af4c55_medium.jpg,14.7,801+,11.5,701+,67.5,248,5.1,701+,3.4,801+,11.6,801+,41.7,801+,8.3,801+,17,801+,58.3,=539
951-1000,979,Robert Gordon University,United Kingdom,Aberdeen,Europe,n/a,https://www.topuniversities.com/universities/robert-gordon-university,https://www.topuniversities.com/sites/default/files/robert-gordon-university_529_medium.jpg,11.4,801+,4,701+,6.7,801+,19.4,671,9.4,801+,84.4,199,34.2,801+,78.5,303,85.8,170,46.9,=793
951-1000,980,Rochester Institute of Technology (RIT),United States,Rochester,North America,n/a,https://www.topuniversities.com/universities/rochester-institute-technology-rit,https://www.topuniversities.com/sites/default/files/240805072733pm690367200x200-logo-90x90.jpg,11.5,801+,10,701+,24.6,741,28.4,491,13.7,801+,26.9,631,41.2,801+,8.7,801+,33,576,55.1,=602
951-1000,981,Sohar University,Oman,Sohar,Asia,n/a,https://www.topuniversities.com/universities/sohar-university,https://www.topuniversities.com/sites/default/files/231220115958am894366SU-logo-resized-90x90.jpg,19.9,715,8.1,701+,3.8,801+,10.5,701+,71,204,4.6,801+,23.6,801+,100,27,8.7,801+,34.2,801+
951-1000,982,Sophia University,Japan,Tokyo,Asia,n/a,https://www.topuniversities.com/universities/sophia-university,https://www.topuniversities.com/sites/default/files/sophia-university-_592560cf2aeae70239af4e86_medium.jpg,2.5,801+,18.7,657,25.9,720,27.2,505,21.3,702,20.3,726,9.1,801+,41,489,26.4,666,48.7,=737
951-1000,983,South Ural State University (National Research University),Russia,Chelyabinsk,Europe,n/a,https://www.topuniversities.com/universities/south-ural-state-university-national-research-university,https://www.topuniversities.com/sites/default/files/south-ural-state-university-national-research-university_592560cf2aeae70239af58d1_medium.jpg,8.3,801+,8.6,701+,57.4,317,9.4,701+,5.5,801+,22.5,694,84.2,272,5.6,801+,26,669,33.3,801+
951-1000,984,Saint Louis University,United States,St. Louis,North America,n/a,https://www.topuniversities.com/universities/saint-louis-university,https://www.topuniversities.com/sites/default/files/230719094934am376209SLU-Logo-200x200-90x90.jpg,23.8,660,5.7,701+,50.8,373,4.2,701+,18.5,748,42.2,473,23.5,801+,20.6,701,31.5,596,35.9,801+
951-1000,985,The University of Lahore,Pakistan,Lahore,Asia,n/a,https://www.topuniversities.com/universities/university-lahore,https://www.topuniversities.com/sites/default/files/the-university-of-lahore_592560cf2aeae70239af4bda_medium.jpg,8.5,801+,17.8,685,14.3,801+,23.4,574,3.4,801+,6,801+,76.4,415,8,801+,9.7,801+,62.2,=454
951-1000,986,Universidad Autónoma Metropolitana (UAM),Mexico,Mexico City,Latin America,n/a,https://www.topuniversities.com/universities/universidad-autonoma-metropolitana-uam,https://www.topuniversities.com/sites/default/files/universidad-autnoma-metropolitana-uam_592560cf2aeae70239af54af_medium.jpg,4.3,801+,32.5,379,5.3,801+,16,701+,6.2,801+,1.5,801+,47.1,801+,11.5,801+,1.4,801+,47.7,=765
951-1000,987,Universidad EAFIT,Colombia,Medellin,Latin America,n/a,https://www.topuniversities.com/universities/universidad-eafit,https://www.topuniversities.com/sites/default/files/universidad-eafit_592560cf2aeae70239af4d9b_medium.jpg,4.1,801+,19.4,634,6.8,801+,46,293,51.8,326,1.9,801+,10.8,801+,4.1,801+,1.7,801+,45.4,801+
951-1000,988,Universidad Externado de Colombia ,Colombia,Bogotá,Latin America,n/a,https://www.topuniversities.com/universities/universidad-externado-de-colombia,https://www.topuniversities.com/sites/default/files/universidad-externado-de-colombia_795_medium.jpg,1.2,801+,15.8,701+,48.9,395,33.5,428,41.2,424,2.1,801+,5.6,801+,10.7,801+,1.8,801+,23.8,801+
951-1000,989,Universidad Nacional Mayor de San Marcos,Peru,Lima,Latin America,n/a,https://www.topuniversities.com/universities/universidad-nacional-mayor-de-san-marcos,https://www.topuniversities.com/sites/default/files/universidad-nacional-mayor-de-san-marcos_592560cf2aeae70239af5158_medium.jpg,1.7,801+,28.9,429,11,801+,28.4,492,53,321,n/a,n/a,32.9,801+,n/a,n/a,n/a,n/a,24.3,801+
951-1000,990,Universidad Torcuato Di Tella,Argentina,Buenos Aires,Latin America,n/a,https://www.topuniversities.com/universities/universidad-torcuato-di-tella,https://www.topuniversities.com/sites/default/files/universidad-torcuato-di-tella_592560cf2aeae70239af4ced_medium.jpg,3.8,801+,18.4,664,18.5,801+,35.9,401,41.5,420,13.6,801+,5.3,801+,41.2,488,10.3,801+,18.5,801+
951-1000,991,Universidad de Belgrano (UB),Argentina,Buenos Aires,Latin America,n/a,https://www.topuniversities.com/universities/universidad-de-belgrano-ub,https://www.topuniversities.com/sites/default/files/230203072839pm689446isotipo2022-Institucional-fondo-institucional-90x90.jpg,1,801+,11.2,701+,85.1,134,15.3,701+,44.3,397,39,503,n/a,n/a,7.3,801+,29.2,624,n/a,n/a
951-1000,992,Universidad de Córdoba,Spain,Córdoba,Europe,n/a,https://www.topuniversities.com/universities/universidad-de-cordoba,https://www.topuniversities.com/sites/default/files/universidad-de-crdoba_1531_medium.jpg,18.1,749,15.5,701+,32.8,591,6.5,701+,5.9,801+,n/a,n/a,79.5,360,n/a,n/a,n/a,n/a,46,801+
951-1000,993,Universidad Espíritu Santo (UEES),Ecuador,Samborondón,Latin America,n/a,https://www.topuniversities.com/universities/universidad-espiritu-santo-uees,https://www.topuniversities.com/sites/default/files/universidad-espritu-santo_592560cf2aeae70239af5629_medium.jpg,11.2,801+,6.1,701+,33.7,580,8.9,701+,13.1,801+,63.5,315,25.3,801+,62.5,373,47.3,438,42.8,801+
951-1000,994,Universidad de La Sabana,Colombia,Bogotá,Latin America,n/a,https://www.topuniversities.com/universities/universidad-de-la-sabana,https://www.topuniversities.com/sites/default/files/260224073040pm756920square-image-90x90.jpg,3.6,801+,30.1,403,21.8,800,30.1,472,14.4,801+,2.6,801+,17.6,801+,3.7,801+,6.9,801+,31.5,801+
951-1000,995,Universita' degli Studi di Ferrara,Italy,Ferrara,Europe,n/a,https://www.topuniversities.com/universities/universita-degli-studi-di-ferrara,https://www.topuniversities.com/sites/default/files/universita-degli-studi-di-ferrara_592560cf2aeae70239af4ffd_medium.jpg,47.3,399,9.3,701+,3.6,801+,4.7,701+,7,801+,6.8,801+,65.5,614,3.8,801+,12.3,801+,54.2,=619
951-1000,996,Universitas Hasanuddin,Indonesia,Makassar,Asia,n/a,https://www.topuniversities.com/universities/universitas-hasanuddin,https://www.topuniversities.com/sites/default/files/hasanuddin-university_592560cf2aeae70239af5384_medium.jpg,1.7,801+,23.5,538,41.9,484,17.5,701+,22,695,3.1,801+,20,801+,11.9,801+,7.8,801+,53,=646
951-1000,997,University of Bahrain,Bahrain,Zallaq,Asia,n/a,https://www.topuniversities.com/universities/university-bahrain,https://www.topuniversities.com/sites/default/files/university-of-bahrain_592560cf2aeae70239af5449_medium.jpg,5,801+,14.3,701+,8.1,801+,15.1,701+,55.5,299,10.5,801+,38.7,801+,94.1,191,14,801+,28.9,801+
951-1000,998,University of Calabria,Italy,Rende,Europe,n/a,https://www.topuniversities.com/universities/university-calabria,https://www.topuniversities.com/sites/default/files/university-of-calabria_592560cf2aeae70239af5821_medium.jpg,34.9,526,11.1,701+,10.6,801+,4.5,701+,1.7,801+,7.9,801+,79.1,367,9.2,801+,13.5,801+,57.5,=550
951-1000,999,University of Cyberjaya,Malaysia,Cyberjaya,Asia,n/a,https://www.topuniversities.com/universities/university-cyberjaya,https://www.topuniversities.com/sites/default/files/university-of-cyberjaya_5a5c9031acb29507b6261445_medium.jpg,2.1,801+,22.5,557,48.9,398,6.1,701+,4.8,801+,87.3,184,7.2,801+,23.4,671,86.3,166,n/a,n/a
951-1000,1000,University of Ha'il,Saudi Arabia,Hail,Asia,n/a,https://www.topuniversities.com/universities/university-hail,https://www.topuniversities.com/sites/default/files/university-of-hail_592560cf2aeae70239af5464_medium.jpg,5,801+,8.7,701+,41.1,492,4.3,701+,2.9,801+,5.4,801+,62.3,660,100,46,9.8,801+,45.6,801+
951-1000,1001,University of Lodz,Poland,Lodz,Europe,n/a,https://www.topuniversities.com/universities/university-lodz,https://www.topuniversities.com/sites/default/files/university-of-lodz_592560cf2aeae70239af4be4_medium.jpg,6.9,801+,15.4,701+,47.9,406,7.3,701+,21,705,19,743,75.7,427,5.7,801+,25.1,684,29.8,801+
951-1000,1002,University of Massachusetts Boston,United States,Boston,North America,n/a,https://www.topuniversities.com/universities/university-massachusetts-boston,https://www.topuniversities.com/sites/default/files/university-of-massachusetts-boston_592560cf2aeae70239af566b_medium.jpg,23.3,668,13.8,701+,14.4,801+,23.5,571,7.4,801+,27.1,629,35.3,801+,7.2,801+,20.3,759,49.4,=719
951-1000,1003,University of the Western Cape,South Africa,Cape Town,Africa,n/a,https://www.topuniversities.com/universities/university-western-cape,https://www.topuniversities.com/sites/default/files/university-of-the-western-cape_592560cf2aeae70239af4f56_medium.jpg,23.9,656,12,701+,6.1,801+,6.4,701+,28.1,592,5.5,801+,84.4,267,30.3,583,10.5,801+,35.7,801+
951-1000,1004,Wuhan University of Technology,China (Mainland),Wuhan,Asia,n/a,https://www.topuniversities.com/universities/wuhan-university-technology,https://www.topuniversities.com/sites/default/files/wuhan-university-of-technology_890_medium.jpg,41.2,457,7.2,701+,24.1,751,4.6,701+,10.1,801+,4.4,801+,64.2,632,n/a,n/a,3.5,801+,34.9,801+
1001-1200,1005,Adamson University ,Philippines,Manila,Asia,n/a,https://www.topuniversities.com/universities/adamson-university,https://www.topuniversities.com/sites/default/files/adamson-university-_592560cf2aeae70239af4f08_medium.jpg,1.7,801+,39.3,306,7.6,801+,17.9,701+,3.5,801+,2.8,801+,4.8,801+,18.1,741,7.1,801+,10.1,801+
1001-1200,1006,Aga Khan University,Pakistan,Karachi,Asia,n/a,https://www.topuniversities.com/universities/aga-khan-university,https://www.topuniversities.com/sites/default/files/aga-khan-university_592560cf2aeae70239af532d_medium.jpg,11.4,801+,6.4,701+,100,2,10,701+,8.3,801+,2,801+,18.2,801+,1.5,801+,1.7,801+,22.6,801+
1001-1200,1007,Al-Azhar University,Egypt,Cairo,Africa,n/a,https://www.topuniversities.com/universities/al-azhar-university,https://www.topuniversities.com/sites/default/files/al-azhar-university-_592560cf2aeae70239af4f37_medium.jpg,2,801+,21.5,574,14.9,801+,13.9,701+,33.2,510,16.8,782,64.4,630,1.7,801+,12.7,801+,35.3,801+
1001-1200,1008,Alexandru Ioan Cuza University,Romania,Iași,Europe,n/a,https://www.topuniversities.com/universities/alexandru-ioan-cuza-university,https://www.topuniversities.com/sites/default/files/alexandru-ioan-cuza-university_592560cf2aeae70239af5052_medium.jpg,5.8,801+,11.7,701+,7.8,801+,20.6,641,23.1,668,17,779,49.1,801+,4.6,801+,21.4,742,48.7,=737
1001-1200,1009,Aligarh Muslim University,India,Aligarh,Asia,n/a,https://www.topuniversities.com/universities/aligarh-muslim-university,https://www.topuniversities.com/sites/default/files/aligarh-muslim-university_592560e19988f300e2320ee7_medium.jpg,24.7,645,15.4,701+,18.4,801+,5.3,701+,3.2,801+,1.8,801+,64.8,622,n/a,n/a,6.2,801+,45.8,801+
1001-1200,1010,Almaty Technological University,Kazakhstan,Almaty,Asia,n/a,https://www.topuniversities.com/universities/almaty-technological-university,https://www.topuniversities.com/sites/default/files/almaty-technological-university_592560cf2aeae70239af592a_medium.jpg,1.1,801+,5.9,701+,93.9,86,8.9,701+,4.2,801+,14.4,801+,4.4,801+,27.8,613,17.4,801+,26.6,801+
1001-1200,1011,Amrita Vishwa Vidyapeetham,India,Amritapuri,Asia,n/a,https://www.topuniversities.com/universities/amrita-vishwa-vidyapeetham,https://www.topuniversities.com/sites/default/files/new-white-logo-with-bg-color-90x90.jpg,10.7,801+,6.9,701+,39.2,518,6.6,701+,1.2,801+,2.5,801+,67.4,579,36.7,524,2.1,801+,26.8,801+
1001-1200,1012,An-Najah National University,Palestinian Territories,Nablus,Asia,n/a,https://www.topuniversities.com/universities/najah-national-university,https://www.topuniversities.com/sites/default/files/an-najah-national-university_592560cf2aeae70239af5468_medium.jpg,4.3,801+,13.5,701+,11.5,801+,14.5,701+,11.3,801+,47.4,426,39,801+,49.8,441,43.8,475,47.1,=785
1001-1200,1013,"Arab Academy for Science, Technology and Maritime Transport (AASTMT)",Egypt,Alexandria,Africa,n/a,https://www.topuniversities.com/universities/arab-academy-science-technology-maritime-transport-aastmt,https://www.topuniversities.com/sites/default/files/arab-academy-for-science-technology-and-maritime-transport-aastmt-_592560cf2aeae70239af59f5_medium.jpg,2.4,801+,7.5,701+,44.7,441,12.4,701+,16.8,789,34.9,542,27,801+,9.2,801+,33.6,569,29.7,801+
1001-1200,1014,Asfendiyarov Kazakh National Medical University,Kazakhstan,Almaty,Asia,n/a,https://www.topuniversities.com/universities/asfendiyarov-kazakh-national-medical-university,https://www.topuniversities.com/sites/default/files/240408113049am186132%D0%9B%D0%BE%D0%B3%D0%BE%D1%82%D0%B8%D0%BF-200%D1%85200-90x90.jpg,1.3,801+,7.3,701+,67.2,255,8.8,701+,7.8,801+,76.8,244,6.4,801+,15.8,783,70.3,267,n/a,n/a
1001-1200,1015,Assiut University ,Egypt,Asyut,Africa,n/a,https://www.topuniversities.com/universities/assiut-university,https://www.topuniversities.com/sites/default/files/assiut-university-_592560cf2aeae70239af4f3a_medium.jpg,4,801+,16.3,701+,20.7,801+,15.1,701+,3,801+,7.2,801+,66.5,596,21.1,697,10.6,801+,53.3,=636
1001-1200,1016,Azerbaijan University of Architecture and Construction (AzUAC),Azerbaijan,Baku,Asia,n/a,https://www.topuniversities.com/universities/azerbaijan-university-architecture-construction-azuac,https://www.topuniversities.com/sites/default/files/azerbaijan-university-of-architecture-and-construction_592560cf2aeae70239af58b5_medium.jpg,1,801+,25.7,492,42.1,477,20.7,638,11.8,801+,14.5,801+,1.3,801+,9.9,801+,17.1,801+,25.8,801+
1001-1200,1017,Banaras Hindu University,India,Varanasi,Asia,n/a,https://www.topuniversities.com/universities/banaras-hindu-university,https://www.topuniversities.com/sites/default/files/banaras-hindu-university_592560cf2aeae70239af4e08_medium.jpg,18.8,737,18.9,648,14.4,801+,10.6,701+,15.6,801+,3,801+,59.3,704,1.5,801+,7.2,801+,44.5,801+
1001-1200,1018,Baylor University,United States,Waco,North America,n/a,https://www.topuniversities.com/universities/baylor-university,https://www.topuniversities.com/sites/default/files/250205073535pm517295download-90x90.jpg,12.8,801+,8.7,701+,17.5,801+,20.9,628,24.5,650,6.6,801+,46.9,801+,3.7,801+,5.2,801+,42.9,801+
1001-1200,1019,Beijing University of Posts and Telecommunications,China (Mainland),Beijing,Asia,n/a,https://www.topuniversities.com/universities/beijing-university-posts-telecommunications,https://www.topuniversities.com/sites/default/files/beijing-university-of-posts-and-telecommunications_2014_medium.jpg,45.2,411,4.3,701+,19.8,801+,9.2,701+,22.4,686,2.8,801+,22.1,801+,6.4,801+,2.3,801+,27.3,801+
1001-1200,1020,Bielefeld University,Germany,Bielefeld,Europe,n/a,https://www.topuniversities.com/universities/bielefeld-university,https://www.topuniversities.com/sites/default/files/universitt-bielefeld_57_medium.jpg,8.8,801+,19.9,620,16.1,801+,7.5,701+,4.9,801+,16.3,794,68.9,548,25.9,636,12.4,801+,44.1,801+
1001-1200,1021,Binghamton University SUNY,United States,Binghamton,North America,n/a,https://www.topuniversities.com/universities/binghamton-university-suny,https://www.topuniversities.com/sites/default/files/binghamton-university-suny_592560cf2aeae70239af51d4_medium.jpg,19.5,723,10.1,701+,9.3,801+,14.1,701+,11.3,801+,15.5,801+,26.2,801+,17.3,760,21.6,739,44.8,801+
1001-1200,1022,Birmingham City University,United Kingdom,Birmingham,Europe,n/a,https://www.topuniversities.com/universities/birmingham-city-university,https://www.topuniversities.com/sites/default/files/birmingham-city-university-_592560cf2aeae70239af4af8_medium.jpg,6.5,801+,8.2,701+,8.7,801+,8,701+,12.1,801+,65.5,304,44.5,801+,54.9,412,68.8,278,37.9,801+
1001-1200,1023,Brigham Young University,United States,Provo,North America,n/a,https://www.topuniversities.com/universities/brigham-young-university,https://www.topuniversities.com/sites/default/files/brigham-young-university_68_medium.jpg,15.8,787,7.7,701+,6.7,801+,13.5,701+,36.9,469,5.3,801+,51.9,801+,1.3,801+,4.2,801+,44.6,801+
1001-1200,1024,CEU Universities,Spain,Madrid,Europe,n/a,https://www.topuniversities.com/universities/ceu-universities,https://www.topuniversities.com/sites/default/files/260202084031am712553Logo-CEU-QS-90x90.jpg,3.1,801+,7.3,701+,26.5,703,20.8,634,16.6,793,58.4,352,18.5,801+,8.4,801+,62.4,319,35.6,801+
1001-1200,1025,The City College of New York,United States,New York City,North America,n/a,https://www.topuniversities.com/universities/city-college-new-york,https://www.topuniversities.com/sites/default/files/Webp.net-resizeimage-2021-04-22T134242.136-90x90.jpg,17.8,756,11.8,701+,15,801+,8,701+,7.1,801+,8.6,801+,46.7,801+,5,801+,6.6,801+,39,801+
1001-1200,1026,Chung Yuan Christian University,Taiwan,Taoyuan City,Asia,n/a,https://www.topuniversities.com/universities/chung-yuan-christian-university,https://www.topuniversities.com/sites/default/files/chung-yuan-christian-university_592560cf2aeae70239af524f_medium.jpg,25.2,637,9.9,701+,6.9,801+,9.2,701+,28.6,585,11.8,801+,17.3,801+,5.3,801+,14.9,801+,46.7,=799
1001-1200,1027,Chungbuk National University,South Korea,Cheongju,Asia,n/a,https://www.topuniversities.com/universities/chungbuk-national-university,https://www.topuniversities.com/sites/default/files/250611065742am464732CBNU-90x90.jpg,19.6,717,6.5,701+,47.9,405,4.6,701+,1.8,801+,21.5,703,33.4,801+,10.7,801+,21.6,740,50.9,=684
1001-1200,1028,Clark University,United States,Worcester,North America,n/a,https://www.topuniversities.com/universities/clark-university,https://www.topuniversities.com/sites/default/files/211223104412am412385CU-logo-200x200-90x90.jpg,23.5,666,2.5,701+,25.6,724,3.6,701+,19.3,739,94.6,133,29.1,801+,15.2,801+,93.8,119,42.4,801+
1001-1200,1029,William & Mary,United States,Williamsburg,North America,n/a,https://www.topuniversities.com/universities/william-mary,https://www.topuniversities.com/sites/default/files/college-of-william-mary_592560cf2aeae70239af4b08_medium.jpg,16.2,779,10,701+,26.4,708,14.9,701+,38.6,450,9,801+,37.9,801+,6,801+,14.7,801+,44.4,801+
1001-1200,1030,Cracow University of Technology (Politechnika Krakowska),Poland,Krakow,Europe,n/a,https://www.topuniversities.com/universities/cracow-university-technology-politechnika-krakowska,https://www.topuniversities.com/sites/default/files/cracow-university-of-technology-politechnika-krakowska_592560cf2aeae70239af503e_medium.jpg,10,801+,12.6,701+,28.3,677,28.1,495,10.3,801+,9.2,801+,44.2,801+,3.4,801+,12.6,801+,20.5,801+
1001-1200,1031,D. Serikbayev East Kazakhstan Technical University,Kazakhstan,Ust-Kamenogorsk,Asia,n/a,https://www.topuniversities.com/universities/d-serikbayev-east-kazakhstan-technical-university,https://www.topuniversities.com/sites/default/files/250210125513pm373898logo-vert-eng-%D0%B4%D0%BB%D1%8F-%D0%B7%D0%B0%D0%B3%D1%80%D1%83%D0%B7%D0%BA%D0%B8-90x90.jpg,1.4,801+,14.6,701+,75.9,190,18.2,701+,4.4,801+,5.5,801+,5.2,801+,23.7,665,9.5,801+,31,801+
1001-1200,1032,Daffodil International University,Bangladesh,Dhaka,Asia,n/a,https://www.topuniversities.com/universities/daffodil-international-university,https://www.topuniversities.com/sites/default/files/daffodil-international-university_592560cf2aeae70239af4dda_medium.jpg,6.9,801+,15.6,701+,5.7,801+,23,578,8.3,801+,5,801+,45.1,801+,7.7,801+,8.6,801+,51.7,=667
1001-1200,1033,Dankook University ,South Korea,Seoul,Asia,n/a,https://www.topuniversities.com/universities/dankook-university,https://www.topuniversities.com/sites/default/files/dankook-university-_592560cf2aeae70239af4e9b_medium.jpg,4.8,801+,10,701+,72,213,8.3,701+,3.6,801+,12.6,801+,17.1,801+,5.5,801+,16.2,801+,47.6,=770
1001-1200,1034,EGE UNIVERSITY,Türkiye,İzmir,Asia,n/a,https://www.topuniversities.com/universities/ege-university,https://www.topuniversities.com/sites/default/files/ege-niversitesi_592560cf2aeae70239af50a1_medium.jpg,5.1,801+,14.5,701+,21,801+,24.4,549,6.6,801+,9.2,801+,71.3,511,1.4,801+,14.9,801+,33,801+
1001-1200,1035,Financial University under the Government of the Russian Federation,Russia,Moscow,Europe,n/a,https://www.topuniversities.com/universities/financial-university-under-government-russian-federation,https://www.topuniversities.com/sites/default/files/financial-university-under-the-government-of-the-russian-federation_592560cf2aeae70239af5850_medium.jpg,2.7,801+,4.9,701+,44.1,450,17.4,701+,57.5,291,39.2,500,37.6,801+,6.7,801+,44.7,467,43.8,801+
1001-1200,1036,Florida Atlantic University - Boca Raton,United States,Boca Raton,North America,n/a,https://www.topuniversities.com/universities/florida-atlantic-university-boca-raton,https://www.topuniversities.com/sites/default/files/florida-atlantic-university-boca-raton_592560cf2aeae70239af5189_medium.jpg,18.2,746,6.6,701+,6.2,801+,15.2,701+,13,801+,13.1,801+,65.3,618,8.4,801+,9.9,801+,48.4,=746
1001-1200,1037,Fordham University,United States,New York City,North America,n/a,https://www.topuniversities.com/universities/fordham-university,https://www.topuniversities.com/sites/default/files/fordham-university_814_medium.jpg,9.6,801+,9.1,701+,19.3,801+,16.8,701+,47.6,369,23.3,685,23.3,801+,10.5,801+,17.5,801+,32.1,801+
1001-1200,1038,Gebze Technical University (GTU),Türkiye,Gebze,Asia,n/a,https://www.topuniversities.com/universities/gebze-technical-university-gtu,https://www.topuniversities.com/sites/default/files/gebze-technical-university-gtu_592560cf2aeae70239af50ba_medium.jpg,40.3,463,7,701+,9.1,801+,9.5,701+,2.5,801+,10.6,801+,41.4,801+,19.7,718,15.3,801+,42.2,801+
1001-1200,1039,Georgian Technical University,Georgia,Tbilisi,Asia,n/a,https://www.topuniversities.com/universities/georgian-technical-university,https://www.topuniversities.com/sites/default/files/260120081526am304951200-200-GTU-90x90.jpg,54.4,336,7.1,701+,1,801+,7.1,701+,29.3,562,n/a,n/a,7.8,801+,n/a,n/a,n/a,n/a,3,801+
1001-1200,1040,German University of Technology in Oman (GUTECH),Oman,Muscat,Asia,n/a,https://www.topuniversities.com/universities/german-university-technology-oman-gutech,https://www.topuniversities.com/sites/default/files/211007113405am821851gutech-90x90.jpg,8.5,801+,9.1,701+,5.7,801+,14.3,701+,73.2,195,5.9,801+,14.4,801+,100,36,9.8,801+,n/a,n/a
1001-1200,1041,Gifu University,Japan,Gifu City,Asia,n/a,https://www.topuniversities.com/universities/gifu-university,https://www.topuniversities.com/sites/default/files/gifu-university_592560cf2aeae70239af4b69_medium.jpg,14.3,801+,6.4,701+,58.9,308,4.5,701+,1.8,801+,6.2,801+,23.4,801+,7.1,801+,10.2,801+,44.1,801+
1001-1200,1042,Glasgow Caledonian University,United Kingdom,Glasgow,Europe,n/a,https://www.topuniversities.com/universities/glasgow-caledonian-university,https://www.topuniversities.com/sites/default/files/glasgow-caledonian-university_1649_medium.jpg,11.2,801+,7.2,701+,6.3,801+,9.5,701+,8.5,801+,77.3,242,40.3,801+,45.5,465,79.4,212,56.7,=562
1001-1200,1043,Hallym University,South Korea,Chuncheon,Asia,n/a,https://www.topuniversities.com/universities/hallym-university,https://www.topuniversities.com/sites/default/files/hallym-university_1053_medium.jpg,13.1,801+,3.4,701+,95.6,70,2.7,701+,1.8,801+,3.5,801+,9.1,801+,4.3,801+,7.6,801+,41.4,801+
1001-1200,1044,Harbin Engineering University,China (Mainland),Harbin,Asia,n/a,https://www.topuniversities.com/universities/harbin-engineering-university,https://www.topuniversities.com/sites/default/files/harbin-engineering-university_592560cf2aeae70239af5277_medium.jpg,46.8,406,5.2,701+,24,752,6.5,701+,7.2,801+,3.6,801+,40,801+,3,801+,8.6,801+,24.3,801+
1001-1200,1045,Hohai University,China (Mainland),Nanjing,Asia,n/a,https://www.topuniversities.com/universities/hohai-university,https://www.topuniversities.com/sites/default/files/hohai-university_592560cf2aeae70239af527b_medium.jpg,33.2,548,3.2,701+,17.8,801+,2.7,701+,1.2,801+,n/a,n/a,74.1,463,n/a,n/a,n/a,n/a,39.3,801+
1001-1200,1046,Howard University,United States,Washington D.C.,North America,n/a,https://www.topuniversities.com/universities/howard-university,https://www.topuniversities.com/sites/default/files/howard-university_592560cf2aeae70239af4dc1_medium.jpg,6,801+,8.3,701+,43.6,457,16.1,701+,37.8,461,6.4,801+,35.2,801+,1.2,801+,5,801+,37.9,801+
1001-1200,1047,MATE Hungarian University of Agriculture and Life Sciences,Hungary,Gödöllő,Europe,n/a,https://www.topuniversities.com/universities/mate-hungarian-university-agriculture-life-sciences,https://www.topuniversities.com/sites/default/files/210803123442pm235473mate-2021-en-green-90x90.jpg,7.2,801+,7.1,701+,34.1,577,8,701+,4.8,801+,43.1,467,59,707,4.1,801+,48.3,431,55.4,=593
1001-1200,1048,Indiana University Indianapolis (IU Indianapolis),United States,Indianapolis,North America,n/a,https://www.topuniversities.com/universities/indiana-university-indianapolis-iu-indianapolis,https://www.topuniversities.com/sites/default/files/250108042938pm390040IU-logo-trident-90x90.jpg,22.6,676,8.9,701+,23.5,761,8.4,701+,6.5,801+,9,801+,51.3,801+,38.8,509,14.7,801+,43.7,801+
1001-1200,1049,Islamic University of Lebanon,Lebanon,Khalde,Asia,n/a,https://www.topuniversities.com/universities/islamic-university-lebanon,https://www.topuniversities.com/sites/default/files/231025022258pm497558Screenshot-2023-10-25-182203-90x90.jpg,1.2,801+,10.6,701+,39.6,513,13.4,701+,3.9,801+,98.8,75,2.2,801+,36.7,523,81.8,190,n/a,n/a
1001-1200,1050,Kalinga Institute of Industrial Technology (KIIT) University,India,Bhubaneswar,Asia,n/a,https://www.topuniversities.com/universities/kalinga-institute-industrial-technology-kiit-university,https://www.topuniversities.com/sites/default/files/kalinga-institute-of-industrial-technology-kiit-university_592560cf2aeae70239af5810_medium.jpg,5.3,801+,6.4,701+,52.1,360,5.2,701+,1.7,801+,25,664,53.3,790,18,744,29.4,623,50.7,692
1001-1200,1051,Kangwon National University,South Korea,,Asia,n/a,https://www.topuniversities.com/universities/kangwon-national-university,https://www.topuniversities.com/sites/default/files/230704053600am8460402.-Logo-Image-QS-KNU-90x90.jpg,15.4,798,8,701+,32,601,7.1,701+,3.5,801+,10.2,801+,28.6,801+,6.5,801+,14.2,801+,56.6,=568
1001-1200,1052,Kazakh-British Technical University,Kazakhstan,Almaty,Asia,n/a,https://www.topuniversities.com/universities/kazakh-british-technical-university,https://www.topuniversities.com/sites/default/files/240107014016pm243256KBTU-LOGO-Short-Blue-RGB-90x90.jpg,2.6,801+,15.9,701+,17.8,801+,41.9,321,4.3,801+,4.1,801+,13.9,801+,15.3,801+,8.2,801+,32.7,801+
1001-1200,1053,Kent State University,United States,Kent,North America,n/a,https://www.topuniversities.com/universities/kent-state-university,https://www.topuniversities.com/sites/default/files/kent-state-university_592560cf2aeae70239af5351_medium.jpg,20,711,7,701+,9,801+,4.8,701+,11.3,801+,15.7,801+,62.5,659,25.4,645,11.9,801+,40.8,801+
1001-1200,1054,Kookmin University ,South Korea,Seoul,Asia,n/a,https://www.topuniversities.com/universities/kookmin-university,https://www.topuniversities.com/sites/default/files/kookmin-university_1070_medium.jpg,5.3,801+,5.3,701+,51,371,6.2,701+,5.2,801+,63.5,316,9.9,801+,7,801+,63.9,311,43.7,801+
1001-1200,1055,Kyrgyz Russian Slavic University,Kyrgyzstan,Bishkek,Asia,n/a,https://www.topuniversities.com/universities/kyrgyz-russian-slavic-university,https://www.topuniversities.com/sites/default/files/231107033117pm997366download--11--90x90.jpg,1,801+,10.9,701+,99.9,30,13.4,701+,35.4,486,n/a,n/a,1.6,801+,n/a,n/a,n/a,n/a,n/a,n/a
1001-1200,1056,Kyushu Institute of Technology ,Japan,Kitakyushu,Asia,n/a,https://www.topuniversities.com/universities/kyushu-institute-technology,https://www.topuniversities.com/sites/default/files/kyushu-institute-of-technology-_592560cf2aeae70239af4e7d_medium.jpg,37.5,499,5,701+,12.9,801+,9,701+,1.8,801+,5.9,801+,21.6,801+,10.4,801+,10.1,801+,34.9,801+
1001-1200,1057,Leeds Beckett University,United Kingdom,Leeds,Europe,n/a,https://www.topuniversities.com/universities/leeds-beckett-university,https://www.topuniversities.com/sites/default/files/leeds-beckett-university_592560cf2aeae70239af50f2_medium.jpg,13.5,801+,5.1,701+,5.2,801+,10.3,701+,10.8,801+,45.2,447,36.6,801+,46.9,453,50.3,412,61.7,=464
1001-1200,1058,Lobachevsky University,Russia,Nizhny Novgorod,Europe,n/a,https://www.topuniversities.com/universities/lobachevsky-university,https://www.topuniversities.com/sites/default/files/lobachevsky-university_1497_medium.jpg,3.5,801+,10,701+,50.9,372,8.2,701+,3.9,801+,37,526,18,801+,2.6,801+,42.6,487,38.2,801+
1001-1200,1059,Lodz University of Technology,Poland,Lodz,Europe,n/a,https://www.topuniversities.com/universities/lodz-university-technology,https://www.topuniversities.com/sites/default/files/lodz-university-of-technology_592560e59988f300e2321bdd_medium.jpg,16,784,6,701+,59,306,7.3,701+,4.1,801+,8.3,801+,49.2,801+,4.1,801+,12.4,801+,40.3,801+
1001-1200,1060,London Metropolitan University,United Kingdom,London,Europe,n/a,https://www.topuniversities.com/universities/london-metropolitan-university,https://www.topuniversities.com/sites/default/files/london-metropolitan-university_358_medium.jpg,7,801+,5.9,701+,4.7,801+,7.3,701+,20.8,713,97.6,95,22.4,801+,68.5,340,97.7,84,20.9,801+
1001-1200,1061,Loyola University Chicago,United States,Chicago,North America,n/a,https://www.topuniversities.com/universities/loyola-university-chicago,https://www.topuniversities.com/sites/default/files/loyola-university-chicago_370_medium.jpg,12.6,801+,12.2,701+,30.5,624,21.2,621,24.1,656,5,801+,36.2,801+,9.3,801+,4,801+,33.5,801+
1001-1200,1062,Lviv Polytechnic National University,Ukraine,Lviv,Europe,n/a,https://www.topuniversities.com/universities/lviv-polytechnic-national-university,https://www.topuniversities.com/sites/default/files/lviv-polytechnic-national-university_592560cf2aeae70239af590f_medium.jpg,2.6,801+,9.6,701+,38.6,525,26.3,518,17.9,761,2.1,801+,20.2,801+,3.7,801+,6.4,801+,50.8,=688
1001-1200,1063,Makerere University,Uganda,Kampala,Africa,n/a,https://www.topuniversities.com/universities/makerere-university,https://www.topuniversities.com/sites/default/files/makerere-university_15042_medium.jpg,6.5,801+,13.4,701+,5.8,801+,5.3,701+,98.3,38,13.6,801+,65.3,617,8.3,801+,10.3,801+,42,801+
1001-1200,1064,Mansoura University,Egypt,Mansoura ,Africa,n/a,https://www.topuniversities.com/universities/mansoura-university,https://www.topuniversities.com/sites/default/files/mansoura-university_592560cf2aeae70239af4f3c_medium.jpg,5,801+,18.8,653,5.2,801+,15.8,701+,12.6,801+,21.2,706,81.9,315,9.9,801+,24.5,695,55.5,=591
1001-1200,1065,Marmara University,Türkiye,Istanbul,Asia,n/a,https://www.topuniversities.com/universities/marmara-university,https://www.topuniversities.com/sites/default/files/marmara-university_592560e79988f300e232216a_medium.jpg,4.9,801+,11.8,701+,5.4,801+,23.1,577,38.1,453,6.8,801+,52.5,801+,5.5,801+,12.3,801+,42.6,801+
1001-1200,1066,Middle East University Jordan,Jordan,Amman,Asia,n/a,https://www.topuniversities.com/universities/middle-east-university-jordan,https://www.topuniversities.com/sites/default/files/middle-east-university_592560cf2aeae70239af5a02_medium.jpg,13.2,801+,9.1,701+,12.4,801+,7.2,701+,5.9,801+,90.9,158,47.7,801+,10.6,801+,80.9,196,8,801+
1001-1200,1067,Mississippi State University,United States,Starkville,North America,n/a,https://www.topuniversities.com/universities/mississippi-state-university,https://www.topuniversities.com/sites/default/files/mississippi-state-university_592560cf2aeae70239af5196_medium.jpg,33.5,542,7.2,701+,9.1,801+,8.7,701+,12.8,801+,5.5,801+,70.2,527,19.7,720,4.3,801+,38.5,801+
1001-1200,1068,Mustansiriyah University,Iraq,Baghdad,Asia,n/a,https://www.topuniversities.com/universities/mustansiriyah-university,https://www.topuniversities.com/sites/default/files/-mustansiriyah-university_592560cf2aeae70239af5833_medium.jpg,1.8,801+,8.3,701+,64.9,269,23.5,572,10.4,801+,6.3,801+,19.2,801+,43.6,474,5,801+,26.5,801+
1001-1200,1069,Mutah University,Jordan,Mu'tah,Asia,n/a,https://www.topuniversities.com/universities/mutah-university,https://www.topuniversities.com/sites/default/files/mutah-university_592560e29988f300e232134e_medium.jpg,3.4,801+,15.6,701+,12.1,801+,21.8,608,10.1,801+,32.9,560,28,801+,15.7,788,32.2,587,33.2,801+
1001-1200,1070,Mykolas Romeris University,Lithuania,Vilnius,Europe,n/a,https://www.topuniversities.com/universities/mykolas-romeris-university,https://www.topuniversities.com/sites/default/files/221205103427am779960MRU-LOGO-90x90.jpg,7.1,801+,6,701+,22.7,778,12.9,701+,53.2,320,51.6,398,23.6,801+,12.1,801+,55,374,50.4,=696
1001-1200,1071,Narxoz University,Kazakhstan,Almaty,Asia,n/a,https://www.topuniversities.com/universities/narxoz-university,https://www.topuniversities.com/sites/default/files/240606111610am226052200T%D0%95200-90x90.jpg,1.5,801+,15.7,701+,26.1,717,14.9,701+,69.7,214,20.7,716,1,801+,31,578,22.1,730,35.6,801+
1001-1200,1072,National Research Saratov State University,Russia,Saratov,Europe,n/a,https://www.topuniversities.com/universities/national-research-saratov-state-university,https://www.topuniversities.com/sites/default/files/national-research-saratov-state-university_1498_medium.jpg,2.4,801+,5,701+,97.6,60,5.3,701+,1.8,801+,26.9,632,14.4,801+,4,801+,20.2,761,10.2,801+
1001-1200,1073,"National Technical University  ""Kharkiv Polytechnic Institute""",Ukraine,Kharkiv,Europe,n/a,https://www.topuniversities.com/universities/national-technical-university-kharkiv-polytechnic-institute,https://www.topuniversities.com/sites/default/files/national-technical-university-kharkiv-polytechnic-institute_592560cf2aeae70239af56a1_medium.jpg,1.8,801+,7.6,701+,61.1,294,20.8,633,4.6,801+,33.3,555,17.1,801+,2.3,801+,34.7,553,38.9,801+
1001-1200,1074,Nicolaus Copernicus University ,Poland,Toruń,Europe,n/a,https://www.topuniversities.com/universities/nicolaus-copernicus-university,https://www.topuniversities.com/sites/default/files/nicolaus-copernicus-university-_592560cf2aeae70239af503a_medium.jpg,9.4,801+,10.3,701+,65.8,262,4.8,701+,3.9,801+,11.3,801+,81.3,325,4.6,801+,15.8,801+,30.1,801+
1001-1200,1075,Niigata University,Japan,Niigata City,Asia,n/a,https://www.topuniversities.com/universities/niigata-university,https://www.topuniversities.com/sites/default/files/niigata-university_592560cf2aeae70239af4c46_medium.jpg,6.7,801+,6.6,701+,88.7,110,5.1,701+,7.2,801+,6.1,801+,23.1,801+,6.6,801+,10.6,801+,43,801+
1001-1200,1076,Northern Arizona University,United States,Flagstaff,North America,n/a,https://www.topuniversities.com/universities/northern-arizona-university,https://www.topuniversities.com/sites/default/files/northern-arizona-university_592560cf2aeae70239af51a1_medium.jpg,23.4,667,9.5,701+,6.7,801+,16.2,701+,7.5,801+,3.8,801+,48,801+,3.5,801+,3.1,801+,45.2,801+
1001-1200,1077,Northern Borders University,Saudi Arabia,Arar,Asia,n/a,https://www.topuniversities.com/universities/northern-borders-university,https://www.topuniversities.com/sites/default/files/northern-border-university_592560e39988f300e2321469_medium.jpg,4.5,801+,13.4,701+,28.8,657,6.4,701+,3,801+,16.1,797,18,801+,100,42,12.2,801+,15.7,801+
1001-1200,1078,Northwest University (China),China (Mainland),Xi'an,Asia,n/a,https://www.topuniversities.com/universities/northwest-university-china,https://www.topuniversities.com/sites/default/files/northwest-university-china_592560cf2aeae70239af5297_medium.jpg,31.8,566,5.8,701+,55.7,338,3.2,701+,5.1,801+,4.7,801+,37.6,801+,4.8,801+,9.3,801+,33.1,801+
1001-1200,1079,Notre Dame University-Louaize NDU,Lebanon,Keserwan,Asia,n/a,https://www.topuniversities.com/universities/notre-dame-university-louaize-ndu,https://www.topuniversities.com/sites/default/files/notre-dame-university-louaize-ndu_5af915a3cb4de7546e1a835d_medium.jpg,3.8,801+,6.5,701+,25.1,732,19.8,662,3.9,801+,27.1,628,7.3,801+,87.9,236,30.5,609,17.5,801+
1001-1200,1080,Ohio University,United States,Athens,North America,n/a,https://www.topuniversities.com/universities/ohio-university,https://www.topuniversities.com/sites/default/files/ohio-university_1822_medium.jpg,14,801+,10.9,701+,7.6,801+,13.3,701+,27.9,598,6.3,801+,51.8,801+,3.9,801+,11.7,801+,38.3,801+
1001-1200,1081,Pavol Jozef Šafárik University in Košice,Slovakia,Košice,Europe,n/a,https://www.topuniversities.com/universities/pavol-jozef-safarik-university-kosice,https://www.topuniversities.com/sites/default/files/pavol-josef-safarik-university_592560e59988f300e2321b52_medium.jpg,5.5,801+,6.4,701+,69.2,238,5.6,701+,5.5,801+,78.5,232,41.6,801+,7,801+,74.5,236,22.2,801+
1001-1200,1082,Pontificia Universidad Católica del Ecuador (PUCE),Ecuador,Quito,Latin America,n/a,https://www.topuniversities.com/universities/pontificia-universidad-catolica-del-ecuador-puce,https://www.topuniversities.com/sites/default/files/pontificia-universidad-catlica-del-ecuador-puce_592560cf2aeae70239af5489_medium.jpg,1.9,801+,24.4,524,13.5,801+,19.1,682,46.2,377,2.6,801+,35.3,801+,18,745,2.2,801+,23,801+
1001-1200,1083,Pontifícia Universidade Católica de São Paulo,Brazil,São Paulo,Latin America,n/a,https://www.topuniversities.com/universities/pontifcia-universidade-catlica-de-so-paulo,https://www.topuniversities.com/sites/default/files/pontifcia-universidade-catlica-de-so-paulo_592560cf2aeae70239af549d_medium.jpg,1.7,801+,13.2,701+,48.8,399,21.2,620,44.1,402,1.5,801+,2.9,801+,5.2,801+,5.9,801+,14.9,801+
1001-1200,1084,Poznan University of Life Sciences,Poland,Poznań,Europe,n/a,https://www.topuniversities.com/universities/poznan-university-life-sciences,https://www.topuniversities.com/sites/default/files/poznan-university-of-life-sciences_592560e59988f300e2321be9_medium.jpg,14.8,801+,6.6,701+,92.2,95,4.1,701+,4.1,801+,11.1,801+,37.5,801+,1.7,801+,14.5,801+,26.6,801+
1001-1200,1085,Poznan University of Technology,Poland,Poznan,Europe,n/a,https://www.topuniversities.com/universities/poznan-university-technology,https://www.topuniversities.com/sites/default/files/uniwersytet-ekonomiczny-w-poznaniu_592560e59988f300e2321bdb_medium.jpg,12.8,801+,10.9,701+,39.8,510,13.1,701+,7.4,801+,10.7,801+,47.8,801+,3.4,801+,15.5,801+,27.6,801+
1001-1200,1086,Rhodes University ,South Africa,Grahamstown,Africa,n/a,https://www.topuniversities.com/universities/rhodes-university,https://www.topuniversities.com/sites/default/files/rhodes-university-_592560cf2aeae70239af4f44_medium.jpg,18.9,733,8,701+,17.2,801+,9.1,701+,42.9,408,46.4,434,56.5,745,n/a,n/a,34.6,554,42.2,801+
1001-1200,1087,Riga Stradins University,Latvia,Riga,Europe,n/a,https://www.topuniversities.com/universities/riga-stradins-university,https://www.topuniversities.com/sites/default/files/260317030105pm532084RSU-200x200-90x90.jpg,3.4,801+,7.4,701+,16.3,801+,16.2,701+,14.8,801+,96.1,111,15.9,801+,30.9,580,95.9,102,29.5,801+
1001-1200,1088,Ritsumeikan Asia Pacific University ,Japan,Beppu City,Asia,n/a,https://www.topuniversities.com/universities/ritsumeikan-asia-pacific-university,https://www.topuniversities.com/sites/default/files/ritsumeikan-asia-pacific-university-_592560cf2aeae70239af4e82_medium.jpg,4.1,801+,8.3,701+,4.3,801+,11.8,701+,1.7,801+,99.7,51,4.7,801+,99.5,110,99.7,41,14.4,801+
1001-1200,1089,SRM Institute of Science and Technology,India,Chennai,Asia,n/a,https://www.topuniversities.com/universities/srm-institute-science-technology,https://www.topuniversities.com/sites/default/files/srm-institute-of-science-and-technology_592560cf2aeae70239af585c_medium.jpg,8.6,801+,14.1,701+,17.1,801+,21.8,606,4.9,801+,2.6,801+,75.1,441,1.7,801+,7.1,801+,49.2,=729
1001-1200,1090,Saint-Petersburg Mining University,Russia,St. Petersburg,Europe,n/a,https://www.topuniversities.com/universities/saint-petersburg-mining-university,https://www.topuniversities.com/sites/default/files/saint-petersburg-mining-university_15265_medium.png,3.7,801+,3.1,701+,79.1,173,5.9,701+,13.2,801+,44.4,454,9.6,801+,28.1,606,49.6,419,28.3,801+
1001-1200,1091,Samarkand State University,Uzbekistan,Samarkand,Asia,n/a,https://www.topuniversities.com/universities/samarkand-state-university,https://www.topuniversities.com/sites/default/files/210910064824am623645photo-2021-09-10-11-48-13-90x90.jpg,1.3,801+,23.7,534,41,494,18,701+,9.5,801+,6.5,801+,7.3,801+,25.1,651,10.4,801+,11.6,801+
1001-1200,1092,San Diego State University,United States,San Diego ,North America,n/a,https://www.topuniversities.com/universities/san-diego-state-university,https://www.topuniversities.com/sites/default/files/san-diego-state-university_1830_medium.jpg,22.8,670,7.9,701+,4.5,801+,8.7,701+,32.1,526,4.6,801+,70.6,515,7.9,801+,3.7,801+,46.5,801+
1001-1200,1093,Seoul National University of Science and Technology,South Korea,Seoul,Asia,n/a,https://www.topuniversities.com/universities/seoul-national-university-science-technology,https://www.topuniversities.com/sites/default/files/seoul-national-university-of-science-and-technology_592560e09988f300e2320bcd_medium.jpg,18.9,734,10.5,701+,20.5,801+,7.9,701+,1.9,801+,32.2,565,28.6,801+,12,801+,28.6,633,49.7,=708
1001-1200,1094,Sheffield Hallam University,United Kingdom,Sheffield,Europe,n/a,https://www.topuniversities.com/universities/sheffield-hallam-university,https://www.topuniversities.com/sites/default/files/sheffield-hallam-university_592560cf2aeae70239af50e0_medium.jpg,7.1,801+,9.8,701+,10.9,801+,13.4,701+,12.3,801+,42.7,469,60.6,682,42.6,480,48,434,40.6,801+
1001-1200,1095,"Siberian Federal University, SibFU",Russia,Krasnoyarsk,Europe,n/a,https://www.topuniversities.com/universities/siberian-federal-university-sibfu,https://www.topuniversities.com/sites/default/files/siberian-federal-university-sibfu_592560df9988f300e2320a65_medium.jpg,7.9,801+,7.8,701+,29.9,634,9.9,701+,10.3,801+,46,438,37.7,801+,56.8,406,47.4,437,44.4,801+
1001-1200,1096,Silesian University of Technology,Poland,Gliwice,Europe,n/a,https://www.topuniversities.com/universities/silesian-university-technology,https://www.topuniversities.com/sites/default/files/silesian-university-of-technology-in-gliwice_592560e59988f300e2321be1_medium.jpg,15.2,801+,8.7,701+,39.3,516,9.8,701+,13.2,801+,7.1,801+,75.2,440,4.9,801+,12.4,801+,32.1,801+
1001-1200,1097,Slovak University of Technology in Bratislava,Slovakia,Bratislava,Europe,n/a,https://www.topuniversities.com/universities/slovak-university-technology-bratislava,https://www.topuniversities.com/sites/default/files/slovak-university-of-technology-in-bratislava_592560cf2aeae70239af567c_medium.jpg,7.7,801+,10.8,701+,48.9,396,10.6,701+,17.9,762,29.1,602,54.2,779,4.8,801+,21.8,732,28.1,801+
1001-1200,1098,Soonchunhyang University,South Korea,Asan,Asia,n/a,https://www.topuniversities.com/universities/soonchunhyang-university,https://www.topuniversities.com/sites/default/files/241211064853am369756%EC%88%9C%EC%B2%9C%ED%96%A5%EB%8C%80%ED%95%99%EA%B5%90-08222222222222222222222-90x90.jpg,10.1,801+,7.7,701+,70.9,219,9.1,701+,1.9,801+,7.3,801+,12.8,801+,7.5,801+,11,801+,45.2,801+
1001-1200,1099,Southern Federal University,Russia,Rostov-on-Don,Europe,n/a,https://www.topuniversities.com/universities/southern-federal-university,https://www.topuniversities.com/sites/default/files/southern-federal-university_592560cf2aeae70239af5301_medium.jpg,3.5,801+,7,701+,65.4,266,7.5,701+,3.7,801+,42.3,470,43.6,801+,4.9,801+,47.6,435,31.4,801+
1001-1200,1100,Southern Methodist University,United States,Dallas,North America,n/a,https://www.topuniversities.com/universities/southern-methodist-university,https://www.topuniversities.com/sites/default/files/250730033630pm763452SMU-Logo-Formal-digitalonly-B-90x90.jpg,11.9,801+,6.4,701+,37.6,537,10.9,701+,62.4,251,16.3,792,28.8,801+,15.8,782,12.4,801+,41.9,801+
1001-1200,1101,Southwest University,China (Mainland),Chongqing,Asia,n/a,https://www.topuniversities.com/universities/southwest-university,https://www.topuniversities.com/sites/default/files/southwest-university_592560cf2aeae70239af5272_medium.jpg,45.1,414,3.2,701+,12,801+,3.5,701+,16.5,798,5.3,801+,51.4,801+,1.5,801+,4.2,801+,37.9,801+
1001-1200,1102,Sumgayit State University,Azerbaijan,Sumgayit,Asia,n/a,https://www.topuniversities.com/universities/sumgayit-state-university,https://www.topuniversities.com/sites/default/files/231101083729am874882logo-90x90.jpg,1.1,801+,14.1,701+,97.9,58,12.6,701+,12,801+,1.4,801+,1.8,801+,2.6,801+,5.8,801+,n/a,n/a
1001-1200,1103,Sumy State University,Ukraine,Sumy,Europe,n/a,https://www.topuniversities.com/universities/sumy-state-university,https://www.topuniversities.com/sites/default/files/sumy-state-university_592560cf2aeae70239af57c7_medium.jpg,5.2,801+,6.3,701+,47.1,418,11,701+,4.5,801+,29.1,603,35.5,801+,3.9,801+,29.5,620,48.2,=751
1001-1200,1104,Sungshin Women's University,South Korea,Seoul,Asia,n/a,https://www.topuniversities.com/universities/sungshin-womens-university,https://www.topuniversities.com/sites/default/files/211027112730am452034Webp.net-resizeimage-2021-10-27T142722.646-90x90.jpg,1.5,801+,9.1,701+,85,135,13.4,701+,1.8,801+,6.6,801+,2.7,801+,3.7,801+,10.6,801+,28.5,801+
1001-1200,1105,Széchenyi István University (University of Győr),Hungary,Győr,Europe,n/a,https://www.topuniversities.com/universities/szechenyi-istvan-university-university-gyor,https://www.topuniversities.com/sites/default/files/210825073941am374202sze-logo-allo-RGB-dark-blue-bg-90x90.jpg,2.9,801+,12.2,701+,28.9,655,36.6,391,4.8,801+,13.4,801+,16.5,801+,4.9,801+,19.3,773,44.9,801+
1001-1200,1106,Tashkent State University of Economics,Uzbekistan,Tashkent,Asia,n/a,https://www.topuniversities.com/universities/tashkent-state-university-economics,https://www.topuniversities.com/sites/default/files/220202093023am5173262-90x90.jpg,1.5,801+,15.7,701+,14,801+,31.4,455,23.7,660,11.3,801+,13.5,801+,19.2,726,13.9,801+,36.7,801+
1001-1200,1107,Technical University of Kosice,Slovakia,Košice,Europe,n/a,https://www.topuniversities.com/universities/technical-university-kosice,https://www.topuniversities.com/sites/default/files/technical-university-of-kosice_592560cf2aeae70239af5a56_medium.jpg,10.3,801+,8.2,701+,21.4,801+,13.8,701+,21.4,699,89.6,169,40.5,801+,1.8,801+,66.7,291,21.9,801+
1001-1200,1108,Telkom University,Indonesia,Bandung,Asia,n/a,https://www.topuniversities.com/universities/telkom-university,https://www.topuniversities.com/sites/default/files/telkom-university_592560cf2aeae70239af4e4b_medium.jpg,2.5,801+,13.6,701+,23.3,768,14.7,701+,11.6,801+,12.1,801+,15.5,801+,53.5,423,17,801+,36.3,801+
1001-1200,1109,The Hashemite University,Jordan,Zarqa,Asia,n/a,https://www.topuniversities.com/universities/hashemite-university,https://www.topuniversities.com/sites/default/files/the-hashemite-university_592560cf2aeae70239af5943_medium.jpg,7.8,801+,15.6,701+,5.5,801+,23.7,566,5.1,801+,18.4,756,45.1,801+,9.9,801+,13.9,801+,45.4,801+
1001-1200,1110,The University of Texas at Arlington,United States,Arlington,North America,n/a,https://www.topuniversities.com/universities/university-texas-arlington,https://www.topuniversities.com/sites/default/files/QS_UTA-Logo-90x90.jpg,16.4,776,7,701+,6.6,801+,9.2,701+,14.9,801+,39.7,492,57.7,722,12.7,801+,45.2,460,64.5,=409
1001-1200,1111,Tokyo Metropolitan University,Japan,Tokyo,Asia,n/a,https://www.topuniversities.com/universities/tokyo-metropolitan-university,https://www.topuniversities.com/sites/default/files/tokyo-metropolitan-university_592560cf2aeae70239af4ce9_medium.jpg,14.8,801+,17.5,701+,41.9,483,8.2,701+,4.9,801+,8,801+,39.5,801+,9.7,801+,11.6,801+,26.4,801+
1001-1200,1112,Universidad Andrés Bello,Chile,Santiago,Latin America,n/a,https://www.topuniversities.com/universities/universidad-andres-bello,https://www.topuniversities.com/sites/default/files/250715065502am262139Sin-t%C3%ADtulo-12-Mesa-de-trabajo-1-90x90.jpg,3.9,801+,19.5,633,11.1,801+,16.4,701+,2.5,801+,3.8,801+,60.9,680,9.6,801+,8.2,801+,56.9,559
1001-1200,1113,Universidad Argentina de la Empresa (UADE),Argentina,Buenos Aires,Latin America,n/a,https://www.topuniversities.com/universities/universidad-argentina-de-la-empresa-uade,https://www.topuniversities.com/sites/default/files/universidad-argentina-de-la-empresa-uade_592560cf2aeae70239af5494_medium.jpg,1,801+,6.4,701+,98.1,55,17.3,701+,29.2,566,9.9,801+,1.3,801+,2.7,801+,14.2,801+,n/a,n/a
1001-1200,1114,Universidad Austral de Chile,Chile,Valdivia,Latin America,n/a,https://www.topuniversities.com/universities/universidad-austral-de-chile,https://www.topuniversities.com/sites/default/files/universidad-austral-de-chile_1704_medium.jpg,14.3,801+,19.3,638,4.1,801+,15.4,701+,4.8,801+,2.5,801+,45.8,801+,20.5,703,6.8,801+,44,801+
1001-1200,1115,Universidad Diego Portales (UDP),Chile,Santiago,Latin America,n/a,https://www.topuniversities.com/universities/universidad-diego-portales-udp,https://www.topuniversities.com/sites/default/files/universidad-diego-portales-udp_159_medium.jpg,5.5,801+,19,647,11.9,801+,25.8,526,8.8,801+,6.3,801+,37.1,801+,17.5,758,4.9,801+,36.4,801+
1001-1200,1116,Universidad ICESI,Colombia,Cali,Latin America,n/a,https://www.topuniversities.com/universities/universidad-icesi,https://www.topuniversities.com/sites/default/files/universidad-icesi_592560cf2aeae70239af5150_medium.jpg,2.4,801+,7.8,701+,87.6,114,8.8,701+,12.9,801+,5.2,801+,7.4,801+,5.1,801+,9.3,801+,15.9,801+
1001-1200,1117,Universidad Nacional de Rosario (UNR),Argentina,Rosario,Latin America,n/a,https://www.topuniversities.com/universities/universidad-nacional-de-rosario-unr,https://www.topuniversities.com/sites/default/files/211123024202pm491653Logo-UNR-HD-USO-OFICIAL-page-0001-90x90.jpg,1.4,801+,27.4,457,29.9,635,14.9,701+,15.2,801+,10.8,801+,27,801+,n/a,n/a,8.3,801+,18.8,801+
1001-1200,1118,Universidad ORT Uruguay,Uruguay,Montevideo,Latin America,n/a,https://www.topuniversities.com/universities/universidad-ort-uruguay,https://www.topuniversities.com/sites/default/files/251114050726pm249935ORT-Logo-bordo-fondo-blanco-90x90.jpg,1.4,801+,13.2,701+,84.2,145,22.2,598,7,801+,2.9,801+,3.6,801+,17.1,765,2.4,801+,7.4,801+
1001-1200,1119,Universidad Peruana Cayetano Heredia (UPCH),Peru,San Martin,Latin America,n/a,https://www.topuniversities.com/universities/universidad-peruana-cayetano-heredia-upch,https://www.topuniversities.com/sites/default/files/universidad-peruana-cayetano-heredia-upch_592560cf2aeae70239af550f_medium.jpg,3.6,801+,15.2,701+,59.1,305,12.1,701+,4.6,801+,1.8,801+,23.9,801+,1.6,801+,1.6,801+,53.2,=641
1001-1200,1120,Universidad Pontificia Bolivariana ,Colombia,Medellín,Latin America,n/a,https://www.topuniversities.com/universities/universidad-pontificia-bolivariana,https://www.topuniversities.com/sites/default/files/universidad-pontificia-bolivariana-_592560cf2aeae70239af5511_medium.jpg,2.8,801+,10.7,701+,83.9,146,12.7,701+,27.6,601,4.5,801+,17.7,801+,4.8,801+,8.8,801+,28.5,801+
1001-1200,1121,Universidad Rey Juan Carlos,Spain,Móstoles,Europe,n/a,https://www.topuniversities.com/universities/universidad-rey-juan-carlos,https://www.topuniversities.com/sites/default/files/universidad-rey-juan-carlos_1517_medium.jpg,9.4,801+,12.5,701+,11.5,801+,16.9,701+,14.5,801+,20.3,727,65.3,619,24.2,660,26.4,667,64,=422
1001-1200,1122,Universidad Simón Bolívar (USB),Venezuela,Caracas,Latin America,n/a,https://www.topuniversities.com/universities/universidad-simon-bolivar-usb,https://www.topuniversities.com/sites/default/files/universidad-simn-bolvar-usb_592560cf2aeae70239af5515_medium.jpg,3.8,801+,19.5,632,23.5,762,22.6,584,42,418,1.1,801+,11.6,801+,2.1,801+,1.1,801+,11.6,801+
1001-1200,1123,Universidad Técnica Federico Santa María (USM),Chile,Valparaíso,Latin America,n/a,https://www.topuniversities.com/universities/universidad-tecnica-federico-santa-maria-usm,https://www.topuniversities.com/sites/default/files/universidad-tcnica-federico-santa-mara-usm_592560cf2aeae70239af52cb_medium.jpg,8.3,801+,13.3,701+,4.7,801+,37.5,374,17.7,767,1.8,801+,46.3,801+,19,728,1.6,801+,42.7,801+
1001-1200,1124,Universidad de Castilla-La Mancha,Spain,Ciudad Real,Europe,n/a,https://www.topuniversities.com/universities/universidad-de-castilla-la-mancha,https://www.topuniversities.com/sites/default/files/universidad-de-castilla-la-mancha_1521_medium.jpg,17.9,754,10.7,701+,22,791,4.7,701+,7.9,801+,9.7,801+,70.4,521,2.7,801+,15.5,801+,46.9,=793
1001-1200,1125,Universidad de Guadalajara (UDG),Mexico,Guadalajara,Latin America,n/a,https://www.topuniversities.com/universities/universidad-de-guadalajara-udg,https://www.topuniversities.com/sites/default/files/universidad-de-guadalajara-udg_592560cf2aeae70239af5137_medium.jpg,1.6,801+,26.5,475,21.3,801+,12.5,701+,9.8,801+,1.3,801+,45.1,801+,2.8,801+,5.7,801+,55.2,601
1001-1200,1126,Universidad de León,Spain,León,Europe,n/a,https://www.topuniversities.com/universities/universidad-de-leon,https://www.topuniversities.com/sites/default/files/universidad-de-len-_592560cf2aeae70239af5075_medium.jpg,9.6,801+,10.4,701+,52.1,361,7.1,701+,3.5,801+,20.6,722,46.6,801+,3.7,801+,15.5,801+,60.7,=494
1001-1200,1127,Universidad de Puerto Rico,Puerto Rico,San Juan,Latin America,n/a,https://www.topuniversities.com/universities/universidad-de-puerto-rico,https://www.topuniversities.com/sites/default/files/universidad-de-puerto-rico_592560cf2aeae70239af54dd_medium.jpg,3.5,801+,14.8,701+,23,776,10.8,701+,71.8,202,2.1,801+,43.4,801+,8.3,801+,6.4,801+,37.7,801+
1001-1200,1128,Universidad de San Andrés - UdeSA,Argentina,Buenos Aires,Latin America,n/a,https://www.topuniversities.com/universities/universidad-de-san-andres-udesa,https://www.topuniversities.com/sites/default/files/universidad-de-san-andrs-udesa_1699_medium.jpg,4.1,801+,11.7,701+,53,354,25.2,535,32.5,522,7.6,801+,11.7,801+,10.2,801+,5.9,801+,n/a,n/a
1001-1200,1129,Universidad de Talca,Chile,Talca,Latin America,n/a,https://www.topuniversities.com/universities/universidad-de-talca,https://www.topuniversities.com/sites/default/files/universidad-de-talca_592560cf2aeae70239af5129_medium.jpg,13.2,801+,14.4,701+,9.1,801+,11.7,701+,2.5,801+,1.9,801+,46.4,801+,27.4,619,1.7,801+,29.4,801+
1001-1200,1130,Universidad de las Américas Puebla (UDLAP),Mexico,Cholula,Latin America,n/a,https://www.topuniversities.com/universities/universidad-de-las-americas-puebla-udlap,https://www.topuniversities.com/sites/default/files/universidad-de-las-amricas-puebla-udlap_2637_medium.jpg,3.4,801+,11.7,701+,56,332,13.1,701+,4.7,801+,15.7,801+,6.9,801+,21.9,689,16.6,801+,18.6,801+
1001-1200,1131,Universidad del Valle,Colombia,Cali,Latin America,n/a,https://www.topuniversities.com/universities/universidad-del-valle,https://www.topuniversities.com/sites/default/files/universidad-del-valle_592560cf2aeae70239af54f0_medium.jpg,2.8,801+,24.1,529,11.1,801+,9.7,701+,28.8,580,2.2,801+,24.7,801+,3.3,801+,6.6,801+,34.9,801+
1001-1200,1132,Universidade Federal de São Carlos (UFSCar),Brazil,São Paulo,Latin America,n/a,https://www.topuniversities.com/universities/universidade-federal-de-sao-carlos-ufscar,https://www.topuniversities.com/sites/default/files/universidade-federal-de-so-carlos-ufscar_2748_medium.jpg,28.8,597,15,701+,20.3,801+,10.8,701+,1.8,801+,2.5,801+,47.1,801+,3.4,801+,2.1,801+,41.3,801+
1001-1200,1133,Universidade Federal do Paraná - UFPR,Brazil,Curitiba,Latin America,n/a,https://www.topuniversities.com/universities/universidade-federal-do-parana-ufpr,https://www.topuniversities.com/sites/default/files/universidade-federal-do-paran-ufpr_1730_medium.jpg,9.8,801+,19.4,637,25.7,722,8.7,701+,18,759,11.2,801+,55.4,762,3.9,801+,8.5,801+,40,801+
1001-1200,1134,Universidade da Coruña ,Spain,A Coruña,Europe,n/a,https://www.topuniversities.com/universities/universidade-da-coruna,https://www.topuniversities.com/sites/default/files/universidade-da-corua-_592560cf2aeae70239af5069_medium.jpg,13.8,801+,8.5,701+,29.3,645,7.1,701+,3.6,801+,9.4,801+,61.7,667,3.5,801+,15.2,801+,61.1,=477
1001-1200,1135,"Universita' degli Studi ""G. d'Annunzio"" Chieti Pescara",Italy,Chieti,Europe,n/a,https://www.topuniversities.com/universities/universita-degli-studi-g-dannunzio-chieti-pescara,https://www.topuniversities.com/sites/default/files/universita-degli-studi-g.-dannunzio-chieti-pescara_592560cf2aeae70239af4ffe_medium.jpg,45.9,407,4.9,701+,4.6,801+,3,701+,3.2,801+,5.1,801+,60.3,688,5.1,801+,4,801+,29.6,801+
1001-1200,1136,Universitas Sebelas Maret,Indonesia,Surakarta,Asia,n/a,https://www.topuniversities.com/universities/universitas-sebelas-maret,https://www.topuniversities.com/sites/default/files/universitas-sebelas-maret_592560cf2aeae70239af4e43_medium.jpg,2.5,801+,21.2,586,25.2,730,21.4,616,2.8,801+,11.2,801+,20.5,801+,33.3,550,16.9,801+,50.8,=688
1001-1200,1137,Universitas Sumatera Utara,Indonesia,Medan City,Asia,n/a,https://www.topuniversities.com/universities/universitas-sumatera-utara,https://www.topuniversities.com/sites/default/files/universitas-sumatera-utara_592560cf2aeae70239af5ad1_medium.jpg,1.8,801+,14.4,701+,38,532,13.4,701+,7.4,801+,2.6,801+,28.6,801+,14.1,801+,7,801+,46,801+
1001-1200,1138,Universitat Jaume I,Spain,Castelló de la Plana,Europe,n/a,https://www.topuniversities.com/universities/universitat-jaume-i,https://www.topuniversities.com/sites/default/files/universitat-jaume-i_1519_medium.jpg,28.4,601,7.7,701+,20.8,801+,3.3,701+,1.7,801+,24.1,671,51.1,801+,4.8,801+,30.2,612,59.6,=509
1001-1200,1139,Universitat de Lleida (University of Lleida),Spain,Lleida,Europe,n/a,https://www.topuniversities.com/universities/universitat-de-lleida-university-lleida,https://www.topuniversities.com/sites/default/files/210910085933am232005M-UdL-90x90.jpg,21.5,691,7.4,701+,27.5,690,3.7,701+,5.2,801+,16.2,795,56.4,747,7.3,801+,22.3,724,59.1,519
1001-1200,1140,Universiti Malaysia Perlis,Malaysia,Kangar,Asia,n/a,https://www.topuniversities.com/universities/universiti-malaysia-perlis,https://www.topuniversities.com/sites/default/files/211013053423am634196logo-UniMAP-90x90.jpg,13.7,801+,10.7,701+,29.8,636,9.1,701+,5.2,801+,4.9,801+,47.9,801+,1.8,801+,9.1,801+,43.1,801+
1001-1200,1141,Universiti Malaysia Sabah (UMS),Malaysia,Kota Kinabalu,Asia,n/a,https://www.topuniversities.com/universities/universiti-malaysia-sabah-ums,https://www.topuniversities.com/sites/default/files/universiti-malaysia-sabah-ums_592560cf2aeae70239af4ef1_medium.jpg,6.2,801+,22,565,15.1,801+,15.7,701+,5,801+,12.4,801+,33.2,801+,23.9,663,15.3,801+,48.1,=757
1001-1200,1142,Universiti Malaysia Sarawak (UNIMAS),Malaysia,Kuching,Asia,n/a,https://www.topuniversities.com/universities/universiti-malaysia-sarawak-unimas,https://www.topuniversities.com/sites/default/files/universiti-malaysia-sarawak-unimas_592560cf2aeae70239af523e_medium.jpg,6.8,801+,20.1,612,17.3,801+,14.4,701+,5,801+,19.7,732,35.9,801+,43.9,472,23,719,42.6,801+
1001-1200,1143,Universiti Tun Hussein Onn  Malaysia (UTHM),Malaysia,Batu Pahat,Asia,n/a,https://www.topuniversities.com/universities/universiti-tun-hussein-onn-malaysia-uthm,https://www.topuniversities.com/sites/default/files/universiti-tun-hussein-onn-malaysia-uthm_1986_medium.jpg,18.6,744,14.5,701+,11.7,801+,12.2,701+,5,801+,12,801+,45.8,801+,6.8,801+,15,801+,49.7,=708
1001-1200,1144,Universite Paris-Pantheon-Assas,France,Paris,Europe,n/a,https://www.topuniversities.com/universities/universite-paris-pantheon-assas,https://www.topuniversities.com/sites/default/files/221115023548pm579565Pantheon-logo-200x200-90x90.jpg,1.4,801+,8.5,701+,63.1,280,8.2,701+,64.4,242,38.6,510,6.1,801+,15.8,785,44.1,473,17,801+
1001-1200,1145,University of Alabama at Birmingham ,United States,Birmingham,North America,n/a,https://www.topuniversities.com/universities/university-alabama-birmingham,https://www.topuniversities.com/sites/default/files/university-of-alabama-at-birmingham_2118_medium.jpg,24.1,653,7.3,701+,62.6,283,4.6,701+,5,801+,n/a,n/a,57.2,732,n/a,n/a,n/a,n/a,35.6,801+
1001-1200,1146,University of Anbar,Iraq,Ramadi,Asia,n/a,https://www.topuniversities.com/universities/university-anbar,https://www.topuniversities.com/sites/default/files/220627090951pm582521200-90x90.jpg,3,801+,25.3,507,27.2,695,15.4,701+,5.6,801+,1.8,801+,25.9,801+,3.5,801+,6.3,801+,31.7,801+
1001-1200,1147,University of Arkansas Fayetteville,United States,Fayetteville,North America,n/a,https://www.topuniversities.com/universities/university-arkansas-fayetteville,https://www.topuniversities.com/sites/default/files/university-of-arkansas-fayetteville-_592560cf2aeae70239af534e_medium.jpg,19,732,8.4,701+,7.8,801+,7.4,701+,34.4,496,4.4,801+,67.8,570,9.2,801+,3.5,801+,45.1,801+
1001-1200,1148,University of Balamand,Lebanon,Beirut,Asia,n/a,https://www.topuniversities.com/universities/university-balamand,https://www.topuniversities.com/sites/default/files/university-of-balamand_592560cf2aeae70239af4eee_medium.jpg,3.6,801+,8,701+,49.8,386,21.2,622,3.8,801+,26.9,633,14.4,801+,20.5,704,31.2,599,33.6,801+
1001-1200,1149,University of Lancashire,United Kingdom,Preston,Europe,n/a,https://www.topuniversities.com/universities/university-lancashire,https://www.topuniversities.com/sites/default/files/251120061451am662186Square-200x200.svg-90x90.jpg,7.1,801+,6.5,701+,12.4,801+,9.3,701+,3.3,801+,78.4,234,56.9,739,43.2,476,80.5,203,35.5,801+
1001-1200,1150,University of Colombo,Sri Lanka,"Colombo,",Asia,n/a,https://www.topuniversities.com/universities/university-colombo,https://www.topuniversities.com/sites/default/files/university-of-colombo_592560cf2aeae70239af4b0a_medium.jpg,6.1,801+,15.1,701+,3.3,801+,20.9,626,76,176,1.5,801+,20.7,801+,1.2,801+,5.9,801+,61.1,=477
1001-1200,1151,University of Denver,United States,Denver,North America,n/a,https://www.topuniversities.com/universities/university-denver,https://www.topuniversities.com/sites/default/files/university-of-denver_157_medium.jpg,12.7,801+,7.8,701+,43.6,458,12.2,701+,37.5,465,14.2,801+,31.8,801+,6,801+,20.2,760,49.5,=715
1001-1200,1152,University of Deusto,Spain,Bilbao,Europe,n/a,https://www.topuniversities.com/universities/university-deusto,https://www.topuniversities.com/sites/default/files/university-of-deusto_592560cf2aeae70239af57cd_medium.jpg,14.3,801+,8.9,701+,7.4,801+,29.8,477,52.2,324,29.9,592,29.1,801+,8.8,801+,35.8,539,31.6,801+
1001-1200,1153,University of East London,United Kingdom,London,Europe,n/a,https://www.topuniversities.com/universities/university-east-london,https://www.topuniversities.com/sites/default/files/Webp.net-resizeimage-71-90x90.jpg,9.5,801+,3.9,701+,2.6,801+,6.5,701+,14.1,801+,99.8,46,34.5,801+,83.3,268,99.8,35,29.5,801+
1001-1200,1154,University of Hradec Kralove,Czechia,Hradec Králové,Europe,n/a,https://www.topuniversities.com/universities/university-hradec-kralove,https://www.topuniversities.com/sites/default/files/uhk-abb_xs_rgb-90x90.jpg,13.3,801+,5.8,701+,24.8,739,6.9,701+,5.2,801+,6.2,801+,49.4,801+,60.2,388,10.5,801+,23,801+
1001-1200,1155,University of Ibadan,Nigeria,Ibadan,Africa,n/a,https://www.topuniversities.com/universities/university-ibadan,https://www.topuniversities.com/sites/default/files/university-of-ibadan_592560cf2aeae70239af4b95_medium.jpg,7.3,801+,11.6,701+,6.4,801+,16.6,701+,76.2,175,n/a,n/a,64.8,624,n/a,n/a,n/a,n/a,41.9,801+
1001-1200,1156,University of Idaho ,United States,Moscow,North America,n/a,https://www.topuniversities.com/universities/university-idaho,https://www.topuniversities.com/sites/default/files/university-of-idaho_1847_medium.jpg,36.9,504,3.5,701+,15.4,801+,1.6,701+,7.5,801+,12.2,801+,32,801+,8.6,801+,9.3,801+,41.7,801+
1001-1200,1157,University of Ioannina,Greece,Ioannina,Europe,n/a,https://www.topuniversities.com/universities/university-ioannina,https://www.topuniversities.com/sites/default/files/university-of-ioannina_592560dd9988f300e23205ee_medium.jpg,32,562,9.4,701+,1.9,801+,5.6,701+,3.6,801+,7.5,801+,55.7,757,2,801+,11.9,801+,36.5,801+
1001-1200,1158,University of Isfahan,Iran,Isfahan,Asia,n/a,https://www.topuniversities.com/universities/university-isfahan,https://www.topuniversities.com/sites/default/files/Isfahan_logo.jpg,30.7,579,7.7,701+,4.9,801+,10.7,701+,4.7,801+,2.5,801+,52.8,798,n/a,n/a,2.1,801+,27.7,801+
1001-1200,1159,University of Karachi,Pakistan,Karachi,Asia,n/a,https://www.topuniversities.com/universities/university-karachi,https://www.topuniversities.com/sites/default/files/university-of-karachi_592560cf2aeae70239af4d40_medium.jpg,10.4,801+,14.5,701+,2,801+,19.2,676,51.2,332,1.2,801+,48.4,801+,4.7,801+,1.1,801+,31.3,801+
1001-1200,1160,University of Lagos,Nigeria,Lagos,Africa,n/a,https://www.topuniversities.com/universities/university-lagos,https://www.topuniversities.com/sites/default/files/220318014704pm414721lagos-90x90.jpg,5.2,801+,9.4,701+,2.5,801+,16.5,701+,90.4,103,n/a,n/a,45.9,801+,n/a,n/a,n/a,n/a,36.6,801+
1001-1200,1161,University of Louisville,United States,Louisville,North America,n/a,https://www.topuniversities.com/universities/university-louisville,https://www.topuniversities.com/sites/default/files/louisville-90x90.jpg,13.3,801+,3.9,701+,43.8,454,4.2,701+,9.8,801+,5.9,801+,59.6,700,21.8,691,11.3,801+,39.5,801+
1001-1200,1162,University of Mississippi,United States,Oxford,North America,n/a,https://www.topuniversities.com/universities/university-mississippi,https://www.topuniversities.com/sites/default/files/university-of-mississippi_592560cf2aeae70239af536f_medium.jpg,12,801+,4.6,701+,78,177,3.2,701+,9.2,801+,5.1,801+,47.6,801+,5.2,801+,10.4,801+,35.9,801+
1001-1200,1163,"University of Missouri, Kansas City",United States,Kansas City,North America,n/a,https://www.topuniversities.com/universities/university-missouri-kansas-city,https://www.topuniversities.com/sites/default/files/university-of-missouri-kansas-city_592560cf2aeae70239af52c8_medium.jpg,25.7,627,5.1,701+,21.9,795,9.5,701+,13.4,801+,31.3,574,26.4,801+,6.9,801+,23.5,715,30.8,801+
1001-1200,1164,University of Murcia,Spain,Murcia,Europe,n/a,https://www.topuniversities.com/universities/university-murcia,https://www.topuniversities.com/sites/default/files/university-of-murcia_592560cf2aeae70239af4c29_medium.jpg,14.9,801+,15.3,701+,24.9,735,5.4,701+,4.9,801+,7,801+,77.9,385,n/a,n/a,12.2,801+,64.4,=413
1001-1200,1165,University of Nairobi,Kenya,Nairobi,Africa,n/a,https://www.topuniversities.com/universities/university-nairobi,https://www.topuniversities.com/sites/default/files/university-of-nairobi_15043_medium.jpg,2.6,801+,12.8,701+,25.7,723,13.7,701+,95.6,72,n/a,n/a,48.7,801+,n/a,n/a,n/a,n/a,39.1,801+
1001-1200,1166,University of Naples Parthenope,Italy,Naples,Europe,n/a,https://www.topuniversities.com/universities/university-naples-parthenope,https://www.topuniversities.com/sites/default/files/naples90.jpg,47.2,401,5.6,701+,4.2,801+,3.4,701+,1.8,801+,4.2,801+,33.3,801+,2,801+,8.7,801+,41.2,801+
1001-1200,1167,University of Nevada - Reno,United States,Reno,North America,n/a,https://www.topuniversities.com/universities/university-nevada-reno,https://www.topuniversities.com/sites/default/files/university-of-nevada-reno_592560cf2aeae70239af51c0_medium.jpg,24.4,648,6.4,701+,24.2,748,6.5,701+,13.9,801+,4.1,801+,62.9,652,23.4,672,3.3,801+,48.1,=757
1001-1200,1168,University of New England Australia,Australia,Armidale,Oceania,n/a,https://www.topuniversities.com/universities/university-new-england-australia,https://www.topuniversities.com/sites/default/files/university-of-new-england-australia_592560cf2aeae70239af4dd3_medium.jpg,16,785,12.5,701+,8.2,801+,9.6,701+,15.7,801+,6.1,801+,67.3,582,6.3,801+,10,801+,50.9,=684
1001-1200,1169,University of New Hampshire,United States,Durham,North America,n/a,https://www.topuniversities.com/universities/university-new-hampshire,https://www.topuniversities.com/sites/default/files/university-of-new-hampshire_592560cf2aeae70239af51c1_medium.jpg,24.8,644,6,701+,17.7,801+,9.1,701+,13.3,801+,4.9,801+,32.4,801+,11.7,801+,3.9,801+,47.1,=785
1001-1200,1170,University of North Carolina at Charlotte,United States,Charlotte,North America,n/a,https://www.topuniversities.com/universities/university-north-carolina-charlotte,https://www.topuniversities.com/sites/default/files/250905080327pm695600Green-Logo-90x90.jpg,19.6,718,6.7,701+,7.7,801+,7,701+,15.3,801+,13.7,801+,66.4,598,15.5,795,19.7,767,43.9,801+
1001-1200,1171,University of Parma,Italy,Parma,Europe,n/a,https://www.topuniversities.com/universities/university-parma,https://www.topuniversities.com/sites/default/files/university-of-parma_592560cf2aeae70239af536e_medium.jpg,33,551,13.6,701+,4.5,801+,5.8,701+,12.5,801+,16.8,784,63,651,5.2,801+,22.9,722,37,801+
1001-1200,1172,University of Regina,Canada,Regina,North America,n/a,https://www.topuniversities.com/universities/university-regina,https://www.topuniversities.com/sites/default/files/university-of-regina_592560cf2aeae70239af5168_medium.jpg,34.3,532,4.7,701+,5.7,801+,2.9,701+,6.4,801+,51.2,400,48.5,801+,4,801+,54.5,376,64.2,=417
1001-1200,1173,University of Rhode Island,United States,Kingston,North America,n/a,https://www.topuniversities.com/universities/university-rhode-island,https://www.topuniversities.com/sites/default/files/university-of-rhode-island-_592560cf2aeae70239af51c7_medium.jpg,26.5,619,7.2,701+,8.7,801+,5.7,701+,15.8,801+,4.3,801+,53.2,793,7.8,801+,9.2,801+,68,=351
1001-1200,1174,University of South Bohemia in České Budějovice,Czechia,České Budějovice,Europe,n/a,https://www.topuniversities.com/universities/university-south-bohemia-ceske-budejovice,https://www.topuniversities.com/sites/default/files/university-of-south-bohemia_592560e59988f300e2321beb_medium.jpg,12.5,801+,7.1,701+,53.7,350,5.8,701+,2.5,801+,19.8,730,57.2,731,27.7,618,26,670,47,=789
1001-1200,1175,University of Tabuk,Saudi Arabia,Tabuk,Asia,n/a,https://www.topuniversities.com/universities/university-tabuk,https://www.topuniversities.com/sites/default/files/tabuk-university_592560cf2aeae70239af5461_medium.jpg,6.7,801+,8.8,701+,27.3,693,3.5,701+,2.8,801+,5.5,801+,42.7,801+,93.7,197,9.9,801+,34.7,801+
1001-1200,1176,University of Texas at San Antonio,United States,San Antonio,North America,n/a,https://www.topuniversities.com/universities/university-texas-san-antonio,https://www.topuniversities.com/sites/default/files/260204095436pm908593UTSanAntonio2-90x90.jpg,30.6,581,6.7,701+,5.8,801+,6,701+,8,801+,4.6,801+,59.9,694,14.1,801+,3.7,801+,44.5,801+
1001-1200,1177,University of Toledo,United States,Toledo,North America,n/a,https://www.topuniversities.com/universities/university-toledo,https://www.topuniversities.com/sites/default/files/university-of-toledo_592560cf2aeae70239af51c9_medium.jpg,28.8,598,4.2,701+,13.8,801+,4.5,701+,14.5,801+,21.6,702,45.4,801+,7.7,801+,16.3,801+,39.9,801+
1001-1200,1178,University of Tulsa,United States,Tulsa,North America,n/a,https://www.topuniversities.com/universities/university-tulsa,https://www.topuniversities.com/sites/default/files/university-of-tulsa_592560cf2aeae70239af4dae_medium.jpg,15.1,801+,2.8,701+,49.8,387,5.3,701+,22.5,682,39.7,493,22.2,801+,20.7,699,45.2,461,46.7,=799
1001-1200,1179,University of Vermont,United States,Burlington,North America,n/a,https://www.topuniversities.com/universities/university-vermont,https://www.topuniversities.com/sites/default/files/240826054733pm368336UVM-Logo-Primary-Stacked-G-CMYK-200pixels-90x90.jpg,23,669,3.7,701+,39.8,509,6.8,701+,22.3,690,3.8,801+,66.2,607,8.8,801+,8.8,801+,52,=663
1001-1200,1180,University of Warmia and Mazury in Olsztyn,Poland,Olsztyn,Europe,n/a,https://www.topuniversities.com/universities/university-warmia-mazury-olsztyn,https://www.topuniversities.com/sites/default/files/university-of-warmia-and-mazury-in-olsztyn_5fb4998b5c52f30a7416db55_medium.jpg,7.7,801+,10.8,701+,42,478,14.5,701+,4,801+,4.6,801+,42.6,801+,2.6,801+,9,801+,43.7,801+
1001-1200,1181,University of Wolverhampton,United Kingdom,Telford,Europe,n/a,https://www.topuniversities.com/universities/university-wolverhampton,https://www.topuniversities.com/sites/default/files/university-of-wolverhampton_592560cf2aeae70239af50e1_medium.jpg,14.9,801+,3.1,701+,14,801+,3.7,701+,5.9,801+,78.9,228,55.7,756,40.8,493,80.9,198,31,801+
1001-1200,1182,University of Wyoming,United States,Laramie,North America,n/a,https://www.topuniversities.com/universities/university-wyoming,https://www.topuniversities.com/sites/default/files/university-of-wyoming_592560cf2aeae70239af51ca_medium.jpg,29.6,592,3.6,701+,39.4,515,2.3,701+,10.6,801+,8.1,801+,52,801+,12.6,801+,13.5,801+,43.4,801+
1001-1200,1183,University of Algarve,Portugal,Faro,Europe,n/a,https://www.topuniversities.com/universities/university-algarve,,28.3,604,7.2,701+,13.6,801+,3.2,701+,3,801+,53,388,66.3,604,6.6,801+,57.4,355,45,801+
1001-1200,1184,University of the Free State,South Africa,Bloemfontein,Africa,n/a,https://www.topuniversities.com/universities/university-free-state,https://www.topuniversities.com/sites/default/files/university-of-the-free-state_592560cf2aeae70239af4f47_medium.jpg,13.8,801+,7.2,701+,4.9,801+,12.1,701+,18.4,751,8.3,801+,93.7,107,n/a,n/a,6.4,801+,41.7,801+
1001-1200,1185,University of Zilina,Slovakia,Zilina,Europe,n/a,https://www.topuniversities.com/universities/university-zilina,https://www.topuniversities.com/sites/default/files/211005084345am815340logo-UNIZA-90x90.jpg,13.9,801+,6.3,701+,59.5,302,7.3,701+,5.6,801+,12.3,801+,25.6,801+,5.5,801+,14.7,801+,36.5,801+
1001-1200,1186,Università degli Studi di Udine,Italy,Udine,Europe,n/a,https://www.topuniversities.com/universities/universita-degli-studi-di-udine,https://www.topuniversities.com/sites/default/files/universit-degli-studi-di-udine_592560cf2aeae70239af5a33_medium.jpg,23.9,657,9.5,701+,15.2,801+,4.8,701+,2,801+,8.2,801+,52.1,801+,5.7,801+,13.6,801+,42.8,801+
1001-1200,1187,University of Salento,Italy,Lecce (LE),Europe,n/a,https://www.topuniversities.com/universities/university-salento,https://www.topuniversities.com/sites/default/files/university-of-salento_592560cf2aeae70239af5000_medium.jpg,41.5,454,6.8,701+,8.2,801+,1.9,701+,3.4,801+,4.5,801+,71.9,501,1.5,801+,9.5,801+,31.9,801+
1001-1200,1188,Université Lumière Lyon 2,France,Lyon,Europe,n/a,https://www.topuniversities.com/universities/universite-lumiere-lyon-2,https://www.topuniversities.com/sites/default/files/universit-lumire-lyon-2_592560cf2aeae70239af4bf9_medium.jpg,11.8,801+,14.3,701+,5.6,801+,5.6,701+,2.4,801+,48.8,415,62.5,658,33.5,548,53.6,382,31.9,801+
1001-1200,1189,Université Paris 13 Nord,France,Villetaneuse,Europe,n/a,https://www.topuniversities.com/universities/universite-paris-13-nord,https://www.topuniversities.com/sites/default/files/universit-paris-13-nord_592560cf2aeae70239af51dc_medium.jpg,37.6,496,14,701+,6,801+,7.9,701+,6.9,801+,n/a,n/a,57.2,729,n/a,n/a,n/a,n/a,33.5,801+
1001-1200,1190,Université Toulouse 1 Capitole,France,Toulouse,Europe,n/a,https://www.topuniversities.com/universities/universite-toulouse-1-capitole,https://www.topuniversities.com/sites/default/files/universit-toulouse-1-capitole_620_medium.jpg,10.1,801+,18.3,667,2.2,801+,8.7,701+,7.9,801+,63,320,52.2,801+,32.1,562,46.9,442,33,801+
1001-1200,1191,Universit de Bretagne Occidentale,France,Brest,Europe,n/a,https://www.topuniversities.com/universities/universit-de-bretagne-occidentale,https://www.topuniversities.com/sites/default/files/UBO_logo.jpg,25.2,634,6.2,701+,32.1,600,5.4,701+,3.6,801+,n/a,n/a,82.7,297,n/a,n/a,n/a,n/a,47.2,=783
1001-1200,1192,University of Sfax,Tunisia,Sfax,Africa,n/a,https://www.topuniversities.com/universities/university-sfax,https://www.topuniversities.com/sites/default/files/220129103435am476559University-Of-Sfax-Logo-VV-90x90.jpg,6.1,801+,11.4,701+,56.3,330,4.2,701+,13.6,801+,5.6,801+,58.9,708,1.1,801+,9.6,801+,49.6,=711
1001-1200,1193,Utah State University ,United States,Logan,North America,n/a,https://www.topuniversities.com/universities/utah-state-university,https://www.topuniversities.com/sites/default/files/utah-state-university-_592560cf2aeae70239af51cb_medium.jpg,32.8,554,7.4,701+,8.6,801+,4.2,701+,11.3,801+,2.7,801+,67.2,584,1.1,801+,2.3,801+,48.2,=751
1001-1200,1194,VSB - Technical University of Ostrava,Czechia,Ostrava,Europe,n/a,https://www.topuniversities.com/universities/vsb-technical-university-ostrava,https://www.topuniversities.com/sites/default/files/vb-technical-university-of-ostrava_592560cf2aeae70239af5980_medium.jpg,10.3,801+,7.7,701+,28.9,653,21.5,614,5,801+,41.1,482,56.9,738,15.2,801+,45.1,463,46.5,801+
1001-1200,1195,Van Lang University,Vietnam,Ho Chi Minh City,Asia,n/a,https://www.topuniversities.com/universities/van-lang-university,https://www.topuniversities.com/sites/default/files/230418061805am147438QS-Logo-90x90.jpg,2.3,801+,31.4,392,28.9,650,10.3,701+,4.9,801+,1.3,801+,45.3,801+,10.6,801+,5.7,801+,n/a,n/a
1001-1200,1196,Warsaw University of Life Sciences  SGGW (WULS-SGGW),Poland,Warsaw,Europe,n/a,https://www.topuniversities.com/universities/warsaw-university-life-sciences-sggw-wuls-sggw,https://www.topuniversities.com/sites/default/files/warsaw-university-of-life-sciences-sggw-wuls-sggw_14932_medium.jpg,14.6,801+,8,701+,23.1,773,7.9,701+,7.1,801+,11.9,801+,67.5,576,2.4,801+,15.8,801+,42.6,801+
1001-1200,1197,West Virginia University,United States,Morgantown,North America,n/a,https://www.topuniversities.com/universities/west-virginia-university,https://www.topuniversities.com/sites/default/files/west-virginia-university_592560cf2aeae70239af531c_medium.jpg,28.4,603,6.4,701+,15,801+,7.5,701+,21.4,700,8.8,801+,66.9,591,8.3,801+,6.8,801+,44.6,801+
1001-1200,1198,Xi'an Jiaotong Liverpool University,China (Mainland),Suzhou,Asia,n/a,https://www.topuniversities.com/universities/xian-jiaotong-liverpool-university,https://www.topuniversities.com/sites/default/files/xian-jiaotong-liverpool-university_592560cf2aeae70239af581d_medium.jpg,12,801+,5.9,701+,8.1,801+,5.4,701+,1.3,801+,5.2,801+,45.9,801+,95.2,177,10.2,801+,44,801+
1001-1200,1199,Yerevan State University,Armenia,Yerevan,Asia,n/a,https://www.topuniversities.com/universities/yerevan-state-university,https://www.topuniversities.com/sites/default/files/yerevan-state-university_592560e59988f300e2321a5c_medium.jpg,1.9,801+,8.7,701+,64.8,271,6,701+,90,106,3,801+,21.2,801+,8.7,801+,7.2,801+,13.3,801+
1001-1200,1200,Yokohama City University,Japan,Yokohama City,Asia,n/a,https://www.topuniversities.com/universities/yokohama-city-university,https://www.topuniversities.com/sites/default/files/yokohama-city-university_592560cf2aeae70239af4d32_medium.jpg,19,730,3.3,701+,96.7,64,3.7,701+,3.5,801+,6,801+,15,801+,7.2,801+,10,801+,14.5,801+
1001-1200,1201,Yokohama National University,Japan,Yokohama City,Asia,n/a,https://www.topuniversities.com/universities/yokohama-national-university,https://www.topuniversities.com/sites/default/files/yokohama-national-university_592560cf2aeae70239af4d33_medium.jpg,11.3,801+,11.6,701+,22.9,777,24.5,548,22.5,684,12.5,801+,28.1,801+,17.2,762,18.2,792,41.2,801+
1001-1200,1202,Yuan Ze University,Taiwan,Taoyuan City,Asia,n/a,https://www.topuniversities.com/universities/yuan-ze-university,https://www.topuniversities.com/sites/default/files/yuan-ze-university_592560cf2aeae70239af4f29_medium.jpg,19.7,716,8.6,701+,13.7,801+,9.7,701+,2.1,801+,23,689,38.9,801+,22.2,684,25.9,671,42.9,801+
1001-1200,1203,Obuda University,Hungary,Budapest,Europe,n/a,https://www.topuniversities.com/universities/obuda-university,https://www.topuniversities.com/sites/default/files/250326122724pm806838ou-logo-90x90.jpg,19.6,721,7.9,701+,3.9,801+,8.9,701+,5.1,801+,13.3,801+,44.5,801+,34.7,538,19.3,774,42.4,801+
1201-1400,1204,ADA University,Azerbaijan,Baku,Asia,n/a,https://www.topuniversities.com/universities/ada-university,https://www.topuniversities.com/sites/default/files/ada-university_592560cf2aeae70239af5831_medium.jpg,1.3,801+,8.4,701+,62.3,286,22.4,595,12,801+,7.7,801+,5.2,801+,20.2,710,11.9,801+,n/a,n/a
1201-1400,1205,"Ahmadu Bello University, Zaria",Nigeria,Zaria,Africa,n/a,https://www.topuniversities.com/universities/ahmadu-bello-university-zaria,https://www.topuniversities.com/sites/default/files/240201040739pm542836ABU-Logo-90x90.jpg,2.2,801+,6.3,701+,10,801+,9.4,701+,80.8,154,1.4,801+,44.1,801+,2,801+,5.8,801+,28,801+
1201-1400,1206,Al-Zaytoonah University of Jordan,Jordan,Amman,Asia,n/a,https://www.topuniversities.com/universities/al-zaytoonah-university-jordan,https://www.topuniversities.com/sites/default/files/al-zaytoonah-university-of-jordan_592560cf2aeae70239af59fb_medium.jpg,8.1,801+,5.9,701+,4.9,801+,7.7,701+,5.3,801+,52.4,394,16.8,801+,26.9,628,48.3,432,14.1,801+
1201-1400,1207,Al-Balqa Applied University,Jordan,As-Salt,Asia,n/a,https://www.topuniversities.com/universities/al-balqa-applied-university,https://www.topuniversities.com/sites/default/files/al-balqa-applied-university_592560cf2aeae70239af59fa_medium.jpg,5.8,801+,10.2,701+,6,801+,15.4,701+,5.5,801+,5.2,801+,46,801+,15.2,801+,9.2,801+,41.8,801+
1201-1400,1208,Amman Arab University,Jordan,Amman,Asia,n/a,https://www.topuniversities.com/universities/amman-arab-university,https://www.topuniversities.com/sites/default/files/amman-arab-university_592560e29988f300e2321320_medium.jpg,16,783,8.4,701+,13,801+,6,701+,5.4,801+,58.6,349,12.2,801+,10.6,801+,53.4,384,8.9,801+
1201-1400,1209,Ashoka University,India,Sonipat,Asia,n/a,https://www.topuniversities.com/universities/ashoka-university,https://www.topuniversities.com/sites/default/files/Ashoka-logo-200-90x90.jpg,6.2,801+,10.1,701+,28.4,672,7.2,701+,1.9,801+,7.5,801+,3.4,801+,20.5,702,10.9,801+,26.3,801+
1201-1400,1210,Ataturk University,Türkiye,Erzurum,Asia,n/a,https://www.topuniversities.com/universities/ataturk-university,https://www.topuniversities.com/sites/default/files/ataturk-university_59df25b8acb295021d569dc7_medium.jpg,9.7,801+,8.1,701+,4.1,801+,2.9,701+,11.3,801+,20.7,715,49.3,801+,4.7,801+,26.9,657,34.6,801+
1201-1400,1211,BRAC University,Bangladesh,Dhaka,Asia,n/a,https://www.topuniversities.com/universities/brac-university,https://www.topuniversities.com/sites/default/files/brac-university_853_medium.jpg,3.6,801+,14.9,701+,11.6,801+,33.4,429,4.5,801+,1.8,801+,30.4,801+,1.7,801+,6.2,801+,30,801+
1201-1400,1212,Bahauddin Zakariya University,Pakistan,Multan,Asia,n/a,https://www.topuniversities.com/universities/bahauddin-zakariya-university,https://www.topuniversities.com/sites/default/files/bahauddin-zakariya-university-_592560cf2aeae70239af4d91_medium.jpg,30.3,584,8.5,701+,4.1,801+,7.8,701+,8.3,801+,1,801+,50.8,801+,n/a,n/a,1,801+,25.7,801+
1201-1400,1213,Beijing Foreign Studies University,China (Mainland),Beijing,Asia,n/a,https://www.topuniversities.com/universities/beijing-foreign-studies-university,https://www.topuniversities.com/sites/default/files/beijing-foreign-studies-university_2020_medium.jpg,2.5,801+,8.4,701+,42.6,470,7.8,701+,15.5,801+,48.4,418,4.4,801+,25.4,646,36.1,532,10,801+
1201-1400,1214,Beijing University of Chinese Medicine,China (Mainland),Beijing,Asia,n/a,https://www.topuniversities.com/universities/beijing-university-chinese-medicine,https://www.topuniversities.com/sites/default/files/beijing-university-of-chinese-medicine_592560cf2aeae70239af5266_medium.jpg,14.7,801+,5.7,701+,44.2,448,6.4,701+,4.1,801+,13.3,801+,7.6,801+,n/a,n/a,10.1,801+,8.4,801+
1201-1400,1215,Benemerita Universidad Autonoma de Puebla,Mexico,Puebla,Latin America,n/a,https://www.topuniversities.com/universities/benemerita-universidad-autonoma-de-puebla,https://www.topuniversities.com/sites/default/files/benemrita-universidad-autnoma-de-puebla_592560cf2aeae70239af5478_medium.jpg,2.9,801+,19.9,616,2.4,801+,8,701+,2.3,801+,1.7,801+,29.1,801+,3.6,801+,6.1,801+,28.9,801+
1201-1400,1216,Beni-Suef University,Egypt,Beni-Suef,Africa,n/a,https://www.topuniversities.com/universities/beni-suef-university,https://www.topuniversities.com/sites/default/files/beni-suef-university_592560e29988f300e2321229_medium.jpg,11.1,801+,8.7,701+,2.1,801+,4.1,701+,2.8,801+,1.6,801+,51.5,801+,13.7,801+,6,801+,39.8,801+
1201-1400,1217,Birzeit university,Palestinian Territories,Birzeit,Asia,n/a,https://www.topuniversities.com/universities/birzeit-university,https://www.topuniversities.com/sites/default/files/birzeit-university_592560cf2aeae70239af546c_medium.jpg,5.1,801+,12.5,701+,6.7,801+,8.5,701+,38.3,451,7.4,801+,20,801+,17.9,748,5.7,801+,12.3,801+
1201-1400,1218,British University in Egypt,Egypt,El Shorouk,Africa,n/a,https://www.topuniversities.com/universities/british-university-egypt,https://www.topuniversities.com/sites/default/files/british-university-in-egypt_592560e29988f300e232122d_medium.jpg,4.6,801+,8.4,701+,36.7,549,10.8,701+,3,801+,6.1,801+,18.4,801+,1.8,801+,10.1,801+,20.6,801+
1201-1400,1219,Brock University,Canada,St. Catharines,North America,n/a,https://www.topuniversities.com/universities/brock-university,https://www.topuniversities.com/sites/default/files/240411040432pm619102BrockU-2022-RGB-square-200-90x90.jpg,16.6,772,6.7,701+,4.7,801+,10.9,701+,6.7,801+,27.5,621,29.2,801+,4.2,801+,33.5,570,41.5,801+
1201-1400,1220,California Polytechnic State University,United States,San Luis Obispo,North America,n/a,https://www.topuniversities.com/universities/california-polytechnic-state-university,https://www.topuniversities.com/sites/default/files/california-polytechnic-state-university_592560cf2aeae70239af5348_medium.jpg,4.9,801+,5.6,701+,9.4,801+,20,655,19.4,736,n/a,n/a,43.6,801+,n/a,n/a,n/a,n/a,32.8,801+
1201-1400,1221,Can Tho University,Vietnam,Can Tho,Asia,n/a,https://www.topuniversities.com/universities/can-tho-university,https://www.topuniversities.com/sites/default/files/can-tho-university_592560cf2aeae70239af523b_medium.jpg,4.6,801+,10.2,701+,3.1,801+,6.2,701+,6.6,801+,1,801+,36.8,801+,65.2,357,5.5,801+,39.7,801+
1201-1400,1222,Canterbury Christ Church University,United Kingdom,Canterbury,Europe,n/a,https://www.topuniversities.com/universities/canterbury-christ-church-university,https://www.topuniversities.com/sites/default/files/260121114728am254318canterbury-christ-church-university-logo-90x90.jpg,6.8,801+,6.8,701+,5.3,801+,4.7,701+,2.2,801+,60.4,340,21.9,801+,41.5,487,64.2,309,21.7,801+
1201-1400,1223,Chang Jung Christian University,Taiwan,Tainan City,Asia,n/a,https://www.topuniversities.com/universities/chang-jung-christian-university,https://www.topuniversities.com/sites/default/files/chang-jung-christian-university_5c65353a5c52f30ed41c5bb1_medium.jpg,2.6,801+,8.5,701+,57,323,4.9,701+,2.2,801+,9.3,801+,6,801+,8.2,801+,12.6,801+,34.9,801+
1201-1400,1224,China University of Political Science and Law,China (Mainland),Beijing,Asia,n/a,https://www.topuniversities.com/universities/china-university-political-science-law,https://www.topuniversities.com/sites/default/files/china-university-of-political-science-and-law_2021_medium.jpg,1.5,801+,3.5,701+,11.1,801+,62.2,181,9.6,801+,2.2,801+,7.9,801+,5,801+,6.8,801+,10.2,801+
1201-1400,1225,Chitkara University,India,Rajpura,Asia,n/a,https://www.topuniversities.com/universities/chitkara-university,https://www.topuniversities.com/sites/default/files/chitkara-university_592560ea9988f300e2322718_medium.jpg,5.4,801+,10,701+,18.2,801+,10.9,701+,1.7,801+,5.4,801+,44,801+,13.1,801+,9.1,801+,47.4,=776
1201-1400,1226,Cukurova University,Türkiye,Adana,Asia,n/a,https://www.topuniversities.com/universities/cukurova-university,https://www.topuniversities.com/sites/default/files/cukurova-university_592560cf2aeae70239af4b17_medium.jpg,4.9,801+,6.7,701+,8.6,801+,6.1,701+,14.1,801+,6.5,801+,56,749,2.5,801+,12,801+,42.3,801+
1201-1400,1227,Damascus University,Syria,Damascus,Asia,n/a,https://www.topuniversities.com/universities/damascus-university,https://www.topuniversities.com/sites/default/files/damascus-university_592560cf2aeae70239af546d_medium.jpg,1.5,801+,8,701+,1.7,801+,6.4,701+,95.8,69,11.2,801+,23.2,801+,5.4,801+,14.6,801+,32,801+
1201-1400,1228,Delta University for Science and Technology,Egypt,Dakahlia,Africa,n/a,https://www.topuniversities.com/universities/delta-university-science-technology,https://www.topuniversities.com/sites/default/files/220706015024pm449327PHOTO-2020-04-22-13-24-36-edited-edited-edited-edited-90x90.jpg,5.1,801+,26.2,483,5.7,801+,8.8,701+,3.2,801+,2.4,801+,14,801+,8.5,801+,6.6,801+,33.1,801+
1201-1400,1229,Dokuz Eylul Universitesi,Türkiye,Izmir,Asia,n/a,https://www.topuniversities.com/universities/dokuz-eylul-universitesi,https://www.topuniversities.com/sites/default/files/dokuz-eyll-niversitesi_592560cf2aeae70239af50b2_medium.jpg,3.5,801+,9.5,701+,5.9,801+,13.8,701+,9.2,801+,19.4,738,51.6,801+,2.7,801+,25.6,677,56.8,=560
1201-1400,1230,Doshisha University,Japan,Kyoto,Asia,n/a,https://www.topuniversities.com/universities/doshisha-university,https://www.topuniversities.com/sites/default/files/doshisha-university_592560cf2aeae70239af4b25_medium.jpg,2.5,801+,11.1,701+,7,801+,16.2,701+,26.3,620,6.3,801+,18.7,801+,22.1,685,11.6,801+,22.1,801+
1201-1400,1231,Erciyes University,Türkiye,Kayseri,Asia,n/a,https://www.topuniversities.com/universities/erciyes-university,https://www.topuniversities.com/sites/default/files/erciyes-university_592560cf2aeae70239af50b4_medium.jpg,11.5,801+,6.8,701+,3.7,801+,4.5,701+,2.1,801+,14.7,801+,53.1,794,9.9,801+,20.8,751,52.3,=656
1201-1400,1232,Feng Chia University,Taiwan,Taichung City,Asia,n/a,https://www.topuniversities.com/universities/feng-chia-university,https://www.topuniversities.com/sites/default/files/feng-chia-university_592560cf2aeae70239af4a87_medium.jpg,11.7,801+,12.3,701+,6.4,801+,11.8,701+,21,707,6.8,801+,10.1,801+,5.6,801+,11,801+,53.9,=624
1201-1400,1233,Fu Jen Catholic University,Taiwan,New Taipei City,Asia,n/a,https://www.topuniversities.com/universities/fu-jen-catholic-university,https://www.topuniversities.com/sites/default/files/fu-jen-catholic-university_217_medium.jpg,14.9,801+,10.6,701+,4.5,801+,10.8,701+,35.8,479,8.1,801+,9.3,801+,13.2,801+,12.5,801+,44.5,801+
1201-1400,1234,Galgotias University,India,Greater Noida,Asia,n/a,https://www.topuniversities.com/universities/galgotias-university,https://www.topuniversities.com/sites/default/files/230729061532am753996GU-Icon-227-90x90.jpg,3.2,801+,16.6,701+,36.2,553,4.6,701+,3.3,801+,15,801+,16.9,801+,21.1,696,18.1,793,n/a,n/a
1201-1400,1235,German University in Cairo,Egypt,Cairo,Africa,n/a,https://www.topuniversities.com/universities/german-university-cairo,https://www.topuniversities.com/sites/default/files/german-university-in-cairo_592560e29988f300e232125e_medium.jpg,3.3,801+,11.6,701+,9.8,801+,21.3,617,5.7,801+,1.4,801+,20.4,801+,17.8,750,1.3,801+,9.5,801+
1201-1400,1236,Gunma University,Japan,Maebashi,Asia,n/a,https://www.topuniversities.com/universities/gunma-university,https://www.topuniversities.com/sites/default/files/gunma-university_592560cf2aeae70239af4b77_medium.jpg,9,801+,3.8,701+,89.8,104,2.8,701+,1.8,801+,5.2,801+,10.5,801+,5.5,801+,8.6,801+,15.4,801+
1201-1400,1237,Hanoi University of Science and Technology,Vietnam,Hanoi,Asia,n/a,https://www.topuniversities.com/universities/hanoi-university-science-technology,https://www.topuniversities.com/sites/default/files/hanoi-university-of-science-and-technology_592560cf2aeae70239af585f_medium.jpg,10,801+,12.3,701+,3.3,801+,15.9,701+,30.8,537,1.5,801+,23.3,801+,5.7,801+,5.8,801+,51.3,=677
1201-1400,1238,Capital University – Egypt,Egypt,Helwan,Africa,n/a,https://www.topuniversities.com/universities/capital-university-egypt,https://www.topuniversities.com/sites/default/files/helwan-university-_592560cf2aeae70239af4f3b_medium.jpg,2.6,801+,11,701+,4.9,801+,15,701+,20.1,724,3.4,801+,63.6,642,1.2,801+,2.8,801+,36.1,801+
1201-1400,1239,"ITESO, Universidad Jesuita de Guadalajara",Mexico,Tlaquepaque,Latin America,n/a,https://www.topuniversities.com/universities/iteso-universidad-jesuita-de-guadalajara,https://www.topuniversities.com/sites/default/files/iteso-universidad-jesuita-de-guadalajara_592560cf2aeae70239af5485_medium.jpg,1.2,801+,9.3,701+,84.6,138,7.8,701+,2.3,801+,2.5,801+,3.7,801+,3.8,801+,2.1,801+,21.8,801+
1201-1400,1240,Industrial University of Ho Chi Minh City (IUH),Vietnam,Ho Chi Minh,Asia,n/a,https://www.topuniversities.com/universities/industrial-university-ho-chi-minh-city-iuh,https://www.topuniversities.com/sites/default/files/industrial-university-of-ho-chi-minh-city-iuh_5ad99ecacb4de722675e1298_medium.jpg,5,801+,22.6,554,5.2,801+,15.2,701+,6.7,801+,2.8,801+,13.1,801+,1.5,801+,6.9,801+,19.5,801+
1201-1400,1241,Institut Teknologi Nasional Bandung (ITENAS Bandung),Indonesia,Bandung,Asia,n/a,https://www.topuniversities.com/universities/institut-teknologi-nasional-bandung-itenas-bandung,https://www.topuniversities.com/sites/default/files/institut-teknologi-nasional-bandung_5fc4a30110ca6015087f6f95_medium.jpg,1.5,801+,22.4,562,13.2,801+,5,701+,2.8,801+,1.3,801+,3.4,801+,3.1,801+,5.7,801+,26.9,801+
1201-1400,1242,Instituto Tecnológico de Santo Domingo (INTEC),Dominican Republic,Santo Domingo,Latin America,n/a,https://www.topuniversities.com/universities/instituto-tecnologico-de-santo-domingo-intec,https://www.topuniversities.com/sites/default/files/241202025447pm764828INTEC-LOGO-COMERCIAL-FULL-RGB-90x90.jpg,2,801+,1.9,701+,36.2,554,6.3,701+,49.7,348,5.2,801+,7.3,801+,22.9,674,9.2,801+,17.6,801+
1201-1400,1243,International Christian University,Japan,Tokyo,Asia,n/a,https://www.topuniversities.com/universities/international-christian-university,https://www.topuniversities.com/sites/default/files/international-christian-university_592560cf2aeae70239af5207_medium.jpg,1.9,801+,6.3,701+,21.5,801+,14.8,701+,14.9,801+,15.8,800,6,801+,83.2,269,12,801+,15.5,801+
1201-1400,1244,"International Islamic University, Islamabad (IIU)",Pakistan,Islamabad,Asia,n/a,https://www.topuniversities.com/universities/international-islamic-university-islamabad-iiu,https://www.topuniversities.com/sites/default/files/international-islamic-university-islamabad-iiu_592560cf2aeae70239af5319_medium.jpg,15.5,795,9.3,701+,5,801+,14.3,701+,3.3,801+,9.6,801+,57.9,719,5.7,801+,13.2,801+,28.8,801+
1201-1400,1245,Islamic Azad University,Iran,Shiraz,Asia,n/a,https://www.topuniversities.com/universities/islamic-azad-university,https://www.topuniversities.com/sites/default/files/islamic-azad-university_592560cf2aeae70239af4e5b_medium.jpg,8.5,801+,6.1,701+,1.7,801+,5,701+,35.7,482,1.1,801+,96.3,55,n/a,n/a,1.1,801+,29.4,801+
1201-1400,1246,Islamic University of Madinah,Saudi Arabia,Madinah,Asia,n/a,https://www.topuniversities.com/universities/islamic-university-madinah,https://www.topuniversities.com/sites/default/files/islamic-university-in-madinah_592560cf2aeae70239af4f16_medium.jpg,3,801+,8.1,701+,7.8,801+,3.5,701+,2.6,801+,100,8,19.1,801+,46.5,459,100,3,7.6,801+
1201-1400,1247,Islamic University of Technology,Bangladesh,Gazipur,Asia,n/a,https://www.topuniversities.com/universities/islamic-university-technology,https://www.topuniversities.com/sites/default/files/islamic-university-of-technology_592560cf2aeae70239af4ddf_large-90x90.jpg,16.2,781,6.5,701+,13.9,801+,15.2,701+,5,801+,25.5,653,6,801+,5.6,801+,25.5,680,15.2,801+
1201-1400,1248,Istanbul Aydin University  ,Türkiye,Istanbul,Asia,n/a,https://www.topuniversities.com/universities/istanbul-aydin-university,https://www.topuniversities.com/sites/default/files/istanbul-aydin-university-_592560cf2aeae70239af50c0_medium.jpg,2.1,801+,8.6,701+,19.1,801+,6.2,701+,2.4,801+,68.6,284,10.2,801+,13.6,801+,71.7,255,32.1,801+
1201-1400,1249,Ivan Franko National University of Lviv,Ukraine,Lviv,Europe,n/a,https://www.topuniversities.com/universities/ivan-franko-national-university-lviv,https://www.topuniversities.com/sites/default/files/-ivan-franko-national-university-of-lviv_592560cf2aeae70239af5ac2_medium.jpg,1.7,801+,9.6,701+,32.8,590,25.3,533,26.1,622,1.6,801+,13.3,801+,1.3,801+,6,801+,43.1,801+
1201-1400,1250,Izmir Institute of Technology (IZTECH),Türkiye,Izmir,Asia,n/a,https://www.topuniversities.com/universities/izmir-institute-technology-iztech,https://www.topuniversities.com/sites/default/files/izmir-institute-of-technology-iztech_592560cf2aeae70239af50c4_medium.jpg,18.6,742,11,701+,8.3,801+,10.8,701+,2.4,801+,5.2,801+,22.7,801+,8.7,801+,9.4,801+,38.7,801+
1201-1400,1251,Jahangirnagar University,Bangladesh,Dhaka,Asia,n/a,https://www.topuniversities.com/universities/jahangirnagar-university,https://www.topuniversities.com/sites/default/files/231107033303pm398985download-90x90.jpg,9.3,801+,12.2,701+,5.7,801+,17.5,701+,4.5,801+,n/a,n/a,35.3,801+,n/a,n/a,n/a,n/a,33.2,801+
1201-1400,1252,Jeju National University ,South Korea,Jeju City,Asia,n/a,https://www.topuniversities.com/universities/jeju-national-university,https://www.topuniversities.com/sites/default/files/jeju-national-university-_592560cf2aeae70239af4e93_medium.jpg,13.5,801+,5.1,701+,44.3,446,3.4,701+,1.8,801+,9.3,801+,23.4,801+,9.4,801+,13.1,801+,53.4,=632
1201-1400,1253,Kagoshima University,Japan,Kagoshima City,Asia,n/a,https://www.topuniversities.com/universities/kagoshima-university,https://www.topuniversities.com/sites/default/files/kagoshima-university_592560cf2aeae70239af4bb6_medium.jpg,6.1,801+,7.8,701+,69.6,234,4.7,701+,1.6,801+,5,801+,24,801+,5.1,801+,4,801+,23,801+
1201-1400,1254,Kazakh Ablai Khan University of International Relations and World Languages,Kazakhstan,Almaty,Asia,n/a,https://www.topuniversities.com/universities/kazakh-ablai-khan-university-international-relations-world-languages,https://www.topuniversities.com/sites/default/files/kazakh-ablai-khan-university-of-international-relations-and-world-languages_592560cf2aeae70239af564a_medium.jpg,1,801+,10.4,701+,54.1,348,16.7,701+,4.2,801+,8.7,801+,1.3,801+,9.9,801+,11.8,801+,n/a,n/a
1201-1400,1255,Kharkiv National University of Radio Electronics,Ukraine,Kharkiv,Europe,n/a,https://www.topuniversities.com/universities/kharkiv-national-university-radio-electronics,https://www.topuniversities.com/sites/default/files/kharkiv-national-university-of-radio-electronics_592560e99988f300e23224ed_medium.jpg,2.2,801+,3.2,701+,31.1,615,22.5,591,4.7,801+,10.7,801+,12.9,801+,1.8,801+,14.9,801+,33.3,801+
1201-1400,1256,King Mongkut's University of Technology North Bangkok (KMUTNB),Thailand,Bangkok,Asia,n/a,https://www.topuniversities.com/universities/king-mongkuts-university-technology-north-bangkok-kmutnb,https://www.topuniversities.com/sites/default/files/king-mongkuts-university-of-technology-north-bangkok_592560cf2aeae70239af5216_medium.jpg,7.3,801+,13.4,701+,5.3,801+,11.9,701+,3.1,801+,1.4,801+,31.1,801+,3.8,801+,5.8,801+,31.7,801+
1201-1400,1257,King Mongkuts Institute of Technology Ladkrabang (KMITL),Thailand,Bangkok,Asia,n/a,https://www.topuniversities.com/universities/king-mongkuts-institute-technology-ladkrabang-kmitl,https://www.topuniversities.com/sites/default/files/king-mongkuts-institute-of-technology-ladkrabang_592560cf2aeae70239af5213_medium.jpg,6.1,801+,13.5,701+,6.3,801+,11.4,701+,10.7,801+,4.2,801+,20.2,801+,31.2,576,8.5,801+,36.7,801+
1201-1400,1258,Kwame Nkrumah University of Science and Technology,Ghana,Kumasi,Africa,n/a,https://www.topuniversities.com/universities/kwame-nkrumah-university-science-technology,https://www.topuniversities.com/sites/default/files/Webp.net-resizeimage-69-90x90.jpg,3.9,801+,10.2,701+,6,801+,9.2,701+,49.9,344,n/a,n/a,65.9,611,n/a,n/a,n/a,n/a,42.3,801+
1201-1400,1259,Kyoto Institute of Technology,Japan,Kyoto,Asia,n/a,https://www.topuniversities.com/universities/kyoto-institute-technology,https://www.topuniversities.com/sites/default/files/kyoto-institute-of-technology_592560cf2aeae70239af5222_medium.jpg,18.7,741,8,701+,18.6,801+,6.3,701+,1.8,801+,13.6,801+,13.2,801+,15.3,801+,17.1,801+,24.6,801+
1201-1400,1260,Kyrgyz National University,Kyrgyzstan,Bishkek,Asia,n/a,https://www.topuniversities.com/universities/kyrgyz-national-university,https://www.topuniversities.com/sites/default/files/240125050646am610149logo-knu-200-200-90x90.jpg,1.1,801+,14.3,701+,28.4,671,12.6,701+,51.7,327,14,801+,4.5,801+,2.6,801+,16.2,801+,n/a,n/a
1201-1400,1261,I. Razzakov Kyrgyz State Technical University,Kyrgyzstan,Bishkek,Asia,n/a,https://www.topuniversities.com/universities/i-razzakov-kyrgyz-state-technical-university,https://www.topuniversities.com/sites/default/files/230412075823am488573LAIthjnGb78-90x90.jpg,1,801+,16.1,701+,13.9,801+,15.1,701+,30.6,542,11.5,801+,1.1,801+,10.7,801+,14.2,801+,8.5,801+
1201-1400,1262,Latvia University of Life Sciences and Technologies,Latvia,Jelgava,Europe,n/a,https://www.topuniversities.com/universities/latvia-university-life-sciences-technologies,https://www.topuniversities.com/sites/default/files/latvia-university-of-agriculture_592560e59988f300e2321aeb_medium.jpg,7.9,801+,7.5,701+,5.7,801+,10.1,701+,17.7,768,16.5,790,24.1,801+,1.8,801+,19.1,776,35.8,801+
1201-1400,1263,Marquette University,United States,Milwaukee,North America,n/a,https://www.topuniversities.com/universities/marquette-university,https://www.topuniversities.com/sites/default/files/marquette-university_592560cf2aeae70239af4dac_medium.jpg,15.2,801+,3.6,701+,28.5,669,3.2,701+,27.3,605,5,801+,31.7,801+,8.6,801+,10,801+,30,801+
1201-1400,1264,Meiji University,Japan,Tokyo,Asia,n/a,https://www.topuniversities.com/universities/meiji-university,https://www.topuniversities.com/sites/default/files/meiji-university_592560cf2aeae70239af5223_medium.jpg,2.5,801+,9.4,701+,5.9,801+,24.6,545,29.4,559,8.9,801+,12.6,801+,14.5,801+,13.3,801+,29.4,801+
1201-1400,1265,Miami University,United States,Oxford,North America,n/a,https://www.topuniversities.com/universities/miami-university,https://www.topuniversities.com/sites/default/files/220926085849am721113Miami-logo-200x200-90x90.jpg,14,801+,3.4,701+,8.9,801+,11.8,701+,42.5,412,11.1,801+,44.4,801+,7,801+,8.5,801+,37.9,801+
1201-1400,1266,Nagoya Institute of Technology (NIT),Japan,Nagoya,Asia,n/a,https://www.topuniversities.com/universities/nagoya-institute-technology-nit,https://www.topuniversities.com/sites/default/files/nagoya-institute-of-technology-nit_592560cf2aeae70239af4d85_medium.jpg,28.6,599,9.5,701+,11.5,801+,4.4,701+,8.6,801+,7.8,801+,19.6,801+,6.9,801+,6,801+,18.1,801+
1201-1400,1267,National Chinyi University of Technology,Taiwan,Taichung City,Asia,n/a,https://www.topuniversities.com/universities/national-chinyi-university-technology,https://www.topuniversities.com/sites/default/files/national-chinyi-university-of-technology_592560ea9988f300e23227c1_medium.jpg,12.9,801+,13,701+,8.8,801+,16.4,701+,2.1,801+,20.6,718,15.6,801+,3.1,801+,21.3,745,40,801+
1201-1400,1268,National Dong Hwa University,Taiwan,Hualien City,Asia,n/a,https://www.topuniversities.com/universities/national-dong-hwa-university,https://www.topuniversities.com/sites/default/files/national-dong-hwa-university_1991_medium.jpg,8.7,801+,16.3,701+,8.6,801+,7,701+,2.1,801+,18.6,750,10.7,801+,13.9,801+,22.2,729,46.9,=793
1201-1400,1269,National Research University Moscow Power Engineering Institute (MPEI),Russia,Moscow,Europe,n/a,https://www.topuniversities.com/universities/national-research-university-moscow-power-engineering-institute-mpei,https://www.topuniversities.com/sites/default/files/national-research-university-moscow-power-engineering-institute-mpei_19739_medium.jpg,2.5,801+,6.6,701+,21.9,797,8.4,701+,17.2,778,54.9,379,15.8,801+,6,801+,55.1,373,16.8,801+
1201-1400,1270,National Taiwan Ocean University,Taiwan,Keelung City,Asia,n/a,https://www.topuniversities.com/universities/national-taiwan-ocean-university,https://www.topuniversities.com/sites/default/files/national-taiwan-ocean-university_592560cf2aeae70239af5249_medium.jpg,18.5,745,7.7,701+,16,801+,6.3,701+,4.1,801+,13.9,801+,18.6,801+,10.2,801+,16.6,801+,55.7,=582
1201-1400,1271,National University of Kyiv-Mohyla Academy (NaUKMA),Ukraine,Kyiv,Europe,n/a,https://www.topuniversities.com/universities/national-university-kyiv-mohyla-academy-naukma,https://www.topuniversities.com/sites/default/files/national-university-of-kyiv-mohyla-academy-naukma_592560cf2aeae70239af5ab1_medium.jpg,1.5,801+,5.6,701+,57.1,322,26.8,512,29.9,550,1.3,801+,6.1,801+,2.6,801+,5.7,801+,16.5,801+
1201-1400,1272,New Mexico State University,United States,Las Cruces,North America,n/a,https://www.topuniversities.com/universities/new-mexico-state-university,https://www.topuniversities.com/sites/default/files/new-mexico-state-university_592560cf2aeae70239af519a_medium.jpg,21.3,695,6.6,701+,13,801+,6.8,701+,10.8,801+,10,801+,38.6,801+,10.4,801+,7.7,801+,43,801+
1201-1400,1273,Novosibirsk State Technical University,Russia,Novosibirsk,Europe,n/a,https://www.topuniversities.com/universities/novosibirsk-state-technical-university,https://www.topuniversities.com/sites/default/files/novosibirsk-state-technical-university_592560cf2aeae70239af5966_medium.jpg,2.8,801+,5.7,701+,27.7,686,11.1,701+,7.3,801+,56.7,366,11.6,801+,2,801+,55.2,372,15.2,801+
1201-1400,1274,OSMANIA UNIVERSITY,India,Hyderabad,Asia,n/a,https://www.topuniversities.com/universities/osmania-university,https://www.topuniversities.com/sites/default/files/osmania-university_22926_medium.jpg,35.1,523,6,701+,5,801+,6.2,701+,16.3,801+,9.3,801+,25.2,801+,n/a,n/a,7.1,801+,20.5,801+
1201-1400,1275,,,,,n/a,https://www.topuniversities.com,,1.6,801+,3.9,701+,70.5,224,6.3,701+,16.8,790,6.1,801+,12.9,801+,2.2,801+,10.1,801+,15.5,801+
1201-1400,1276,Ozyegin University,Türkiye,Istanbul,Asia,n/a,https://www.topuniversities.com/universities/ozyegin-university,https://www.topuniversities.com/sites/default/files/ozyegin-university_592560de9988f300e23206da_medium.jpg,10.1,801+,6.6,701+,10.2,801+,16.1,701+,2.6,801+,33.5,552,18.4,801+,14.7,801+,38.7,510,45.1,801+
1201-1400,1277,Palestine Technical University - Kadoorie,Palestinian Territories,Tulkarm,Asia,n/a,https://www.topuniversities.com/universities/palestine-technical-university-kadoorie,https://www.topuniversities.com/sites/default/files/211007110530am411120330px-Ptuk-90x90.jpg,3.5,801+,9.4,701+,29.8,637,9.1,701+,12,801+,16.4,791,18,801+,66.5,351,17.5,801+,6.1,801+
1201-1400,1278,Paul Valéry University Montpellier,France,Montpellier,Europe,n/a,https://www.topuniversities.com/universities/paul-valery-university-montpellier,https://www.topuniversities.com/sites/default/files/universit-paul-valery-montpellier-3-_592560cf2aeae70239af4c25_medium.jpg,8.7,801+,14.9,701+,4,801+,6.1,701+,2.4,801+,45.3,446,50.9,801+,6.8,801+,33.9,565,36.3,801+
1201-1400,1279,Pondicherry University,India,Puducherry,Asia,n/a,https://www.topuniversities.com/universities/pondicherry-university,https://www.topuniversities.com/sites/default/files/pondicherry-university_592560cf2aeae70239af4e1d_medium.jpg,33.4,545,5.1,701+,7.4,801+,3.4,701+,3.2,801+,1.6,801+,34.7,801+,2.3,801+,6,801+,47.1,=785
1201-1400,1280,"Pontifícia Universidade Católica do Rio Grande do Sul, PUCRS",Brazil,Porto Alegre,Latin America,n/a,https://www.topuniversities.com/universities/pontificia-universidade-catolica-do-rio-grande-do-sul-pucrs,https://www.topuniversities.com/sites/default/files/pontifcia-universidade-catlica-do-rio-grande-do-sul-pucrs_592560cf2aeae70239af548e_medium.jpg,19.9,714,8.7,701+,18.4,801+,6,701+,11.7,801+,2.2,801+,19.8,801+,3.2,801+,6.6,801+,28.5,801+
1201-1400,1281,Portland State University,United States,Portland,North America,n/a,https://www.topuniversities.com/universities/portland-state-university,https://www.topuniversities.com/sites/default/files/portland-state-university_592560cf2aeae70239af51a6_medium.jpg,15.7,789,4.9,701+,14.8,801+,2.6,701+,16.5,796,10.8,801+,42.3,801+,2.1,801+,8.3,801+,47,=789
1201-1400,1282,Pratt Institute,United States,New York City,North America,n/a,https://www.topuniversities.com/universities/pratt-institute,https://www.topuniversities.com/sites/default/files/pratt-institute_592560de9988f300e2320747_medium.jpg,1.7,801+,6.9,701+,47.5,413,7,701+,7.1,801+,95.6,120,2.1,801+,7.5,801+,71.1,262,10.1,801+
1201-1400,1283,Pukyong National University ,South Korea,Busan,Asia,n/a,https://www.topuniversities.com/universities/pukyong-national-university,https://www.topuniversities.com/sites/default/files/pukyong-national-university-_592560cf2aeae70239af4ec4_medium.jpg,13.6,801+,9.4,701+,21.2,801+,6,701+,1.7,801+,13.9,801+,33.9,801+,6.6,801+,10.6,801+,58.6,=530
1201-1400,1284,"Queen Margaret University , Edinburgh",United Kingdom,Musselburgh,Europe,n/a,https://www.topuniversities.com/universities/queen-margaret-university-edinburgh,https://www.topuniversities.com/sites/default/files/queen-margaret-university-edinburgh_1676_medium.jpg,19.1,729,4.3,701+,6.3,801+,6.5,701+,1,801+,67.4,293,3.5,801+,68.4,341,70.6,265,18.6,801+
1201-1400,1285,Riphah International University,Pakistan,Islamabad,Asia,n/a,https://www.topuniversities.com/universities/riphah-international-university,https://www.topuniversities.com/sites/default/files/riphah-international-university_592560cf2aeae70239af585b_medium.jpg,6.4,801+,13.8,701+,26.2,712,8.2,701+,3.2,801+,1.5,801+,51.8,801+,2.2,801+,5.9,801+,32.3,801+
1201-1400,1286,Russian Presidential Academy of National Economy and Public Administration,Russia,Moscow,Europe,n/a,https://www.topuniversities.com/universities/russian-presidential-academy-national-economy-public-administration,https://www.topuniversities.com/sites/default/files/russian-presidential-academy-of-national-economy-and-public-administration_14961_medium.jpg,1.2,801+,5.6,701+,48.4,401,14.9,701+,53.7,312,4.6,801+,21.8,801+,2.1,801+,9.3,801+,14.3,801+
1201-1400,1287,Saint Petersburg Electrotechnical University ETU-LETI,Russia,St. Petersburg,Europe,n/a,https://www.topuniversities.com/universities/saint-petersburg-electrotechnical-university-etu-leti,https://www.topuniversities.com/sites/default/files/saint-petersburg-electrotechnical-university-etu-leti_592560cf2aeae70239af5956_medium.jpg,3,801+,4.8,701+,51.9,363,6.3,701+,7.3,801+,56.2,371,15.9,801+,5.6,801+,58.5,349,26.4,801+
1201-1400,1288,Saken Seifullin Kazakh Agrotechnical Research University,Kazakhstan,Astana,Asia,n/a,https://www.topuniversities.com/universities/saken-seifullin-kazakh-agrotechnical-research-university,https://www.topuniversities.com/sites/default/files/251119044819am116559Logo-Seifullin-University-90x90.jpg,1.5,801+,10.2,701+,42.2,475,18,701+,4.2,801+,9.4,801+,3.6,801+,23.5,669,12.5,801+,36.7,801+
1201-1400,1289,Samara National Research University (Samara University),Russia,Samara,Europe,n/a,https://www.topuniversities.com/universities/samara-national-research-university-samara-university,https://www.topuniversities.com/sites/default/files/samara-national-research-university-samara-university_21813_medium.jpg,3.2,801+,4,701+,74.6,199,3.7,701+,13.2,801+,22.3,696,19.5,801+,2.9,801+,27.1,652,30.6,801+
1201-1400,1290,Sathyabama Institute of Science and Technology (Deemed to be University),India,Chennai,Asia,n/a,https://www.topuniversities.com/universities/sathyabama-institute-science-technology-deemed-be-university,https://www.topuniversities.com/sites/default/files/sathyabama-institute-of-science-and-technology-deemed-to-be-university_592560cf2aeae70239af5a63_medium.jpg,9.4,801+,11,701+,27,698,10.4,701+,1.7,801+,6.1,801+,29.5,801+,7.5,801+,10.6,801+,51,=680
1201-1400,1291,Seattle University,United States,Seattle,North America,n/a,https://www.topuniversities.com/universities/seattle-university,https://www.topuniversities.com/sites/default/files/seattle-university_592560e09988f300e2320add_medium.jpg,3.2,801+,6.6,701+,40.5,498,14,701+,15.3,801+,22.1,698,6,801+,1.7,801+,28.3,636,42.5,801+
1201-1400,1292,Selcuk University,Türkiye,Selcuklu,Asia,n/a,https://www.topuniversities.com/universities/selcuk-university,https://www.topuniversities.com/sites/default/files/WhatsApp-Image-2021-05-18-at-12.59.58-90x90.jpeg,7.3,801+,7.5,701+,23.7,757,3.7,701+,13.6,801+,23.6,682,53.8,786,2.4,801+,29.7,619,45.7,801+
1201-1400,1293,Shanghai International Studies University,China (Mainland),Shanghai,Asia,n/a,https://www.topuniversities.com/universities/shanghai-international-studies-university,https://www.topuniversities.com/sites/default/files/shanghai-international-studies-university_592560cf2aeae70239af526d_medium.jpg,3.3,801+,7.2,701+,21.7,801+,6.4,701+,9.3,801+,40,491,10.8,801+,33.8,546,29.9,618,9.4,801+
1201-1400,1294,Shanghai University of Finance and Economics,China (Mainland),Shanghai,Asia,n/a,https://www.topuniversities.com/universities/shanghai-university-finance-economics,https://www.topuniversities.com/sites/default/files/shanghai-university-of-finance-and-economics_2026_medium.jpg,9.9,801+,5.8,701+,12.2,801+,15.1,701+,48,360,3.6,801+,14.1,801+,20.4,706,8.7,801+,32,801+
1201-1400,1295,Shinshu University ,Japan,Matsumoto City,Asia,n/a,https://www.topuniversities.com/universities/shinshu-university,https://www.topuniversities.com/sites/default/files/shinshu-university-_592560cf2aeae70239af4e84_medium.jpg,20.2,709,4.7,701+,39.9,507,4.9,701+,3.4,801+,4.7,801+,25.2,801+,6.8,801+,8.8,801+,24.6,801+
1201-1400,1296,Shiv Nadar Institution of Eminence,India,Dadri,Asia,n/a,https://www.topuniversities.com/universities/shiv-nadar-institution-eminence,https://www.topuniversities.com/sites/default/files/230117060106am467786Shiv-Nadar-IoE-Logo-Blue-QS-90x90.jpg,20.8,701,7.5,701+,42.1,476,6.1,701+,1.8,801+,3.2,801+,13.5,801+,17.4,759,7.3,801+,30.4,801+
1201-1400,1297,"Siksha ‘O’ Anusandhan (Deemed to be University), SOA",India,Bhubaneswar,Asia,n/a,https://www.topuniversities.com/universities/siksha-o-anusandhan-deemed-be-university-soa,https://www.topuniversities.com/sites/default/files/siksha-o-anusandhan-deemed-to-be-university_5aeae599cb4de71cbf27fc29_medium.jpg,11.4,801+,8.2,701+,41.6,485,5.5,701+,1.7,801+,4,801+,28.7,801+,3.2,801+,8.2,801+,35.8,801+
1201-1400,1298,Slovak University of Agriculture in Nitra,Slovakia,Nitra,Europe,n/a,https://www.topuniversities.com/universities/slovak-university-agriculture-nitra,https://www.topuniversities.com/sites/default/files/slovak-university-of-agriculture-in-nitra_59883fafca24f350583de94e_medium.jpg,15.5,794,8.9,701+,36.7,547,10.6,701+,5.7,801+,8.9,801+,28.5,801+,8.8,801+,12.3,801+,24.9,801+
1201-1400,1299,Sookmyung Women's University ,South Korea,Seoul,Asia,n/a,https://www.topuniversities.com/universities/sookmyung-womens-university,https://www.topuniversities.com/sites/default/files/sookmyung-womens-university-_592560cf2aeae70239af4ecf_medium.jpg,4.9,801+,6.9,701+,46.8,422,9.7,701+,1.9,801+,5,801+,6.1,801+,4.8,801+,9.3,801+,39.8,801+
1201-1400,1300,Suranaree University of Technology,Thailand,Nakhon Ratchasima ,Asia,n/a,https://www.topuniversities.com/universities/suranaree-university-technology,https://www.topuniversities.com/sites/default/files/220202122544pm840382sut-logo-eng-90x90.jpg,16.7,768,10.2,701+,5.9,801+,6.5,701+,3.2,801+,2.4,801+,27.3,801+,7.4,801+,6.7,801+,44.6,801+
1201-1400,1301,Taibah University,Saudi Arabia,Medina,Asia,n/a,https://www.topuniversities.com/universities/taibah-university,https://www.topuniversities.com/sites/default/files/taibah-university_592560cf2aeae70239af52db_medium.jpg,7.4,801+,9.2,701+,7.6,801+,4.3,701+,2.5,801+,3.6,801+,38,801+,90.6,221,8.2,801+,32.5,801+
1201-1400,1302,Tamkang University,Taiwan,New Taipei City,Asia,n/a,https://www.topuniversities.com/universities/tamkang-university,https://www.topuniversities.com/sites/default/files/tamkang-university_592560cf2aeae70239af5247_medium.jpg,11,801+,7.8,701+,5.2,801+,9.9,701+,35.6,484,11.6,801+,24.6,801+,8,801+,16.4,801+,45.7,801+
1201-1400,1303,Tanta University ,Egypt,Tanta,Africa,n/a,https://www.topuniversities.com/universities/tanta-university,https://www.topuniversities.com/sites/default/files/tanta-university-_592560cf2aeae70239af4f3f_medium.jpg,4,801+,7.7,701+,7.2,801+,9.8,701+,5.7,801+,3,801+,73.3,484,1.5,801+,7.3,801+,48.1,=757
1201-1400,1304,Tashkent State Transport University,Uzbekistan,Tashkent,Asia,n/a,https://www.topuniversities.com/universities/tashkent-state-transport-university,https://www.topuniversities.com/sites/default/files/tashkent-state-transport-university_5c9bab2c5c52f31b6640f322_medium.jpg,1.3,801+,19.3,640,24.7,740,10.8,701+,9.2,801+,2.3,801+,2,801+,3.5,801+,6.5,801+,30.1,801+
1201-1400,1305,Technical University of Cluj-Napoca,Romania,Cluj-Napoca,Europe,n/a,https://www.topuniversities.com/universities/technical-university-cluj-napoca,https://www.topuniversities.com/sites/default/files/technical-university-of-cluj-napoca_592560e59988f300e2321b43_medium.jpg,8.2,801+,5.8,701+,10.5,801+,10.7,701+,5.1,801+,5.6,801+,46.5,801+,4,801+,10.1,801+,42.1,801+
1201-1400,1306,Technical University of Liberec,Czechia,Liberec,Europe,n/a,https://www.topuniversities.com/universities/technical-university-liberec,https://www.topuniversities.com/sites/default/files/technical-university-of-liberec_592560cf2aeae70239af5a5a_medium.jpg,9.3,801+,5.6,701+,43.9,452,5,701+,2.5,801+,14.9,801+,28.5,801+,15.6,789,18.7,785,15.7,801+
1201-1400,1307,Tecnológico de Costa Rica -TEC,Costa Rica,Cartago,Latin America,n/a,https://www.topuniversities.com/universities/tecnologico-de-costa-rica-tec,https://www.topuniversities.com/sites/default/files/tecnolgico-de-costa-rica-tec_592560cf2aeae70239af562c_medium.jpg,2.1,801+,11.2,701+,23.2,770,24.9,539,11.6,801+,3,801+,11.1,801+,9.7,801+,7.3,801+,17.8,801+
1201-1400,1308,"The ""Gheorghe Asachi"" Technical University of Iasi",Romania,Iași,Europe,n/a,https://www.topuniversities.com/universities/gheorghe-asachi-technical-university-iasi,https://www.topuniversities.com/sites/default/files/the-gheorghe-asachi-technical-university-of-iasi_592560cf2aeae70239af52fc_medium.jpg,10,801+,6.5,701+,3.8,801+,14.5,701+,5.3,801+,8.6,801+,49.3,801+,n/a,n/a,6.6,801+,22.7,801+
1201-1400,1309,The University of Northampton,United Kingdom,Northampton,Europe,n/a,https://www.topuniversities.com/universities/university-northampton,https://www.topuniversities.com/sites/default/files/the-university-of-northampton_592560cf2aeae70239af50fc_medium.jpg,4.4,801+,3.4,701+,6.4,801+,3.9,701+,5.9,801+,93.4,140,16.8,801+,51.5,431,93.9,116,19,801+
1201-1400,1310,"The University of Notre Dame, Australia",Australia,Sydney,Oceania,n/a,https://www.topuniversities.com/universities/university-notre-dame-australia,https://www.topuniversities.com/sites/default/files/the-university-of-notre-dame-australia_592560e89988f300e23221ed_medium.jpg,10.2,801+,3.4,701+,6.3,801+,5.9,701+,1.7,801+,21.9,700,11.5,801+,53.7,421,28,637,34.1,801+
1201-1400,1311,Tishk International University,Iraq,Erbil,Asia,n/a,https://www.topuniversities.com/universities/tishk-international-university,https://www.topuniversities.com/sites/default/files/211122113021am187025TIU-logo-90x90.jpg,11.8,801+,13.4,701+,8,801+,4,701+,5.9,801+,1.6,801+,33.5,801+,74.2,318,5.9,801+,17.3,801+
1201-1400,1312,Tokai University,Japan,Hiratsuka City,Asia,n/a,https://www.topuniversities.com/universities/tokai-university,https://www.topuniversities.com/sites/default/files/tokai-university_592560cf2aeae70239af4ce7_medium.jpg,5.4,801+,12.8,701+,18.1,801+,9,701+,3.4,801+,5.3,801+,28.8,801+,7.7,801+,4.2,801+,34.4,801+
1201-1400,1313,Tokushima University,Japan,Tokushima City,Asia,n/a,https://www.topuniversities.com/universities/tokushima-university,https://www.topuniversities.com/sites/default/files/the-university-of-tokushima-_592560cf2aeae70239af4e88_medium.jpg,10.2,801+,5.4,701+,70.1,231,3.2,701+,6.4,801+,3.8,801+,18.2,801+,3.3,801+,7.8,801+,23.3,801+
1201-1400,1314,Tomas Bata University in Zlin,Czechia,Zlin,Europe,n/a,https://www.topuniversities.com/universities/tomas-bata-university-zlin,https://www.topuniversities.com/sites/default/files/tomas-bata-university-in-zlin_1234_medium.jpg,11.1,801+,6.1,701+,13.6,801+,10.3,701+,5.1,801+,30.7,583,31.2,801+,33.1,552,35.5,542,26.2,801+
1201-1400,1315,Transilvania University of Brasov,Romania,Brasov,Europe,n/a,https://www.topuniversities.com/universities/transilvania-university-brasov,https://www.topuniversities.com/sites/default/files/transilvania-university-of-brasov_59edd3f4ca24f325d41e2363_medium.jpg,7.1,801+,9,701+,8.4,801+,10.2,701+,5.3,801+,3.8,801+,69.6,538,5,801+,8.9,801+,32.2,801+
1201-1400,1316,Tunghai University,Taiwan,Taichung City,Asia,n/a,https://www.topuniversities.com/universities/tunghai-university,https://www.topuniversities.com/sites/default/files/tunghai-university_592560cf2aeae70239af5248_medium.jpg,13.1,801+,10.1,701+,6.7,801+,9.2,701+,21.9,696,17.8,765,28.2,801+,13.5,801+,21.7,735,47.5,=774
1201-1400,1317,UCAM Universidad Católica San Antonio de Murcia,Spain,Murcia,Europe,n/a,https://www.topuniversities.com/universities/ucam-universidad-catolica-san-antonio-de-murcia,https://www.topuniversities.com/sites/default/files/230703092537am795829logo-monocromo-jpg-UCAM-90x90.jpg,7.5,801+,9.6,701+,9.9,801+,5.6,701+,1.8,801+,43.8,460,23.9,801+,14.6,801+,49,425,41.4,801+
1201-1400,1318,Universidad Autonoma Chapingo,Mexico,Texcoco,Latin America,n/a,https://www.topuniversities.com/universities/universidad-autonoma-chapingo,https://www.topuniversities.com/sites/default/files/210811053617am477550UACh-logo-1200-90x90.jpg,2.1,801+,4.1,701+,77.6,178,4.2,701+,13,801+,1.3,801+,6.4,801+,8.7,801+,1.2,801+,16.8,801+
1201-1400,1319,Universidad Autónoma de Guadalajara (UAG),Mexico,Guadalajara,Latin America,n/a,https://www.topuniversities.com/universities/universidad-autonoma-de-guadalajara-uag,https://www.topuniversities.com/sites/default/files/universidad-autnoma-de-guadalajara-uag_592560cf2aeae70239af54a0_medium.jpg,1.2,801+,10.3,701+,28.7,665,5.2,701+,2.1,801+,23.6,681,2.4,801+,45.7,464,17.8,801+,7.3,801+
1201-1400,1320,Universidad Autónoma de Nuevo León,Mexico,San Nicolás de los Garza,Latin America,n/a,https://www.topuniversities.com/universities/universidad-autonoma-de-nuevo-leon,https://www.topuniversities.com/sites/default/files/universidad-autnoma-de-nuevo-len_592560cf2aeae70239af5136_medium.jpg,2.9,801+,20.9,593,3.1,801+,10.7,701+,18.4,750,1.3,801+,39.1,801+,4,801+,1.2,801+,43.7,801+
1201-1400,1321,Universidad Autónoma del Estado de Hidalgo (UAEH),Mexico,Pachuca,Latin America,n/a,https://www.topuniversities.com/universities/universidad-autonoma-del-estado-de-hidalgo-uaeh,https://www.topuniversities.com/sites/default/files/universidad-autnoma-del-estado-de-hidalgo-uaeh_592560cf2aeae70239af54ac_medium.jpg,1.9,801+,3.6,701+,51.7,366,8.3,701+,2.3,801+,2.9,801+,13.3,801+,2.6,801+,7.2,801+,41.8,801+
1201-1400,1322,Universidad Autónoma del Estado de México (UAEMex),Mexico,Toluca de Lerdo,Latin America,n/a,https://www.topuniversities.com/universities/universidad-autonoma-del-estado-de-mexico-uaemex,https://www.topuniversities.com/sites/default/files/universidad-autnoma-del-estado-de-mxico-uaemex_2249_medium.jpg,2,801+,23,547,7.5,801+,12.8,701+,2.1,801+,1.7,801+,15.6,801+,3.9,801+,6.1,801+,39.8,801+
1201-1400,1323,Universidad Católica del Norte,Chile,Antofagasta,Latin America,n/a,https://www.topuniversities.com/universities/universidad-catolica-del-norte,https://www.topuniversities.com/sites/default/files/universidad-catlica-del-norte_592560cf2aeae70239af54b9_medium.jpg,9.3,801+,5.7,701+,10.9,801+,5,701+,2.5,801+,8.5,801+,45,801+,21.9,688,6.5,801+,53,=646
1201-1400,1324,"Universidad Central ""Marta Abreu"" de Las Villas",Cuba,Santa Clara,Latin America,n/a,https://www.topuniversities.com/universities/universidad-central-marta-abreu-de-las-villas,https://www.topuniversities.com/sites/default/files/universidad-central-marta-abreu-de-las-villas_592560cf2aeae70239af54c1_medium.jpg,1.6,801+,4.8,701+,99.9,28,2,701+,26.5,616,1.6,801+,9.4,801+,1.1,801+,1.4,801+,10.2,801+
1201-1400,1325,Universidad Científica del Sur,Peru,Lima,Latin America,n/a,https://www.topuniversities.com/universities/universidad-cientifica-del-sur,https://www.topuniversities.com/sites/default/files/universidad-cientfica-del-sur_592560cf2aeae70239af5a3a_medium.jpg,1.7,801+,6.1,701+,68.3,244,6.8,701+,4.8,801+,1.3,801+,14.8,801+,4.2,801+,5.7,801+,30.1,801+
1201-1400,1326,Universidad Industrial de Santander - UIS,Colombia,Bucaramanga,Latin America,n/a,https://www.topuniversities.com/universities/universidad-industrial-de-santander-uis,https://www.topuniversities.com/sites/default/files/universidad-industrial-de-santander-uis_592560cf2aeae70239af54f6_medium.jpg,3.4,801+,12.7,701+,5.8,801+,17.6,701+,13.3,801+,2,801+,18.5,801+,6,801+,6.3,801+,28.5,801+
1201-1400,1327,Universidad Nacional de Cuyo,Argentina,Mendoza,Latin America,n/a,https://www.topuniversities.com/universities/universidad-nacional-de-cuyo,https://www.topuniversities.com/sites/default/files/universidad-nacional-de-cuyo_592560cf2aeae70239af5124_medium.jpg,2.8,801+,17.8,684,23.9,754,10.7,701+,14.8,801+,11.6,801+,26.5,801+,2.1,801+,8.9,801+,43.7,801+
1201-1400,1328,Universidad Nacional de Ingeniería ,Peru,Lima,Latin America,n/a,https://www.topuniversities.com/universities/universidad-nacional-de-ingenieria,https://www.topuniversities.com/sites/default/files/universidad-nacional-de-ingeniera-_592560cf2aeae70239af57dd_medium.jpg,2,801+,11.2,701+,10.2,801+,31.2,458,27.5,602,1.4,801+,7.1,801+,1.3,801+,5.8,801+,10.5,801+
1201-1400,1329,Universidad Nacional de San Luis,Argentina,San Luis ,Latin America,n/a,https://www.topuniversities.com/universities/universidad-nacional-de-san-luis,https://www.topuniversities.com/sites/default/files/universidad-nacional-de-san-luis_592560cf2aeae70239af5121_medium.jpg,1.4,801+,3.9,701+,84.8,136,2,701+,1.5,801+,n/a,n/a,10.1,801+,n/a,n/a,n/a,n/a,18,801+
1201-1400,1330,Universidad Nacional de Asunción,Paraguay,San Lorenzo,Latin America,n/a,https://www.topuniversities.com/universities/universidad-nacional-de-asuncion,https://www.topuniversities.com/sites/default/files/universidad-nacional-de-la-asuncin_592560cf2aeae70239af5503_medium.jpg,1.2,801+,7.6,701+,43.1,462,5.5,701+,73.8,189,2.7,801+,13.1,801+,1.5,801+,7,801+,28.8,801+
1201-1400,1331,Universidad Nacional del Centro de la Provincia de Buenos Aires (UNICEN),Argentina,Tandil,Latin America,n/a,https://www.topuniversities.com/universities/universidad-nacional-del-centro-de-la-provincia-de-buenos-aires-unicen,https://www.topuniversities.com/sites/default/files/universidad-nacional-del-centro-de-la-provincia-de-buenos-aires-unicen_592560cf2aeae70239af568f_medium.jpg,1.8,801+,6.3,701+,81.4,160,6.3,701+,1.5,801+,n/a,n/a,7.7,801+,n/a,n/a,n/a,n/a,20.5,801+
1201-1400,1332,Universidad Nacional del Litoral,Argentina,Santa Fe,Latin America,n/a,https://www.topuniversities.com/universities/universidad-nacional-del-litoral,https://www.topuniversities.com/sites/default/files/universidad-nacional-del-litoral_592560cf2aeae70239af5122_medium.jpg,4.1,801+,18.1,674,3.1,801+,10.1,701+,7.1,801+,1.5,801+,26.8,801+,6.6,801+,1.4,801+,41,801+
1201-1400,1333,Universidad Nacional Costa Rica,Costa Rica,Heredia,Latin America,n/a,https://www.topuniversities.com/universities/universidad-nacional-costa-rica,https://www.topuniversities.com/sites/default/files/universidad-nacional-costa-rica_592560cf2aeae70239af52c1_medium.jpg,2.2,801+,13.5,701+,17.5,801+,18.4,698,11.4,801+,4.1,801+,16.8,801+,13.1,801+,3.3,801+,23.3,801+
1201-1400,1334,Universidad Peruana de Ciencias Aplicadas (UPC),Peru,Monterrico,Latin America,n/a,https://www.topuniversities.com/universities/universidad-peruana-de-ciencias-aplicadas-upc,https://www.topuniversities.com/sites/default/files/240206095824pm847134upc-logo-90x90.jpg,1.4,801+,17.8,689,4.7,801+,26.8,511,4.8,801+,2.1,801+,10.1,801+,17.1,766,1.8,801+,32,801+
1201-1400,1335,Universidad Tecnológica Nacional (UTN),Argentina,Buenos Aires,Latin America,n/a,https://www.topuniversities.com/universities/universidad-tecnologica-nacional-utn,https://www.topuniversities.com/sites/default/files/250314113953am81912602-LOGO-MONTESERRAT-2025-90x90.jpg,1.2,801+,5.2,701+,56.6,327,19.2,678,9.2,801+,3.8,801+,10.9,801+,n/a,n/a,3.1,801+,19.1,801+
1201-1400,1336,Universidad Tecnológica de Panamá (UTP),Panama,Panama City,Latin America,n/a,https://www.topuniversities.com/universities/universidad-tecnologica-de-panama-utp,https://www.topuniversities.com/sites/default/files/universidad-tecnolgica-de-panam-utp_592560cf2aeae70239af4db4_medium.jpg,1.2,801+,9.5,701+,38.2,531,19.9,661,7.3,801+,8,801+,5.2,801+,4.9,801+,12,801+,24.5,801+
1201-1400,1337,Universidad de La Frontera (UFRO),Chile,Temuco,Latin America,n/a,https://www.topuniversities.com/universities/universidad-de-la-frontera-ufro,https://www.topuniversities.com/sites/default/files/universidad-de-la-frontera-ufro_592560cf2aeae70239af512b_medium.jpg,19.2,726,14.4,701+,6.5,801+,7.5,701+,2.7,801+,1.7,801+,44,801+,3.1,801+,1.5,801+,32.3,801+
1201-1400,1338,Universidad de Las Américas (UDLA) Ecuador,Ecuador,Quito,Latin America,n/a,https://www.topuniversities.com/universities/universidad-de-las-americas-udla-ecuador,https://www.topuniversities.com/sites/default/files/251111022435pm932572UDLA-90x90.jpg,2.6,801+,14.4,701+,21.1,801+,8.4,701+,7,801+,5,801+,18.3,801+,24.7,654,9.2,801+,30.9,801+
1201-1400,1339,Universidad de Lima,Peru,Lima,Latin America,n/a,https://www.topuniversities.com/universities/universidad-de-lima,https://www.topuniversities.com/sites/default/files/230207011108pm679897LOGO-ULIMA-90x90.jpg,1.7,801+,14.1,701+,6.8,801+,31.8,450,30.3,548,3.7,801+,11.3,801+,3.7,801+,8.1,801+,33.9,801+
1201-1400,1340,Universidad de Los Andes - (ULA) Mérida,Venezuela,Merida,Latin America,n/a,https://www.topuniversities.com/universities/universidad-de-los-andes-ula-merida,https://www.topuniversities.com/sites/default/files/universidad-de-los-andes-ula-mrida_592560cf2aeae70239af54d2_medium.jpg,1.6,801+,20.2,608,26.3,711,12.7,701+,22.4,688,2,801+,19.3,801+,1.5,801+,6.3,801+,32,801+
1201-1400,1341,Universidad de Monterrey (UDEM),Mexico,San Pedro Garza García,Latin America,n/a,https://www.topuniversities.com/universities/universidad-de-monterrey-udem,https://www.topuniversities.com/sites/default/files/Webp.net-resizeimage-2021-06-15T131430.941-90x90.jpg,2.4,801+,19.8,622,8.7,801+,15.4,701+,6.4,801+,6.8,801+,9.2,801+,18.2,737,5.3,801+,32.5,801+
1201-1400,1342,Universidad de Valparaíso (UV),Chile,Valparaíso,Latin America,n/a,https://www.topuniversities.com/universities/universidad-de-valparaiso-uv,https://www.topuniversities.com/sites/default/files/universidad-de-valparaso-uv_592560cf2aeae70239af54e3_medium.jpg,5,801+,15.5,701+,12.8,801+,8.4,701+,4.8,801+,2.9,801+,34.3,801+,8.6,801+,2.4,801+,39.7,801+
1201-1400,1343,Universidad del Desarrollo (UDD),Chile,Santiago,Latin America,n/a,https://www.topuniversities.com/universities/universidad-del-desarrollo-udd,https://www.topuniversities.com/sites/default/files/universidad-del-desarrollo-udd_592560cf2aeae70239af52cd_medium.jpg,4,801+,11.8,701+,15.7,801+,15.7,701+,6.8,801+,3.3,801+,18.3,801+,10.6,801+,7.6,801+,47.5,=774
1201-1400,1344,Universidad del Norte ,Colombia,Barranquilla,Latin America,n/a,https://www.topuniversities.com/universities/universidad-del-norte,https://www.topuniversities.com/sites/default/files/universidad-del-norte-_592560cf2aeae70239af54ec_medium.jpg,6,801+,13.2,701+,12.7,801+,14.3,701+,10.8,801+,1.7,801+,27.1,801+,8.5,801+,6,801+,44.2,801+
1201-1400,1345,Universidad del Valle de Guatemala (UVG),Guatemala,Guatemala City,Latin America,n/a,https://www.topuniversities.com/universities/universidad-del-valle-de-guatemala-uvg,https://www.topuniversities.com/sites/default/files/211125092041pm825065Logo-UVG-90x90.jpg,1.4,801+,6.5,701+,61.9,288,11,701+,15.3,801+,3.2,801+,5.6,801+,9.4,801+,7.4,801+,11,801+
1201-1400,1346,Universidade Federal Fluminense,Brazil,Rio de Janeiro,Latin America,n/a,https://www.topuniversities.com/universities/universidade-federal-fluminense,https://www.topuniversities.com/sites/default/files/universidade-federal-fluminense-_592560cf2aeae70239af5147_medium.jpg,6.4,801+,12.5,701+,17.4,801+,3.1,701+,17.6,770,1.3,801+,57,736,8.8,801+,5.8,801+,55.7,=582
1201-1400,1347,Universidade Federal da Bahia,Brazil,Salvador,Latin America,n/a,https://www.topuniversities.com/universities/universidade-federal-da-bahia,https://www.topuniversities.com/sites/default/files/universidade-federal-da-bahia_592560cf2aeae70239af5146_medium.jpg,5.7,801+,13.5,701+,11.8,801+,5,701+,20.6,715,2,801+,48.7,801+,6.9,801+,1.8,801+,41.4,801+
1201-1400,1348,Universidade Federal de Pernambuco (UFPE) ,Brazil,Recife,Latin America,n/a,https://www.topuniversities.com/universities/universidade-federal-de-pernambuco-ufpe,https://www.topuniversities.com/sites/default/files/universidade-federal-de-pernambuco-ufpe-_592560cf2aeae70239af5143_medium.jpg,7.6,801+,16,701+,20.3,801+,4.4,701+,6.8,801+,1.4,801+,58.3,713,4.8,801+,5.9,801+,36.1,801+
1201-1400,1349,Universidade Federal de Santa Maria,Brazil,Santa Maria,Latin America,n/a,https://www.topuniversities.com/universities/universidade-federal-de-santa-maria,https://www.topuniversities.com/sites/default/files/universidade-federal-de-santa-maria_592560cf2aeae70239af553e_medium.jpg,9.9,801+,7,701+,25,734,2.2,701+,8.4,801+,2.1,801+,52.5,800,2.9,801+,6.5,801+,55.7,=582
1201-1400,1350,Universidade Federal de Viçosa (UFV),Brazil,Viçosa,Latin America,n/a,https://www.topuniversities.com/universities/universidade-federal-de-vicosa-ufv,https://www.topuniversities.com/sites/default/files/universidade-federal-de-viosa-ufv_592560cf2aeae70239af5549_medium.jpg,16.2,780,6.8,701+,17.4,801+,4.3,701+,5.7,801+,3.7,801+,26.5,801+,3.4,801+,8.1,801+,49.6,=711
1201-1400,1351,Universidade Federal do Ceará (UFC),Brazil,Fortaleza,Latin America,n/a,https://www.topuniversities.com/universities/universidade-federal-do-ceara-ufc,https://www.topuniversities.com/sites/default/files/universidade-federal-do-cear-ufc_592560cf2aeae70239af5148_medium.jpg,10.1,801+,11.3,701+,7.9,801+,4.8,701+,8,801+,1.7,801+,41.7,801+,1.5,801+,6.1,801+,36.2,801+
1201-1400,1352,Universidade Presbiteriana Mackenzie,Brazil,São Paulo,Latin America,n/a,https://www.topuniversities.com/universities/universidade-presbiteriana-mackenzie,https://www.topuniversities.com/sites/default/files/universidade-presbiteriana-mackenzie_2768_medium.jpg,3.8,801+,5.8,701+,19.5,801+,12.6,701+,56.4,295,1.1,801+,13.8,801+,2.3,801+,5.6,801+,18.1,801+
1201-1400,1353,Universidade do Estado do Rio de Janeiro (UERJ),Brazil,Rio de Janeiro,Latin America,n/a,https://www.topuniversities.com/universities/universidade-do-estado-do-rio-de-janeiro-uerj,https://www.topuniversities.com/sites/default/files/universidade-do-estado-do-rio-de-janeiro-uerj_592560cf2aeae70239af5525_medium.jpg,4,801+,13.2,701+,22.6,780,6.5,701+,22.6,680,1.4,801+,48,801+,4.8,801+,1.3,801+,31.8,801+
1201-1400,1354,Università degli Studi di Urbino Carlo Bo - Carlo Bo University of Urbino,Italy,Urbino,Europe,n/a,https://www.topuniversities.com/universities/universita-degli-studi-di-urbino,https://www.topuniversities.com/sites/default/files/universit-degli-studi-di-urbino-carlo-bo-_592560cf2aeae70239af5001_medium.jpg,14.5,801+,6.8,701+,3,801+,2.8,701+,13.8,801+,9.1,801+,28.5,801+,22.6,680,14.2,801+,27.3,801+
1201-1400,1355,Universitas Muhammadiyah Yogyakarta,Indonesia,Yogyakarta,Asia,n/a,https://www.topuniversities.com/universities/universitas-muhammadiyah-yogyakarta,https://www.topuniversities.com/sites/default/files/universitas-muhammadiyah-yogyakarta_5a704d66cb4de709c73ae9d5_medium.jpg,2.2,801+,10.9,701+,4.8,801+,4.2,701+,2.7,801+,3.9,801+,8.3,801+,82.5,275,8.3,801+,37.9,801+
1201-1400,1356,Universitas Pendidikan Indonesia,Indonesia,Bandung ,Asia,n/a,https://www.topuniversities.com/universities/universitas-pendidikan-indonesia,https://www.topuniversities.com/sites/default/files/universitas-pendidikan-indonesia_592560cf2aeae70239af52d4_medium.jpg,2.2,801+,17.4,701+,16.2,801+,5.7,701+,2.7,801+,2.5,801+,20,801+,17.6,757,7.1,801+,43.1,801+
1201-1400,1357,Universitas Trisakti (USAKTI),Indonesia,"Jakarta Barat,",Asia,n/a,https://www.topuniversities.com/universities/universitas-trisakti-usakti,https://www.topuniversities.com/sites/default/files/211228112718am332266School-Logo-Universitas-Trisakti-90x90.jpg,1.5,801+,14.3,701+,29,649,5.8,701+,41.1,425,1.3,801+,4.1,801+,3,801+,5.7,801+,33.3,801+
1201-1400,1358,Universitatea de Vest din Timisoara /  West University of Timisoara,Romania,Timișoara,Europe,n/a,https://www.topuniversities.com/universities/universitatea-de-vest-din-timisoara-west-university-timisoara,https://www.topuniversities.com/sites/default/files/universitatea-de-vest-din-timisoara-west-university-of-timisoara_592560cf2aeae70239af5054_medium.jpg,5.5,801+,13.7,701+,7.4,801+,17,701+,32.8,518,10.6,801+,29.8,801+,2,801+,14.8,801+,42.2,801+
1201-1400,1359,Universiti Kuala Lumpur (UniKL),Malaysia,KUALA LUMPUR,Asia,n/a,https://www.topuniversities.com/universities/universiti-kuala-lumpur-unikl,https://www.topuniversities.com/sites/default/files/universiti-kuala-lumpur-unikl_1980_medium.jpg,4.1,801+,9.9,701+,33.8,579,10.8,701+,5.1,801+,5,801+,18.1,801+,7.1,801+,9.8,801+,23.2,801+
1201-1400,1360,Universiti Malaysia Kelantan,Malaysia,Kota Bharu,Asia,n/a,https://www.topuniversities.com/universities/universiti-malaysia-kelantan,https://www.topuniversities.com/sites/default/files/universiti-malaysia-kelantan_5ddf38825c52f37faf755e24_medium.jpg,10.6,801+,9.5,701+,7.1,801+,3.6,701+,5.1,801+,14.2,801+,25.5,801+,17,768,16.4,801+,47.9,=763
1201-1400,1361,UNIVERSITI TEKNIKAL MALAYSIA MELAKA,Malaysia,Alor Gajah,Asia,n/a,https://www.topuniversities.com/universities/universiti-teknikal-malaysia-melaka,https://www.topuniversities.com/sites/default/files/universiti-teknikal-malaysia-melaka_592560e69988f300e2321e30_medium.jpg,11.4,801+,10.3,701+,18,801+,11.2,701+,5.2,801+,10.7,801+,34.7,801+,5.4,801+,13.9,801+,36.4,801+
1201-1400,1362,University POLITEHNICA of Bucharest,Romania,Bucharest,Europe,n/a,https://www.topuniversities.com/universities/university-politehnica-bucharest,https://www.topuniversities.com/sites/default/files/university-politehnica-of-bucharest_592560df9988f300e2320a67_medium.jpg,14.6,801+,6.3,701+,4.9,801+,20.8,630,9.4,801+,4.7,801+,61.4,672,1.7,801+,3.7,801+,22.8,801+
1201-1400,1363,University of Babylon,Iraq,Hillah,Asia,n/a,https://www.topuniversities.com/universities/university-babylon,https://www.topuniversities.com/sites/default/files/university-of-babylon_592560e09988f300e2320b39_medium.jpg,3.7,801+,7.7,701+,19.6,801+,25.9,524,5.8,801+,1.2,801+,36.6,801+,1.3,801+,1.1,801+,29.8,801+
1201-1400,1364,University of Basrah,Iraq,Basrah,Asia,n/a,https://www.topuniversities.com/universities/university-basrah,https://www.topuniversities.com/sites/default/files/university-of-basrah_592560df9988f300e23208e3_medium.jpg,2.2,801+,9.1,701+,18.7,801+,26.6,514,14.2,801+,1,801+,34.7,801+,n/a,n/a,1,801+,20,801+
1201-1400,1365,University of Derby,United Kingdom,Derby,Europe,n/a,https://www.topuniversities.com/universities/university-derby,https://www.topuniversities.com/sites/default/files/university-of-derby_592560cf2aeae70239af4d46_medium.jpg,10.9,801+,5.4,701+,12,801+,7.5,701+,2.2,801+,49.9,409,42.8,801+,40.8,492,54.6,375,34,801+
1201-1400,1366,University of International Business and Economics,China (Mainland),Beijing,Asia,n/a,https://www.topuniversities.com/universities/university-international-business-economics,https://www.topuniversities.com/sites/default/files/university-of-international-business-and-economics_592560cf2aeae70239af5265_medium.jpg,8.4,801+,3.3,701+,16.5,801+,5.1,701+,21.2,704,43.3,465,8.2,801+,8.6,801+,32.4,586,29.8,801+
1201-1400,1367,University of Kaiserslautern-Landau(RPTU),Germany,Kaiserslautern,Europe,n/a,https://www.topuniversities.com/universities/university-kaiserslautern-landaurptu,https://www.topuniversities.com/sites/default/files/technische-universitt-kaiserslautern_592560cf2aeae70239af4fcf_medium.jpg,7.5,801+,8.6,701+,22.2,787,6,701+,5.4,801+,n/a,n/a,63.4,645,n/a,n/a,n/a,n/a,n/a,n/a
1201-1400,1368,University of Kerbala,Iraq,Karbala,Asia,n/a,https://www.topuniversities.com/universities/university-kerbala,https://www.topuniversities.com/sites/default/files/university-of-kerbala_592560cf2aeae70239af59d3_medium.jpg,2,801+,12.8,701+,35.3,560,14.8,701+,5.6,801+,1.9,801+,13.9,801+,2.1,801+,1.7,801+,21.3,801+
1201-1400,1369,University of Khartoum,Sudan,Khartoum,Africa,n/a,https://www.topuniversities.com/universities/university-khartoum,https://www.topuniversities.com/sites/default/files/university-of-khartoum_592560cf2aeae70239af583c_medium.jpg,5.1,801+,8.9,701+,8.2,801+,6.9,701+,84.9,137,2.1,801+,53.5,788,n/a,n/a,1.8,801+,23.3,801+
1201-1400,1370,University of Kufa,Iraq,Kufa,Asia,n/a,https://www.topuniversities.com/universities/university-kufa,https://www.topuniversities.com/sites/default/files/university-of-kufa_592560cf2aeae70239af5696_medium.jpg,2.1,801+,7.4,701+,31.7,607,33.3,433,5.7,801+,1,801+,26.3,801+,n/a,n/a,1,801+,15.6,801+
1201-1400,1371,University of Management and Technology,Pakistan,Lahore,Asia,n/a,https://www.topuniversities.com/universities/university-management-technology,https://www.topuniversities.com/sites/default/files/university-of-management-and-technology_2188_medium.jpg,9.4,801+,7.2,701+,17.6,801+,10.9,701+,3.3,801+,1.7,801+,54.4,777,1.9,801+,6,801+,46.6,801+
1201-1400,1372,University of Memphis,United States,Memphis,North America,n/a,https://www.topuniversities.com/universities/university-memphis,https://www.topuniversities.com/sites/default/files/251104030921pm2093292025-Leaping-Tiger-Stacked-FullColor-Logo-90x90.jpg,13.9,801+,4.1,701+,18.6,801+,4.1,701+,15,801+,19.4,737,41.9,801+,2.5,801+,14.7,801+,35.1,801+
1201-1400,1373,University of Miskolc ,Hungary,Miskolc,Europe,n/a,https://www.topuniversities.com/universities/university-miskolc,https://www.topuniversities.com/sites/default/files/university-of-miskolc-_592560cf2aeae70239af4fee_medium.jpg,4.7,801+,9,701+,20.4,801+,10.3,701+,16.3,801+,6.4,801+,24.5,801+,3,801+,5,801+,27.8,801+
1201-1400,1374,University of Mosul,Iraq,Mosul,Asia,n/a,https://www.topuniversities.com/universities/university-mosul,https://www.topuniversities.com/sites/default/files/university-of-mosul_592560cf2aeae70239af5457_medium.jpg,1.7,801+,7.3,701+,23.4,764,12.9,701+,28.8,577,1.3,801+,30.2,801+,1,801+,5.7,801+,26.4,801+
1201-1400,1375,University of North Carolina at Greensboro,United States,Greensboro,North America,n/a,https://www.topuniversities.com/universities/university-north-carolina-greensboro,https://www.topuniversities.com/sites/default/files/university-of-north-carolina-at-greensboro_592560cf2aeae70239af52b2_medium.jpg,15.1,801+,3.6,701+,12.2,801+,4.5,701+,5,801+,4.3,801+,49.6,801+,10.3,801+,3.4,801+,32.8,801+
1201-1400,1376,University of Novi Sad,Serbia,Novi Sad,Europe,n/a,https://www.topuniversities.com/universities/university-novi-sad,https://www.topuniversities.com/sites/default/files/university-of-novi-sad_592560cf2aeae70239af55cc_medium.jpg,6.9,801+,12.5,701+,10.5,801+,6.5,701+,30.7,538,n/a,n/a,82.1,312,n/a,n/a,n/a,n/a,31.2,801+
1201-1400,1377,University of Ostrava,Czechia,Ostrava,Europe,n/a,https://www.topuniversities.com/universities/university-ostrava,https://www.topuniversities.com/sites/default/files/university-of-ostrava_592560cf2aeae70239af4f51_medium.jpg,5.9,801+,8,701+,20.5,801+,2.9,701+,5,801+,32.2,564,28.9,801+,34.6,540,24.2,702,24.2,801+
1201-1400,1378,University of Pannonia,Hungary,Veszprém,Europe,n/a,https://www.topuniversities.com/universities/university-pannonia,https://www.topuniversities.com/sites/default/files/university-of-pannonia_592560e59988f300e2321c07_medium.jpg,14.9,801+,6.1,701+,33.3,584,7.3,701+,5,801+,7.2,801+,55.5,760,5.8,801+,5.6,801+,23.4,801+
1201-1400,1379,University of Pardubice,Czechia,Pardubice,Europe,n/a,https://www.topuniversities.com/universities/university-pardubice,https://www.topuniversities.com/sites/default/files/university-of-pardubice_592560cf2aeae70239af4f50_medium.jpg,5.8,801+,5.2,701+,47.8,407,5.2,701+,2.5,801+,15.5,801+,36.2,801+,12.3,801+,19.7,768,15.8,801+
1201-1400,1380,University of Peradeniya ,Sri Lanka,Peradeniya,Asia,n/a,https://www.topuniversities.com/universities/university-peradeniya,https://www.topuniversities.com/sites/default/files/university-of-peradeniya-_592560cf2aeae70239af4f22_medium.jpg,3.7,801+,10.4,701+,14.3,801+,13.6,701+,17.7,765,1.6,801+,39.5,801+,n/a,n/a,6,801+,50.6,=693
1201-1400,1381,University of Petra,Jordan,Amman,Asia,n/a,https://www.topuniversities.com/universities/university-petra,https://www.topuniversities.com/sites/default/files/university-of-petra_592560df9988f300e23208db_medium.jpg,6.2,801+,8.8,701+,10,801+,8.1,701+,5.7,801+,47.1,429,9.9,801+,25.9,635,44.2,472,34.6,801+
1201-1400,1382,University of Primorska,Slovenia,Koper,Europe,n/a,https://www.topuniversities.com/universities/university-primorska,https://www.topuniversities.com/sites/default/files/university-of-primorska_592560cf2aeae70239af509d_medium.jpg,8.3,801+,3.6,701+,12.3,801+,5.7,701+,13.2,801+,38.9,506,45.4,801+,31.6,567,37.4,523,21.8,801+
1201-1400,1383,University of Rajshahi,Bangladesh,Rajshahi,Asia,n/a,https://www.topuniversities.com/universities/university-rajshahi,https://www.topuniversities.com/sites/default/files/231107032906pm316193download-90x90.jpg,6.4,801+,13.2,701+,6.2,801+,13.1,701+,4.4,801+,1.2,801+,23.5,801+,1.3,801+,5.6,801+,39.3,801+
1201-1400,1384,University of Rijeka,Croatia,Rijeka,Europe,n/a,https://www.topuniversities.com/universities/university-rijeka,https://www.topuniversities.com/sites/default/files/university-of-rijeka_592560e59988f300e2321aad_medium.jpg,8.7,801+,7.3,701+,17,801+,8.4,701+,15.3,801+,5.8,801+,50.2,801+,2.8,801+,10.1,801+,42.4,801+
1201-1400,1385,University of San Diego,United States,San Diego,North America,n/a,https://www.topuniversities.com/universities/university-san-diego,https://www.topuniversities.com/sites/default/files/university-of-san-diego_592560cf2aeae70239af4ca6_medium.jpg,4.5,801+,9,701+,27.8,684,15.2,701+,20.3,722,10.5,801+,6.9,801+,4.9,801+,8,801+,21.4,801+
1201-1400,1386,University of San Francisco,United States,San Francisco,North America,n/a,https://www.topuniversities.com/universities/university-san-francisco,https://www.topuniversities.com/sites/default/files/university-of-san-francisco_592560cf2aeae70239af4d4a_medium.jpg,5.7,801+,6.9,701+,27.5,691,12.1,701+,39,444,27.1,627,9.3,801+,3.9,801+,20.3,758,31.8,801+
1201-1400,1387,University of Sarajevo ,Bosnia & Herzegovina,Sarajevo,Europe,n/a,https://www.topuniversities.com/universities/university-sarajevo,https://www.topuniversities.com/sites/default/files/university-of-sarajevo-_592560cf2aeae70239af5652_medium.jpg,2.9,801+,5,701+,6.5,801+,1,701+,89.1,113,5.2,801+,41.3,801+,n/a,n/a,4.1,801+,20.5,801+
1201-1400,1388,University of Silesia in Katowice,Poland,Katowice,Europe,n/a,https://www.topuniversities.com/universities/university-silesia-katowice,https://www.topuniversities.com/sites/default/files/university-of-silesia_592560cf2aeae70239af503f_medium.jpg,5.7,801+,8.6,701+,31.3,611,6.8,701+,10.1,801+,7.4,801+,59.3,703,5.1,801+,12,801+,44.4,801+
1201-1400,1389,University of South Alabama (USA),United States,Mobile,North America,n/a,https://www.topuniversities.com/universities/university-south-alabama-usa,https://www.topuniversities.com/sites/default/files/Webp.net-resizeimage-84-90x90.jpg,13.1,801+,5.6,701+,23.1,772,11.1,701+,3.2,801+,2.7,801+,13.7,801+,n/a,n/a,2.3,801+,28.9,801+
1201-1400,1390,University of Split,Croatia,Split,Europe,n/a,https://www.topuniversities.com/universities/university-split,https://www.topuniversities.com/sites/default/files/university-of-split_592560e59988f300e2321aaf_medium.jpg,8.8,801+,7.6,701+,8.7,801+,9.2,701+,22.4,687,3.3,801+,52.3,801+,1.6,801+,7.5,801+,44.8,801+
1201-1400,1391,University of Texas El Paso,United States,El Paso,North America,n/a,https://www.topuniversities.com/universities/university-texas-el-paso,https://www.topuniversities.com/sites/default/files/university-of-texas-el-paso-_592560cf2aeae70239af5358_medium.jpg,21.5,690,6.8,701+,7.6,801+,3.7,701+,9.1,801+,10.1,801+,61.6,669,13.9,801+,7.8,801+,41.5,801+
1201-1400,1392,University of Tyumen,Russia,Tyumen,Europe,n/a,https://www.topuniversities.com/universities/university-tyumen,https://www.topuniversities.com/sites/default/files/university-of-tyumen_592560cf2aeae70239af582a_medium.jpg,2.6,801+,2.7,701+,44,451,3.4,701+,5.7,801+,23.2,687,25.1,801+,6,801+,25,685,30.3,801+
1201-1400,1393,University of Wisconsin Milwaukee,United States,Milwaukee,North America,n/a,https://www.topuniversities.com/universities/university-wisconsin-milwaukee,https://www.topuniversities.com/sites/default/files/university-of-wisconsin-milwaukee-_592560cf2aeae70239af5346_medium.jpg,15.3,801+,9,701+,13.8,801+,3.8,701+,16,801+,12.4,801+,37,801+,11.8,801+,9.4,801+,46.3,801+
1201-1400,1394,Universität Siegen,Germany,Siegen,Europe,n/a,https://www.topuniversities.com/universities/universitat-siegen,https://www.topuniversities.com/sites/default/files/universitt-siegen_592560cf2aeae70239af4fdc_medium.jpg,10.2,801+,5.4,701+,15.4,801+,1.2,701+,4.9,801+,37.3,524,42,801+,53.9,419,42.9,485,29.2,801+
1201-1400,1395,Ibn Tofail University,Morocco,Kenitra,Africa,n/a,https://www.topuniversities.com/universities/ibn-tofail-university,https://www.topuniversities.com/sites/default/files/ibn-tofail-university_592560e49988f300e2321726_medium.jpg,12,801+,14.6,701+,1.5,801+,3.1,701+,5,801+,4.2,801+,28.6,801+,27,624,9.1,801+,36.8,801+
1201-1400,1396,Université Jean Moulin Lyon 3,France,Lyon,Europe,n/a,https://www.topuniversities.com/universities/universite-jean-moulin-lyon-3,https://www.topuniversities.com/sites/default/files/universit-jean-moulin-lyon-3_592560cf2aeae70239af4bfb_medium.jpg,4.3,801+,11.2,701+,2.4,801+,11.4,701+,5.9,801+,44.1,456,11.8,801+,27,626,49.2,421,25.4,801+
1201-1400,1397,Université Mohammed V de Rabat,Morocco,Rabat,Africa,n/a,https://www.topuniversities.com/universities/universite-mohammed-v-de-rabat,https://www.topuniversities.com/sites/default/files/universit-mohammed-v-de-rabat_592560cf2aeae70239af5976_medium.jpg,9.5,801+,4.8,701+,2.4,801+,3.1,701+,75.8,178,5.7,801+,75.6,428,4.7,801+,11.1,801+,42.6,801+
1201-1400,1398,Université Paris-Nanterre,France,Paris,Europe,n/a,https://www.topuniversities.com/universities/universite-paris-nanterre,https://www.topuniversities.com/sites/default/files/universit-paris-ouest-nanterre-la-dfense_489_medium.jpg,4,801+,14.6,701+,4.7,801+,4.7,701+,44.3,398,2.1,801+,60,692,11.7,801+,1.8,801+,39.8,801+
1201-1400,1399,Université de Caen Normandie,France,Caen,Europe,n/a,https://www.topuniversities.com/universities/universite-de-caen-basse-normandie,https://www.topuniversities.com/sites/default/files/universit-de-caen-basse-normandie_592560cf2aeae70239af4ad2_medium.jpg,10.3,801+,11.3,701+,9.2,801+,5.2,701+,6.6,801+,11.4,801+,76.4,414,11,801+,8.7,801+,35.8,801+
1201-1400,1400,Université de Limoges,France,Limoges,Europe,n/a,https://www.topuniversities.com/universities/universite-de-limoges,https://www.topuniversities.com/sites/default/files/universit-de-limoges_592560cf2aeae70239af4f97_medium.jpg,9.1,801+,8.9,701+,22.4,783,5.5,701+,3.6,801+,n/a,n/a,55.9,750,n/a,n/a,n/a,n/a,29.6,801+
1201-1400,1401,Université de Poitiers,France,Poitiers,Europe,n/a,https://www.topuniversities.com/universities/universite-de-poitiers,https://www.topuniversities.com/sites/default/files/universit-de-poitiers_592560cf2aeae70239af4fa2_medium.jpg,8.5,801+,11.1,701+,7.6,801+,1.2,701+,13.6,801+,38.9,505,74.6,448,n/a,n/a,29.1,626,39.3,801+
1201-1400,1402,Université de Sousse,Tunisia,Sousse,Africa,n/a,https://www.topuniversities.com/universities/universite-de-sousse,https://www.topuniversities.com/sites/default/files/230205074233pm370725logo-univ-sousse-90x90.jpg,2.9,801+,6.4,701+,51.8,365,3.9,701+,9.4,801+,3.7,801+,36.6,801+,1.2,801+,7.9,801+,44.1,801+
1201-1400,1403,Université Toulouse - Jean Jaurès,France,Toulouse,Europe,n/a,https://www.topuniversities.com/universities/universite-toulouse-jean-jaures,https://www.topuniversities.com/sites/default/files/universit-de-toulouse-ii-le-mirail_621_medium.jpg,9,801+,13.1,701+,1.8,801+,4.8,701+,2.4,801+,31,580,64,635,34.1,544,23.2,717,30.1,801+
1201-1400,1404,Université de Tunis,Tunisia,Tunis,Africa,n/a,https://www.topuniversities.com/universities/universite-de-tunis,https://www.topuniversities.com/sites/default/files/universit-de-tunis_592560cf2aeae70239af5470_medium.jpg,3,801+,11.3,701+,28.3,674,5.8,701+,58.5,280,2.8,801+,17.4,801+,2.5,801+,7.1,801+,29.6,801+
1201-1400,1405,Western Michigan University,United States,Kalamazoo,North America,n/a,https://www.topuniversities.com/universities/western-michigan-university,https://www.topuniversities.com/sites/default/files/western-michigan-university_592560cf2aeae70239af51ce_medium.jpg,10.7,801+,5,701+,15.7,801+,9.5,701+,26.3,619,17.5,774,33,801+,37.6,517,23.6,712,37.6,801+
1201-1400,1406,Yessenov University,Kazakhstan,Aktau,Asia,n/a,https://www.topuniversities.com/universities/yessenov-university,https://www.topuniversities.com/sites/default/files/yessenov-university_5afd65016ee6c810031a0fd7_medium.jpg,1.2,801+,16.7,701+,19.2,801+,6.9,701+,4.3,801+,28.3,612,2.7,801+,38.4,514,27.9,642,15.9,801+
1201-1400,1407,Universitas Negeri Yogyakarta,Indonesia,Yogyakarta,Asia,n/a,https://www.topuniversities.com/universities/universitas-negeri-yogyakarta,https://www.topuniversities.com/sites/default/files/yogyakarta-state-university_592560cf2aeae70239af4e52_medium.jpg,2,801+,17.4,701+,12.2,801+,6.7,701+,2.8,801+,2.8,801+,10.8,801+,18.8,732,7.2,801+,32.5,801+
1201-1400,1408,Zagazig University,Egypt,Zagazig,Africa,n/a,https://www.topuniversities.com/universities/zagazig-university,https://www.topuniversities.com/sites/default/files/zagazig-university_592560cf2aeae70239af4f43_medium.jpg,5.1,801+,11.3,701+,4.5,801+,9.1,701+,5.2,801+,8.1,801+,69.8,535,1.3,801+,12,801+,53,=646
1201-1400,1409,Zarqa University (ZU),Jordan,Zarqa,Asia,n/a,https://www.topuniversities.com/universities/zarqa-university-zu,https://www.topuniversities.com/sites/default/files/zarqa-university-zu_592560e39988f300e2321376_medium.jpg,3.8,801+,7.9,701+,9,801+,4.1,701+,5.4,801+,63.5,314,15,801+,24.9,652,58.1,351,12.1,801+
1401+,1410,Akdeniz Üniversitesi,Türkiye,Antalya,Asia,n/a,https://www.topuniversities.com/universities/akdeniz-universitesi,https://www.topuniversities.com/sites/default/files/akdeniz-niversitesi_592560cf2aeae70239af50a4_medium.jpg,6.1,801+,8.3,701+,5.6,801+,8,701+,2.4,801+,6,801+,47.6,801+,2.2,801+,11.4,801+,22.1,801+
1401+,1411,American International University-Bangladesh (AIUB),Bangladesh,Dhaka,Asia,n/a,https://www.topuniversities.com/universities/american-international-university-bangladesh-aiub,https://www.topuniversities.com/sites/default/files/american-international-university-bangladesh_5be4facc72ced7217d3b9bfc_medium.jpg,4.4,801+,8.3,701+,9,801+,8.5,701+,4.6,801+,17.7,770,7.9,801+,5.4,801+,18.5,788,30.3,801+
1401+,1412,Anadolu University,Türkiye,Eskisehir,Asia,n/a,https://www.topuniversities.com/universities/anadolu-university,https://www.topuniversities.com/sites/default/files/anadolu-university_592560cf2aeae70239af5a3c_medium.jpg,5.1,801+,6.2,701+,17.5,801+,8.4,701+,22.3,691,5.3,801+,24.9,801+,2.2,801+,4.2,801+,22.3,801+
1401+,1413,Aoyama Gakuin University,Japan,Tokyo,Asia,n/a,https://www.topuniversities.com/universities/aoyama-gakuin-university,https://www.topuniversities.com/sites/default/files/aoyama-gakuin-university_592560cf2aeae70239af4a9a_medium.jpg,2.5,801+,7.1,701+,7.4,801+,16.8,701+,14.5,801+,4.5,801+,9.5,801+,20.3,707,3.6,801+,9.6,801+
1401+,1414,Aswan University,Egypt,Aswan,Africa,n/a,https://www.topuniversities.com/universities/aswan-university,https://www.topuniversities.com/sites/default/files/aswan-university_592560e29988f300e2321213_medium.jpg,6.4,801+,7.1,701+,11.8,801+,2.2,701+,2.9,801+,1.8,801+,53.9,784,1.1,801+,6.1,801+,40,801+
1401+,1415,Atma Jaya Catholic University of Indonesia,Indonesia,Jakarta,Asia,n/a,https://www.topuniversities.com/universities/atma-jaya-catholic-university-indonesia,https://www.topuniversities.com/sites/default/files/atma-jaya-catholic-university-jakarta_592560cf2aeae70239af4e29_medium.jpg,2,801+,11.1,701+,10.5,801+,10.7,701+,22.6,678,1.7,801+,7.4,801+,9.8,801+,6.1,801+,30.2,801+
1401+,1416,Belarusian State University of Informatics and Radioelectronics,Belarus,Minsk,Europe,n/a,https://www.topuniversities.com/universities/belarusian-state-university-informatics-radioelectronics,https://www.topuniversities.com/sites/default/files/belarusian-state-university-of-informatics-and-radioelectronics_592560cf2aeae70239af5a53_medium.jpg,1.4,801+,6.7,701+,26.1,716,23.4,573,7.5,801+,17.6,772,7.2,801+,2.6,801+,20.4,754,n/a,n/a
1401+,1417,Benha University - Egypt,Egypt,Benha,Africa,n/a,https://www.topuniversities.com/universities/benha-university-egypt,https://www.topuniversities.com/sites/default/files/benha-university-egypt_23887_medium.jpg,4.2,801+,6.2,701+,8.2,801+,4.4,701+,2.9,801+,2.4,801+,59.7,699,1,801+,6.7,801+,36.1,801+
1401+,1418,"CHRIST (Deemed to be University), Bengaluru",India,Bangalore,Asia,n/a,https://www.topuniversities.com/universities/christ-deemed-be-university-bengaluru,https://www.topuniversities.com/sites/default/files/christ-deemed-to-be-university-bengaluru_592560cf2aeae70239af59b6_medium.jpg,4.7,801+,7,701+,8,801+,5.6,701+,6.3,801+,2.4,801+,34,801+,4.7,801+,6.8,801+,33.2,801+
1401+,1419,Central Michigan University,United States,Mount Pleasant,North America,n/a,https://www.topuniversities.com/universities/central-michigan-university,https://www.topuniversities.com/sites/default/files/central-michigan-university_592560cf2aeae70239af517f_medium.jpg,11.2,801+,3.6,701+,11.5,801+,5,701+,15,801+,23.4,684,26.2,801+,4.8,801+,17.6,801+,29.2,801+
1401+,1420,Chaoyang University of Technology ,Taiwan,Taichung City,Asia,n/a,https://www.topuniversities.com/universities/chaoyang-university-technology,https://www.topuniversities.com/sites/default/files/chaoyang-university-of-technology-_592560cf2aeae70239af537d_medium.jpg,8.4,801+,5,701+,6.4,801+,6.7,701+,2.1,801+,13.2,801+,22.2,801+,7.4,801+,15.9,801+,40.6,801+
1401+,1421,Chittagong University of Engineering and Technology,Bangladesh,Chittagong,Asia,n/a,https://www.topuniversities.com/universities/chittagong-university-engineering-technology,https://www.topuniversities.com/sites/default/files/220102060222pm868418cuet-logo-90x90.jpg,12.1,801+,10,701+,10,801+,16.2,701+,4.8,801+,n/a,n/a,8.1,801+,1.6,801+,n/a,n/a,20.3,801+
1401+,1422,Cleveland State University,United States,Cleveland ,North America,n/a,https://www.topuniversities.com/universities/cleveland-state-university,https://www.topuniversities.com/sites/default/files/cleveland-state-university_592560cf2aeae70239af5182_medium.jpg,7.7,801+,4.5,701+,12.3,801+,6.2,701+,12.4,801+,47.6,423,17.9,801+,5.6,801+,35.6,540,25.7,801+
1401+,1423,East West University ,Bangladesh,Dhaka,Asia,n/a,https://www.topuniversities.com/universities/east-west-university,https://www.topuniversities.com/sites/default/files/east-west-university-_592560cf2aeae70239af4ddb_medium.jpg,4.5,801+,8.8,701+,3.7,801+,17.7,701+,8.3,801+,1,801+,9.2,801+,1.4,801+,5.5,801+,32.5,801+
1401+,1424,Escuela Politécnica Nacional,Ecuador,Quito,Latin America,n/a,https://www.topuniversities.com/universities/escuela-politecnica-nacional,https://www.topuniversities.com/sites/default/files/escuela-politcnica-nacional_592560cf2aeae70239af589c_medium.jpg,5.7,801+,10.2,701+,18.8,801+,10.8,701+,6.6,801+,3,801+,16.9,801+,6.3,801+,7.1,801+,25.2,801+
1401+,1425,Harper Adams University,United Kingdom,Newport,Europe,n/a,https://www.topuniversities.com/universities/harper-adams-university,https://www.topuniversities.com/sites/default/files/harper-adams-university_592560cf2aeae70239af4d76_medium.jpg,12.4,801+,4,701+,7.1,801+,15.7,701+,1,801+,5.9,801+,14.1,801+,21.8,690,9.8,801+,18.6,801+
1401+,1426,Hongik University ,South Korea,Seoul,Asia,n/a,https://www.topuniversities.com/universities/hongik-university,https://www.topuniversities.com/sites/default/files/hongik-university_1059_medium.jpg,5.3,801+,6.3,701+,13.8,801+,8.7,701+,6.4,801+,14.8,801+,14.6,801+,18.9,731,18.2,791,26.9,801+
1401+,1427,Hue University,Vietnam,Huế,Asia,n/a,https://www.topuniversities.com/universities/hue-university,https://www.topuniversities.com/sites/default/files/hue-university_592560cf2aeae70239af523c_medium.jpg,2.6,801+,7.6,701+,3.7,801+,15,701+,6.6,801+,2,801+,27.7,801+,1.5,801+,6.2,801+,28.3,801+
1401+,1428,"Independent University, Bangladesh",Bangladesh,Dhaka,Asia,n/a,https://www.topuniversities.com/universities/independent-university-bangladesh,https://www.topuniversities.com/sites/default/files/240207105043am310874IUB-Logo-1-JPEG-Color-90x90.jpg,7.3,801+,8.8,701+,2.5,801+,16.9,701+,11.6,801+,1.1,801+,12.1,801+,1.3,801+,5.5,801+,24.9,801+
1401+,1429,"Indian Institute of Information Technology, Allahabad",India,Prayagraj,Asia,n/a,https://www.topuniversities.com/universities/indian-institute-information-technology-allahabad,https://www.topuniversities.com/sites/default/files/indian-institute-of-information-technology-iiit-allahabad_592560cf2aeae70239af4e0f_medium.jpg,27.5,613,4.2,701+,3.2,801+,12.7,701+,1.9,801+,4,801+,8.4,801+,n/a,n/a,7.9,801+,6.6,801+
1401+,1430,Istanbul Bilgi Üniversitesi,Türkiye,Istanbul,Asia,n/a,https://www.topuniversities.com/universities/istanbul-bilgi-universitesi,https://www.topuniversities.com/sites/default/files/istanbul-bilgi-niversitesi_592560cf2aeae70239af50c3_medium.jpg,2.7,801+,5.6,701+,15.2,801+,9.6,701+,24.2,653,25.4,656,6.6,801+,4.1,801+,30.9,604,38.8,801+
1401+,1431,Jadara University,Jordan,Irbid,Asia,n/a,https://www.topuniversities.com/universities/jadara-university,,3.3,801+,9.9,701+,29.4,644,4.2,701+,5.9,801+,49.7,410,4.2,801+,4.5,801+,37.1,525,n/a,n/a
1401+,1432,Jamia Hamdard,India,New Delhi,Asia,n/a,https://www.topuniversities.com/universities/jamia-hamdard,https://www.topuniversities.com/sites/default/files/jamia-hamdard_592560e19988f300e2320f1b_medium.jpg,25.5,629,6.3,701+,13.5,801+,2.8,701+,1.8,801+,3.8,801+,13.7,801+,n/a,n/a,7.8,801+,14.4,801+
1401+,1433,Kazan National Research Technological University,Russia,Kazan,Europe,n/a,https://www.topuniversities.com/universities/kazan-national-research-technological-university,https://www.topuniversities.com/sites/default/files/kazan-national-research-technological-university_592560cf2aeae70239af5951_medium.jpg,2,801+,5.3,701+,27.9,682,7.8,701+,5.5,801+,30.9,581,10.3,801+,1.9,801+,32.4,585,13.7,801+
1401+,1434,Khulna University,Bangladesh,Khulna,Asia,n/a,https://www.topuniversities.com/universities/khulna-university,https://www.topuniversities.com/sites/default/files/230623075154am923473Khulna-University-Logo.svg-90x90.jpg,8.6,801+,8.6,701+,14.3,801+,7.9,701+,4.3,801+,n/a,n/a,20.8,801+,n/a,n/a,n/a,n/a,25.4,801+
1401+,1435,Khulna University of Engineering and Technology,Bangladesh,Khulna,Asia,n/a,https://www.topuniversities.com/universities/khulna-university-engineering-technology,https://www.topuniversities.com/sites/default/files/khulna-university-of-engineering-and-technology_592560cf2aeae70239af4de1_medium.jpg,13.4,801+,7.3,701+,10.5,801+,16.7,701+,4.5,801+,n/a,n/a,12.6,801+,1.4,801+,n/a,n/a,22,801+
1401+,1436,Kindai University (Kinki University),Japan,Osaka City,Asia,n/a,https://www.topuniversities.com/universities/kindai-university-kinki-university,https://www.topuniversities.com/sites/default/files/kindai-university-kinki-university_1015_medium.jpg,8.6,801+,5.3,701+,10.2,801+,6.4,701+,1.7,801+,3.2,801+,30.4,801+,25.7,637,7.4,801+,41.2,801+
1401+,1437,Mahasarakham University,Thailand,Maha Sarakham,Asia,n/a,https://www.topuniversities.com/universities/mahasarakham-university,https://www.topuniversities.com/sites/default/files/mahasarakham-university_592560cf2aeae70239af5215_medium.jpg,2.6,801+,18.5,662,2.8,801+,2.7,701+,10.3,801+,3.6,801+,11,801+,8.7,801+,7.7,801+,23.9,801+
1401+,1438,Manav Rachna International Institute of Research and Studies (MRIIRS),India,Faridabad,Asia,n/a,https://www.topuniversities.com/universities/manav-rachna-international-institute-research-studies-mriirs,https://www.topuniversities.com/sites/default/files/manav-rachna-international-institute-of-research-and-studies-mriirs_592560e89988f300e23221ef_medium.jpg,3.7,801+,5.9,701+,43.9,453,2.5,701+,1.8,801+,3.4,801+,3.3,801+,7.4,801+,7.6,801+,23.6,801+
1401+,1439,Mapúa University,Philippines,Manila,Asia,n/a,https://www.topuniversities.com/universities/mapua-university,https://www.topuniversities.com/sites/default/files/mapa-university_592560cf2aeae70239af4f0a_medium.jpg,9.3,801+,9.7,701+,4.3,801+,16.2,701+,3.9,801+,1.9,801+,6.3,801+,3,801+,1.7,801+,37,801+
1401+,1440,Mendeleev University of Chemical Technology,Russia,Moscow,Europe,n/a,https://www.topuniversities.com/universities/mendeleev-university-chemical-technology,https://www.topuniversities.com/sites/default/files/d.mendeleev-university-of-chemical-technology-of-russia_592560cf2aeae70239af5958_medium.jpg,5.6,801+,4.7,701+,26.1,715,7.3,701+,14.2,801+,15.7,801+,15.5,801+,1.1,801+,19.2,775,10.4,801+
1401+,1441,Naresuan University ,Thailand,Phitsanulok,Asia,n/a,https://www.topuniversities.com/universities/naresuan-university,https://www.topuniversities.com/sites/default/files/naresuan-university-_592560cf2aeae70239af4f2d_medium.jpg,3,801+,10.9,701+,9.3,801+,5.3,701+,3.1,801+,1.8,801+,12.5,801+,6.9,801+,6.2,801+,39.6,801+
1401+,1442,National Taipei University,Taiwan,Taipei,Asia,n/a,https://www.topuniversities.com/universities/national-taipei-university,https://www.topuniversities.com/sites/default/files/national-taipei-university_592560df9988f300e23209a8_medium.jpg,4.4,801+,12.4,701+,11.6,801+,8,701+,26.6,614,10.1,801+,3.9,801+,5.9,801+,14.6,801+,26.6,801+
1401+,1443,Nile University,Egypt,Giza,Africa,n/a,https://www.topuniversities.com/universities/nile-university,https://www.topuniversities.com/sites/default/files/nile-university_592560e29988f300e23212a4_medium.jpg,7.4,801+,8.6,701+,29.2,646,4.6,701+,3.3,801+,2.7,801+,9.8,801+,5.5,801+,6.9,801+,19.8,801+
1401+,1444,Manash Kozybayev North Kazakhstan university,Kazakhstan,Petropavlovsk,Asia,n/a,https://www.topuniversities.com/universities/manash-kozybayev-north-kazakhstan-university,https://www.topuniversities.com/sites/default/files/211011063706am732832Screenshot-29-90x90.jpg,1.3,801+,6.8,701+,33.4,582,12.5,701+,4.1,801+,8,801+,3.8,801+,5.4,801+,11.2,801+,24.1,801+
1401+,1445,Universitas Negeri Padang,Indonesia,Padang,Asia,n/a,https://www.topuniversities.com/universities/universitas-negeri-padang,https://www.topuniversities.com/sites/default/files/230630123210pm724104logo-unp-90x90.jpg,1.3,801+,10.5,701+,31.5,608,2.5,701+,2.6,801+,2.1,801+,6.4,801+,17.7,753,6.4,801+,39.2,801+
1401+,1446,Perm State National Research University,Russia,Perm,Europe,n/a,https://www.topuniversities.com/universities/perm-state-national-research-university,https://www.topuniversities.com/sites/default/files/perm-state-national-research-university_592560cf2aeae70239af5060_medium.jpg,2.1,801+,4,701+,35.4,559,3.3,701+,4,801+,20.4,725,6,801+,1.8,801+,22.2,727,29.7,801+
1401+,1447,Pontificia Universidad Católica Madre y Maestra (PUCMM),Dominican Republic,Santiago,Latin America,n/a,https://www.topuniversities.com/universities/pontificia-universidad-catolica-madre-y-maestra-pucmm,https://www.topuniversities.com/sites/default/files/pontificia-universidad-catlica-madre-y-maestra-pucmm_592560cf2aeae70239af548a_medium.jpg,1.6,801+,6,701+,14.8,801+,7.5,701+,51.8,325,14.2,801+,9.4,801+,12,801+,17.2,801+,24.8,801+
1401+,1448,Rajshahi University of Engineering and Technology,Bangladesh,Rajshahi,Asia,n/a,https://www.topuniversities.com/universities/rajshahi-university-engineering-technology,https://www.topuniversities.com/sites/default/files/Ruet.jpg,16,782,6.9,701+,9.9,801+,13.3,701+,4.1,801+,n/a,n/a,9.8,801+,n/a,n/a,n/a,n/a,18,801+
1401+,1449,Rikkyo University,Japan,Tokyo,Asia,n/a,https://www.topuniversities.com/universities/rikkyo-university,https://www.topuniversities.com/sites/default/files/rikkyo-university_592560cf2aeae70239af5233_medium.jpg,3,801+,5.5,701+,9.9,801+,14.3,701+,10,801+,10.6,801+,12.3,801+,32.8,556,14.2,801+,30,801+
1401+,1450,Sakarya University,Türkiye,Adapazari,Asia,n/a,https://www.topuniversities.com/universities/sakarya-university,https://www.topuniversities.com/sites/default/files/241119124435pm785538dikeylogo-90x90.jpg,6.6,801+,5.9,701+,4.9,801+,7.6,701+,2.3,801+,21.8,701,26.1,801+,2.6,801+,27.9,639,49.5,=715
1401+,1451,San Francisco State University,United States,San Francisco,North America,n/a,https://www.topuniversities.com/universities/san-francisco-state-university,https://www.topuniversities.com/sites/default/files/san-francisco-state-university_592560cf2aeae70239af5354_medium.jpg,6.7,801+,5.2,701+,8.3,801+,7.1,701+,16.4,800,7.7,801+,32.4,801+,4.9,801+,6,801+,36.1,801+
1401+,1452,"Shakarim University of the City of Semey, Kazakhstan",Kazakhstan,Semey,Asia,n/a,https://www.topuniversities.com/universities/shakarim-university-city-semey-kazakhstan,https://www.topuniversities.com/sites/default/files/250616084209am124282Screenshot-3-90x90.jpg,1.7,801+,10.4,701+,16.4,801+,10.2,701+,4.2,801+,3.3,801+,2.4,801+,27.7,615,7.2,801+,31.3,801+
1401+,1453,Shanghai Normal University,China (Mainland),Shanghai,Asia,n/a,https://www.topuniversities.com/universities/shanghai-normal-university,https://www.topuniversities.com/sites/default/files/shanghai-normal-university_592560cf2aeae70239af5295_medium.jpg,9.5,801+,4.4,701+,17,801+,3.4,701+,1.4,801+,4.9,801+,24.9,801+,6.8,801+,10,801+,32.2,801+
1401+,1454,Silpakorn University ,Thailand,Bangkok,Asia,n/a,https://www.topuniversities.com/universities/silpakorn-university,https://www.topuniversities.com/sites/default/files/silpakorn-university-_592560cf2aeae70239af4f2e_medium.jpg,4.5,801+,10.4,701+,5.7,801+,12.6,701+,3.1,801+,2.7,801+,26.7,801+,8,801+,7.1,801+,22.6,801+
1401+,1455,SOKA University,Japan,Hachioji City,Asia,n/a,https://www.topuniversities.com/universities/soka-university,https://www.topuniversities.com/sites/default/files/soka-university_5a8ce9996ee6c87ad45117a0_medium.jpg,3.1,801+,5.9,701+,10.7,801+,8.2,701+,1.6,801+,13.3,801+,11.9,801+,67.7,345,16.1,801+,11.8,801+
1401+,1456,Soongsil University,South Korea,Seoul,Asia,n/a,https://www.topuniversities.com/universities/soongsil-university,https://www.topuniversities.com/sites/default/files/soongsil-university-_592560cf2aeae70239af4ed1_medium.jpg,9.2,801+,3.4,701+,12,801+,6.9,701+,3.5,801+,24,674,22.3,801+,5.7,801+,18,796,20.3,801+
1401+,1457,State University of Malang (Universitas Negeri Malang),Indonesia,Malang,Asia,n/a,https://www.topuniversities.com/universities/state-university-malang-universitas-negeri-malang,https://www.topuniversities.com/sites/default/files/state-university-of-malang_592560cf2aeae70239af4e47_medium.jpg,2.9,801+,10.5,701+,9.9,801+,4.9,701+,7.3,801+,1.6,801+,13,801+,23.4,670,6.1,801+,34.1,801+
1401+,1458,Stefan cel Mare University of Suceava,Romania,Suceava,Europe,n/a,https://www.topuniversities.com/universities/stefan-cel-mare-university-suceava,https://www.topuniversities.com/sites/default/files/230412120446pm502682SIGLA-standard-color-pozitiv-orizontal-EN-Q-01-90x90.jpg,8.9,801+,5.5,701+,7.1,801+,5.3,701+,5.3,801+,38.7,509,25.2,801+,3.3,801+,35.4,545,34.3,801+
1401+,1459,Suez Canal University,Egypt,Ismailia,Africa,n/a,https://www.topuniversities.com/universities/suez-canal-university,https://www.topuniversities.com/sites/default/files/suez-canal-university_592560e29988f300e23212c0_medium.jpg,4.4,801+,6.1,701+,17.4,801+,3.9,701+,2.9,801+,3,801+,52.2,801+,2.5,801+,7.3,801+,48,762
1401+,1460,Universitas Syiah Kuala,Indonesia,Banda Aceh,Asia,n/a,https://www.topuniversities.com/universities/universitas-syiah-kuala,https://www.topuniversities.com/sites/default/files/universitas-syiah-kuala_592560cf2aeae70239af52dc_medium.jpg,3.6,801+,8.6,701+,18.1,801+,3,701+,2.6,801+,2.5,801+,24.4,801+,3.1,801+,6.8,801+,38.6,801+
1401+,1461,Tashkent University of Information Technologies named after Muhammad Al-Khwarizmi,Uzbekistan,Tashkent,Asia,n/a,https://www.topuniversities.com/universities/tashkent-university-information-technologies-named-after-muhammad-al-khwarizmi,https://www.topuniversities.com/sites/default/files/211011113711am335070TUIT-simple-90x90.jpg,1.7,801+,10.7,701+,7.4,801+,15.4,701+,9.4,801+,3.3,801+,3.5,801+,10.4,801+,7.4,801+,27.7,801+
1401+,1462,Lublin University of Technology,Poland,Lublin,Europe,n/a,https://www.topuniversities.com/universities/lublin-university-technology,https://www.topuniversities.com/sites/default/files/240619062652am339001logo-PL-200px-90x90.jpg,8.9,801+,6.9,701+,28.1,680,3,701+,3.9,801+,29.5,595,14.4,801+,2.5,801+,27.5,645,17.7,801+
1401+,1463,The Herzen State Pedagogical University of Russia,Russia,,Europe,n/a,https://www.topuniversities.com/universities/herzen-state-pedagogical-university-russia,https://www.topuniversities.com/sites/default/files/herzen-state-pedagogical-university-of-russia_592560e09988f300e2320c6c_medium.jpg,1.5,801+,3.8,701+,22.2,785,4.2,701+,7.2,801+,59.8,344,11.4,801+,1.7,801+,56.4,364,25.4,801+
1401+,1464,"The Islamia University of Bahawalpur,Pakistan",Pakistan,Bahawalpur,Asia,n/a,https://www.topuniversities.com/universities/islamia-university-bahawalpurpakistan,https://www.topuniversities.com/sites/default/files/250310061907am563134iub-the-islamia-university-of-bahawalpur3406-90x90.jpg,9.1,801+,6.2,701+,4.7,801+,7,701+,3.1,801+,n/a,n/a,55.8,751,n/a,n/a,n/a,n/a,36.2,801+
1401+,1465,"The National Research University ""Belgorod State University""",Russia,Belgorod,Europe,n/a,https://www.topuniversities.com/universities/national-research-university-belgorod-state-university,https://www.topuniversities.com/sites/default/files/belgorod-state-national-research-university_592560cf2aeae70239af5949_medium.jpg,2.8,801+,3.1,701+,17.5,801+,1.9,701+,2.1,801+,70.3,276,14.1,801+,1.9,801+,73.2,247,22.7,801+
1401+,1466,Tongmyong University,South Korea,Busan,Asia,n/a,https://www.topuniversities.com/universities/tongmyong-university,https://www.topuniversities.com/sites/default/files/Tong_logo.jpg,2,801+,6.3,701+,38.8,523,3.6,701+,1.9,801+,60.2,341,1.9,801+,8.5,801+,53.2,386,5.3,801+
1401+,1467,Toraighyrov University,Kazakhstan,Pavlodar,Asia,n/a,https://www.topuniversities.com/universities/toraighyrov-university,https://www.topuniversities.com/sites/default/files/230113080236am327164%D0%A1%D0%B6%D0%B0%D1%82%D0%BE%D0%B5-%D0%BB%D0%BE%D0%B3%D0%BE-2020-90x90.jpg,1.4,801+,8.9,701+,28.9,654,12.4,701+,4.2,801+,5.7,801+,3,801+,3.4,801+,4.5,801+,21.8,801+
1401+,1468,Universidad Autónoma de Baja California,Mexico,Baja California,Latin America,n/a,https://www.topuniversities.com/universities/universidad-autonoma-de-baja-california,https://www.topuniversities.com/sites/default/files/universidad-autnoma-de-baja-california_592560cf2aeae70239af5138_medium.jpg,2.3,801+,10.5,701+,6,801+,7.6,701+,2.3,801+,5.8,801+,13.7,801+,4.8,801+,4.6,801+,49,732
1401+,1469,Universidad Autónoma de Chile,Chile,Providencia,Latin America,n/a,https://www.topuniversities.com/universities/universidad-autonoma-de-chile,https://www.topuniversities.com/sites/default/files/universidad-autnoma-de-chile_592560e09988f300e2320bc6_medium.jpg,6.2,801+,7.9,701+,6.2,801+,4.7,701+,2.5,801+,1.7,801+,38.9,801+,15.6,792,1.5,801+,35.9,801+
1401+,1470,Universidad Católica de Temuco,Chile,Temuco,Latin America,n/a,https://www.topuniversities.com/universities/universidad-catolica-de-temuco,https://www.topuniversities.com/sites/default/files/universidad-catlica-de-temuco_592560cf2aeae70239af54b7_medium.jpg,9.7,801+,5.4,701+,2.7,801+,2.5,701+,2.5,801+,1.4,801+,21.9,801+,49.7,442,1.3,801+,26.7,801+
1401+,1471,"Universidad La Salle, México",Mexico,Mexico City,Latin America,n/a,https://www.topuniversities.com/universities/universidad-la-salle-mexico,https://www.topuniversities.com/sites/default/files/240411070955pm553306logo-imagotipo-90x90.jpg,1.4,801+,6.2,701+,28.9,651,17.4,701+,6.4,801+,2.4,801+,1.8,801+,3.4,801+,2,801+,10.1,801+
1401+,1472,"ULACIT - Universidad Latinoamericana de Ciencia y Tecnología, Costa Rica",Costa Rica,San José,Latin America,n/a,https://www.topuniversities.com/universities/ulacit-universidad-latinoamericana-de-ciencia-y-tecnologia-costa-rica,https://www.topuniversities.com/sites/default/files/-ulacit-universidad-latinoamericana-de-ciencia-y-tecnologa-costa-rica_592560cf2aeae70239af4dbb_medium.jpg,1.1,801+,7.8,701+,32.6,592,17.2,701+,12.3,801+,12.8,801+,1.1,801+,13.8,801+,9.8,801+,n/a,n/a
1401+,1473,Universidad Metropolitana,Venezuela,Caracas,Latin America,n/a,https://www.topuniversities.com/universities/universidad-metropolitana,https://www.topuniversities.com/sites/default/files/universidad-metropolitana_400_medium.jpg,1.1,801+,9.8,701+,6.4,801+,24.4,550,28.1,590,3.3,801+,2.3,801+,3.9,801+,7.4,801+,n/a,n/a
1401+,1474,Universidad Nacional Agraria la Molina,Peru,Lima,Latin America,n/a,https://www.topuniversities.com/universities/universidad-nacional-agraria-la-molina,https://www.topuniversities.com/sites/default/files/universidad-nacional-agraria-la-molina_592560cf2aeae70239af515c_medium.jpg,2.8,801+,9.3,701+,16.7,801+,8,701+,4.7,801+,2.8,801+,12.6,801+,1.5,801+,7,801+,34.4,801+
1401+,1475,Universidad Nacional de San Martín (UNSAM),Argentina,Buenos Aires,Latin America,n/a,https://www.topuniversities.com/universities/universidad-nacional-de-san-martin-unsam,https://www.topuniversities.com/sites/default/files/universidad-nacional-de-san-martn-unsam_592560cf2aeae70239af5690_medium.jpg,3.9,801+,15.7,701+,7.6,801+,4.7,701+,1.5,801+,6.9,801+,29.1,801+,1.9,801+,5.4,801+,26.9,801+
1401+,1476,Universidad Nacional del Sur,Argentina,Bahia Blanca,Latin America,n/a,https://www.topuniversities.com/universities/universidad-nacional-del-sur,https://www.topuniversities.com/sites/default/files/universidad-nacional-del-sur_592560cf2aeae70239af550a_medium.jpg,2.4,801+,8.1,701+,23.1,775,4.6,701+,4.7,801+,n/a,n/a,30,801+,n/a,n/a,n/a,n/a,29,801+
1401+,1477,Universidad Tecnológica Centroamericana (UNITEC),Honduras,Tegucigalpa,Latin America,n/a,https://www.topuniversities.com/universities/universidad-tecnologica-centroamericana-unitec,https://www.topuniversities.com/sites/default/files/250120053007pm602560Logo-200x200-90x90.jpg,1.3,801+,7.9,701+,29.9,633,7.7,701+,24.4,652,3.3,801+,10.6,801+,6,801+,7.4,801+,24.7,801+
1401+,1478,Universidad de Cuenca,Ecuador,Cuenca,Latin America,n/a,https://www.topuniversities.com/universities/universidad-de-cuenca,https://www.topuniversities.com/sites/default/files/universidad-de-cuenca_592560cf2aeae70239af54cc_medium.jpg,3.1,801+,11.1,701+,6.1,801+,5.1,701+,16.1,801+,3.2,801+,20.2,801+,6.8,801+,2.6,801+,39.3,801+
1401+,1479,Universidad de Guanajuato,Mexico,Guanajuato,Latin America,n/a,https://www.topuniversities.com/universities/universidad-de-guanajuato,https://www.topuniversities.com/sites/default/files/universidad-de-guanajuato_592560cf2aeae70239af513d_medium.jpg,4.8,801+,11.4,701+,7.2,801+,3.6,701+,9.5,801+,2,801+,24.6,801+,7.5,801+,6.3,801+,23.5,801+
1401+,1480,Universidad de Panamá - UP,Panama,Panama City,Latin America,n/a,https://www.topuniversities.com/universities/universidad-de-panama,https://www.topuniversities.com/sites/default/files/universidad-de-panam-up_592560cf2aeae70239af54db_medium.jpg,1.2,801+,8.5,701+,4.3,801+,6.4,701+,63.1,247,4.6,801+,11.2,801+,4.1,801+,8.9,801+,25.9,801+
1401+,1481,Universidad de Piura,Peru,Piura,Latin America,n/a,https://www.topuniversities.com/universities/universidad-de-piura,https://www.topuniversities.com/sites/default/files/universidad-de-piura_592560cf2aeae70239af515d_medium.jpg,1.4,801+,11.8,701+,8,801+,14.1,701+,15.4,801+,1.2,801+,4.7,801+,7.6,801+,1.2,801+,13.9,801+
1401+,1482,Universidad de Tarapaca,Chile,Arica,Latin America,n/a,https://www.topuniversities.com/universities/universidad-de-tarapaca,https://www.topuniversities.com/sites/default/files/universidad-de-tarapaca_592560cf2aeae70239af5130_medium.jpg,20.4,706,4.1,701+,4.4,801+,2.1,701+,2.5,801+,n/a,n/a,49.6,801+,17.7,755,n/a,n/a,21,801+
1401+,1483,Universidad del Bío-Bío,Chile,Concepción,Latin America,n/a,https://www.topuniversities.com/universities/universidad-del-bio-bio,https://www.topuniversities.com/sites/default/files/universidad-del-bio-bio_592560cf2aeae70239af5128_medium.jpg,8.6,801+,11.6,701+,4.9,801+,5,701+,2.5,801+,1.9,801+,32.1,801+,11.8,801+,1.6,801+,24,801+
1401+,1484,Universidad del Zulia,Venezuela,Maracaibo,Latin America,n/a,https://www.topuniversities.com/universities/universidad-del-zulia,https://www.topuniversities.com/sites/default/files/universidad-del-zulia_592560cf2aeae70239af5636_medium.jpg,2.6,801+,14.7,701+,5.2,801+,12.8,701+,12.4,801+,1.5,801+,14.5,801+,1.2,801+,1.4,801+,8.3,801+
1401+,1485,Universidade Federal de Uberlândia,Brazil,Uberlândia,Latin America,n/a,https://www.topuniversities.com/universities/universidade-federal-de-uberlandia,https://www.topuniversities.com/sites/default/files/universidade-federal-de-uberlndia_592560cf2aeae70239af5544_medium.jpg,6,801+,5.4,701+,21,801+,2.6,701+,3,801+,1.8,801+,32.8,801+,2.4,801+,6.2,801+,42.5,801+
1401+,1486,Universidade Federal do Rio Grande do Norte (UFRN),Brazil,Rio Grande do Norte,Latin America,n/a,https://www.topuniversities.com/universities/universidade-federal-do-rio-grande-do-norte-ufrn,https://www.topuniversities.com/sites/default/files/universidade-federal-do-rio-grande-do-norte_592560cf2aeae70239af5357_medium.jpg,7,801+,6.7,701+,10.8,801+,1.6,701+,1.4,801+,1.3,801+,50.1,801+,n/a,n/a,5.8,801+,31.3,801+
1401+,1487,Universitas Andalas,Indonesia,Padang,Asia,n/a,https://www.topuniversities.com/universities/universitas-andalas,https://www.topuniversities.com/sites/default/files/230925032853am841147Logo-UNAND-90x90.jpg,1.5,801+,13.4,701+,13.9,801+,8.1,701+,5.1,801+,3.6,801+,6,801+,14.4,801+,7.8,801+,39.1,801+
1401+,1488,Universitas Islam Indonesia (UII),Indonesia,Yogyakarta,Asia,n/a,https://www.topuniversities.com/universities/universitas-islam-indonesia-uii,https://www.topuniversities.com/sites/default/files/universitas-islam-indonesia_592560cf2aeae70239af569c_medium.jpg,3.2,801+,17.5,701+,2.8,801+,7.4,701+,5.1,801+,1.2,801+,12.9,801+,3.8,801+,1.1,801+,34.4,801+
1401+,1489,Petra Christian University,Indonesia,Surabaya,Asia,n/a,https://www.topuniversities.com/universities/petra-christian-university,https://www.topuniversities.com/sites/default/files/petra-christian-university_592560cf2aeae70239af55ff_medium.jpg,2.6,801+,11.7,701+,12.5,801+,8.7,701+,2.9,801+,1.2,801+,6.7,801+,7.6,801+,5.6,801+,28.7,801+
1401+,1490,Universiti Sultan Zainal Abidin,Malaysia,Kuala Terengganu,Asia,n/a,https://www.topuniversities.com/universities/universiti-sultan-zainal-abidin,https://www.topuniversities.com/sites/default/files/universiti-sultan-zainal-abidin_592560cf2aeae70239af5a58_medium.jpg,5.4,801+,8,701+,13.8,801+,2.8,701+,5.1,801+,9.9,801+,28.1,801+,19.5,721,13.6,801+,16.9,801+
1401+,1491,University of Da Nang,Vietnam,Da Nang,Asia,n/a,https://www.topuniversities.com/universities/university-da-nang,https://www.topuniversities.com/sites/default/files/university-of-da-nang_592560cf2aeae70239af523d_medium.jpg,3.8,801+,8.1,701+,3.5,801+,12.3,701+,6.7,801+,2.3,801+,44,801+,3.6,801+,6.7,801+,27.6,801+
1401+,1492,University of Hawaii at Hilo,United States,Hilo,North America,n/a,https://www.topuniversities.com/universities/university-hawaii-hilo,https://www.topuniversities.com/sites/default/files/university-of-hawaii-at-hilo_592560cf2aeae70239af567e_medium.jpg,13.5,801+,2.8,701+,32.4,598,3.8,701+,5.5,801+,7.8,801+,17.2,801+,3.3,801+,6,801+,19.6,801+
1401+,1493,University of Missouri Saint Louis,United States,St. Louis,North America,n/a,https://www.topuniversities.com/universities/university-missouri-saint-louis,https://www.topuniversities.com/sites/default/files/230504125339pm154918download-90x90.jpg,13,801+,5.1,701+,19.5,801+,6.5,701+,12.7,801+,7.9,801+,10.1,801+,5.8,801+,6.1,801+,21.9,801+
1401+,1494,University of Moratuwa,Sri Lanka,Moratuwa,Asia,n/a,https://www.topuniversities.com/universities/university-moratuwa,https://www.topuniversities.com/sites/default/files/university-of-moratuwa-_592560cf2aeae70239af4f23_medium.jpg,15.6,791,6,701+,5.3,801+,8,701+,13.1,801+,1,801+,13.2,801+,n/a,n/a,1,801+,24.9,801+
1401+,1495,University of Oradea,Romania,Oradea,Europe,n/a,https://www.topuniversities.com/universities/university-oradea,https://www.topuniversities.com/sites/default/files/university-of-oradea_592560cf2aeae70239af55cb_medium.jpg,4,801+,7.5,701+,6.5,801+,4.2,701+,9,801+,9.4,801+,38.8,801+,1.7,801+,13.8,801+,41.8,801+
1401+,1496,University of Sri Jayawardenapura ,Sri Lanka,Nugegoda,Asia,n/a,https://www.topuniversities.com/universities/university-sri-jayawardenapura,https://www.topuniversities.com/sites/default/files/university-of-sri-jayawardenapura-_592560cf2aeae70239af4f25_medium.jpg,7,801+,8,701+,5.7,801+,12.2,701+,22.8,674,1.3,801+,27.8,801+,n/a,n/a,5.7,801+,27.4,801+
1401+,1497,University of Tripoli,Libya,Tripoli,Africa,n/a,https://www.topuniversities.com/universities/university-tripoli,https://www.topuniversities.com/sites/default/files/211007112307am965605tripoli-90x90.jpg,1.3,801+,6.8,701+,8.6,801+,12.8,701+,28.7,582,3.4,801+,30.6,801+,1.2,801+,7.6,801+,11.2,801+
1401+,1498,University of West Bohemia,Czechia,Plzen,Europe,n/a,https://www.topuniversities.com/universities/university-west-bohemia,https://www.topuniversities.com/sites/default/files/university-of-west-bohemia-_592560cf2aeae70239af4f4d_medium.jpg,7.9,801+,7.2,701+,12.5,801+,5.3,701+,15.5,801+,6.2,801+,40.9,801+,n/a,n/a,4.8,801+,19.5,801+
1401+,1499,University of the Pacific,United States,Stockton,North America,n/a,https://www.topuniversities.com/universities/university-pacific,https://www.topuniversities.com/sites/default/files/university-of-the-pacific_592560cf2aeae70239af4c6b_medium.jpg,4.8,801+,1.8,701+,40.1,503,7.2,701+,13,801+,21,711,9.6,801+,3.5,801+,15.8,801+,9.9,801+
1401+,1500,Università degli studi di Bergamo,Italy,Bergamo,Europe,n/a,https://www.topuniversities.com/universities/universita-degli-studi-di-bergamo,https://www.topuniversities.com/sites/default/files/universit-degli-studi-di-bergamo_592560cf2aeae70239af4d6a_medium.jpg,11.9,801+,7.2,701+,2.5,801+,4.2,701+,5.5,801+,12.3,801+,39.1,801+,5.8,801+,18.2,790,31.4,801+
1401+,1501,Voronezh State University,Russia,Voronezh ,Europe,n/a,https://www.topuniversities.com/universities/voronezh-state-university,https://www.topuniversities.com/sites/default/files/voronezh-state-university_1499_medium.jpg,1.6,801+,5.7,701+,31.3,610,4.7,701+,3.5,801+,34.5,546,12.2,801+,3.7,801+,40.2,502,20.4,801+
1401+,1502,Walailak University,Thailand,Thasala,Asia,n/a,https://www.topuniversities.com/universities/walailak-university,https://www.topuniversities.com/sites/default/files/walailak-university_592560cf2aeae70239af5212_medium.jpg,5.6,801+,8.3,701+,12.5,801+,2.7,701+,3.2,801+,3,801+,31.5,801+,13.9,801+,7.4,801+,43,801+
1401+,1503,Yamaguchi University ,Japan,Yamaguchi City,Asia,n/a,https://www.topuniversities.com/universities/yamaguchi-university,https://www.topuniversities.com/sites/default/files/yamaguchi-university-_592560cf2aeae70239af4e8c_medium.jpg,8.2,801+,4.4,701+,46.1,425,2.9,701+,1.7,801+,4.5,801+,15.4,801+,8,801+,8.9,801+,22.5,801+
1401+,1504,Youngsan University,South Korea,Busan,Asia,n/a,https://www.topuniversities.com/universities/youngsan-university,https://www.topuniversities.com/sites/default/files/youngsan-university_592560cf2aeae70239af5394_medium.jpg,2,801+,6.5,701+,25.6,726,11.9,701+,1.9,801+,25.3,658,2.5,801+,3.5,801+,24.7,689,11.5,801+
