rank_raw,rank,name,country,overall_score,teaching_score,research_env_score,research_quality_score,industry_score,international_score,url,street_address,locality,region,postal_code,country_address
1,1,University of Oxford,United Kingdom,98.2,97.2,100.0,97.7,99.9,96.4,https://www.timeshighereducation.com/world-university-rankings/university-oxford,Wellington Square University Offices,Oxford,Oxfordshire,OX1 2JD,United Kingdom
2,2,Massachusetts Institute of Technology,United States,97.7,99.2,95.3,99.6,100.0,91.9,https://www.timeshighereducation.com/world-university-rankings/massachusetts-institute-technology,77 Massachusetts Avenue,Cambridge,Massachusetts,02139-4307,United States
=3,3,Princeton University,United States,97.2,98.2,97.3,99.0,98.0,85.4,https://www.timeshighereducation.com/world-university-rankings/princeton-university,Princeton,Princeton,New Jersey,08544,United States
=3,3,University of Cambridge,United Kingdom,97.2,96.2,99.9,97.1,87.6,96.3,https://www.timeshighereducation.com/world-university-rankings/university-cambridge,"['The Old Schools', 'Trinity Lane']",Cambridge,Cambridgeshire,CB2 1TN,United Kingdom
=5,5,Harvard University,United States,97.1,95.9,100.0,98.9,86.7,88.3,https://www.timeshighereducation.com/world-university-rankings/harvard-university,Massachusetts Hall,Cambridge,Massachusetts,02138,United States
=5,5,Stanford University,United States,97.1,97.5,97.4,99.5,100.0,83.9,https://www.timeshighereducation.com/world-university-rankings/stanford-university,450 Jane Stanford Way,Stanford,California,94305–2004,United States
7,7,California Institute of Technology,United States,96.3,96.4,97.4,96.8,100.0,87.9,https://www.timeshighereducation.com/world-university-rankings/california-institute-technology,1200 East California Boulevard,Pasadena,California,91125,United States
8,8,Imperial College London,United Kingdom,94.7,90.6,94.9,98.0,91.9,98.2,https://www.timeshighereducation.com/world-university-rankings/imperial-college-london,South Kensington Road,London,Kensington and Chelsea,SW7 2AZ,United Kingdom
9,9,"University of California, Berkeley",United States,94.4,87.3,99.0,98.9,99.5,83.9,https://www.timeshighereducation.com/world-university-rankings/university-california-berkeley,110 Sproul Hall,Berkeley,California,94704,United States
10,10,Yale University,United States,94.1,94.6,94.5,97.2,87.6,81.4,https://www.timeshighereducation.com/world-university-rankings/yale-university,New Haven,New Haven,Connecticut,06520,United States
11,11,ETH Zurich,Switzerland,93.1,88.5,97.2,94.5,83.7,95.1,https://www.timeshighereducation.com/world-university-rankings/eth-zurich,Ramistrasse 101,Zurich,Canton of Zurich,8092,Switzerland
12,12,Tsinghua University,China,93.0,95.9,98.5,93.9,100.0,53.4,https://www.timeshighereducation.com/world-university-rankings/tsinghua-university,1 Qinqhuayuan,Beijing,Hebei Province,100084,China
13,13,Peking University,China,92.3,95.4,97.9,89.0,100.0,67.3,https://www.timeshighereducation.com/world-university-rankings/peking-university,No.5 Yiheyuan Road,Haidian District,Beijing,100871,China
14,14,University of Pennsylvania,United States,90.8,88.1,90.3,96.1,97.9,78.4,https://www.timeshighereducation.com/world-university-rankings/university-pennsylvania,3451 Walnut Street,Philadelphia,Pennsylvania,19104,United States
15,15,The University of Chicago,United States,90.6,89.6,90.1,96.8,76.4,79.7,https://www.timeshighereducation.com/world-university-rankings/university-chicago,5801 South Ellis Avenue Edward H Levi Hall,Chicago,Illinois,60637,United States
16,16,Johns Hopkins University,United States,90.1,84.6,89.9,96.3,100.0,81.9,https://www.timeshighereducation.com/world-university-rankings/johns-hopkins-university,3400 North Charles Street,Baltimore,Maryland,21218,United States
17,17,National University of Singapore,Singapore,89.7,78.6,93.1,95.1,99.9,92.8,https://www.timeshighereducation.com/world-university-rankings/national-university-singapore,21 Lower Kent Ridge Road,Singapore,Singapore,119077,Singapore
=18,18,Cornell University,United States,89.5,85.9,90.6,95.9,70.3,83.5,https://www.timeshighereducation.com/world-university-rankings/cornell-university,Day Hall Lobby,Ithaca,New York,14853,United States
=18,18,"University of California, Los Angeles",United States,89.5,86.0,91.4,95.6,93.5,69.2,https://www.timeshighereducation.com/world-university-rankings/university-california-los-angeles,405 Hilgard Avenue,Los Angeles,California,90095,United States
20,20,Columbia University,United States,89.4,87.8,87.8,95.9,74.8,83.7,https://www.timeshighereducation.com/world-university-rankings/columbia-university,116th and Broadway,New York,New York,10027,United States
21,21,University of Toronto,Canada,88.5,78.2,92.9,92.3,95.8,92.3,https://www.timeshighereducation.com/world-university-rankings/university-toronto,27 Kings College Circle,Toronto,Ontario,M5S 2J7,Canada
22,22,UCL,United Kingdom,87.5,77.8,85.9,97.6,74.7,97.5,https://www.timeshighereducation.com/world-university-rankings/ucl,Gower Street,London,Borough of Camden,WC1E 6BT,United Kingdom
23,23,University of Michigan-Ann Arbor,United States,86.9,85.7,87.3,93.8,81.4,65.8,https://www.timeshighereducation.com/world-university-rankings/university-michigan-ann-arbor,500 South State Street,Ann Arbor,Michigan,48109,United States
24,24,Carnegie Mellon University,United States,85.0,72.7,83.0,99.0,85.5,84.3,https://www.timeshighereducation.com/world-university-rankings/carnegie-mellon-university,5000 Forbes Avenue,Pittsburgh,Pennsylvania,15213,United States
25,25,University of Washington,United States,83.7,77.0,80.0,97.6,81.6,70.1,https://www.timeshighereducation.com/world-university-rankings/university-washington,1410 Northeast Campus Parkway,Seattle,Washington,98195,United States
26,26,The University of Tokyo,Japan,83.5,94.7,94.2,68.2,100.0,50.8,https://www.timeshighereducation.com/world-university-rankings/university-tokyo,"['7-3-1 Hongo', 'Bunkyo']",Tokyo,13,113-8654,Japan
27,27,Technical University of Munich,Germany,83.4,71.9,84.8,91.3,100.0,83.4,https://www.timeshighereducation.com/world-university-rankings/technical-university-munich,21 Arcisstrasse,Munich,Bavaria,80333,Germany
28,28,Duke University,United States,82.9,78.7,74.2,95.4,100.0,74.2,https://www.timeshighereducation.com/world-university-rankings/duke-university,2080 Duke University Road,Durham,North Carolina,27708,United States
29,29,University of Edinburgh,United Kingdom,82.5,75.7,74.7,94.8,71.0,96.2,https://www.timeshighereducation.com/world-university-rankings/university-edinburgh,"['Old College', 'South Bridge']",Edinburgh,Scotland,EH8 9YL,United Kingdom
30,30,Northwestern University,United States,81.9,73.2,76.0,96.9,96.0,71.0,https://www.timeshighereducation.com/world-university-rankings/northwestern-university,633 Clark Street,Evanston,Illinois,60208,United States
=31,31,"Nanyang Technological University, Singapore",Singapore,81.6,65.8,78.1,95.2,100.0,93.6,https://www.timeshighereducation.com/world-university-rankings/nanyang-technological-university-singapore,50 Nanyang Avenue,Singapore,Singapore,639798,Singapore
=31,31,New York University,United States,81.6,74.6,78.5,94.3,74.8,74.1,https://www.timeshighereducation.com/world-university-rankings/new-york-university,70 Washington Square South,New York,New York,10012,United States
33,33,University of Hong Kong,Hong Kong,80.5,68.3,70.8,95.6,96.5,96.6,https://www.timeshighereducation.com/world-university-rankings/university-hong-kong,"['Pokfulam Road 9th Floor', 'Knowles Building']",Pokfulam,Hong Kong,,Hong Kong
34,34,LMU Munich,Germany,79.7,68.4,75.4,92.4,100.0,78.7,https://www.timeshighereducation.com/world-university-rankings/lmu-munich,Geschwister Scholl Platz 1,Munich,Bavaria,80539,Germany
35,35,École Polytechnique Fédérale de Lausanne,Switzerland,79.6,73.5,70.8,87.5,99.9,95.4,https://www.timeshighereducation.com/world-university-rankings/ecole-polytechnique-federale-de-lausanne,Route Cantonale,Lausanne,Vaud,1015,Switzerland
36,36,Fudan University,China,79.3,79.5,77.1,84.8,99.8,53.8,https://www.timeshighereducation.com/world-university-rankings/fudan-university,No 220 Handan Road Yangpu District,Shanghai,Shanghai,200433,China
37,37,University of Melbourne,Australia,79.0,67.7,75.5,87.8,99.3,91.6,https://www.timeshighereducation.com/world-university-rankings/university-melbourne,Grattan Street,Parkville,Victoria,3010,Australia
38,38,King’s College London,United Kingdom,78.7,64.2,72.1,95.5,72.3,96.9,https://www.timeshighereducation.com/world-university-rankings/kings-college-london,Strand,London,Borough of Westminster,WC2R 2LS,United Kingdom
39,39,Zhejiang University,China,78.3,75.0,78.4,84.3,100.0,55.5,https://www.timeshighereducation.com/world-university-rankings/zhejiang-university,866 Yuhangtang Road Hangzhou,,Zhejiang,310058,China
40,40,Shanghai Jiao Tong University,China,77.6,75.4,79.1,80.2,100.0,57.7,https://www.timeshighereducation.com/world-university-rankings/shanghai-jiao-tong-university,800 Dongchuan Road Minhang District,Shanghai,Shanghai,,China
=41,41,Georgia Institute of Technology,United States,77.1,60.8,75.8,90.4,99.1,81.5,https://www.timeshighereducation.com/world-university-rankings/georgia-institute-technology,North Avenue,Atlanta,Georgia,30332,United States
=41,41,McGill University,Canada,77.1,71.0,70.8,86.2,77.5,89.2,https://www.timeshighereducation.com/world-university-rankings/mcgill-university,845 Sherbrooke Street West,Montreal,,H3A 0G4,Canada
=41,41,The Chinese University of Hong Kong,Hong Kong,77.1,63.2,63.8,97.9,90.9,92.1,https://www.timeshighereducation.com/world-university-rankings/chinese-university-hong-kong,Shatin,Shatin,New Territories,,Hong Kong
=41,41,University of Illinois at Urbana-Champaign,United States,77.1,67.9,80.7,85.3,84.4,62.3,https://www.timeshighereducation.com/world-university-rankings/university-illinois-urbana-champaign,901 West Illinois Street,Urbana,Illinois,61801,United States
45,45,University of British Columbia,Canada,77.0,64.1,73.9,88.6,77.4,93.5,https://www.timeshighereducation.com/world-university-rankings/university-british-columbia,6200 University Boulevard,Vancouver,British Columbia,V6T 1Z4,Canada
46,46,KU Leuven,Belgium,76.8,61.3,73.8,91.3,100.0,79.2,https://www.timeshighereducation.com/world-university-rankings/ku-leuven,Oude Markt 13,Leuven,Flemish Region,3000,Belgium
47,47,"University of California, San Diego",United States,76.6,66.4,63.7,97.1,100.0,71.3,https://www.timeshighereducation.com/world-university-rankings/university-california-san-diego,9500 Gilman Dr,La Jolla,California,92093,United States
48,48,Paris Sciences et Lettres – PSL Research University Paris,France,76.5,74.2,71.8,79.8,99.7,77.9,https://www.timeshighereducation.com/world-university-rankings/paris-sciences-et-lettres-psl-research-university-paris,60 Rue Mazarine,Paris,Ile de France Region,75006,France
49,49,Universität Heidelberg,Germany,76.3,68.3,61.4,95.3,93.7,80.2,https://www.timeshighereducation.com/world-university-rankings/universitat-heidelberg,Grabengasse 1,Heidelberg,Baden Wurttemberg,69117,Germany
50,50,University of Texas at Austin,United States,75.8,67.8,76.0,90.1,82.3,46.2,https://www.timeshighereducation.com/world-university-rankings/university-texas-austin,110 Inner Campus Drive,Austin,Texas,78705,United States
51,51,University of Science and Technology of China,China,75.7,72.9,69.8,89.0,98.9,43.2,https://www.timeshighereducation.com/world-university-rankings/university-science-and-technology-china,No.96 Jinzhai Road Road Baohe District,Hefei,Anhui Province,230026,China
52,52,London School of Economics and Political Science,United Kingdom,75.4,60.5,71.2,93.4,46.8,94.2,https://www.timeshighereducation.com/world-university-rankings/london-school-economics-and-political-science,Houghton Street,London,Westminster,WC2A 2AE,United Kingdom
=53,53,Karolinska Institute,Sweden,75.0,59.6,66.0,95.5,94.7,77.8,https://www.timeshighereducation.com/world-university-rankings/karolinska-institute,Karolinska Institutet,Stockholm,Stockholm,171 77,Sweden
=53,53,The University of Sydney,Australia,75.0,59.2,67.5,91.5,98.9,88.2,https://www.timeshighereducation.com/world-university-rankings/university-sydney,Sydney,Sydney,New South Wales,2006,Australia
=53,53,University of Wisconsin-Madison,United States,75.0,70.3,68.8,88.0,82.6,62.0,https://www.timeshighereducation.com/world-university-rankings/university-wisconsin-madison,1308 West Dayton Street Union South,Madison,Wisconsin,53715-1149,United States
56,56,University of Manchester,United Kingdom,74.9,61.2,65.9,92.4,74.0,94.5,https://www.timeshighereducation.com/world-university-rankings/university-manchester,Oxford Road,Manchester,Greater Manchester,M13 9PL,United Kingdom
57,57,Delft University of Technology,Netherlands,74.3,64.1,75.1,75.5,100.0,92.1,https://www.timeshighereducation.com/world-university-rankings/delft-university-technology,Postbus 5,Delft,South Holland,2628 CD,Netherlands
=58,58,Monash University,Australia,74.1,54.3,65.5,94.0,99.6,91.9,https://www.timeshighereducation.com/world-university-rankings/monash-university,Wellington Road,Clayton,Victoria,3800,Australia
=58,58,Seoul National University,South Korea,74.1,74.1,74.8,77.6,100.0,43.5,https://www.timeshighereducation.com/world-university-rankings/seoul-national-university,1 Gwanak-ro Gwanak-gu,Seoul,Gyeonggi province,08826,South Korea
=58,58,The Hong Kong University of Science and Technology,Hong Kong,74.1,56.2,60.6,95.6,100.0,97.2,https://www.timeshighereducation.com/world-university-rankings/hong-kong-university-science-and-technology,Clear Water Bay,,Kowloon,,Hong Kong
61,61,Kyoto University,Japan,74.0,86.4,82.7,56.9,100.0,45.6,https://www.timeshighereducation.com/world-university-rankings/kyoto-university,"['Yoshida-honmachi', 'Sakyo-ku']",Kyoto,26,606-8501,Japan
=62,62,Nanjing University,China,73.7,69.6,66.2,85.1,99.6,59.6,https://www.timeshighereducation.com/world-university-rankings/nanjing-university,"['22 Hankou Road', 'Gulou District']",Nanjing,Jiangsu,210093,China
=62,62,University of Amsterdam,Netherlands,73.7,55.4,63.6,96.6,76.0,92.5,https://www.timeshighereducation.com/world-university-rankings/university-amsterdam,PO Box 19268,Amsterdam,North Holland Province,1012 WP,Netherlands
64,64,"University of California, Davis",United States,72.8,63.9,66.4,84.9,86.5,77.1,https://www.timeshighereducation.com/world-university-rankings/university-california-davis,One Shields Avenue,Davis,California,95616,United States
65,65,Brown University,United States,72.6,70.0,61.0,87.4,69.6,69.9,https://www.timeshighereducation.com/world-university-rankings/brown-university,One Prospect Street,Providence,Rhode Island,02912,United States
66,66,Wageningen University & Research,Netherlands,72.2,58.6,58.4,90.4,99.5,91.6,https://www.timeshighereducation.com/world-university-rankings/wageningen-university-research,Droevendaalsesteeg 4,Wageningen,,6708 PB,Netherlands
67,67,Washington University in St Louis,United States,72.0,60.8,56.2,97.5,74.5,73.8,https://www.timeshighereducation.com/world-university-rankings/washington-university-st-louis,1 Brookings Drive,Saint Louis,Missouri,63130,United States
=68,68,Institut Polytechnique de Paris,France,71.6,71.8,62.4,70.9,99.1,95.1,https://www.timeshighereducation.com/world-university-rankings/institut-polytechnique-de-paris,Route de Saclay,Palaiseau,Ile de France,91120,France
=68,68,Université Paris-Saclay,France,71.6,67.9,62.2,80.6,92.4,76.0,https://www.timeshighereducation.com/world-university-rankings/universite-paris-saclay,3 Rue Joliot Curie Breguet Building,Gif sur Yvette,Ile de France,91190,France
=70,70,Korea Advanced Institute of Science and Technology (KAIST),South Korea,71.3,66.7,67.5,82.4,100.0,44.2,https://www.timeshighereducation.com/world-university-rankings/korea-advanced-institute-science-and-technology-kaist,291 Daehak-ro Yuseong-gu,Daejeon,South Chungcheong,34141,South Korea
=70,70,Leiden University,Netherlands,71.3,49.3,63.3,93.6,99.1,85.2,https://www.timeshighereducation.com/world-university-rankings/leiden-university,PO Box 9500,Leiden,,2300,Netherlands
72,72,"University of California, Santa Barbara",United States,71.2,50.3,63.2,94.5,92.7,80.2,https://www.timeshighereducation.com/world-university-rankings/university-california-santa-barbara,552 University Road,Santa Barbara,California,93106–5160,United States
=73,73,Australian National University,Australia,71.1,56.7,62.6,85.7,86.3,94.2,https://www.timeshighereducation.com/world-university-rankings/australian-national-university,East Road,Canberra,Australian Capital Territory,2600,Australia
73,73,City University of Hong Kong,Hong Kong,71.1,56.5,52.7,92.7,100.0,98.4,https://www.timeshighereducation.com/world-university-rankings/city-university-hong-kong,Tat Chee Avenue,Kowloon,Kowloon,999077,Hong Kong
=73,73,University of Southern California,United States,71.1,59.8,59.6,92.7,74.9,71.5,https://www.timeshighereducation.com/world-university-rankings/university-southern-california,3551 Trousdale Parkway,Los Angeles,California,90089,United States
=76,76,Boston University,United States,70.4,61.2,56.5,91.8,72.4,73.2,https://www.timeshighereducation.com/world-university-rankings/boston-university,One Silber Way,Boston,Massachusetts,02215,United States
=76,76,Sorbonne University,France,70.4,67.6,59.2,81.6,73.1,78.4,https://www.timeshighereducation.com/world-university-rankings/sorbonne-university,21 Rue de lEcole de Medecine,Paris,Ile de France,75006,France
78,78,University of North Carolina at Chapel Hill,United States,70.3,63.8,59.6,91.3,75.9,49.9,https://www.timeshighereducation.com/world-university-rankings/university-north-carolina-chapel-hill,174 Country Club Road,Chapel Hill,North Carolina,27599,United States
79,79,UNSW Sydney,Australia,70.0,50.2,57.7,91.9,96.7,93.7,https://www.timeshighereducation.com/world-university-rankings/unsw-sydney,"['High Street', 'Kensington']",Sydney,New South Wales,2052,Australia
80,80,The Hong Kong Polytechnic University,Hong Kong,69.7,51.9,55.4,91.8,86.5,97.3,https://www.timeshighereducation.com/world-university-rankings/hong-kong-polytechnic-university,11 Yuk Choi Road,Hung Hom,Kowloon,,Hong Kong
=80,80,The University of Queensland,Australia,69.7,50.9,60.9,87.6,97.6,91.2,https://www.timeshighereducation.com/world-university-rankings/university-queensland,280-284 Sir Fred Schonell Dr,Saint Lucia,Queensland,4067,Australia
=80,80,University of Bristol,United Kingdom,69.7,51.4,56.5,94.4,74.6,91.8,https://www.timeshighereducation.com/world-university-rankings/university-bristol,Queens Road Beacon House,Bristol,Bristol,BS8 1QU,United Kingdom
82,82,University of Groningen,Netherlands,69.3,47.4,55.9,94.1,99.7,91.7,https://www.timeshighereducation.com/world-university-rankings/university-groningen,Broerstraat 5,Groningen,Groningen Province,9712,Netherlands
84,84,University of Glasgow,United Kingdom,68.9,50.6,52.2,95.9,73.2,95.5,https://www.timeshighereducation.com/world-university-rankings/university-glasgow,University Avenue,Glasgow City,Glasgow,G12 8QQ,United Kingdom
85,85,Purdue University West Lafayette,United States,68.8,62.1,66.3,73.8,86.3,75.2,https://www.timeshighereducation.com/world-university-rankings/purdue-university-west-lafayette,610 Purdue Mall,West Lafayette,Indiana,47907,United States
86,86,Yonsei University (Seoul campus),South Korea,68.5,58.7,57.4,87.8,100.0,55.7,https://www.timeshighereducation.com/world-university-rankings/yonsei-university-seoul-campus,50 Yonsei-ro Seodaemun,Seoul,Gyeonggi Province,03722,South Korea
87,87,Sungkyunkwan University (SKKU),South Korea,68.3,60.2,57.5,83.4,99.7,64.3,https://www.timeshighereducation.com/world-university-rankings/sungkyunkwan-university-skku,25-2 Sungkyunkwan-Ro,Jongno-gu,11,561-758,South Korea
88,88,University of Minnesota,United States,67.5,60.3,59.0,84.1,99.9,44.7,https://www.timeshighereducation.com/world-university-rankings/university-minnesota,3 Morrill Hall 100 Church Street South East,Minneapolis,Minnesota,55455,United States
89,89,Humboldt University of Berlin,Germany,67.2,52.6,60.6,85.5,65.9,77.6,https://www.timeshighereducation.com/world-university-rankings/humboldt-university-berlin,Unter den Linden 6,Berlin,Berlin,10099,Germany
90,90,University of Copenhagen,Denmark,67.1,51.3,52.2,91.3,92.8,76.6,https://www.timeshighereducation.com/world-university-rankings/university-copenhagen,Norregade 10 PO Box 2177,Copenhagen,Copenhagen,1017,Denmark
91,91,Charité - Universitätsmedizin Berlin,Germany,66.9,47.2,48.7,98.2,100.0,72.4,https://www.timeshighereducation.com/world-university-rankings/charite-universitatsmedizin-berlin,Chariteplatz 1,Berlin,Berlin,10117,Germany
=92,92,RWTH Aachen University,Germany,66.7,54.9,63.0,76.7,100.0,70.3,https://www.timeshighereducation.com/world-university-rankings/rwth-aachen-university,Templergraben 55,Aachen,North Rhine Westphalia,52056,Germany
=92,92,University of Bonn,Germany,66.7,51.5,56.6,88.5,78.7,71.8,https://www.timeshighereducation.com/world-university-rankings/university-bonn,Regina Pacis Weg 3,,D-53012 Bonn,,Germany
=92,92,Vanderbilt University,United States,66.7,53.8,48.1,95.6,91.9,60.8,https://www.timeshighereducation.com/world-university-rankings/vanderbilt-university,2201 West End Avenue,Nashville,Tennessee,37240,United States
=95,95,Lund University,Sweden,66.6,49.1,56.7,85.7,99.7,79.2,https://www.timeshighereducation.com/world-university-rankings/lund-university,P.O. Box 117,Lund,Skane Province,221 00,Sweden
=95,95,University of Vienna,Austria,66.6,50.0,60.9,79.8,80.0,94.0,https://www.timeshighereducation.com/world-university-rankings/university-vienna,Universitatsring 1,Vienna,Vienna,1010,Austria
97,97,"University of California, Irvine",United States,66.4,47.8,52.8,91.2,98.4,76.3,https://www.timeshighereducation.com/world-university-rankings/university-california-irvine,Irvine,Irvine,California,92697,United States
=98,98,KTH Royal Institute of Technology,Sweden,66.3,51.1,57.3,79.7,97.2,90.5,https://www.timeshighereducation.com/world-university-rankings/kth-royal-institute-technology,Brinellvagen 8,Stockholm,,100 44,Sweden
=98,98,University of Birmingham,United Kingdom,66.3,47.7,48.4,93.7,74.2,94.3,https://www.timeshighereducation.com/world-university-rankings/university-birmingham,"['Chancellors Court', 'Edgbaston']",Birmingham,West Midlands,B15 2TT,United Kingdom
=98,98,University of Tübingen,Germany,66.3,49.1,53.8,89.0,98.6,74.6,https://www.timeshighereducation.com/world-university-rankings/university-tubingen,Geschwister-Scholl-Platz,Tubingen,Baden-Wurttemberg,72074,Germany
101,101,Aarhus University,Denmark,66.2,48.6,58.8,83.9,99.8,75.3,https://www.timeshighereducation.com/world-university-rankings/aarhus-university,Nordre Ringgade 1,Aarhus,Jutland,8000,Denmark
102,102,Emory University,United States,65.9,53.8,46.2,94.6,82.8,66.4,https://www.timeshighereducation.com/world-university-rankings/emory-university,201 Dowman Drive 201 Dowman Drive,Atlanta,Georgia,30322,United States
=103,103,Rice University,United States,65.8,56.7,46.8,88.1,72.9,82.6,https://www.timeshighereducation.com/world-university-rankings/rice-university,6100 Main Street PO Box 1892,Houston,Texas,77005-1827,United States
=103,103,Tohoku University,Japan,65.8,70.9,70.8,52.8,100.0,59.2,https://www.timeshighereducation.com/world-university-rankings/tohoku-university,2-1-1 Katahira Aoba-ku,Sendai,04,980-8577,Japan
=105,105,Michigan State University,United States,65.7,57.1,55.9,82.7,69.9,67.3,https://www.timeshighereducation.com/world-university-rankings/michigan-state-university,426 Auditorium Road,East Lansing,Michigan,48824,United States
=105,105,University of Helsinki,Finland,65.7,50.4,57.3,90.1,70.7,58.6,https://www.timeshighereducation.com/world-university-rankings/university-helsinki,Fabianinkatu 33 PO Box 3,Helsinki,Uusimaa Region,00014,Finland
107,107,Erasmus University Rotterdam,Netherlands,65.6,38.5,52.9,95.9,89.2,87.1,https://www.timeshighereducation.com/world-university-rankings/erasmus-university-rotterdam,Burgemeester Oudlaan 50,Rotterdam,South Holland,3062 PA,Netherlands
=108,108,Ohio State University (Main campus),United States,65.4,57.4,51.7,85.7,85.4,58.4,https://www.timeshighereducation.com/world-university-rankings/ohio-state-university-main-campus,281 West Lane Avenue Building Room 604,Columbus,Ohio,43210,United States
=108,108,Penn State (Main campus),United States,65.4,54.8,61.9,80.4,70.8,57.8,https://www.timeshighereducation.com/world-university-rankings/penn-state-main-campus,201 Old Main University Park,DUBOIS,Pennsylvania,16802,United States
=108,108,University of Bern,Switzerland,65.4,46.6,47.0,92.0,99.4,86.3,https://www.timeshighereducation.com/world-university-rankings/university-bern,Hochschulstrasse 4,Bern,Bern,3012,Switzerland
=108,108,University of Sheffield,United Kingdom,65.4,49.7,49.1,88.3,79.4,90.4,https://www.timeshighereducation.com/world-university-rankings/university-sheffield,Western Bank,Sheffield,South Yorkshire,S10 2TN,United Kingdom
112,112,University of Massachusetts,United States,65.3,55.0,46.6,87.9,88.6,75.0,https://www.timeshighereducation.com/world-university-rankings/university-massachusetts,"['One Beacon Street', '31st Floor']",Boston,Massachusetts,02108,United States
=113,113,Free University of Berlin,Germany,65.2,50.2,58.3,82.2,72.4,79.5,https://www.timeshighereducation.com/world-university-rankings/free-university-berlin,Kaiserswerther Street 16-18,Berlin,Berlin,14195,Germany
=113,113,University of Oslo,Norway,65.2,47.8,52.5,90.3,75.2,76.5,https://www.timeshighereducation.com/world-university-rankings/university-oslo,P.O. Box 1072 Blindern,Oslo,,0316,Norway
115,115,Ghent University,Belgium,65.1,48.8,58.6,82.7,99.9,65.9,https://www.timeshighereducation.com/world-university-rankings/ghent-university,Sint Pietersnieuwstraat 33,Ghent,East Flanders,9000,Belgium
=116,116,McMaster University,Canada,65.0,42.2,49.3,93.1,100.0,84.6,https://www.timeshighereducation.com/world-university-rankings/mcmaster-university,1280 Main Street West,Hamilton,,L8S 4L8,Canada
=116,116,"University of Maryland, College Park",United States,65.0,50.4,58.3,89.1,69.5,48.9,https://www.timeshighereducation.com/world-university-rankings/university-maryland-college-park,College Park,College Park,Maryland,20742,United States
118,118,University of Leeds,United Kingdom,64.9,48.3,50.3,87.2,71.6,93.6,https://www.timeshighereducation.com/world-university-rankings/university-leeds,Woodhouse Lane,Leeds,West Yorkshire,LS2 9JT,United Kingdom
119,119,University of Alberta,Canada,64.6,49.1,55.4,78.1,100.0,88.4,https://www.timeshighereducation.com/world-university-rankings/university-alberta,116 Street and 85 Avenue,Edmonton,Alberta,T6G 2R3,Canada
120,120,University of Basel,Switzerland,64.5,50.2,42.8,87.5,99.8,94.2,https://www.timeshighereducation.com/world-university-rankings/university-basel,"['Petersplatz 1', 'PO Box 4001']",Basel,Swiss Canton of Basel Stadt,,Switzerland
121,121,Technical University of Denmark,Denmark,64.4,51.2,46.5,82.6,99.9,93.0,https://www.timeshighereducation.com/world-university-rankings/technical-university-denmark,Anker Engelunds Vej 101 Building 101A Kongens,Kongens Lyngby,Region Hovedstaden,2800,Denmark
=122,122,University of Göttingen,Germany,64.1,49.4,52.7,87.2,71.0,70.1,https://www.timeshighereducation.com/world-university-rankings/university-gottingen,Wilhelmsplatz 1 Aula,Gottingen,Lower Saxony,37073,Germany
=122,122,University of Warwick,United Kingdom,64.1,48.1,49.3,85.6,69.4,95.6,https://www.timeshighereducation.com/world-university-rankings/university-warwick,University Road,Coventry,Coventry,CV4 7AL,United Kingdom
=122,122,Wuhan University,China,64.1,54.0,48.4,90.1,99.7,41.6,https://www.timeshighereducation.com/world-university-rankings/wuhan-university,Luojiashan Road Wuchang District,Wuhan,Hubei,430072,China
=125,125,University of Hamburg,Germany,63.7,45.7,52.8,87.1,99.8,63.6,https://www.timeshighereducation.com/world-university-rankings/university-hamburg,Mittelweg 177,,Hamburg,20148,Germany
=125,125,University of Lausanne,Switzerland,63.7,44.3,46.1,89.0,99.4,88.4,https://www.timeshighereducation.com/world-university-rankings/university-lausanne,Unicentre Unil Centre,Lausanne,Vaud,CH 1015,Switzerland
127,127,University of Rochester,United States,63.6,51.8,44.5,86.3,92.0,78.1,https://www.timeshighereducation.com/world-university-rankings/university-rochester,500 Joseph C Wilson Boulevard,Rochester,New York,14627,United States
128,128,Uppsala University,Sweden,63.5,47.4,54.9,81.3,95.0,71.5,https://www.timeshighereducation.com/world-university-rankings/uppsala-university,Olofsgatan Road P.O. Box 256,Uppsala,Uppland Province,SE-751 05,Sweden
129,129,University of Southampton,United Kingdom,63.4,44.6,45.4,89.6,73.1,96.1,https://www.timeshighereducation.com/world-university-rankings/university-southampton,"['University Road', 'Highfield']",Southampton,Hampshire,SO17 1BJ,United Kingdom
130,130,University of Bologna,Italy,63.3,54.2,50.1,83.3,82.5,59.7,https://www.timeshighereducation.com/world-university-rankings/university-bologna,Via Zamboni 33,Bologna,Emilia Romagna region,40126,Italy
=131,131,Harbin Institute of Technology,China,63.2,57.2,57.7,77.2,100.0,32.5,https://www.timeshighereducation.com/world-university-rankings/harbin-institute-technology,92 West Dazhi Street Nangang District,Harbin,Heilongjiang,150001,China
=131,131,Maastricht University,Netherlands,63.2,41.4,46.1,88.3,98.3,96.7,https://www.timeshighereducation.com/world-university-rankings/maastricht-university,Postbus 616,Maastricht,Limburg Province,6200 MD,Netherlands
133,133,Adelaide University,Australia,63,38.3,48.9,89.5,99.7,89.8,https://www.timeshighereducation.com/world-university-rankings/adelaide-university,Adelaide,Adelaide,South Australia,5005,Australia
133,133,Lomonosov Moscow State University,Russian Federation,63.0,80.9,69.7,32.9,93.4,71.6,https://www.timeshighereducation.com/world-university-rankings/lomonosov-moscow-state-university,"['1', 'Lomonosov']",Leninskie Gory,Moscow,119991,Russian Federation
=134,134,Beijing Normal University,China,62.9,59.6,49.3,80.9,89.1,42.4,https://www.timeshighereducation.com/world-university-rankings/beijing-normal-university,No. 19 Xinjiekouwai Street,Haidian District,Beijing,100875,China
=134,134,Queen Mary University of London,United Kingdom,62.9,38.7,42.6,95.7,76.5,97.5,https://www.timeshighereducation.com/world-university-rankings/queen-mary-university-london,27 Mile End Road Bethnal Green,London,Tower Hamlets,E1 4NS,United Kingdom
=134,134,University of Florida,United States,62.9,55.3,56.7,76.2,90.9,48.9,https://www.timeshighereducation.com/world-university-rankings/university-florida,Gainesville,Gainesville,Florida,32611,United States
137,137,Scuola Normale Superiore di Pisa,Italy,62.8,58.6,46.9,86.4,37.7,59.3,https://www.timeshighereducation.com/world-university-rankings/scuola-normale-superiore-di-pisa,Piazza dei Cavalieri 7,,Pisa,56126,Italy
=138,138,University of Arizona,United States,62.6,48.3,52.5,86.1,80.6,53.7,https://www.timeshighereducation.com/world-university-rankings/university-arizona,Tucson,Tucson,Arizona,85721,United States
=138,138,University of Freiburg,Germany,62.6,46.7,47.4,84.5,99.7,77.1,https://www.timeshighereducation.com/world-university-rankings/university-freiburg,Friedrichstrasse 39 PO Box 79085,Freiburg,Baden Wurttemberg,79098,Germany
140,140,National Taiwan University (NTU),Taiwan,62.5,59.4,54.9,68.6,100.0,59.2,https://www.timeshighereducation.com/world-university-rankings/national-taiwan-university-ntu,"['No 1 Section 4', 'Roosevelt Road Daan District']",Taipei City,Taipei,10617,Taiwan
=141,141,Pohang University of Science and Technology (POSTECH),South Korea,62.3,58.3,49.5,79.2,100.0,39.9,https://www.timeshighereducation.com/world-university-rankings/pohang-university-science-and-technology-postech,77 Cheongamro Namgu,Pohang,Gyeongsangbuk,37673,South Korea
=141,141,Tongji University,China,62.3,53.2,53.6,74.3,99.9,63.5,https://www.timeshighereducation.com/world-university-rankings/tongji-university,1239 Siping Road,Shanghai,Shanghai,,China
143,143,University of Liverpool,United Kingdom,62.2,43.5,42.0,91.2,68.0,95.0,https://www.timeshighereducation.com/world-university-rankings/university-liverpool,Foundation Building Brownlow Hill,Liverpool,,L69 7ZX,United Kingdom
144,144,Newcastle University,United Kingdom,62.1,39.8,43.2,93.0,80.0,89.5,https://www.timeshighereducation.com/world-university-rankings/newcastle-university,Armstrong Building,Newcastle upon Tyne,Tyne and Wear,NE1 7RU,United Kingdom
=145,145,Case Western Reserve University,United States,62.0,51.8,42.2,88.7,74.9,64.6,https://www.timeshighereducation.com/world-university-rankings/case-western-reserve-university,10900 Euclid Avenue,Cleveland,Ohio,44106,United States
=145,145,University of Barcelona,Spain,62.0,44.0,47.8,88.5,92.4,64.6,https://www.timeshighereducation.com/world-university-rankings/university-barcelona,"['\u200b\u200b\u200b\u200bGran Via de les Corts Catalanes', '585']",Barcelona,B,08007,Spain
=145,145,University of Macau,Macao,62.0,40.2,40.9,92.9,87.0,92.5,https://www.timeshighereducation.com/world-university-rankings/university-macau,Avenida da Universidade,Taipa,Taipa,,Macao
=145,145,University of Nottingham,United Kingdom,62.0,45.8,43.3,87.3,72.1,91.8,https://www.timeshighereducation.com/world-university-rankings/university-nottingham,University Park,Nottingham,Nottinghamshire,NG7 2RD,United Kingdom
=145,145,University of Technology Sydney,Australia,62.0,36.8,42.6,94.1,88.7,92.9,https://www.timeshighereducation.com/world-university-rankings/university-technology-sydney,15 Broadway Ultimo,Sydney,New South Wales,2007,Australia
150,150,Université de Montréal,Canada,61.9,41.4,50.5,83.1,95.5,84.1,https://www.timeshighereducation.com/world-university-rankings/universite-de-montreal,2900 Boulevard Edouard Montpetit,Montreal,Quebec,H3T 1J4,Canada
=151,151,Texas A&M University,United States,61.8,52.5,57.2,73.4,73.5,63.2,https://www.timeshighereducation.com/world-university-rankings/texas-am-university,401 Joe Routt Boulevard Rudder Tower,College Station,Texas,77843-1372,United States
=151,151,The University of Osaka,Japan,61.8,65.9,64.9,53.3,100.0,47.9,https://www.timeshighereducation.com/world-university-rankings/university-osaka,1-1 Yamadaoka,Suita,27,565-0871,Japan
153,153,The University of Western Australia,Australia,61.7,38.7,45.1,87.6,98.4,93.4,https://www.timeshighereducation.com/world-university-rankings/university-western-australia,35 Stirling Highway,Perth,Western Australia,6009,Australia
=154,154,Radboud University Nijmegen,Netherlands,61.5,38.5,49.7,89.3,82.1,75.9,https://www.timeshighereducation.com/world-university-rankings/radboud-university-nijmegen,Houtlaan 4,Nijmegen,Gelderlandand,6525 XZ,Netherlands
=154,154,University of York,United Kingdom,61.5,44.1,43.9,87.5,67.6,90.6,https://www.timeshighereducation.com/world-university-rankings/university-york,Heslington,York,North Yorkshire,YO10 5DD,United Kingdom
=156,156,Korea University,South Korea,61.4,52.4,51.3,73.3,99.9,67.8,https://www.timeshighereducation.com/world-university-rankings/korea-university,145 Anam-ro,Seongbuk-gu,11,02841,South Korea
=156,156,University of Auckland,New Zealand,61.4,40.4,46.8,85.7,92.2,87.2,https://www.timeshighereducation.com/world-university-rankings/university-auckland,Private Bag 92019,Auckland,Auckland,1142,New Zealand
=156,156,University of Pittsburgh-Pittsburgh campus,United States,61.4,49.2,43.3,92.0,76.8,49.4,https://www.timeshighereducation.com/world-university-rankings/university-pittsburgh-pittsburgh-campus,4200 Fifth Avenue,Pittsburgh,Pennsylvania,15260,United States
159,159,University of Colorado Boulder,United States,61.3,47.5,51.6,84.1,77.3,53.6,https://www.timeshighereducation.com/world-university-rankings/university-colorado-boulder,Boulder,Boulder,Colorado,80309,United States
=160,160,Southern University of Science and Technology (SUSTech),China,61.0,39.6,44.2,93.9,88.5,63.3,https://www.timeshighereducation.com/world-university-rankings/southern-university-science-and-technology-sustech,"['No 1088', 'Xueyuan Road Nanshan District']",Shenzhen,Guangdong,518055,China
=160,160,Technical University of Berlin,Germany,61.0,45.2,52.8,77.8,95.2,70.3,https://www.timeshighereducation.com/world-university-rankings/technical-university-berlin,Strasse des 17. Juni 135,Berlin,Brandenburg,10623,Germany
=162,162,University of St Andrews,United Kingdom,60.9,50.6,43.3,78.2,71.9,94.4,https://www.timeshighereducation.com/world-university-rankings/university-st-andrews,College Gate,St. Andrews,Fife,KY16 9AJ,United Kingdom
=162,162,University of Waterloo,Canada,60.9,42.7,47.6,83.4,77.0,85.5,https://www.timeshighereducation.com/world-university-rankings/university-waterloo,200 University Avenue West,Waterloo,Ontario,N2L 3G1,Canada
=164,164,University of Cape Town,South Africa,60.8,39.4,46.7,87.8,84.8,77.9,https://www.timeshighereducation.com/world-university-rankings/university-cape-town,Private Bag X3 Rondebosch,Cape Town,Western Cape,7701,South Africa
=164,164,University of Cologne,Germany,60.8,44.5,46.5,83.9,94.2,70.2,https://www.timeshighereducation.com/world-university-rankings/university-cologne,Albertus Magnus Platz Building No 100,Cologne,North Rhine Westphalia,D-50923,Germany
166,166,Institute of Science Tokyo,Japan,60.7,66.9,60.5,52.7,92.1,52.2,https://www.timeshighereducation.com/world-university-rankings/institute-science-tokyo,2-12-1 Ookayama,Meguro-ku,13,152-8550,Japan
=166,166,Karlsruhe Institute of Technology,Germany,60.7,49.3,54.9,69.3,100.0,73.1,https://www.timeshighereducation.com/world-university-rankings/karlsruhe-institute-technology,Kaiserstrasse 12,Karlsruhe,Baden Wurttemberg,76131,Germany
=166,166,Macquarie University,Australia,60.7,35.9,42.5,90.9,97.2,88.5,https://www.timeshighereducation.com/world-university-rankings/macquarie-university,"['Balaclava Road', 'Macquarie Park']",Sydney,New South Wales,2109,Australia
=166,166,University of Geneva,Switzerland,60.7,43.8,40.0,85.2,85.7,96.1,https://www.timeshighereducation.com/world-university-rankings/university-geneva,24 rue du General Dufour,Geneve,Canton of Geneva,1211,Switzerland
=166,166,University of Virginia (Main campus),United States,60.7,51.1,41.7,86.6,79.0,58.3,https://www.timeshighereducation.com/world-university-rankings/university-virginia-main-campus,400 Ray C Hunt Drive PO Box 400229,Charlottesville,Virginia,22904-4229,United States
=170,170,Sapienza University of Rome,Italy,60.6,55.9,53.5,73.4,85.2,42.9,https://www.timeshighereducation.com/world-university-rankings/sapienza-university-rome,Piazzale Aldo Moro 5,,Rome,00185,Italy
=170,170,University of Antwerp,Belgium,60.6,38.9,44.3,89.6,98.5,73.4,https://www.timeshighereducation.com/world-university-rankings/university-antwerp,13 Prinsstraat,Antwerpen,Flanders Region,2000,Belgium
=170,170,University of Exeter,United Kingdom,60.6,36.6,42.1,94.0,59.1,93.4,https://www.timeshighereducation.com/world-university-rankings/university-exeter,Stocker Road,Exeter,Devon,EX4 4PY,United Kingdom
173,173,Trinity College Dublin,Ireland,60.5,42.8,44.9,83.2,76.2,91.2,https://www.timeshighereducation.com/world-university-rankings/trinity-college-dublin,College Green,Dublin,Leinster,D02 PN40,Ireland
174,174,TU Dresden,Germany,60.4,47.1,50.0,77.0,99.9,66.1,https://www.timeshighereducation.com/world-university-rankings/tu-dresden,Mommsenstr. 6 Fritz Foerster Bau,Dresden,Saxony,01069,Germany
175,175,Durham University,United Kingdom,60.3,45.2,44.9,81.0,62.8,94.6,https://www.timeshighereducation.com/world-university-rankings/durham-university,Stockton Road The Palatine Center,Durham,Durham,DH1 3LE,United Kingdom
=176,176,Huazhong University of Science and Technology,China,60.2,46.6,48.4,87.1,99.9,30.9,https://www.timeshighereducation.com/world-university-rankings/huazhong-university-science-and-technology,1037 Luoyu Road Hongshan District,Wuhan City,Hubei Province,430074,China
=176,176,Vrije Universiteit Amsterdam,Netherlands,60.2,37.7,41.8,91.8,77.5,84.3,https://www.timeshighereducation.com/world-university-rankings/vrije-universiteit-amsterdam,De Boelelaan 1105,Amsterdam,Amsterdam,1081 HV,Netherlands
179,179,University of Würzburg,Germany,60.1,39.6,43.5,91.2,99.8,59.9,https://www.timeshighereducation.com/world-university-rankings/university-wurzburg,Sanderring 2,Wurzburg,Bavaria,97070,Germany
180,180,Dartmouth College,United States,60.0,56.3,38.5,81.8,72.8,63.8,https://www.timeshighereducation.com/world-university-rankings/dartmouth-college,Hanover,Hanover,New Hampshire,03755,United States
=181,181,Medical University of Vienna,Austria,59.9,36.3,36.8,94.2,99.9,83.2,https://www.timeshighereducation.com/world-university-rankings/medical-university-vienna,Spitalgasse 23,Vienna,Vienna,1090,Austria
=181,181,"University of California, Santa Cruz",United States,59.9,38.3,41.7,93.2,75.7,73.5,https://www.timeshighereducation.com/world-university-rankings/university-california-santa-cruz,1156 High Street,Santa Cruz,California,95064,United States
183,183,Universitat Autònoma de Barcelona (UAB),Spain,59.8,44.9,44.8,84.6,73.3,69.5,https://www.timeshighereducation.com/world-university-rankings/universitat-autonoma-de-barcelona-uab,"['Placa Civica', 'Bellaterra Cerdanyola del Valles']",Barcelona,B,08193,Spain
=184,184,King Fahd University of Petroleum and Minerals,Saudi Arabia,59.7,36.3,43.2,85.7,94.4,92.9,https://www.timeshighereducation.com/world-university-rankings/king-fahd-university-petroleum-and-minerals,Academic Belt Road,Dhahran,Eastern Province,31261,Saudi Arabia
=184,184,Lancaster University,United Kingdom,59.7,40.9,40.8,86.7,67.2,95.1,https://www.timeshighereducation.com/world-university-rankings/lancaster-university,Bailrigg,Lancaster,Lancashire,LA1 4YW,United Kingdom
=184,184,Université Catholique de Louvain,Belgium,59.7,40.0,47.7,80.7,95.2,80.3,https://www.timeshighereducation.com/world-university-rankings/universite-catholique-de-louvain,1 Place de l'Universite,Louvain la Neuve,Wallonia,1348,Belgium
=187,187,Pompeu Fabra University,Spain,59.5,36.6,45.3,87.5,81.6,80.1,https://www.timeshighereducation.com/world-university-rankings/pompeu-fabra-university,"['Carrer de la Merce', '12 Edifici de la Merce']",Barcelona,B,08002,Spain
=187,187,University of Ottawa,Canada,59.5,38.2,44.5,85.4,81.7,86.2,https://www.timeshighereducation.com/world-university-rankings/university-ottawa,550 Cumberland Street,Ottawa,Ontario,K1N 6N5,Canada
189,189,Tufts University,United States,59.4,51.3,34.7,88.2,76.6,61.9,https://www.timeshighereducation.com/world-university-rankings/tufts-university,419 Boston Avenue Dowling Hall Garage,Medford,Massachusetts,02155-5555,United States
=190,190,Université Paris Cité,France,59.3,44.4,38.0,89.9,68.0,73.1,https://www.timeshighereducation.com/world-university-rankings/universite-paris-cite,85 Boulevard Saint Germain Cedex 06,Paris,Ile de France,75006,France
=190,190,University of Twente,Netherlands,59.3,45.7,45.0,73.0,98.9,92.4,https://www.timeshighereducation.com/world-university-rankings/university-twente,PO Box 217,Enschede,Overijssel Province,7500 AE,Netherlands
=192,192,Eindhoven University of Technology,Netherlands,59.2,47.7,49.5,67.0,100.0,88.6,https://www.timeshighereducation.com/world-university-rankings/eindhoven-university-technology,Postbus 513,Eindhoven,North Brabant,5600 MB,Netherlands
=192,192,University of Leicester,United Kingdom,59.2,35.4,34.9,95.9,69.0,94.8,https://www.timeshighereducation.com/world-university-rankings/university-leicester,University Road,Leicester,Leicestershire,LE1 7RH,United Kingdom
194,194,University of Notre Dame,United States,59.1,52.8,45.8,73.5,72.5,69.9,https://www.timeshighereducation.com/world-university-rankings/university-notre-dame,400 Main Building,Notre Dame,Indiana,46556,United States
=195,195,Aalto University,Finland,59.0,44.3,43.4,78.9,91.0,80.7,https://www.timeshighereducation.com/world-university-rankings/aalto-university,PO Box 11000,Espoo,Uusimaa,00076,Finland
=195,195,The Education University of Hong Kong,Hong Kong,59.0,35.8,38.9,91.6,74.4,89.5,https://www.timeshighereducation.com/world-university-rankings/education-university-hong-kong,10 Lo Ping Road,Tai Po,New Territories,,Hong Kong
=195,195,University of Münster,Germany,59.0,43.9,47.2,83.2,82.1,54.4,https://www.timeshighereducation.com/world-university-rankings/university-munster,Schlossplatz 2,Munster,North Rhine-Westphalia,48149,Germany
=198,198,Indiana University,United States,58.8,47.1,36.9,87.3,85.3,62.4,https://www.timeshighereducation.com/world-university-rankings/indiana-university,107 South Indiana Avenue,Bloomington,Indiana,47405-7000,United States
=198,198,Queen’s University Belfast,United Kingdom,58.8,34.7,38.4,90.8,70.0,98.3,https://www.timeshighereducation.com/world-university-rankings/queens-university-belfast,University Road,Belfast,Northern Ireland,BT7 1NN,United Kingdom
200,200,University of Calgary,Canada,58.7,37.8,43.1,83.6,91.4,83.3,https://www.timeshighereducation.com/world-university-rankings/university-calgary,2500 University Drive. NW,Calgary,Alberta,T2N 1N4,Canada
201–250,201,Abu Dhabi University,United Arab Emirates,58.6,38.0,33.9,92.0,29.5,98.0,https://www.timeshighereducation.com/world-university-rankings/abu-dhabi-university,Zayed City,Abu Dhabi,Emirate of Abu Dhabi,,United Arab Emirates
201–250,201,Arizona State University (Tempe),United States,58.6,39.6,44.5,84.1,70.7,70.6,https://www.timeshighereducation.com/world-university-rankings/arizona-state-university-tempe,1151 South Forest Avenue,Tempe,Arizona,85287,United States
201–250,201,Beijing Institute of Technology,China,58.6,46.5,44.3,76.6,99.6,45.2,https://www.timeshighereducation.com/world-university-rankings/beijing-institute-technology,5 South Zhongguancun Street,Haidian District,Beijing,100081,China
201–250,201,Cardiff University,United Kingdom,58.6,35.9,39.1,86.0,70.3,88.4,https://www.timeshighereducation.com/world-university-rankings/cardiff-university,"['Park Place', 'Main Building']",Cardiff,Wales,CF10 3AT,United Kingdom
201–250,201,Chalmers University of Technology,Sweden,58.6,42.6,45.9,71.2,97.1,76.7,https://www.timeshighereducation.com/world-university-rankings/chalmers-university-technology,Maskingrand 2,Goteborg,Vastra Gotaland,412 58,Sweden
201–250,201,Deakin University,Australia,58.6,31.6,38.4,91.7,86.3,87.7,https://www.timeshighereducation.com/world-university-rankings/deakin-university,1 Gheringhap Street,Geelong,Victoria,VIC 3220,Australia
201–250,201,Friedrich Schiller University Jena,Germany,58.6,44.0,42.5,83.5,88.7,62.0,https://www.timeshighereducation.com/world-university-rankings/friedrich-schiller-university-jena,Furstengraben 1,Jena,Thuringia,07743,Germany
201–250,201,Georgetown University,United States,58.6,52.2,35.3,82.1,93.0,53.5,https://www.timeshighereducation.com/world-university-rankings/georgetown-university,3700 O Streets North West,Washington,District of Columbia,20057,United States
201–250,201,George Washington University,United States,58.6,48.5,34.3,84.4,67.8,67.5,https://www.timeshighereducation.com/world-university-rankings/george-washington-university,"['1918 F Street', 'North West']",Washington,District of Columbia,20052,United States
201–250,201,Goethe University Frankfurt,Germany,58.6,42.2,41.9,82.1,81.4,68.9,https://www.timeshighereducation.com/world-university-rankings/goethe-university-frankfurt,Theodor W Adorno Platz 1,Frankfurt,Hesse,60323,Germany
201–250,201,Hong Kong Baptist University,Hong Kong,58.6,34.6,41.0,84.5,79.5,97.4,https://www.timeshighereducation.com/world-university-rankings/hong-kong-baptist-university,Kowloon Tong,Kowloon,Kowloon,,Hong Kong
201–250,201,Indian Institute of Science,India,58.6,61.8,56.9,51.2,98.0,31.4,https://www.timeshighereducation.com/world-university-rankings/indian-institute-science,Bangalore,Bangalore,KA,560012,India
201–250,201,Khalifa University,United Arab Emirates,58.6,37.6,28.0,88.5,92.3,94.8,https://www.timeshighereducation.com/world-university-rankings/khalifa-university,PO Box 127788,Abu Dhabi,AZ,,United Arab Emirates
201–250,201,Linköping University,Sweden,58.6,31.1,40.4,89.1,96.8,70.3,https://www.timeshighereducation.com/world-university-rankings/linkoping-university,Linkoping,Linkoping,Linkoping,SE-581 83,Sweden
201–250,201,Medical University of Graz,Austria,58.6,29.7,35.1,92.0,97.9,81.3,https://www.timeshighereducation.com/world-university-rankings/medical-university-graz,Neue Stiftingtalstrasse 6,Graz,Styria Province,8010,Austria
201–250,201,Medical University of Innsbruck,Austria,58.6,33.8,30.1,90.9,99.4,88.3,https://www.timeshighereducation.com/world-university-rankings/medical-university-innsbruck,Fritz Pregl Street 3 Christoph Probst Square 1,Innsbruck,Tyrol,6020,Austria
201–250,201,Nagoya University,Japan,58.6,58.1,56.1,57.0,99.8,43.8,https://www.timeshighereducation.com/world-university-rankings/nagoya-university,"['Furo-cho', 'Chikusa-ku']",Nagoya,23,464-8601,Japan
201–250,201,"Northeastern University, US",United States,58.6,38.4,32.4,90.5,69.2,79.6,https://www.timeshighereducation.com/world-university-rankings/northeastern-university-us,360 Huntington Avenue,Boston,Massachusetts,02115,United States
201–250,201,Politecnico di Milano,Italy,58.6,46.2,51.9,67.8,98.0,65.5,https://www.timeshighereducation.com/world-university-rankings/politecnico-di-milano,Piazza Leonardo da Vinci 32,,Milano,20133,Italy
201–250,201,Qatar University,Qatar,58.6,32.4,38.1,89.1,79.1,94.5,https://www.timeshighereducation.com/world-university-rankings/qatar-university,PO Box 2713,Ad Dawhah,Doha,2713,Qatar
201–250,201,Queensland University of Technology,Australia,58.6,33.0,40.4,89.6,88.1,81.9,https://www.timeshighereducation.com/world-university-rankings/queensland-university-technology,2 George Street,Brisbane,,4000,Australia
201–250,201,Sant’Anna School of Advanced Studies – Pisa,Italy,58.6,50.2,38.3,77.5,93.7,56.8,https://www.timeshighereducation.com/world-university-rankings/santanna-school-advanced-studies-pisa,['Piazza Martiri della Libertà'],,Pisa,56127,Italy
201–250,201,Sichuan University,China,58.6,46.5,48.1,74.7,99.6,42.5,https://www.timeshighereducation.com/world-university-rankings/sichuan-university,No. 24 South Section 1 Yihuan Road,Chengdu,Sichuan,610065,China
201–250,201,Stockholm University,Sweden,58.6,33.5,48.4,87.2,66.1,76.5,https://www.timeshighereducation.com/world-university-rankings/stockholm-university,Universitetsvagen 10 A,Stockholm,Stockholm County,106 91,Sweden
201–250,201,Sun Yat-sen University,China,58.6,47.2,40.6,84.0,97.6,34.1,https://www.timeshighereducation.com/world-university-rankings/sun-yat-sen-university,"['No 135', 'Xingang West Road']",Guangzhou,Guangdong Province,510275,China
201–250,201,Tel Aviv University,Israel,58.6,41.8,50.1,79.9,75.0,53.4,https://www.timeshighereducation.com/world-university-rankings/tel-aviv-university,PO Box 39040,Tel Aviv,Tel Aviv,6997801,Israel
201–250,201,Tianjin University,China,58.6,49.2,47.0,73.2,99.8,52.8,https://www.timeshighereducation.com/world-university-rankings/tianjin-university,No 92 Weijin Road Nankai District,Tianjin,Tianjin,300072,China
201–250,201,Ulsan National Institute of Science and Technology (UNIST),South Korea,58.6,47.4,39.5,81.3,98.1,39.5,https://www.timeshighereducation.com/world-university-rankings/ulsan-national-institute-science-and-technology-unist,"['50', 'UNIST-gil']",Ulsan,Ulju-gun,44919,South Korea
201–250,201,United Arab Emirates University,United Arab Emirates,58.6,28.7,38.1,91.8,86.5,87.3,https://www.timeshighereducation.com/world-university-rankings/united-arab-emirates-university,Abu Dhabi Al Ain Road Al Muwaiji,Al Ain,Emirate of Abu Dhabi,,United Arab Emirates
201–250,201,Université Libre de Bruxelles,Belgium,58.6,36.7,44.8,81.3,68.3,86.9,https://www.timeshighereducation.com/world-university-rankings/universite-libre-de-bruxelles,50 Avenue Franklin Roosevelt,Brussels,Brussels,1050,Belgium
201–250,201,Universiti Teknologi Petronas,Malaysia,58.6,41.6,40.3,82.4,94.5,78.9,https://www.timeshighereducation.com/world-university-rankings/universiti-teknologi-petronas,Persiaran UTP,Perak Darul Ridzuan,Seri Iskandar,32610,Malaysia
201–250,201,University College Dublin,Ireland,58.6,35.5,41.7,84.0,74.9,89.4,https://www.timeshighereducation.com/world-university-rankings/university-college-dublin,Belfield,Dublin,Leinster,D04 V1W8,Ireland
201–250,201,University of Aberdeen,United Kingdom,58.6,38.0,34.8,82.3,79.6,96.4,https://www.timeshighereducation.com/world-university-rankings/university-aberdeen,Kings College,Aberdeen,Aberdeenshire,AB24 3FX,United Kingdom
201–250,201,University of Erlangen-Nuremberg,Germany,58.6,41.7,46.5,78.6,100.0,64.2,https://www.timeshighereducation.com/world-university-rankings/university-erlangen-nuremberg,1 Freyeslebenstrasse,Erlangen,Bavaria,91058,Germany
201–250,201,University of Gothenburg,Sweden,58.6,34.8,43.2,91.1,78.8,62.7,https://www.timeshighereducation.com/world-university-rankings/university-gothenburg,PO Box 100 SE-405 30,Gothenburg,Vastra Gotaland County,,Sweden
201–250,201,University of Illinois Chicago,United States,58.6,50.1,35.2,80.1,76.1,57.5,https://www.timeshighereducation.com/world-university-rankings/university-illinois-chicago,1200 West Harrison Street,Chicago,Illinois,60607,United States
201–250,201,University of Malaya,Malaysia,58.6,47.8,38.8,72.8,65.2,91.4,https://www.timeshighereducation.com/world-university-rankings/university-malaya,Jalan Universiti,Kuala Lumpur,14,50603,Malaysia
201–250,201,University of Mannheim,Germany,58.6,37.0,44.5,85.5,88.2,71.1,https://www.timeshighereducation.com/world-university-rankings/university-mannheim,Schloss,Mannheim,Baden Wurttemberg,68131,Germany
201–250,201,University of Miami,United States,58.6,47.3,35.5,83.8,83.3,61.6,https://www.timeshighereducation.com/world-university-rankings/university-miami,Coral Gables,Coral Gables,Florida,33124,United States
201–250,201,University of Padua,Italy,58.6,46.4,41.0,80.0,78.9,53.2,https://www.timeshighereducation.com/world-university-rankings/university-padua,"['Via 8 Febbraio', '2']",Padua,Veneto,35122,Italy
201–250,201,University of Potsdam,Germany,58.6,37.9,44.3,81.7,92.4,66.4,https://www.timeshighereducation.com/world-university-rankings/university-potsdam,Am Neuen Palais 10,Potsdam,Brandenburg,14469,Germany
201–250,201,University of Reading,United Kingdom,58.6,41.7,38.1,85.2,66.9,94.2,https://www.timeshighereducation.com/world-university-rankings/university-reading,Whiteknights House Whiteknights,Reading,Berkshire,RG6 6AH,United Kingdom
201–250,201,University of São Paulo,Brazil,58.6,61.6,55.6,53.9,96.6,43.4,https://www.timeshighereducation.com/world-university-rankings/university-sao-paulo,"['374', 'Rua da Reitoria Cidade Universitaria']",Sao Paulo,Sao Paulo,05508-220,Brazil
201–250,201,University of Surrey,United Kingdom,58.6,36.3,34.4,89.5,71.6,96.0,https://www.timeshighereducation.com/world-university-rankings/university-surrey,Stag Hill,Guildford,Surrey,GU2 7XH,United Kingdom
201–250,201,University of Sussex,United Kingdom,58.6,34.3,36.0,88.9,64.8,94.8,https://www.timeshighereducation.com/world-university-rankings/university-sussex,Falmer Sussex House,Brighton,East Sussex,BN1 9RH,United Kingdom
201–250,201,University of Utah,United States,58.6,43.4,39.2,86.5,91.4,41.7,https://www.timeshighereducation.com/world-university-rankings/university-utah,201 Presidents Circle,Salt Lake City,Utah,84112-9017,United States
201–250,201,University of Wollongong,Australia,58.6,34.3,36.6,85.4,89.8,93.4,https://www.timeshighereducation.com/world-university-rankings/university-wollongong,Northfields Avenue,Wollongong,New South Wales,2522,Australia
201–250,201,Vrije Universiteit Brussel,Belgium,58.6,37.8,42.5,80.4,93.6,76.6,https://www.timeshighereducation.com/world-university-rankings/vrije-universiteit-brussel,Pleinlaan 2,Elsene,Brussels,1050,Belgium
201–250,201,Western University,Canada,58.6,39.9,42.6,77.5,99.8,86.9,https://www.timeshighereducation.com/world-university-rankings/western-university,1151 Richmond Street,London,Ontario,N6A 3K7,Canada
201–250,201,Xi’an Jiaotong University,China,58.6,45.1,49.4,75.9,100.0,38.2,https://www.timeshighereducation.com/world-university-rankings/xian-jiaotong-university,No.28 Xianning West Road,,Shaanxi,710049,China
251–300,251,Aalborg University,Denmark,56.3,33.6,44.9,80.6,88.0,72.4,https://www.timeshighereducation.com/world-university-rankings/aalborg-university,Fredrik Bajers Vej 7K Aalborg East,Aalborg,North Jutland Region,9220,Denmark
251–300,251,Beihang University,China,56.3,47.8,46.5,73.8,100.0,34.7,https://www.timeshighereducation.com/world-university-rankings/beihang-university,XueYuan Road No. 37 Haidian District,Beijing,Beijing,,China
251–300,251,Boston College,United States,56.3,45.8,33.1,84.0,60.0,59.4,https://www.timeshighereducation.com/world-university-rankings/boston-college,140 Commonwealth Avenue,Chestnut Hill,Massachusetts,02467,United States
251–300,251,Central European University,Austria,56.3,50.0,34.4,76.3,28.3,92.6,https://www.timeshighereducation.com/world-university-rankings/central-european-university,Quellenstrasse 51,Vienna,,1100,Austria
251–300,251,Central South University,China,56.3,39.1,42.6,80.3,99.7,31.4,https://www.timeshighereducation.com/world-university-rankings/central-south-university,932 South Lushan Rd Changsha,,Hunan,410083,China
251–300,251,Curtin University,Australia,56.3,28.5,34.2,87.5,80.4,95.1,https://www.timeshighereducation.com/world-university-rankings/curtin-university,Kent Street Bentley,Perth,Western Australia,6102,Australia
251–300,251,East China Normal University,China,56.3,43.1,36.5,79.5,90.6,55.3,https://www.timeshighereducation.com/world-university-rankings/east-china-normal-university,3663 Zhongshan North Road,Shanghai,Shanghai,200062,China
251–300,251,Griffith University,Australia,56.3,30.5,37.3,83.7,80.8,87.2,https://www.timeshighereducation.com/world-university-rankings/griffith-university,170 Kessels Rd,Nathan,Queensland,4111,Australia
251–300,251,Hanyang University,South Korea,56.3,45.9,41.5,65.5,99.6,69.2,https://www.timeshighereducation.com/world-university-rankings/hanyang-university,"['222 Wangsimni-ro', 'Seongdong-gu']",Seoul,11,04763,South Korea
251–300,251,Hebrew University of Jerusalem,Israel,56.3,48.1,47.2,72.6,77.3,43.1,https://www.timeshighereducation.com/world-university-rankings/hebrew-university-jerusalem,Mount Scopus,Jerusalem,Jerusalem,9190500,Israel
251–300,251,Heinrich Heine University Düsseldorf,Germany,56.3,36.2,34.3,84.3,83.9,67.2,https://www.timeshighereducation.com/world-university-rankings/heinrich-heine-university-dusseldorf,Universitätsstr. 1,,Düsseldorf,40225,Germany
251–300,251,Humanitas University,Italy,56.3,36.6,29.0,98.5,64.0,64.0,https://www.timeshighereducation.com/world-university-rankings/humanitas-university,Via Rita Levi Montalicini 4 Pieve Emanuele,,Milano,20090,Italy
251–300,251,Hunan University,China,56.3,36.6,34.6,90.9,96.5,31.7,https://www.timeshighereducation.com/world-university-rankings/hunan-university,2 Lushan Road South Yuelu District,Changsha,Hunan,410082,China
251–300,251,King Khalid University,Saudi Arabia,56.3,41.2,31.6,80.0,58.4,88.2,https://www.timeshighereducation.com/world-university-rankings/king-khalid-university,Guraiger,Abha,Asir Region,62529,Saudi Arabia
251–300,251,King Saud University,Saudi Arabia,56.3,38.2,33.8,82.7,89.1,84.0,https://www.timeshighereducation.com/world-university-rankings/king-saud-university,PO Box 11362,Riyadh,Riyadh Province,,Saudi Arabia
251–300,251,Kyung Hee University,South Korea,56.3,41.2,40.3,76.5,99.9,72.5,https://www.timeshighereducation.com/world-university-rankings/kyung-hee-university,"['26', 'Kyungheedae-ro']",Dongdaemun-gu,11,02447,South Korea
251–300,251,La Trobe University,Australia,56.3,29.5,36.8,88.9,79.0,88.7,https://www.timeshighereducation.com/world-university-rankings/la-trobe-university,"['Kingsbury Drive', 'Bundoora']",Melbourne,Victoria,3086,Australia
251–300,251,Lebanese American University,Lebanon,56.3,36.8,32.5,93.7,32.0,80.8,https://www.timeshighereducation.com/world-university-rankings/lebanese-american-university,Kraytem Road Chouran,Beirut,Beirut Governorate,1102 2801,Lebanon
251–300,251,LUT University,Finland,56.3,31.6,35.3,87.9,75.4,71.0,https://www.timeshighereducation.com/world-university-rankings/lut-university,Yliopistonkatu 34,Lappeenranta,,53850,Finland
251–300,251,Macau University of Science and Technology,Macao,56.3,34.2,38.8,81.1,84.6,93.2,https://www.timeshighereducation.com/world-university-rankings/macau-university-science-and-technology,Avenida Wai Long,Taipa,Macao,,Macao
251–300,251,Nankai University,China,56.3,45.4,33.9,87.6,80.6,47.9,https://www.timeshighereducation.com/world-university-rankings/nankai-university,"['No 94', 'Weijin Road Nankai District']",Tianjin,Tianjin,300071,China
251–300,251,Northwestern Polytechnical University,China,56.3,41.0,42.4,78.6,99.7,47.6,https://www.timeshighereducation.com/world-university-rankings/northwestern-polytechnical-university,127 West Youyi Road,Xian,Shaanxi,710072,China
251–300,251,RCSI University of Medicine and Health Sciences,Ireland,56.3,32.2,37.0,82.1,78.5,91.4,https://www.timeshighereducation.com/world-university-rankings/rcsi-university-medicine-and-health-sciences,123 Saint Stephens Green Dublin 2,Dublin,Dublin,D02 YN77,Ireland
251–300,251,RMIT University,Australia,56.3,35.2,36.2,82.5,78.2,93.1,https://www.timeshighereducation.com/world-university-rankings/rmit-university,124 La Trobe Street,Melbourne,Victoria,3000,Australia
251–300,251,Ruhr University Bochum,Germany,56.3,39.9,46.1,72.6,98.9,63.7,https://www.timeshighereducation.com/world-university-rankings/ruhr-university-bochum,Universitatsstrasse 150,Bochum,North Rhine Westphalia,44801,Germany
251–300,251,Sejong University,South Korea,56.3,33.6,33.6,92.6,83.7,65.8,https://www.timeshighereducation.com/world-university-rankings/sejong-university,209 Neungdong-ro Gwangjin-gu,,11,,South Korea
251–300,251,Semmelweis University,Hungary,56.3,45.4,28.8,83.5,75.1,76.5,https://www.timeshighereducation.com/world-university-rankings/semmelweis-university,Ulloi ut 26,Budapest,Budapest,1085,Hungary
251–300,251,Shandong University,China,56.3,46.4,44.0,72.7,99.3,43.5,https://www.timeshighereducation.com/world-university-rankings/shandong-university,27 Shanda Nanlu,Jinan,Shandong,250100,China
251–300,251,South China University of Technology,China,56.3,39.0,39.1,84.0,99.7,43.0,https://www.timeshighereducation.com/world-university-rankings/south-china-university-technology,Wushan Road Tianhe District,Guangzhou,Guangdong,510641,China
251–300,251,Southeast University,China,56.3,39.3,46.3,73.7,99.8,47.6,https://www.timeshighereducation.com/world-university-rankings/southeast-university,No. 2 Sipailou,Nanjing,Jiangsu,210096,China
251–300,251,Southern Medical University,China,56.3,45.9,38.9,84.2,76.4,31.3,https://www.timeshighereducation.com/world-university-rankings/southern-medical-university,"['No 1023-1063', 'Shatai South Rd Baiyun District']",Guangzhou City,Guangdong Province,510515,China
251–300,251,Swinburne University of Technology,Australia,56.3,33.0,33.6,91.4,78.1,81.8,https://www.timeshighereducation.com/world-university-rankings/swinburne-university-technology,"['John Street', 'Hawthorn PO Box 218']",Melbourne,Victoria,3122,Australia
251–300,251,Technical University of Darmstadt,Germany,56.3,43.1,46.8,65.7,99.8,73.1,https://www.timeshighereducation.com/world-university-rankings/technical-university-darmstadt,Karolinenplatz 5,Darmstadt,Hesse,64289,Germany
251–300,251,Ulm University,Germany,56.3,42.3,31.6,83.1,91.2,64.8,https://www.timeshighereducation.com/world-university-rankings/ulm-university,16 Helmhotzstrasse,Ulm,Baden Wurttemberg,89081,Germany
251–300,251,Università Cattolica del Sacro Cuore,Italy,56.3,37.4,32.9,89.6,81.9,47.8,https://www.timeshighereducation.com/world-university-rankings/universita-cattolica-del-sacro-cuore,"['Largo A. Gemelli', '1']",,Milano,20123,Italy
251–300,251,Università della Svizzera italiana,Switzerland,56.3,41.1,29.7,80.3,92.9,98.2,https://www.timeshighereducation.com/world-university-rankings/universita-della-svizzera-italiana,Via Giuseppe Buffi 13,Lugano,Canton of Ticino,6900,Switzerland
251–300,251,University of Bath,United Kingdom,56.3,39.8,35.1,81.0,67.1,93.2,https://www.timeshighereducation.com/world-university-rankings/university-bath,Claverton Down,Bath,Somerset,BA2 7AY,United Kingdom
251–300,251,University of Bergen,Norway,56.3,35.3,36.4,84.1,75.4,75.8,https://www.timeshighereducation.com/world-university-rankings/university-bergen,PO Box 7800,,5020 Bergen,,Norway
251–300,251,University of East Anglia,United Kingdom,56.3,34.7,30.2,89.1,62.0,87.3,https://www.timeshighereducation.com/world-university-rankings/university-east-anglia,Norwich Research Park,Norwich,,NR4 7TJ,United Kingdom
251–300,251,University of Hawai’i at Mānoa,United States,56.3,38.9,43.0,73.7,67.6,74.0,https://www.timeshighereducation.com/world-university-rankings/university-hawaii-manoa,2500 Campus Road,Honolulu,Hawaii,96822,United States
251–300,251,University of Konstanz,Germany,56.3,38.5,42.8,72.9,95.7,75.8,https://www.timeshighereducation.com/world-university-rankings/university-konstanz,Universitaetsstrasse 10,Konstanz,Baden Wurttemberg,78464,Germany
251–300,251,University of Luxembourg,Luxembourg,56.3,39.9,39.3,75.1,79.8,92.1,https://www.timeshighereducation.com/world-university-rankings/university-luxembourg,"['2', 'Place de l Universite']",Esch sur Alzette,Canton of Esch sur Alzette,4365,Luxembourg
251–300,251,University of Navarra,Spain,56.3,37.2,34.1,81.9,90.7,74.4,https://www.timeshighereducation.com/world-university-rankings/university-navarra,Pamplona,,NA,31009,Spain
251–300,251,University of Newcastle,Australia,56.3,30.0,36.8,84.9,86.5,84.2,https://www.timeshighereducation.com/world-university-rankings/university-newcastle,University Drive Callaghan,Newcastle,New South Wales,2308,Australia
251–300,251,University of Oulu,Finland,56.3,36.7,39.5,85.8,70.9,63.6,https://www.timeshighereducation.com/world-university-rankings/university-oulu,Pentti Kaiteran katu 1,Oulu,Ostrobothnia Region,90570,Finland
251–300,251,University of Southern Denmark,Denmark,56.3,30.4,36.0,87.3,98.1,75.8,https://www.timeshighereducation.com/world-university-rankings/university-southern-denmark,Campusvej 55,Odense M,Funen,DK-5230,Denmark
251–300,251,University of Stuttgart,Germany,56.3,44.5,48.4,63.4,99.9,58.5,https://www.timeshighereducation.com/world-university-rankings/university-stuttgart,Keplerstrasse 7,Stuttgart,Baden Wurttemberg,70174,Germany
251–300,251,University of Tasmania,Australia,56.3,34.3,36.9,84.5,82.8,89.3,https://www.timeshighereducation.com/world-university-rankings/university-tasmania,Churchill Avenue Sandy Bay,Hobart,Tasmania,7001,Australia
251–300,251,Virginia Polytechnic Institute and State University,United States,56.3,41.9,41.2,77.5,76.7,63.1,https://www.timeshighereducation.com/world-university-rankings/virginia-polytechnic-institute-and-state-university,925 Prices Fork Road,Blacksburg,Virginia,24061,United States
251–300,251,Vita-Salute San Raffaele University,Italy,56.3,34.3,34.0,98.8,66.3,51.3,https://www.timeshighereducation.com/world-university-rankings/vita-salute-san-raffaele-university,Via Olgettina 58,Milano,Milano,20132,Italy
251–300,251,Xiamen University,China,56.3,43.3,37.6,84.2,95.1,36.6,https://www.timeshighereducation.com/world-university-rankings/xiamen-university,422 Siming South Road,Xiamen,Fujian,361005,China
301–350,301,Bauman Moscow State Technical University,Russian Federation,54.2,68.4,42.8,43.0,54.4,59.6,https://www.timeshighereducation.com/world-university-rankings/bauman-moscow-state-technical-university,"['ul. Baumanskaya 2-ya', '5/1']",,Moscow,105005,Russian Federation
301–350,301,"Birkbeck, University of London",United Kingdom,54.2,34.2,32.2,76.0,65.5,91.6,https://www.timeshighereducation.com/world-university-rankings/birkbeck-university-london,"['Malet Street', 'Bloomsbury']",London,London,WC1E 7HX,United Kingdom
301–350,301,"China Medical University, Taiwan",Taiwan,54.2,28.2,32.5,91.7,95.4,51.3,https://www.timeshighereducation.com/world-university-rankings/china-medical-university-taiwan,"['No 100', 'Section 1 Jingmao Road', 'Beitun District']",Taichung,Taichung,406040,Taiwan
301–350,301,"City St George's, University of London",United Kingdom,54.2,27.4,30.1,91.8,65.0,95.6,https://www.timeshighereducation.com/world-university-rankings/city-st-georgesuniversity-oflondon,Northampton Square,London,London,EC1V 0HB,United Kingdom
301–350,301,Dublin City University,Ireland,54.2,28.5,36.6,88.6,69.0,71.1,https://www.timeshighereducation.com/world-university-rankings/dublin-city-university,Collins Avenue,Glasnevin,Dublin,,Ireland
301–350,301,École Normale Supérieure de Lyon,France,54.2,56.8,44.0,51.9,90.2,64.4,https://www.timeshighereducation.com/world-university-rankings/ecole-normale-superieure-de-lyon,15 parvis René Descartes,BP 7000 69342,Lyon Cedex 07,,France
301–350,301,Flinders University,Australia,54.2,27.9,36.9,82.9,68.7,88.3,https://www.timeshighereducation.com/world-university-rankings/flinders-university,Sturt Road,Bedford Park,South Australia,5042,Australia
301–350,301,Florida State University,United States,54.2,39.0,39.5,73.8,67.3,57.2,https://www.timeshighereducation.com/world-university-rankings/florida-state-university,600 West College Avenue,Tallahassee,Florida,32306,United States
301–350,301,Hasselt University,Belgium,54.2,35.0,37.8,72.8,87.8,71.2,https://www.timeshighereducation.com/world-university-rankings/hasselt-university,Martelarenlaan 42,Hasselt,Limburg Province,3500,Belgium
301–350,301,Illinois Institute of Technology,United States,54.2,41.0,26.9,77.3,92.4,73.5,https://www.timeshighereducation.com/world-university-rankings/illinois-institute-technology,10 West 35th Street,Chicago,Illinois,60616,United States
301–350,301,Johannes Gutenberg University of Mainz,Germany,54.2,38.9,27.1,83.0,72.3,66.0,https://www.timeshighereducation.com/world-university-rankings/johannes-gutenberg-university-mainz,Saarstr. 21,Mainz,Rhineland-Palatinate,55122,Germany
301–350,301,Koç University,Turkey,54.2,34.6,41.9,70.6,91.2,59.2,https://www.timeshighereducation.com/world-university-rankings/koc-university,Rumelifeneri Yolu,Sariyer,Istanbul,34450,Turkey
301–350,301,Kyushu University,Japan,54.2,54.2,46.5,53.5,98.8,49.5,https://www.timeshighereducation.com/world-university-rankings/kyushu-university,744 Motooka Nishi-ku,Fukuoka,40,819-0395,Japan
301–350,301,Lingnan University Hong Kong,Hong Kong,54.2,29.5,38.4,83.7,40.7,94.5,https://www.timeshighereducation.com/world-university-rankings/lingnan-university-hong-kong,8 Castle Peak Road Tuen Mun,Hong Kong,Hong Kong,999077,Hong Kong
301–350,301,Loughborough University,United Kingdom,54.2,34.8,32.9,76.1,70.2,89.4,https://www.timeshighereducation.com/world-university-rankings/loughborough-university,Epinal Way,Loughborough,Leicestershire,LE11 3TU,United Kingdom
301–350,301,North Carolina State University,United States,54.2,45.1,43.9,67.6,81.5,61.5,https://www.timeshighereducation.com/world-university-rankings/north-carolina-state-university,20 Watauga Club Drive,Raleigh,North Carolina,27695,United States
301–350,301,Norwegian University of Science and Technology,Norway,54.2,36.7,39.1,75.9,71.4,64.6,https://www.timeshighereducation.com/world-university-rankings/norwegian-university-science-and-technology,PO Box 8900,Trondheim,Trondelag,NO-7491,Norway
301–350,301,Prince Mohammad Bin Fahd University,Saudi Arabia,54.2,32.0,33.3,78.5,56.4,89.5,https://www.timeshighereducation.com/world-university-rankings/prince-mohammad-bin-fahd-university,PO Box 1664,Al Khobar,Eastern Province,31952,Saudi Arabia
301–350,301,Queen’s University,Canada,54.2,37.9,37.6,77.4,84.8,72.9,https://www.timeshighereducation.com/world-university-rankings/queens-university,99 University Avenue,Kingston,Ontario,K7L 3N6,Canada
301–350,301,Rutgers University–New Brunswick,United States,54.2,45.3,31.4,78.4,69.1,58.6,https://www.timeshighereducation.com/world-university-rankings/rutgers-university-new-brunswick-0,57 US Highway 1,New Brunswick,New Jersey,08901-8554,United States
301–350,301,Simon Fraser University,Canada,54.2,26.9,35.6,79.7,83.5,90.7,https://www.timeshighereducation.com/world-university-rankings/simon-fraser-university,8888 University Drive,Burnaby,British Columbia,V5A 1S6,Canada
301–350,301,Stellenbosch University,South Africa,54.2,34.8,40.8,75.5,91.8,58.6,https://www.timeshighereducation.com/world-university-rankings/stellenbosch-university,Private Bag X1 Matieland,Stellenbosch,Western Cape,7602,South Africa
301–350,301,Stony Brook University,United States,54.2,43.4,30.8,78.9,68.3,72.3,https://www.timeshighereducation.com/world-university-rankings/stony-brook-university,100 Nicolls Road,Stony Brook,New York,11794,United States
301–350,301,Sunway University,Malaysia,54.2,27.2,34.2,90.1,58.4,89.3,https://www.timeshighereducation.com/world-university-rankings/sunway-university,No 5 Jalan Universiti,Bandar Sunway,10,47500,Malaysia
301–350,301,Swansea University,United Kingdom,54.2,30.8,30.6,87.4,58.3,88.6,https://www.timeshighereducation.com/world-university-rankings/swansea-university,Singleton Park,Swansea,Swansea,SA2 8PP,United Kingdom
301–350,301,Tampere University,Finland,54.2,31.2,38.7,80.2,85.2,53.8,https://www.timeshighereducation.com/world-university-rankings/tampere-university,4 Kalevantie,Tampere,Pirkanmaa,33100,Finland
301–350,301,Technion Israel Institute of Technology,Israel,54.2,43.9,41.7,62.9,73.1,69.6,https://www.timeshighereducation.com/world-university-rankings/technion-israel-institute-technology,Technion Building,Haifa,32000,,Israel
301–350,301,Tilburg University,Netherlands,54.2,29.1,42.9,73.8,78.9,85.2,https://www.timeshighereducation.com/world-university-rankings/tilburg-university,Warandelaan 2,,AB Tilburg,5037,Netherlands
301–350,301,TU Wien,Austria,54.2,44.2,47.2,55.5,99.9,85.3,https://www.timeshighereducation.com/world-university-rankings/tu-wien,Karlsplatz 13 1040 Vienna,,,,Austria
301–350,301,Universiti Kebangsaan Malaysia,Malaysia,54.2,47.5,32.4,65.7,61.8,82.6,https://www.timeshighereducation.com/world-university-rankings/universiti-kebangsaan-malaysia,Bangi Selangor,Bangi,10,43600,Malaysia
301–350,301,University at Buffalo,United States,54.2,42.3,34.5,75.4,73.4,71.7,https://www.timeshighereducation.com/world-university-rankings/university-buffalo,12 Capen Hall,Buffalo,New York,14260-1660,United States
301–350,301,University of Bayreuth,Germany,54.2,39.8,41.3,68.6,84.5,68.0,https://www.timeshighereducation.com/world-university-rankings/university-bayreuth,Universitatsstrasse 30,Bayreuth,Bavaria,95447,Germany
301–350,301,University of Bremen,Germany,54.2,39.7,39.6,72.3,78.9,63.0,https://www.timeshighereducation.com/world-university-rankings/university-bremen,Bibliothekstrasse 1,Bremen,Bremen,28359,Germany
301–350,301,"University of California, Riverside",United States,54.2,37.4,32.6,79.5,69.8,75.1,https://www.timeshighereducation.com/world-university-rankings/university-california-riverside,900 University Avenue,Riverside,California,92521,United States
301–350,301,University of Duisburg-Essen,Germany,54.2,35.4,34.6,82.7,87.4,64.3,https://www.timeshighereducation.com/world-university-rankings/university-duisburg-essen,Universitaetsstrasse 2,Essen,North Rhine Westphalia,45141,Germany
301–350,301,University of Dundee,United Kingdom,54.2,28.5,32.6,82.1,87.0,91.7,https://www.timeshighereducation.com/world-university-rankings/university-dundee,Nethergate,Dundee,Dundee,DD1 4HN,United Kingdom
301–350,301,University of Electronic Science and Technology of China,China,54.2,37.6,37.5,80.2,99.1,33.6,https://www.timeshighereducation.com/world-university-rankings/university-electronic-science-and-technology-china,"['No 2006', 'Xiyuan Avenue West Hi Tech Zone']",Chengdu,Sichuan,611731,China
301–350,301,University of Essex,United Kingdom,54.2,30.1,30.2,81.0,61.2,97.3,https://www.timeshighereducation.com/world-university-rankings/university-essex,Wivenhoe Park,Colchester,Essex,CO4 3SQ,United Kingdom
301–350,301,University of Hohenheim,Germany,54.2,36.0,36.4,78.4,76.7,61.3,https://www.timeshighereducation.com/world-university-rankings/university-hohenheim,1 Schloss Hohenheim,Stuttgart,Baden Wurttemberg,70599,Germany
301–350,301,University of Innsbruck,Austria,54.2,35.7,36.8,69.6,87.8,93.7,https://www.timeshighereducation.com/world-university-rankings/university-innsbruck,Innrain 52,Innsbruck,Tyrol,A-6020,Austria
301–350,301,University of Iowa,United States,54.2,46.8,34.3,74.9,89.9,52.3,https://www.timeshighereducation.com/world-university-rankings/university-iowa,Jessup Hall,Iowa City,Iowa,52245,United States
301–350,301,University of Liège,Belgium,54.2,34.8,41.8,72.7,97.5,72.5,https://www.timeshighereducation.com/world-university-rankings/university-liege,Place du 20-Aout 7,Liege,Wallonia Region,4000,Belgium
301–350,301,University of Milan,Italy,54.2,38.9,32.5,86.1,71.2,47.2,https://www.timeshighereducation.com/world-university-rankings/university-milan,7 Via Festa del Perdono,Milano,Lombardy Region,20122,Italy
301–350,301,University of Naples Federico II,Italy,54.2,40.0,31.8,83.9,72.5,35.2,https://www.timeshighereducation.com/world-university-rankings/university-naples-federico-ii,Corso Umberto I 40,Napoli,Campania,80138,Italy
301–350,301,University of Rome II – Tor Vergata,Italy,54.2,40.4,36.1,71.7,86.0,65.7,https://www.timeshighereducation.com/world-university-rankings/university-rome-ii-tor-vergata,Via Cracovia snc,Rome,Lazio,00133,Italy
301–350,301,University of Sharjah,United Arab Emirates,54.2,23.5,27.0,94.3,44.7,98.7,https://www.timeshighereducation.com/world-university-rankings/university-sharjah,P.O. Box 27272,Sharjah,SH,,United Arab Emirates
301–350,301,University of Tartu,Estonia,54.2,34.5,31.4,84.0,65.1,59.7,https://www.timeshighereducation.com/world-university-rankings/university-tartu,Ulikooli 18,Tartu,Tartu,50090,Estonia
301–350,301,University of the Witwatersrand,South Africa,54.2,34.9,43.1,70.8,91.6,74.3,https://www.timeshighereducation.com/world-university-rankings/university-witwatersrand,1 Jan Smuts Avenue Braamfontein 2000,Johannesburg,Gauteng,0299 – 219,South Africa
301–350,301,University of Turku,Finland,54.2,34.2,35.6,83.4,66.0,52.6,https://www.timeshighereducation.com/world-university-rankings/university-turku,Turun yliopisto,Turku,Finland Proper,20014,Finland
301–350,301,University of Victoria,Canada,54.2,30.2,37.1,82.9,66.8,83.6,https://www.timeshighereducation.com/world-university-rankings/university-victoria,3800 Finnerty Road,Victoria,British Columbia,V8P 5C2,Canada
301–350,301,Western Sydney University,Australia,54.2,30.6,31.8,88.0,68.3,88.5,https://www.timeshighereducation.com/world-university-rankings/western-sydney-university,Locked Bag 1797,Penrith,New South Wales,2751,Australia
351–400,351,Amirkabir University of Technology,Iran,51.5,37.1,33.0,75.3,91.9,46.6,https://www.timeshighereducation.com/world-university-rankings/amirkabir-university-technology,"['No. 350', 'Hafez Street Valiasr Square']",Tehran,Tehran,,Iran
351–400,351,Autonomous University of Madrid,Spain,51.5,41.8,31.3,73.4,66.5,56.2,https://www.timeshighereducation.com/world-university-rankings/autonomous-university-madrid,Ciudad Universitaria,Madrid,M,28049,Spain
351–400,351,Chongqing University,China,51.5,30.2,36.0,78.1,98.1,46.6,https://www.timeshighereducation.com/world-university-rankings/chongqing-university,174 Shazhengjie Shapingba,,Chongqing,400044,China
351–400,351,Daegu Gyeongbuk Institute of Science and Technology (DGIST),South Korea,51.5,49.4,38.7,64.0,89.6,32.4,https://www.timeshighereducation.com/world-university-rankings/daegu-gyeongbuk-institute-science-and-technology-dgist,333 Techno Jungang-daero Hyeonpung-Myeon,Dalseong-Gun,27,42988,South Korea
351–400,351,Dalhousie University,Canada,51.5,33.1,33.2,75.4,74.3,86.6,https://www.timeshighereducation.com/world-university-rankings/dalhousie-university,Halifax,Halifax,Nova Scotia,B3H 4R2,Canada
351–400,351,Edith Cowan University,Australia,51.5,22.5,25.8,89.2,69.6,89.0,https://www.timeshighereducation.com/world-university-rankings/edith-cowan-university,270 Joondalup Drive,Joondalup,Western Australia,6027,Australia
351–400,351,Hokkaido University,Japan,51.5,53.5,45.1,47.9,96.8,47.0,https://www.timeshighereducation.com/world-university-rankings/hokkaido-university,"['Kita 8', 'Nishi 5', 'Kita-ku']",Sapporo,01,060-0808,Japan
351–400,351,James Cook University,Australia,51.5,28.8,31.9,82.3,67.8,81.5,https://www.timeshighereducation.com/world-university-rankings/james-cook-university,1 James Cook Drive Douglas,Townsville,Queensland,4811,Australia
351–400,351,Justus Liebig University Giessen,Germany,51.5,35.0,39.2,72.5,71.3,62.7,https://www.timeshighereducation.com/world-university-rankings/justus-liebig-university-giessen,Ludwigstrasse 23,Giessen,Hessen,35390,Germany
351–400,351,Kermanshah University of Medical Sciences,Iran,51.5,48.8,23.5,73.1,57.0,63.8,https://www.timeshighereducation.com/world-university-rankings/kermanshah-university-medical-sciences,Shahid Beheshti Boulevard Central Building,Kermanshah,05,6715847141,Iran
351–400,351,King Abdulaziz University,Saudi Arabia,51.5,29.8,22.9,87.1,67.6,74.8,https://www.timeshighereducation.com/world-university-rankings/king-abdulaziz-university,PO Box 80200,Jeddah,Makkah Province,21589,Saudi Arabia
351–400,351,Leibniz University Hannover,Germany,51.5,38.8,41.7,64.3,84.3,56.9,https://www.timeshighereducation.com/world-university-rankings/leibniz-university-hannover,1 Welfengarten,Hannover,Lower Saxony,30167,Germany
351–400,351,Middle East Technical University,Turkey,51.5,46.4,44.8,52.2,90.2,57.7,https://www.timeshighereducation.com/world-university-rankings/middle-east-technical-university,Dumlupinar Bulvari No 1,Cankaya,Ankara Province,06800,Turkey
351–400,351,University Mohammed VI Polytechnic,Morocco,51.5,34.7,34.9,72.7,56.2,72.8,https://www.timeshighereducation.com/world-university-rankings/university-mohammed-vi-polytechnic,Lot 660 Hay Moulay Rachid,Ben Guerir,Rehamna Province,43150,Morocco
351–400,351,Moscow Institute of Physics and Technology (MIPT),Russian Federation,51.5,57.8,44.3,42.5,80.8,66.2,https://www.timeshighereducation.com/world-university-rankings/moscow-institute-physics-and-technology-mipt,9 Institutskiy per.,Dolgoprudny,Moscow,141700,Russian Federation
351–400,351,Oregon Health and Science University,United States,51.5,38.8,20.9,91.6,87.9,34.2,https://www.timeshighereducation.com/world-university-rankings/oregon-health-and-science-university,3181 S.W. Sam Jackson Park Rd,Portland,Oregon,97239-3098,United States
351–400,351,Prince Sultan University (PSU),Saudi Arabia,51.5,19.2,29.6,92.2,51.8,82.1,https://www.timeshighereducation.com/world-university-rankings/prince-sultan-university-psu,Rafha Street PO Box No 66833,Riyadh,Riyadh Province,11586,Saudi Arabia
351–400,351,Sabancı University,Turkey,51.5,33.0,38.8,67.5,99.0,65.6,https://www.timeshighereducation.com/world-university-rankings/sabanci-university,Orta Mahalle,Tuzla,Istanbul,34956,Turkey
351–400,351,Saveetha Institute of Medical and Technical Sciences,India,51.5,37.9,18.4,93.4,20.4,71.8,https://www.timeshighereducation.com/world-university-rankings/saveetha-institute-medical-and-technical-sciences,"['Saveetha Nagar Thandalam', 'Kanchipuram']",Chennai,TN,602105,India
351–400,351,Sharif University of Technology,Iran,51.5,35.2,38.0,78.0,96.7,33.2,https://www.timeshighereducation.com/world-university-rankings/sharif-university-technology,Azadi Ave,Tehran,Tehran,,Iran
351–400,351,Shenzhen University,China,51.5,26.5,35.9,86.4,82.8,38.2,https://www.timeshighereducation.com/world-university-rankings/shenzhen-university,Nanhai Ave 3688,Shenzhen,Guangdong,518060,China
351–400,351,Swedish University of Agricultural Sciences,Sweden,51.5,35.5,34.8,76.0,87.8,53.8,https://www.timeshighereducation.com/world-university-rankings/swedish-university-agricultural-sciences,SLU P.O. Box 7070,,SE-750 07,,Sweden
351–400,351,Université Grenoble Alpes,France,51.5,42.6,36.7,62.7,70.0,69.4,https://www.timeshighereducation.com/world-university-rankings/universite-grenoble-alpes,621 Avenue Centrale,Saint Martin d Heres,Auvergne Rhone Alpes,38400,France
351–400,351,Universiti Brunei Darussalam,Brunei Darussalam,51.5,33.1,34.7,80.5,31.4,72.1,https://www.timeshighereducation.com/world-university-rankings/universiti-brunei-darussalam,Jalan Tungku Link,Gadong,Bandar Seri Begawan,BE1410,Brunei Darussalam
351–400,351,University College Cork,Ireland,51.5,29.3,33.2,78.7,77.6,79.0,https://www.timeshighereducation.com/world-university-rankings/university-college-cork,College Road,Cork,Munster,T12 K8AF,Ireland
351–400,351,University of Brescia,Italy,51.5,35.4,24.7,88.0,72.0,43.2,https://www.timeshighereducation.com/world-university-rankings/university-brescia,15 Piazza del Mercato,Brescia,Lombardy Region,25121,Italy
351–400,351,University of Campinas,Brazil,51.5,51.7,48.0,50.2,78.1,41.5,https://www.timeshighereducation.com/world-university-rankings/university-campinas,"['Rua da Reitoria', '121 Barao Geraldo Campinas']",Sao Paulo,Sao Paulo,13083-872,Brazil
351–400,351,University of Colorado Denver/Anschutz Medical Campus,United States,51.5,33.7,25.1,93.3,73.5,36.2,https://www.timeshighereducation.com/world-university-rankings/university-colorado-denver-anschutz-medical-campus,1201 Larimer Street,Denver,Colorado,80204,United States
351–400,351,University of Connecticut,United States,51.5,40.6,28.6,73.4,69.1,66.3,https://www.timeshighereducation.com/world-university-rankings/university-connecticut,2131 Hillside Road Unit 3088,Storrs,Connecticut,06269,United States
351–400,351,University of Florence,Italy,51.5,37.6,37.9,75.9,76.7,46.7,https://www.timeshighereducation.com/world-university-rankings/university-florence,Piazza San Marco 4,Florence,Tuscany,50121,Italy
351–400,351,University of Galway,Ireland,51.5,30.2,34.7,76.9,86.7,77.6,https://www.timeshighereducation.com/world-university-rankings/university-galway,University Road,Galway,Connacht,H91 TK33,Ireland
351–400,351,University of Georgia (USA),United States,51.5,41.5,38.3,67.4,66.6,51.9,https://www.timeshighereducation.com/world-university-rankings/university-georgia-usa,210 South Jackson Street,Athens,Georgia,30602,United States
351–400,351,University of Johannesburg,South Africa,51.5,29.5,38.4,69.9,81.1,82.0,https://www.timeshighereducation.com/world-university-rankings/university-johannesburg,Auckland Park PO Box 524,Johannesburg,Gauteng,2006,South Africa
351–400,351,University of Kansas,United States,51.5,45.4,29.8,70.7,79.3,56.2,https://www.timeshighereducation.com/world-university-rankings/university-kansas,1450 Jayhawk Boulevard Strong Hall,Lawrence,Kansas,66045,United States
351–400,351,University of Kiel,Germany,51.5,32.5,33.4,81.8,64.4,62.2,https://www.timeshighereducation.com/world-university-rankings/university-kiel,Christian Albrechts Platz 4,Kiel,Schleswig Holstein,24118,Germany
351–400,351,University of Otago,New Zealand,51.5,34.1,34.3,72.4,69.3,81.1,https://www.timeshighereducation.com/world-university-rankings/university-otago,362 Leith Street,North Dunedin,Otago,9054,New Zealand
351–400,351,University of Pavia,Italy,51.5,38.9,31.9,77.0,78.9,52.2,https://www.timeshighereducation.com/world-university-rankings/university-pavia,"['Corso Strada Nuova', '65']",Pavia,Lombardy Region,27100,Italy
351–400,351,University of Pisa,Italy,51.5,36.3,34.7,77.7,67.7,43.2,https://www.timeshighereducation.com/world-university-rankings/university-pisa,Lungarno Pacinotti 43,,Pisa,56126,Italy
351–400,351,University of Saskatchewan,Canada,51.5,39.5,34.0,63.0,96.1,76.0,https://www.timeshighereducation.com/world-university-rankings/university-saskatchewan,105 Administration Place,Saskatoon,Saskatchewan,S7N 5A2,Canada
351–400,351,University of Siena,Italy,51.5,39.3,35.1,75.0,75.5,46.7,https://www.timeshighereducation.com/world-university-rankings/university-siena,via Banchi di Sotto 55,Siena,Tuscany,53100,Italy
351–400,351,University of Southern Queensland,Australia,51.5,29.3,26.8,87.1,51.3,81.5,https://www.timeshighereducation.com/world-university-rankings/university-southern-queensland,West Street,Toowoomba,Queensland,4350,Australia
351–400,351,University of South Florida,United States,51.5,33.6,35.5,71.0,99.5,64.5,https://www.timeshighereducation.com/world-university-rankings/university-south-florida,4202 East Fowler Avenue,Tampa,Florida,33620,United States
351–400,351,University of St Gallen,Switzerland,51.5,33.3,23.0,80.8,66.6,93.6,https://www.timeshighereducation.com/world-university-rankings/university-st-gallen,Dufourstrasse 50,Saint Gallen,Canton of Saint Gallen,9000,Switzerland
351–400,351,University of Strathclyde,United Kingdom,51.5,37.0,35.2,66.4,79.7,90.5,https://www.timeshighereducation.com/world-university-rankings/university-strathclyde,16 Richmond Street,Glasgow,Scotland,G1 1XQ,United Kingdom
351–400,351,University of Trento,Italy,51.5,34.6,35.2,77.4,70.3,61.5,https://www.timeshighereducation.com/world-university-rankings/university-trento,"['Via Calepina', '14']",,Trento,38122,Italy
351–400,351,University of Tsukuba,Japan,51.5,52.0,46.7,50.8,77.1,49.8,https://www.timeshighereducation.com/world-university-rankings/university-tsukuba,1-1-1 Tennodai,Tsukuba,08,305-8577,Japan
351–400,351,Verona University,Italy,51.5,34.6,31.1,81.6,71.1,45.0,https://www.timeshighereducation.com/world-university-rankings/verona-university,Via dell'Artigliere 8,,Verona,37129,Italy
401–500,401,Ajman University,United Arab Emirates,49.8,25.8,28.7,84.0,22.8,99.5,https://www.timeshighereducation.com/world-university-rankings/ajman-university,PO Box 346,Ajman,Emirate of Ajman,,United Arab Emirates
401–500,401,Ajou University,South Korea,49.8,34.3,38.6,58.4,95.8,59.4,https://www.timeshighereducation.com/world-university-rankings/ajou-university,206 Worldcup-ro Yeongtong-gu,,Suwon,443-749,South Korea
401–500,401,Al-Ahliyya Amman University,Jordan,49.8,18.6,24.7,88.0,56.9,93.8,https://www.timeshighereducation.com/world-university-rankings/al-ahliyya-amman-university,Amman,Amman,Amman Governorate,19111,Jordan
401–500,401,Al Ain University,United Arab Emirates,49.8,28.0,30.2,78.7,18.6,99.1,https://www.timeshighereducation.com/world-university-rankings/al-ain-university,Al Jimi Near Al Ain Municipality,Al Ain,AZ,,United Arab Emirates
401–500,401,Applied Science Private University,Jordan,49.8,21.7,22.7,87.1,21.5,85.4,https://www.timeshighereducation.com/world-university-rankings/applied-science-private-university,Al Arab Street 21 PO Box 541350​​,Shafa Badran,Amman,11937,Jordan
401–500,401,Arabian Gulf University,Bahrain,49.8,45.2,13.8,73.0,29.2,93.4,https://www.timeshighereducation.com/world-university-rankings/arabian-gulf-university,"['Road 2904', 'Building 293']",Manama,Manama,329,Bahrain
401–500,401,"Asia University, Taiwan",Taiwan,49.8,16.6,34.9,82.8,75.3,49.5,https://www.timeshighereducation.com/world-university-rankings/asia-university-taiwan,"['No 500', 'Liufeng Road Wufeng District']",Taichung City,Taichung,413305,Taiwan
401–500,401,Aston University,United Kingdom,49.8,21.7,26.2,83.6,64.6,95.7,https://www.timeshighereducation.com/world-university-rankings/aston-university,Aston Street,Birmingham,West Midlands,B4 7ET,United Kingdom
401–500,401,Australian Catholic University,Australia,49.8,17.7,24.7,97.1,28.0,83.9,https://www.timeshighereducation.com/world-university-rankings/australian-catholic-university,40 Edward Street North Sydney,Sydney,New South Wales,2060,Australia
401–500,401,Beijing University of Chemical Technology,China,49.8,26.4,31.8,84.2,96.6,25.0,https://www.timeshighereducation.com/world-university-rankings/beijing-university-chemical-technology,Third Ring Road 15 Chaoyang District,,Beijing,100029,China
401–500,401,Boğaziçi University,Turkey,49.8,32.9,36.1,60.9,94.0,61.6,https://www.timeshighereducation.com/world-university-rankings/bogazici-university,Bebek,Istanbul,Marmara,34342,Turkey
401–500,401,Bond University,Australia,49.8,26.8,21.9,87.3,25.8,80.4,https://www.timeshighereducation.com/world-university-rankings/bond-university,14 University Drive,Robina,Queensland,4226,Australia
401–500,401,Bournemouth University,United Kingdom,49.8,18.8,21.7,89.3,46.4,89.2,https://www.timeshighereducation.com/world-university-rankings/bournemouth-university,Fern Barrow,Poole,Dorset,BH12 5BB,United Kingdom
401–500,401,Brandeis University,United States,49.8,37.3,26.1,70.0,64.5,79.7,https://www.timeshighereducation.com/world-university-rankings/brandeis-university,415 South Street,Waltham,Massachusetts,02453,United States
401–500,401,Brunel University of London,United Kingdom,49.8,24.0,26.6,81.8,64.9,98.1,https://www.timeshighereducation.com/world-university-rankings/brunel-university-london,Kingston Lane,Uxbridge,Hillingdon,UB8 3PH,United Kingdom
401–500,401,Central Queensland University,Australia,49.8,18.0,26.9,86.6,50.2,80.4,https://www.timeshighereducation.com/world-university-rankings/central-queensland-university,554-700 Yaamba Road Norman Gardens,North Rockhampton,Queensland,4701,Australia
401–500,401,Charles Darwin University,Australia,49.8,22.7,29.9,78.9,50.4,82.4,https://www.timeshighereducation.com/world-university-rankings/charles-darwin-university,Ellengowan Drive,Brinkin,Northern Territory,0810,Australia
401–500,401,Charles University,Czechia,49.8,37.9,32.2,64.8,63.4,64.7,https://www.timeshighereducation.com/world-university-rankings/charles-university,Ovocny trh 5,Prague 1,Prague,116 36,Czechia
401–500,401,Chung-Ang University,South Korea,49.8,38.8,38.9,55.7,93.3,63.4,https://www.timeshighereducation.com/world-university-rankings/chung-ang-university,"['84 Heukseok-Ro', 'Dongjak-gu']",Seoul,11,06987,South Korea
401–500,401,Colorado School of Mines,United States,49.8,40.9,32.6,63.7,86.7,41.5,https://www.timeshighereducation.com/world-university-rankings/colorado-school-mines,1500 Illinois Street,Golden,Colorado,80401,United States
401–500,401,Dalian University of Technology,China,49.8,34.6,39.3,71.6,99.0,35.6,https://www.timeshighereducation.com/world-university-rankings/dalian-university-technology,No.2 Linggong Road Ganjingzi District,Dalian City,Liaoning,,China
401–500,401,Donghua University,China,49.8,32.9,25.2,77.8,93.2,37.9,https://www.timeshighereducation.com/world-university-rankings/donghua-university,2999 North Renmin Road,,Shanghai,201620,China
401–500,401,Drexel University,United States,49.8,42.4,25.5,72.1,74.7,60.6,https://www.timeshighereducation.com/world-university-rankings/drexel-university,3141 Chestnut Street,Philadelphia,Pennsylvania,19104,United States
401–500,401,Florida International University,United States,49.8,33.2,32.6,70.7,65.5,49.1,https://www.timeshighereducation.com/world-university-rankings/florida-international-university,11200 South West 8th Street,Miami,Florida,33199,United States
401–500,401,Free University of Bozen-Bolzano,Italy,49.8,31.4,21.9,83.7,51.3,78.2,https://www.timeshighereducation.com/world-university-rankings/free-university-bozen-bolzano,1 Universitaetsplatz 1 Piazza Universita,Bolzano,South Tyrol,39100,Italy
401–500,401,George Mason University,United States,49.8,31.0,28.3,79.8,63.9,60.4,https://www.timeshighereducation.com/world-university-rankings/george-mason-university,4400 University Drive,Fairfax,Virginia,22030,United States
401–500,401,Gwangju Institute of Science and Technology (GIST),South Korea,49.8,49.3,39.8,53.4,94.0,52.3,https://www.timeshighereducation.com/world-university-rankings/gwangju-institute-science-and-technology-gist,123 Cheomdangwagi-ro,Buk-gu,29,61005,South Korea
401–500,401,Heriot-Watt University,United Kingdom,49.8,33.4,30.3,58.8,70.3,95.5,https://www.timeshighereducation.com/world-university-rankings/heriot-watt-university,Riccarton Scott Russell Building,Edinburgh,Edinburgh,EH14 4AS,United Kingdom
401–500,401,IMT Atlantique,France,49.8,47.3,35.5,48.3,97.8,81.2,https://www.timeshighereducation.com/world-university-rankings/imt-atlantique,4 Rue Alfred Kastler La Chantrerie Cedex 3,Nantes,Pays de la Loire,44307,France
401–500,401,Institut Agro,France,49.8,48.4,34.9,58.2,78.7,64.2,https://www.timeshighereducation.com/world-university-rankings/institut-agro,42 Rue Scheffer,Paris,Ile-de-France,75116,France
401–500,401,Iowa State University,United States,49.8,41.6,36.2,64.7,87.0,44.0,https://www.timeshighereducation.com/world-university-rankings/iowa-state-university,2433 Union Drive 100 Enrollment Services Center,Ames,Iowa,50011-2042,United States
401–500,401,Iran University of Science and Technology,Iran,49.8,32.0,33.9,79.5,88.6,34.0,https://www.timeshighereducation.com/world-university-rankings/iran-university-science-and-technology,Narmak,Tehran,Tehran,1684613114,Iran
401–500,401,Jamia Millia Islamia,India,49.8,43.0,18.2,79.6,43.8,42.5,https://www.timeshighereducation.com/world-university-rankings/jamia-millia-islamia,Jamia Nagar,New Delhi,New Delhi,110025,India
401–500,401,Johannes Kepler University of Linz,Austria,49.8,36.7,35.4,61.4,98.5,75.6,https://www.timeshighereducation.com/world-university-rankings/johannes-kepler-university-linz,Altenberger Strasse 69,Linz,Bundesland,4040,Austria
401–500,401,Leuphana University of Lüneburg,Germany,49.8,23.5,28.1,83.2,33.6,66.0,https://www.timeshighereducation.com/world-university-rankings/leuphana-university-luneburg,Universitatsallee 1,Luneburg,Lower Saxony,21335,Germany
401–500,401,Marche Polytechnic University,Italy,49.8,35.8,26.4,75.9,72.6,33.9,https://www.timeshighereducation.com/world-university-rankings/marche-polytechnic-university,Piazza Roma 22,,Ancona,60121,Italy
401–500,401,Montpellier University,France,49.8,39.5,33.5,68.7,68.7,66.8,https://www.timeshighereducation.com/world-university-rankings/montpellier-university,163 Rue Auguste Broussonnet,Montpellier,Occitanie,34090,France
401–500,401,Murdoch University,Australia,49.8,25.9,27.4,80.2,72.7,94.7,https://www.timeshighereducation.com/world-university-rankings/murdoch-university,"['90 South Street', 'Murdoch']",Perth,Western Australia,6150,Australia
401–500,401,National and Kapodistrian University of Athens,Greece,49.8,24.4,26.8,78.0,92.5,55.7,https://www.timeshighereducation.com/world-university-rankings/national-and-kapodistrian-university-athens,30 Panepistimiou Ave,,106 79 Athens,,Greece
401–500,401,National Taiwan University of Science and Technology (Taiwan Tech),Taiwan,49.8,33.2,38.3,62.9,97.8,50.0,https://www.timeshighereducation.com/world-university-rankings/national-taiwan-university-science-and-technology-taiwan-tech,"['No 43', 'Sec.tion 4 Keelung Rod Daan District']",Taipei City,Taipei,106335,Taiwan
401–500,401,National Tsing Hua University,Taiwan,49.8,37.5,43.5,61.4,99.8,46.3,https://www.timeshighereducation.com/world-university-rankings/national-tsing-hua-university,"['No. 101', 'Section 2', 'Guangfu Rd']",Hsinchu,Hsinchu,300044,Taiwan
401–500,401,National Yang Ming Chiao Tung University (NYCU Taiwan),Taiwan,49.8,42.3,42.7,55.3,100.0,39.9,https://www.timeshighereducation.com/world-university-rankings/national-yang-ming-chiao-tung-university-nycu-taiwan,"['No 1001', 'Daxue Road East District']",Hsinchu City,Northwestern Taiwan,30010,Taiwan
401–500,401,Nazarbayev University,Kazakhstan,49.8,26.5,30.3,76.8,44.4,72.2,https://www.timeshighereducation.com/world-university-rankings/nazarbayev-university,53 Kabanbay Batyr Avenue,Astana City,Astana,Z05 H0P9,Kazakhstan
401–500,401,Near East University,Northern Cyprus,49.8,27.4,21.7,78.5,54.4,90.0,https://www.timeshighereducation.com/world-university-rankings/near-east-university,Near East Boulevard,Nicosia,Mersin 10,99138,Northern Cyprus
401–500,401,Northumbria University,United Kingdom,49.8,23.6,25.5,80.5,47.8,91.4,https://www.timeshighereducation.com/world-university-rankings/northumbria-university,Northumberland Road Sutherland Building,Newcastle upon Tyne,Tyne and Wear,NE1 8ST,United Kingdom
401–500,401,Polytechnic University of Turin,Italy,49.8,31.6,30.0,71.0,86.7,56.6,https://www.timeshighereducation.com/world-university-rankings/polytechnic-university-turin,Corso Duca degli Abruzzi 24,,Torino,10129,Italy
401–500,401,Pontificia Universidad Católica de Chile,Chile,49.8,33.5,38.6,61.9,80.2,58.1,https://www.timeshighereducation.com/world-university-rankings/pontificia-universidad-catolica-de-chile,Avenida Libertador Bernardo O Higgins 340,Santiago,Santiago,8331150,Chile
401–500,401,Prince Sattam Bin Abdulaziz University,Saudi Arabia,49.8,25.4,28.8,80.8,57.7,79.7,https://www.timeshighereducation.com/world-university-rankings/prince-sattam-bin-abdulaziz-university,Prince Faisal bin Bandar St,Al Kharj,Riyadh Province,16278,Saudi Arabia
401–500,401,Princess Nourah bint Abdulrahman University,Saudi Arabia,49.8,29.3,21.8,78.5,33.1,85.0,https://www.timeshighereducation.com/world-university-rankings/princess-nourah-bint-abdulrahman-university,Al Imam Abdullah Ibn Saud Ibn,Riyadh,Riyadh Province,11564,Saudi Arabia
401–500,401,Quaid-i-Azam University,Pakistan,49.8,28.8,24.5,84.7,40.6,56.1,https://www.timeshighereducation.com/world-university-rankings/quaid-i-azam-university,Quaid-i-Azam University,,Islamabad,45320,Pakistan
401–500,401,Roskilde University,Denmark,49.8,25.9,34.1,74.6,73.9,54.7,https://www.timeshighereducation.com/world-university-rankings/roskilde-university,P.O. Box 260,Roskilde,Copenhagen,DK- 4000,Denmark
401–500,401,"Royal Holloway, University of London",United Kingdom,49.8,32.3,28.9,72.2,65.1,92.5,https://www.timeshighereducation.com/world-university-rankings/royal-holloway-university-london,Egham Hill,Egham,Surrey,TW20 0EX,United Kingdom
401–500,401,Rush University,United States,49.8,44.5,16.4,80.6,63.5,30.4,https://www.timeshighereducation.com/world-university-rankings/rush-university,600 South Paulina Street Suite 440,Chicago,Illinois,60612,United States
401–500,401,Saint Louis University,United States,49.8,43.8,17.7,73.5,64.4,47.5,https://www.timeshighereducation.com/world-university-rankings/saint-louis-university,1 North Grand Boulevard,Saint Louis,Missouri,63103,United States
401–500,401,Shoolini University of Biotechnology and Management Sciences,India,49.8,27.8,24.1,88.7,25.8,68.7,https://www.timeshighereducation.com/world-university-rankings/shoolini-university-biotechnology-and-management-sciences,Solan Oachghat Kumarhatti Highway,Bajhol,HP,173229,India
401–500,401,SOAS University of London,United Kingdom,49.8,38.7,34.7,59.9,38.9,79.9,https://www.timeshighereducation.com/world-university-rankings/soas-university-london,Thornhaugh Street Russell Square,London,Camden,WC1H 0XG,United Kingdom
401–500,401,Southern Cross University,Australia,49.8,24.4,29.9,72.8,66.9,79.1,https://www.timeshighereducation.com/world-university-rankings/southern-cross-university,Military Road,East Lismore,New South Wales,2480,Australia
401–500,401,Syracuse University,United States,49.8,35.5,27.9,71.1,64.4,68.7,https://www.timeshighereducation.com/world-university-rankings/syracuse-university,900 South Crouse Ave,Syracuse,New York,13244,United States
401–500,401,Taipei Medical University,Taiwan,49.8,46.3,32.2,63.6,86.6,48.6,https://www.timeshighereducation.com/world-university-rankings/taipei-medical-university,250 Wuxing Street,,Taipei,11031,Taiwan
401–500,401,Temple University,United States,49.8,43.2,22.6,79.9,70.8,41.2,https://www.timeshighereducation.com/world-university-rankings/temple-university,1801 North Broad Street,Philadelphia,Pennsylvania,19122,United States
401–500,401,The University of Tennessee-Knoxville,United States,49.8,35.4,31.3,72.4,70.8,52.8,https://www.timeshighereducation.com/world-university-rankings/university-tennessee-knoxville,1502 Cumberland Avenue,Knoxville,Tennessee,37996,United States
401–500,401,Tulane University,United States,49.8,43.0,23.4,75.8,63.8,50.2,https://www.timeshighereducation.com/world-university-rankings/tulane-university,6823 Saint Charles Avenue,New Orleans,Louisiana,70118-5645,United States
401–500,401,Umeå University,Sweden,49.8,30.0,33.1,80.2,63.2,62.1,https://www.timeshighereducation.com/world-university-rankings/umea-university,4 Universitetsorget,Umea,Vasterbotten,901 87,Sweden
401–500,401,Umm Al-Qura University,Saudi Arabia,49.8,35.4,25.3,75.7,34.5,63.2,https://www.timeshighereducation.com/world-university-rankings/umm-al-qura-university,Al Taif Road,Mecca,Makkah Province,24 382,Saudi Arabia
401–500,401,Université Laval,Canada,49.8,31.8,34.6,69.4,91.7,72.3,https://www.timeshighereducation.com/world-university-rankings/universite-laval,2325 rue de l'Universite,Quebec,Quebec,G1V 0A6,Canada
401–500,401,Universiti Sains Malaysia,Malaysia,49.8,42.9,30.3,65.8,64.5,76.5,https://www.timeshighereducation.com/world-university-rankings/universiti-sains-malaysia,"['Level 1', 'Building E42 Chancellory II Universiti']",George Town,Penang,11800,Malaysia
401–500,401,Universiti Teknologi Malaysia,Malaysia,49.8,44.5,29.5,62.0,71.1,70.7,https://www.timeshighereducation.com/world-university-rankings/universiti-teknologi-malaysia,Johor Bahru,Johor Bahru,01,81310,Malaysia
401–500,401,Universiti Utara Malaysia,Malaysia,49.8,41.1,30.2,66.2,30.1,82.1,https://www.timeshighereducation.com/world-university-rankings/universiti-utara-malaysia,UUM Sintok,,Kedah Darul Aman,06010,Malaysia
401–500,401,University of Bordeaux,France,49.8,36.8,28.0,68.6,68.3,64.6,https://www.timeshighereducation.com/world-university-rankings/university-bordeaux,351 Cours De La Liberation CS10004 Talence Cedex,Bordeaux,Gironde,33405,France
401–500,401,"University of California, Merced",United States,49.8,31.6,29.0,86.7,58.0,47.7,https://www.timeshighereducation.com/world-university-rankings/university-california-merced,5200 North Lake Rd.,Merced,California,95343,United States
401–500,401,University of Canberra,Australia,49.8,25.7,31.0,76.0,57.0,89.1,https://www.timeshighereducation.com/world-university-rankings/university-canberra,University Drive,Bruce,Australian Capital Territory,ACT 2617,Australia
401–500,401,University of Central Florida,United States,49.8,29.1,32.8,77.2,74.3,36.8,https://www.timeshighereducation.com/world-university-rankings/university-central-florida,4000 Central Florida Boulevard,Orlando,Florida,32816,United States
401–500,401,University of Coimbra,Portugal,49.8,33.8,42.1,61.5,81.4,54.7,https://www.timeshighereducation.com/world-university-rankings/university-coimbra,Paco das Escolas,Coimbra,Coimbra,3004-531,Portugal
401–500,401,University of Cyprus,Cyprus,49.8,28.9,30.7,69.2,70.2,74.1,https://www.timeshighereducation.com/world-university-rankings/university-cyprus,1 Panepistimiou Avenue Aglantzia,Nicosia,Nicosia,1678,Cyprus
401–500,401,University of Delaware,United States,49.8,36.1,32.0,68.5,80.4,58.1,https://www.timeshighereducation.com/world-university-rankings/university-delaware,210 South College Avenue,Newark,Delaware,19716,United States
401–500,401,University of Eastern Finland,Finland,49.8,28.6,31.1,76.6,67.6,49.7,https://www.timeshighereducation.com/world-university-rankings/university-eastern-finland,Microkatu 1,Kuopio,Eastern Finland Region,70210,Finland
401–500,401,University of Fribourg,Switzerland,49.8,39.1,33.8,62.4,71.9,81.3,https://www.timeshighereducation.com/world-university-rankings/university-fribourg,Avenue de l Europe 20,Fribourg,Canton of Fribourg,1700,Switzerland
401–500,401,University of Genoa,Italy,49.8,39.4,30.9,74.6,76.2,46.9,https://www.timeshighereducation.com/world-university-rankings/university-genoa,"['Via Balbi', '5']",,Genova,16126,Italy
401–500,401,University of Greifswald,Germany,49.8,35.1,31.3,69.5,58.3,51.4,https://www.timeshighereducation.com/world-university-rankings/university-greifswald,Domstrasse 11,Greifswald,Mecklenburg Vorpommern,17489,Germany
401–500,401,University of Guelph,Canada,49.8,34.8,36.7,64.1,80.0,63.6,https://www.timeshighereducation.com/world-university-rankings/university-guelph,50 Stone Road East Guelph,,Ontario,N1G 2W1,Canada
401–500,401,University of Houston,United States,49.8,33.2,26.2,73.0,68.8,75.3,https://www.timeshighereducation.com/world-university-rankings/university-houston,4800 Calhoun Road,Houston,Texas,77004-2693,United States
401–500,401,University of Jyväskylä,Finland,49.8,31.9,34.4,77.2,49.1,48.6,https://www.timeshighereducation.com/world-university-rankings/university-jyvaskyla,Seminaarinkatu 15,Jyvaskyla,Keski Suomi,40014,Finland
401–500,401,University of Kent,United Kingdom,49.8,29.5,28.4,73.2,64.4,92.6,https://www.timeshighereducation.com/world-university-rankings/university-kent,Canterbury,Canterbury,Kent,CT2 7NZ,United Kingdom
401–500,401,University of Kentucky,United States,49.8,44.0,29.6,68.8,71.1,43.6,https://www.timeshighereducation.com/world-university-rankings/university-kentucky,410 Administration Drive,Lexington,Kentucky,40506,United States
401–500,401,University of Lisbon,Portugal,49.8,31.1,41.8,66.8,75.3,60.3,https://www.timeshighereducation.com/world-university-rankings/university-lisbon,Alameda da Universidade,Lisbon,Lisbon District,1649,Portugal
401–500,401,University of Marburg,Germany,49.8,37.8,32.1,72.0,70.8,61.9,https://www.timeshighereducation.com/world-university-rankings/university-marburg,Biegenstrasse 10,Marburg,Hesse,35037,Germany
401–500,401,University of Milan-Bicocca,Italy,49.8,25.1,27.1,87.7,68.1,46.3,https://www.timeshighereducation.com/world-university-rankings/university-milan-bicocca,1 Piazza dell Ateneo Nuovo,Milan,Lombardy Region,20126,Italy
401–500,401,University of Nizwa,Oman,49.8,28.1,26.0,76.2,34.0,83.0,https://www.timeshighereducation.com/world-university-rankings/university-nizwa,PO Box 33,Birkat Al Mawz,Al Dakhiliyah Governorate,616,Oman
401–500,401,University of Oregon,United States,49.8,34.7,30.0,75.7,73.8,41.4,https://www.timeshighereducation.com/world-university-rankings/university-oregon,1585 East 13th Avenue,Eugene,Oregon,97403,United States
401–500,401,University of Porto,Portugal,49.8,33.7,39.1,70.2,67.8,56.0,https://www.timeshighereducation.com/world-university-rankings/university-porto,Praca Gomes Teixeira,Porto,Porto,4099-002,Portugal
401–500,401,University of Portsmouth,United Kingdom,49.8,22.0,20.1,88.7,51.1,94.5,https://www.timeshighereducation.com/world-university-rankings/university-portsmouth,Winston Churchill Avenue University House,Portsmouth,Hampshire,PO1 2UP,United Kingdom
401–500,401,University of Regensburg,Germany,49.8,36.3,30.8,70.9,67.6,58.4,https://www.timeshighereducation.com/world-university-rankings/university-regensburg,31 University Street,Regensburg,Bavaria,93053,Germany
401–500,401,University of South Carolina-Columbia,United States,49.8,35.9,24.0,74.8,64.6,56.0,https://www.timeshighereducation.com/world-university-rankings/university-south-carolina-columbia,University of South Carolina,Columbia,South Carolina,29208,United States
401–500,401,University of Tehran,Iran,49.8,38.3,31.1,70.1,65.0,36.1,https://www.timeshighereducation.com/world-university-rankings/university-tehran,16th Azar St. Enghelab Sq,Tehran,Tehran,,Iran
401–500,401,University of Texas at Dallas,United States,49.8,29.2,26.6,76.6,73.8,63.4,https://www.timeshighereducation.com/world-university-rankings/university-texas-dallas,800 West Campbell Road,Richardson,Texas,75080-3021,United States
401–500,401,University of Turin,Italy,49.8,24.3,31.9,81.7,74.0,44.3,https://www.timeshighereducation.com/world-university-rankings/university-turin,8 Via Verdi,Turin,Piedmont,10124,Italy
401–500,401,University of Vaasa,Finland,49.8,23.7,28.1,90.5,35.6,67.4,https://www.timeshighereducation.com/world-university-rankings/university-vaasa,Wolffintie 32 PO Box 700,Vaasa,Ostrobothnia,65200,Finland
401–500,401,University of Waikato,New Zealand,49.8,24.1,31.5,72.3,74.6,88.1,https://www.timeshighereducation.com/world-university-rankings/university-waikato,Gate One Knighton Road Hillcrest,Hamilton,Waikato,3240,New Zealand
401–500,401,Victoria University of Wellington,New Zealand,49.8,29.0,33.5,73.7,62.9,75.0,https://www.timeshighereducation.com/world-university-rankings/victoria-university-wellington,PO Box 600,Wellington,Wellington,6140,New Zealand
401–500,401,Virginia Commonwealth University,United States,49.8,38.1,23.0,81.3,75.3,35.4,https://www.timeshighereducation.com/world-university-rankings/virginia-commonwealth-university,821 W Franklin Street,Richmond,Virginia,23284,United States
401–500,401,Wake Forest University,United States,49.8,38.0,23.2,80.5,92.3,38.7,https://www.timeshighereducation.com/world-university-rankings/wake-forest-university,1834 Wake Forest Road,Winston Salem,North Carolina,27109,United States
401–500,401,Washington State University,United States,49.8,37.3,33.1,67.8,82.8,56.2,https://www.timeshighereducation.com/world-university-rankings/washington-state-university,PO Box 645910,Pullman,Washington,99164,United States
401–500,401,York University,Canada,49.8,29.3,33.2,71.5,72.3,86.0,https://www.timeshighereducation.com/world-university-rankings/york-university,4700 Keele Street,Toronto,Ontario,M3J 1P3,Canada
401–500,401,Zayed University,United Arab Emirates,49.8,21.8,21.7,85.8,59.5,73.7,https://www.timeshighereducation.com/world-university-rankings/zayed-university,Al Thuraya Street,Dubai,DU,,United Arab Emirates
501–600,501,Alfaisal University,Saudi Arabia,46.1,24.2,19.5,73.7,50.4,97.2,https://www.timeshighereducation.com/world-university-rankings/alfaisal-university,Takhassusi Street Al Zahrawi Street,Riyadh,Riyadh Province,11533,Saudi Arabia
501–600,501,American University of Sharjah,United Arab Emirates,46.1,20.9,28.7,73.0,49.7,87.5,https://www.timeshighereducation.com/world-university-rankings/american-university-sharjah,University City PO Box 26666,Sharjah,SH,,United Arab Emirates
501–600,501,Auckland University of Technology,New Zealand,46.1,22.6,22.8,73.6,49.8,91.3,https://www.timeshighereducation.com/world-university-rankings/auckland-university-technology,55 Wellesley Street East,Auckland City,Auckland,1010,New Zealand
501–600,501,Banaras Hindu University,India,46.1,49.9,18.0,67.8,31.0,27.6,https://www.timeshighereducation.com/world-university-rankings/banaras-hindu-university,Varanasi,Varanasi,UP,221005,India
501–600,501,Bangor University,United Kingdom,46.1,28.3,26.0,70.3,63.2,87.1,https://www.timeshighereducation.com/world-university-rankings/bangor-university,Bangor,Bangor,Gwynedd,LL57 2DG,United Kingdom
501–600,501,Ca’ Foscari University of Venice,Italy,46.1,38.0,38.0,53.2,61.3,65.9,https://www.timeshighereducation.com/world-university-rankings/ca-foscari-university-venice,Dorsoduro 3246,Venice,Veneto Region,30123,Italy
501–600,501,Campus Bio-Medico University of Rome,Italy,46.1,36.9,27.2,73.3,54.1,33.6,https://www.timeshighereducation.com/world-university-rankings/campus-bio-medico-university-rome,Via Alvaro del Portillo 21,Rome,Rome,,Italy
501–600,501,Carleton University,Canada,46.1,23.4,31.5,64.9,79.2,75.4,https://www.timeshighereducation.com/world-university-rankings/carleton-university,1125 Colonel By Drive,Ottawa,Ontario,K1S 5B6,Canada
501–600,501,"China University of Petroleum, Beijing",China,46.1,34.2,38.0,56.8,96.7,26.1,https://www.timeshighereducation.com/world-university-rankings/china-university-petroleum-beijing,"['No 18', 'Fuxue Road Changping District']",Beijing,Beijing,102249,China
501–600,501,Chulalongkorn University,Thailand,46.1,39.5,31.3,56.1,82.0,46.8,https://www.timeshighereducation.com/world-university-rankings/chulalongkorn-university,Phayathai Road Pathumwan District,,10,10330,Thailand
501–600,501,"Colorado State University, Fort Collins",United States,46.1,35.0,30.2,68.7,70.7,46.2,https://www.timeshighereducation.com/world-university-rankings/colorado-state-university-fort-collins-0,900 Oval Drive,Fort Collins,Colorado,80523,United States
501–600,501,Complutense University of Madrid,Spain,46.1,43.7,34.5,57.6,56.6,49.1,https://www.timeshighereducation.com/world-university-rankings/complutense-university-madrid,Avenida de Seneca 2 Ciudad Universitaria,Madrid,M,28040,Spain
501–600,501,Constructor University,Germany,46.1,34.9,32.2,51.4,92.4,94.0,https://www.timeshighereducation.com/world-university-rankings/constructor-university,Campus Ring 1,Bremen,,28759,Germany
501–600,501,Cyprus University of Technology,Cyprus,46.1,28.9,25.6,75.1,36.3,68.5,https://www.timeshighereducation.com/world-university-rankings/cyprus-university-technology,Archiepiskopou Kyprianou 30,Limassol,Limassol,3036,Cyprus
501–600,501,Ewha Womans University,South Korea,46.1,36.9,37.3,50.3,90.9,50.9,https://www.timeshighereducation.com/world-university-rankings/ewha-womans-university,52 Ewhayeodae-gil,Seodaemun-gu,11,561-760,South Korea
501–600,501,Federation University Australia,Australia,46.1,20.9,18.2,81.5,70.5,87.5,https://www.timeshighereducation.com/world-university-rankings/federation-university-australia,University Drive PO Box 663,Mount Helen,Victoria,3350,Australia
501–600,501,Gachon University,South Korea,46.1,34.9,24.1,63.8,70.0,62.5,https://www.timeshighereducation.com/world-university-rankings/gachon-university,1342 Seongnamdae-ro Sujeong-gu District,Seongnam,41,13120,South Korea
501–600,501,Georgia State University,United States,46.1,32.9,26.7,67.1,62.5,53.3,https://www.timeshighereducation.com/world-university-rankings/georgia-state-university,"['1 Park Place', 'Suite 160 P.O. Box 3965']",Atlanta,Georgia,30303,United States
501–600,501,"Goldsmiths, University of London",United Kingdom,46.1,28.2,23.5,71.2,48.8,80.8,https://www.timeshighereducation.com/world-university-rankings/goldsmiths-university-london,New Cross,London,Lewisham,SE14 6NW,United Kingdom
501–600,501,Hamburg University of Technology,Germany,46.1,38.1,26.0,56.9,86.0,61.8,https://www.timeshighereducation.com/world-university-rankings/hamburg-university-technology,Am Schwarzenberg Campus 1,Hamburg,Hamburg,21073,Germany
501–600,501,HSE University,Russian Federation,46.1,31.7,43.7,54.6,90.7,49.2,https://www.timeshighereducation.com/world-university-rankings/hse-university,Myasnitskaya ulitsa 20,Idaho,Moscow,101000,Russian Federation
501–600,501,Imam Abdulrahman Bin Faisal University,Saudi Arabia,46.1,33.4,19.5,75.4,26.6,75.7,https://www.timeshighereducation.com/world-university-rankings/imam-abdulrahman-bin-faisal-university,King Faisal Road,Dammam,Eastern Province,34325,Saudi Arabia
501–600,501,Indian Institute of Technology Indore,India,46.1,42.9,28.9,63.9,40.9,36.0,https://www.timeshighereducation.com/world-university-rankings/indian-institute-technology-indore,Khandwa Road,Simrol,Indore,453552,India
501–600,501,Istanbul Technical University,Turkey,46.1,39.7,41.7,50.4,93.0,44.1,https://www.timeshighereducation.com/world-university-rankings/istanbul-technical-university,Rectorate Building,Maslak,Istanbul,34467,Turkey
501–600,501,Jagiellonian University,Poland,46.1,43.8,33.6,51.1,54.2,45.7,https://www.timeshighereducation.com/world-university-rankings/jagiellonian-university,ul. Golebia 24,Krakow,Lesser Poland Voivodeship,31-007,Poland
501–600,501,Jiangsu University,China,46.1,28.0,18.0,83.6,75.1,54.9,https://www.timeshighereducation.com/world-university-rankings/jiangsu-university,301 Xuefu Road,Zhenjiang,Jiangsu,212013,China
501–600,501,Jinan University (China),China,46.1,26.7,25.9,77.8,65.9,57.1,https://www.timeshighereducation.com/world-university-rankings/jinan-university-china,"['No. 601', 'Huangpu Avenue West Tianhe District']",Guangzhou City,Guangdong Province,510632,China
501–600,501,Juntendo University,Japan,46.1,37.3,17.2,74.5,83.1,26.3,https://www.timeshighereducation.com/world-university-rankings/juntendo-university,2-1-1 Hongo Bunkyo-ku,,13,113-8421,Japan
501–600,501,Keele University,United Kingdom,46.1,23.5,22.6,75.5,63.8,82.3,https://www.timeshighereducation.com/world-university-rankings/keele-university,Keele,Newcastle under Lyme,Staffordshire,ST5 5BG,United Kingdom
501–600,501,KIIT University,India,46.1,43.0,20.9,63.5,60.6,45.6,https://www.timeshighereducation.com/world-university-rankings/kiit-university,Patia Bhubaneswar,,OD,751024,India
501–600,501,Konkuk University,South Korea,46.1,34.2,38.8,50.2,96.4,63.7,https://www.timeshighereducation.com/world-university-rankings/konkuk-university,120 Neungdongro,Gwangjingu,11,05029,South Korea
501–600,501,Kyungpook National University (KNU),South Korea,46.1,34.8,38.5,51.0,96.1,52.3,https://www.timeshighereducation.com/world-university-rankings/kyungpook-national-university-knu,80 Daehakro,Bukgu,27,41566,South Korea
501–600,501,Lincoln University (New Zealand),New Zealand,46.1,29.1,25.6,62.2,53.5,91.0,https://www.timeshighereducation.com/world-university-rankings/lincoln-university-new-zealand,Ellesmere Junction Road PO Box 85084,Lincoln,Canterbury,7647,New Zealand
501–600,501,Liverpool John Moores University,United Kingdom,46.1,19.7,19.7,83.8,51.2,79.9,https://www.timeshighereducation.com/world-university-rankings/liverpool-john-moores-university,Ground Floor Exchange Station Tithebarn Street,Liverpool,Merseyside,L2 2QP,United Kingdom
501–600,501,Lovely Professional University,India,46.1,24.6,17.6,87.6,31.5,53.9,https://www.timeshighereducation.com/world-university-rankings/lovely-professional-university,Jalandhar-Delhi G.T. Road (NH-1),Phagwara,PB,144411,India
501–600,501,Mahatma Gandhi University,India,46.1,46.5,28.5,63.6,36.4,30.0,https://www.timeshighereducation.com/world-university-rankings/mahatma-gandhi-university,Priyadharshini Hills,Kottayam,KL,686560,India
501–600,501,Massey University,New Zealand,46.1,30.1,29.2,62.3,81.6,86.2,https://www.timeshighereducation.com/world-university-rankings/massey-university,Tennent Drive,Palmerston North,Manawatu Whanganui,4410,New Zealand
501–600,501,Maynooth University,Ireland,46.1,23.5,34.4,68.7,50.5,75.0,https://www.timeshighereducation.com/world-university-rankings/maynooth-university,Maynooth University,Maynooth,County Kildare,W23 N7P8,Ireland
501–600,501,Memorial University of Newfoundland,Canada,46.1,30.3,25.7,65.2,82.1,86.2,https://www.timeshighereducation.com/world-university-rankings/memorial-university-newfoundland,PO Box 4200,Saint Johns,Newfoundland and Labrador,A1C 5S7,Canada
501–600,501,Middlesex University,United Kingdom,46.1,22.4,18.7,76.1,45.3,92.5,https://www.timeshighereducation.com/world-university-rankings/middlesex-university,"['The Burroughs', 'Hendon']",London,London,NW4 4BT,United Kingdom
501–600,501,Missouri University of Science and Technology,United States,46.1,27.9,29.5,64.1,89.0,75.2,https://www.timeshighereducation.com/world-university-rankings/missouri-university-science-and-technology,1870 Miner Circle,Rolla,Missouri,65409,United States
501–600,501,Mizzou - University of Missouri,United States,46.1,39.8,26.2,63.6,69.3,52.0,https://www.timeshighereducation.com/world-university-rankings/mizzou-university-missouri,230 Jesse Hall,Columbia,Missouri,65211,United States
501–600,501,National Cheng Kung University (NCKU),Taiwan,46.1,36.9,41.3,52.0,99.8,42.3,https://www.timeshighereducation.com/world-university-rankings/national-cheng-kung-university-ncku,No 1 Dasyue Road,Tainan,East District,701,Taiwan
501–600,501,National Taiwan Normal University,Taiwan,46.1,36.7,32.3,56.2,86.4,54.4,https://www.timeshighereducation.com/world-university-rankings/national-taiwan-normal-university,"['162', 'Section 1 Heping East Road']",,TPE,106,Taiwan
501–600,501,National Yunlin University of Science and Technology,Taiwan,46.1,21.1,28.9,81.8,79.9,48.2,https://www.timeshighereducation.com/world-university-rankings/national-yunlin-university-science-and-technology,No. 123 University Road Section 3,Douliou,Yunlin,640301,Taiwan
501–600,501,New Jersey Institute of Technology,United States,46.1,27.5,23.3,65.2,68.5,91.9,https://www.timeshighereducation.com/world-university-rankings/new-jersey-institute-technology,University Heights,Newark,New Jersey,07102-1982,United States
501–600,501,"Northeastern University, China",China,46.1,31.7,31.4,63.9,96.2,35.4,https://www.timeshighereducation.com/world-university-rankings/northeastern-university-china,"['No. 11 Lane 3', 'Wenhua Road Heping District']",Shenyang,Liaoning Province,110819,China
501–600,501,NOVA University of Lisbon,Portugal,46.1,30.2,36.4,59.7,75.8,62.0,https://www.timeshighereducation.com/world-university-rankings/nova-university-lisbon,Campus de Campolide,Lisboa,Lisbon District,1099-085,Portugal
501–600,501,Polytechnic University of Bari,Italy,46.1,27.0,31.1,72.8,73.9,36.7,https://www.timeshighereducation.com/world-university-rankings/polytechnic-university-bari,"['Via Giovanni Amendola', '126/B']",,Bari,70126,Italy
501–600,501,Pusan National University,South Korea,46.1,41.6,39.6,49.1,95.3,45.1,https://www.timeshighereducation.com/world-university-rankings/pusan-national-university,"['2', 'Busandaehakro 63 Beongil']",Geumjeong,26,46241,South Korea
501–600,501,Rensselaer Polytechnic Institute,United States,46.1,38.9,27.9,58.1,85.1,72.6,https://www.timeshighereducation.com/world-university-rankings/rensselaer-polytechnic-institute,110 Eighth Street,Troy,New York,12180,United States
501–600,501,Royal Veterinary College,United Kingdom,46.1,31.9,21.5,66.2,64.4,93.0,https://www.timeshighereducation.com/world-university-rankings/royal-veterinary-college,Royal College Street,London,London,NW1 0TU,United Kingdom
501–600,501,RPTU University Kaiserslautern-Landau,Germany,46.1,36.1,30.9,56.3,83.2,51.1,https://www.timeshighereducation.com/world-university-rankings/rptu-university-kaiserslautern-landau,Gottlieb-Daimler-Strasse,,Kaiserslautern,67663,Germany
501–600,501,Saarland University,Germany,46.1,32.5,19.2,73.1,68.7,78.8,https://www.timeshighereducation.com/world-university-rankings/saarland-university,Saarland University Campus,Saarbrucken,Saarland,66123,Germany
501–600,501,Shanghai University,China,46.1,31.5,37.6,64.3,93.6,37.3,https://www.timeshighereducation.com/world-university-rankings/shanghai-university,99 Shangda Road,BaoShaun District,Shanghai,200444,China
501–600,501,Shiraz University of Technology,Iran,46.1,34.2,22.4,77.6,45.6,38.4,https://www.timeshighereducation.com/world-university-rankings/shiraz-university-technology,Modarres Boulevard,Shiraz,Fars,7155713876,Iran
501–600,501,"Soochow University, China",China,46.1,29.3,26.4,77.6,92.8,27.1,https://www.timeshighereducation.com/world-university-rankings/soochow-university-china,No 1 Shizi Street Gusu District,Suzhou City,Jiangsu Province,,China
501–600,501,Stevens Institute of Technology,United States,46.1,27.6,25.2,72.2,67.8,79.2,https://www.timeshighereducation.com/world-university-rankings/stevens-institute-technology,1 Castle Point on Hudson,Hoboken,New Jersey,07030,United States
501–600,501,Sultan Qaboos University,Oman,46.1,30.9,24.6,70.1,40.7,73.9,https://www.timeshighereducation.com/world-university-rankings/sultan-qaboos-university,P.O. Box 50,,Al-khod,123,Oman
501–600,501,Tashkent Institute of Irrigation and Agricultural Mechanisation,Uzbekistan,46.1,35.9,13.6,79.9,49.4,51.2,https://www.timeshighereducation.com/world-university-rankings/tashkent-institute-irrigation-and-agricultural-mechanisation,39 Kori Niyazi Street,Tashkent City,Tashkent Province,100000,Uzbekistan
501–600,501,Tehran University of Medical Sciences,Iran,46.1,49.0,27.7,56.8,84.2,42.7,https://www.timeshighereducation.com/world-university-rankings/tehran-university-medical-sciences,Pour Sina Street District 6,Tehran,23,,Iran
501–600,501,The University of Tulsa,United States,46.1,41.4,17.5,70.6,58.8,60.7,https://www.timeshighereducation.com/world-university-rankings/university-tulsa,800 South Tucker Drive,Tulsa,Oklahoma,74104,United States
501–600,501,TU Dortmund University,Germany,46.1,36.0,35.3,57.0,71.5,56.5,https://www.timeshighereducation.com/world-university-rankings/tu-dortmund-university,August Schmidt Strasse 4,Dortmund,North Rhine Westphalia,44227,Germany
501–600,501,UEH University,Vietnam,46.1,13.0,21.8,92.1,50.1,53.6,https://www.timeshighereducation.com/world-university-rankings/ueh-university,59C Nguyen Dinh Chieu District 3,Ho Chi Minh City,Ho Chi Minh,,Vietnam
501–600,501,Université du Québec,Canada,46.1,33.4,33.5,57.1,73.2,76.7,https://www.timeshighereducation.com/world-university-rankings/universite-du-quebec,475 Rue du Parvis,Quebec City,Quebec,G1K 9H7,Canada
501–600,501,Universiti Putra Malaysia,Malaysia,46.1,40.7,31.6,51.7,57.1,82.5,https://www.timeshighereducation.com/world-university-rankings/universiti-putra-malaysia,Serdang,Selangor,10,43400,Malaysia
501–600,501,University of Bradford,United Kingdom,46.1,21.4,21.4,76.1,58.5,93.3,https://www.timeshighereducation.com/world-university-rankings/university-bradford,Richmond Road,Bradford,West Yorkshire,BD7 1DP,United Kingdom
501–600,501,University of Catania,Italy,46.1,31.4,22.0,78.7,59.0,47.2,https://www.timeshighereducation.com/world-university-rankings/university-catania,"['Piazza Università', '2']",,Catania,95131,Italy
501–600,501,University of Denver,United States,46.1,40.2,25.5,63.5,57.2,39.4,https://www.timeshighereducation.com/world-university-rankings/university-denver,2199 South University Blvd,Denver,Colorado,80208,United States
501–600,501,University of Ferrara,Italy,46.1,31.9,26.8,70.3,68.5,44.0,https://www.timeshighereducation.com/world-university-rankings/university-ferrara,35 Via Ludovico Ariosto,Ferrara,Emilia Romagna,44121,Italy
501–600,501,University of Graz,Austria,46.1,32.3,24.1,65.3,51.0,81.2,https://www.timeshighereducation.com/world-university-rankings/university-graz,Universitatsplatz 3,Graz,Styria Province,8010,Austria
501–600,501,University of Haifa,Israel,46.1,29.6,31.2,68.6,65.0,34.6,https://www.timeshighereducation.com/world-university-rankings/university-haifa,199 Aba Khoushy Avenue Mount Carmel,Haifa,Haifa District,3498838,Israel
501–600,501,University of Huddersfield,United Kingdom,46.1,25.6,23.9,73.9,51.3,89.3,https://www.timeshighereducation.com/world-university-rankings/university-huddersfield,Queensgate,Huddersfield,West Yorkshire,HD1 3DH,United Kingdom
501–600,501,University of Hull,United Kingdom,46.1,27.3,23.8,72.9,57.5,87.8,https://www.timeshighereducation.com/world-university-rankings/university-hull,Cottingham Road,Hull,Kingston upon Hull,HU6 7RX,United Kingdom
501–600,501,University of Iceland,Iceland,46.1,24.6,35.3,69.3,83.1,55.2,https://www.timeshighereducation.com/world-university-rankings/university-iceland,Samundargotu 2,Reykjavík,Reykjavík,102,Iceland
501–600,501,University of International Business and Economics,China,46.1,29.2,19.0,87.3,31.5,54.0,https://www.timeshighereducation.com/world-university-rankings/university-international-business-and-economics,No.10 Huixin East Street,Beijing,Beijing,100029,China
501–600,501,University of KwaZulu-Natal,South Africa,46.1,31.4,37.9,61.5,49.1,54.9,https://www.timeshighereducation.com/world-university-rankings/university-kwazulu-natal,"['University Road', 'Westville']",Durban,Kwazulu Natal,4000,South Africa
501–600,501,University of Limerick,Ireland,46.1,28.6,34.6,61.7,73.1,75.0,https://www.timeshighereducation.com/world-university-rankings/university-limerick,Castletroy,Limerick,Munster Province,V94 T9PX,Ireland
501–600,501,University of Manitoba,Canada,46.1,29.5,25.1,72.9,61.4,60.4,https://www.timeshighereducation.com/world-university-rankings/university-manitoba,66 Chancellors Circle,Winnipeg,Manitoba,R3T 2N2,Canada
501–600,501,University of Messina,Italy,46.1,35.6,28.1,71.8,64.3,36.6,https://www.timeshighereducation.com/world-university-rankings/university-messina,"['Piazza Pugliatti', '1']",,Messina,98122,Italy
501–600,501,University of Missouri-Kansas City,United States,46.1,30.3,24.4,75.2,64.3,45.5,https://www.timeshighereducation.com/world-university-rankings/university-missouri-kansas-city,5000 Holmes Street,Kansas City,Missouri,64110,United States
501–600,501,University of Modena and Reggio Emilia,Italy,46.1,34.7,25.7,72.9,77.9,38.9,https://www.timeshighereducation.com/world-university-rankings/university-modena-and-reggio-emilia,Via Università 4,,Modena,41121,Italy
501–600,501,University of Nebraska-Lincoln,United States,46.1,33.1,31.4,63.9,68.6,59.7,https://www.timeshighereducation.com/world-university-rankings/university-nebraska-lincoln,1400 R Street,Lincoln,Nebraska,68588,United States
501–600,501,University of Nebraska Medical Center,United States,46.1,38.5,17.3,79.4,67.3,40.8,https://www.timeshighereducation.com/world-university-rankings/university-nebraska-medical-center,42nd and Emile,Omaha,Nebraska,68198,United States
501–600,501,University of Nicosia,Cyprus,46.1,19.3,24.1,81.3,51.7,90.2,https://www.timeshighereducation.com/world-university-rankings/university-nicosia,46 Makedonitissas Avenue P.O. Box 24005,Nicosia,Nicosia,1700,Cyprus
501–600,501,University of Palermo,Italy,46.1,33.3,30.5,66.7,54.7,37.0,https://www.timeshighereducation.com/world-university-rankings/university-palermo,61 Piazza Marina,Palermo,Sicily,90133,Italy
501–600,501,University of Plymouth,United Kingdom,46.1,23.0,21.2,77.9,65.8,82.2,https://www.timeshighereducation.com/world-university-rankings/university-plymouth,Drake Circus,Plymouth,Devon,PL4 8AA,United Kingdom
501–600,501,University of Pretoria,South Africa,46.1,32.3,34.7,57.5,61.1,65.2,https://www.timeshighereducation.com/world-university-rankings/university-pretoria,Lynnwood Road Hatfield,Pretoria,Gauteng Province,0002,South Africa
501–600,501,University of Salerno,Italy,46.1,30.6,30.2,72.7,63.1,36.9,https://www.timeshighereducation.com/world-university-rankings/university-salerno,Via Giovanni Paolo II 132,,Fisciano Salerno,84084,Italy
501–600,501,University of Siegen,Germany,46.1,30.4,36.7,63.6,63.6,60.0,https://www.timeshighereducation.com/world-university-rankings/university-siegen,Adolf-Reichwein-Straße 2a,,Siegen,D-57068,Germany
501–600,501,University of Stirling,United Kingdom,46.1,24.4,26.3,74.6,45.6,91.1,https://www.timeshighereducation.com/world-university-rankings/university-stirling,Stirling,Stirling,Stirling,FK9 4LA,United Kingdom
501–600,501,University of the Sunshine Coast,Australia,46.1,21.9,29.5,72.2,64.5,68.0,https://www.timeshighereducation.com/world-university-rankings/university-sunshine-coast,90 Sippy Downs Drive,Sippy Downs,Queensland,4556,Australia
501–600,501,University of Toulouse,France,46.1,32.5,30.7,62.9,71.0,67.7,https://www.timeshighereducation.com/world-university-rankings/university-toulouse,41 Allees Jules Guesde,Toulouse,Occitanie,31013,France
501–600,501,University of Trieste,Italy,46.1,34.3,27.7,72.4,57.6,50.9,https://www.timeshighereducation.com/world-university-rankings/university-trieste,Piazzale Europa 1,Trieste,Friuli Venezia Giulia,34127,Italy
501–600,501,University of Ulsan,South Korea,46.1,30.6,27.6,75.8,92.9,24.0,https://www.timeshighereducation.com/world-university-rankings/university-ulsan,93 Daehak-ro Nam-gu,,31,680-749,South Korea
501–600,501,University of Valencia,Spain,46.1,31.8,27.7,70.9,68.5,52.6,https://www.timeshighereducation.com/world-university-rankings/university-valencia,Avda. Blasco Ibáñez 13,,València,46010,Spain
501–600,501,University of Windsor,Canada,46.1,30.4,31.4,60.5,68.2,87.9,https://www.timeshighereducation.com/world-university-rankings/university-windsor,401 Sunset Avenue Windsor,,Ontario,N9B 3P4,Canada
501–600,501,UPES,India,46.1,29.6,20.9,81.5,23.2,54.3,https://www.timeshighereducation.com/world-university-rankings/upes,"['Bidholi', 'via Prem Nagar']",Dehradun,UK,248007,India
501–600,501,Victoria University,Australia,46.1,22.9,24.7,74.5,55.9,71.5,https://www.timeshighereducation.com/world-university-rankings/victoria-university,70-104 Ballarat Road Footscray,Melbourne,Victoria,3011,Australia
501–600,501,Wayne State University,United States,46.1,38.9,22.1,72.1,80.1,42.1,https://www.timeshighereducation.com/world-university-rankings/wayne-state-university,42 West Warren Avenue,Detroit,Michigan,48201,United States
501–600,501,Wroclaw Medical University,Poland,46.1,43.5,17.9,76.5,48.1,37.5,https://www.timeshighereducation.com/world-university-rankings/wroclaw-medical-university,Wybrzeze L Pasteura 1,Wroclaw,Lower Silesian Voivodeship,50-367,Poland
501–600,501,Yangzhou University,China,46.1,34.3,27.1,70.1,81.2,45.5,https://www.timeshighereducation.com/world-university-rankings/yangzhou-university,88 Daxue South Road,Yangzhou City,Jiangsu Province,,China
501–600,501,Yeungnam University,South Korea,46.1,25.1,22.9,75.3,62.8,65.2,https://www.timeshighereducation.com/world-university-rankings/yeungnam-university,280 Daehak-Ro Gyeongsan,,Gyeongbuk,712-749,South Korea
501–600,501,Zhejiang University of Technology,China,46.1,32.0,27.3,69.7,92.5,37.9,https://www.timeshighereducation.com/world-university-rankings/zhejiang-university-technology,18 Chaowang Road,Hangzhou,Zhejiang,310014,China
601–800,601,Aberystwyth University,United Kingdom,43.5,26.9,22.2,61.9,62.1,83.1,https://www.timeshighereducation.com/world-university-rankings/aberystwyth-university,Penglais Road,Aberystwyth,Ceredigion,SY23 3FL,United Kingdom
601–800,601,Air University,Pakistan,43.5,22.5,12.6,83.7,34.9,49.9,https://www.timeshighereducation.com/world-university-rankings/air-university,Service Road E-9,Islamabad,Islamabad Capital Territory,,Pakistan
601–800,601,Alborz University of Medical Sciences,Iran,43.5,41.3,12.7,67.1,27.0,27.3,https://www.timeshighereducation.com/world-university-rankings/alborz-university-medical-sciences,Taleghani Boulevard Taleghani square,Karaj,Alborz,,Iran
601–800,601,Aligarh Muslim University,India,43.5,41.3,16.8,72.4,37.2,40.9,https://www.timeshighereducation.com/world-university-rankings/aligarh-muslim-university,Aligarh Muslim University Aligarh,Uttar Pradesh,UP,202001,India
601–800,601,Amedeo Avogadro University of Eastern Piedmont,Italy,43.5,25.6,24.8,70.6,52.9,47.8,https://www.timeshighereducation.com/world-university-rankings/amedeo-avogadro-university-eastern-piedmont,via Duomo 6,Vercelli,Vercelli,13100,Italy
601–800,601,American University,United States,43.5,35.7,18.6,63.6,41.6,43.6,https://www.timeshighereducation.com/world-university-rankings/american-university,4400 Massachusetts Avenue NW,Washington,District of Columbia,20016,United States
601–800,601,American University in Cairo,Egypt,43.5,30.1,25.9,53.7,33.9,71.9,https://www.timeshighereducation.com/world-university-rankings/american-university-cairo,"['AUC Avenue', 'PO Box 74']",New Cairo,Cairo,11835,Egypt
601–800,601,American University of the Middle East,Kuwait,43.5,29.1,19.5,71.9,27.7,85.6,https://www.timeshighereducation.com/world-university-rankings/american-university-middle-east,"['250 Street', 'Building 1 Block 6']",Egaila,Al Ahmadi Governate,,Kuwait
601–800,601,"Amity University, Noida",India,43.5,28.7,17.6,76.9,42.1,50.7,https://www.timeshighereducation.com/world-university-rankings/amity-university-noida,Sector 125,Noida,UP,201313,India
601–800,601,Anglia Ruskin University (ARU),United Kingdom,43.5,18.5,14.6,83.6,34.1,91.0,https://www.timeshighereducation.com/world-university-rankings/anglia-ruskin-university-aru,East Road,Cambridge,Cambridgeshire,CB1 1PT,United Kingdom
601–800,601,Auburn University,United States,43.5,36.5,27.9,55.6,71.8,54.6,https://www.timeshighereducation.com/world-university-rankings/auburn-university,182 South College Street,Auburn,Alabama,36849,United States
601–800,601,Babol Noshirvani University of Technology,Iran,43.5,22.1,21.9,86.1,36.3,28.3,https://www.timeshighereducation.com/world-university-rankings/babol-noshirvani-university-technology,Shariati Avenue,Babol,Mazandaran,4714871167,Iran
601–800,601,Babol University of Medical Sciences,Iran,43.5,40.7,12.6,71.1,22.3,23.2,https://www.timeshighereducation.com/world-university-rankings/babol-university-medical-sciences,Ganjafrooz Street,Babol,Mazandaran,47176-4774,Iran
601–800,601,Bahauddin Zakariya University,Pakistan,43.5,23.7,18.1,75.0,25.2,49.5,https://www.timeshighereducation.com/world-university-rankings/bahauddin-zakariya-university,Bosan Road,Multan,Punjab,,Pakistan
601–800,601,Bar-Ilan University,Israel,43.5,33.8,34.8,52.6,65.9,32.8,https://www.timeshighereducation.com/world-university-rankings/bar-ilan-university,Anna and Max Webb,Ramat Gan,Tel Aviv District,5290002,Israel
601–800,601,Beirut Arab University,Lebanon,43.5,43.0,17.3,46.3,21.8,88.2,https://www.timeshighereducation.com/world-university-rankings/beirut-arab-university,Riad El Solh PO Box 11-5020,Beirut,Beirut Governorate,11072809,Lebanon
601–800,601,Ben-Gurion University of the Negev,Israel,43.5,35.5,25.3,57.3,65.2,36.0,https://www.timeshighereducation.com/world-university-rankings/ben-gurion-university-negev,1 Ben Gurion Boulevard PO Box 653,Beer Sheva,Negev,8410501,Israel
601–800,601,Bharathiar University,India,43.5,35.9,25.9,55.7,45.4,31.2,https://www.timeshighereducation.com/world-university-rankings/bharathiar-university,The Registrar Bharathiar University,Coimbatore,TN,641046,India
601–800,601,Bilkent University,Turkey,43.5,28.4,35.5,51.3,99.5,63.2,https://www.timeshighereducation.com/world-university-rankings/bilkent-university,Bilkent,Bilkent,06,06800,Turkey
601–800,601,Capital Medical University,China,43.5,36.9,21.2,64.0,57.2,23.2,https://www.timeshighereducation.com/world-university-rankings/capital-medical-university,10 Xitoutiao Youanmen,Fengtai,Beijing,100069,China
601–800,601,Centrale Nantes,France,43.5,39.9,31.2,41.7,86.1,85.4,https://www.timeshighereducation.com/world-university-rankings/centrale-nantes,1 rue de la Noë,Nantes,Pays de la Loire,44321,France
601–800,601,Central University of Punjab,India,43.5,30.3,19.8,78.7,26.5,29.2,https://www.timeshighereducation.com/world-university-rankings/central-university-punjab,Central University of Punjab VPO-Ghudda,Bathinda,PB,151401,India
601–800,601,Chang Gung University,Taiwan,43.5,25.8,35.3,50.2,96.1,29.6,https://www.timeshighereducation.com/world-university-rankings/chang-gung-university,"['No. 259', 'Wenhua 1st Road']",Guishan District,Taoyuan,33302,Taiwan
601–800,601,Charles Sturt University,Australia,43.5,18.8,20.2,72.3,52.2,59.2,https://www.timeshighereducation.com/world-university-rankings/charles-sturt-university,Panorama Avenue,Bathurst,New South Wales,NSW 2795,Australia
601–800,601,Chitkara University,India,43.5,21.1,14.7,91.0,22.7,28.2,https://www.timeshighereducation.com/world-university-rankings/chitkara-university,Patiala National Highway NH 64,Chandigarh,PB,140401,India
601–800,601,City University of Macau,Macao,43.5,30.8,17.1,59.7,18.9,93.5,https://www.timeshighereducation.com/world-university-rankings/city-university-macau,Av. Padre Tomas Pereira,Macao,Macao,,Macao
601–800,601,Claude Bernard University Lyon 1,France,43.5,27.0,26.4,62.6,70.1,60.2,https://www.timeshighereducation.com/world-university-rankings/claude-bernard-university-lyon-1,43 Blvd du 11 Novembre 1918,69622 Villeurbanne cedex,Lyon,,France
601–800,601,COMSATS University Islamabad,Pakistan,43.5,19.8,16.9,86.2,43.5,50.9,https://www.timeshighereducation.com/world-university-rankings/comsats-university-islamabad,Park Road,Tarlai Kalan,Islamabad,45550,Pakistan
601–800,601,Concordia University,Canada,43.5,24.5,25.8,63.7,68.0,74.7,https://www.timeshighereducation.com/world-university-rankings/concordia-university,1455 De Maisonneuve Boulevard West,Montreal,Quebec,H3G 1M8,Canada
601–800,601,Coventry University,United Kingdom,43.5,21.6,15.1,73.5,44.9,94.4,https://www.timeshighereducation.com/world-university-rankings/coventry-university,Priory Street,Coventry,West Midlands,CV1 5FB,United Kingdom
601–800,601,Cyprus International University,Northern Cyprus,43.5,17.8,12.1,83.5,17.5,83.9,https://www.timeshighereducation.com/world-university-rankings/cyprus-international-university,,Nicosia District,Haspolat Region,99258,Northern Cyprus
601–800,601,Czech University of Life Sciences Prague (CZU),Czechia,43.5,25.1,17.5,64.9,47.3,78.5,https://www.timeshighereducation.com/world-university-rankings/czech-university-life-sciences-prague-czu,Kamýcká 129,165 21 Praha 6,Suchdol,,Czechia
601–800,601,De Montfort University,United Kingdom,43.5,17.7,16.4,70.5,50.4,92.9,https://www.timeshighereducation.com/world-university-rankings/de-montfort-university,The Gateway,Leicester,Leicestershire,LE1 9BH,United Kingdom
601–800,601,Dhofar University,Oman,43.5,16.9,19.0,80.8,27.8,79.4,https://www.timeshighereducation.com/world-university-rankings/dhofar-university,PO Box 2509,Salalah,Dhofar Governate,211,Oman
601–800,601,Duy Tan University,Vietnam,43.5,12.8,17.0,91.9,27.9,55.2,https://www.timeshighereducation.com/world-university-rankings/duy-tan-university,254 Nguyen Van Linh,Danang,Danang Province,,Vietnam
601–800,601,East China University of Science and Technology,China,43.5,31.1,29.1,63.3,96.6,22.9,https://www.timeshighereducation.com/world-university-rankings/east-china-university-science-and-technology,130 Meilong Road Xuhui District,Shanghai City,Shanghai,200237,China
601–800,601,Eastern Mediterranean University,Northern Cyprus,43.5,20.2,12.7,77.2,30.9,77.3,https://www.timeshighereducation.com/world-university-rankings/eastern-mediterranean-university,Via Mersin 10,Famagusta,Famagusta,99628,Northern Cyprus
601–800,601,École des Mines de Saint-Étienne,France,43.5,47.3,31.3,30.1,78.9,72.0,https://www.timeshighereducation.com/world-university-rankings/ecole-des-mines-de-saint-etienne,"['158', 'cours Fauriel Cedex 2']",Saint-Etienne,Saint Remy de Provence,42023,France
601–800,601,École Nationale des Travaux Publics de l'État (ENTPE),France,43.5,36.4,37.2,41.8,80.1,71.7,https://www.timeshighereducation.com/world-university-rankings/ecole-nationale-des-travaux-publics-de-letat-entpe,3 rue Maurice Audin Vaulx-en-Velin Cedex,Lyon,Auvergne Rhone Alpes Region,69518,France
601–800,601,Edinburgh Napier University,United Kingdom,43.5,17.5,19.7,75.3,41.2,90.3,https://www.timeshighereducation.com/world-university-rankings/edinburgh-napier-university,Sighthill Court,Edinburgh,Midlothian,EH11 4BN,United Kingdom
601–800,601,Egypt-Japan University of Science and Technology (E-JUST),Egypt,43.5,30.7,27.4,65.0,40.8,53.3,https://www.timeshighereducation.com/world-university-rankings/egypt-japan-university-science-and-technology-e-just,Neighbouring Second Department of Burj Al Abrab,,Alexandria,21934,Egypt
601–800,601,Federal University of Rio de Janeiro,Brazil,43.5,42.6,36.2,38.1,84.9,37.2,https://www.timeshighereducation.com/world-university-rankings/federal-university-rio-de-janeiro,Rua Antônio Barros de Castro 119 Cidade Universitária,,CEP,21941-853,Brazil
601–800,601,Golestan University,Iran,43.5,22.1,15.6,83.1,23.3,59.2,https://www.timeshighereducation.com/world-university-rankings/golestan-university,P.O. Box: 155,Gorgan,27,15759-4913,Iran
601–800,601,Government College University Faisalabad,Pakistan,43.5,20.3,17.7,81.4,22.3,49.8,https://www.timeshighereducation.com/world-university-rankings/government-college-university-faisalabad,Allama Iqbal Road,Faisalabad,Punjab Province,,Pakistan
601–800,601,Graphic Era University,India,43.5,20.2,22.2,92.0,20.1,36.2,https://www.timeshighereducation.com/world-university-rankings/graphic-era-university,566/6 Bell Road Clement Town,Dehradun,UK,248002,India
601–800,601,Graz University of Technology,Austria,43.5,41.9,22.7,46.5,95.3,79.4,https://www.timeshighereducation.com/world-university-rankings/graz-university-technology,Rechbauerstraße 12,,8010 Graz,,Austria
601–800,601,Guangdong University of Technology,China,43.5,18.8,20.0,78.6,86.7,24.3,https://www.timeshighereducation.com/world-university-rankings/guangdong-university-technology,No. 100 Waihuan Xi Road Panyu District,Guangzhou,Guangdong,510006,China
601–800,601,Harbin Engineering University,China,43.5,29.7,33.8,50.6,94.1,26.0,https://www.timeshighereducation.com/world-university-rankings/harbin-engineering-university,145 Nantong Street Nangang District,Harbin,Heilongjiang,150001,China
601–800,601,Harokopio University of Athens,Greece,43.5,20.8,24.2,79.3,40.2,39.5,https://www.timeshighereducation.com/world-university-rankings/harokopio-university-athens,70 El Venizelou Street,Kallithea,Attica,17676,Greece
601–800,601,Hiroshima University,Japan,43.5,41.7,31.4,47.8,79.8,49.1,https://www.timeshighereducation.com/world-university-rankings/hiroshima-university,1-3-2 Kagamiyama,Higashi Hiroshima City,34,739-8511,Japan
601–800,601,Imam Mohammad Ibn Saud Islamic University,Saudi Arabia,43.5,33.2,22.1,64.9,36.6,83.1,https://www.timeshighereducation.com/world-university-rankings/imam-mohammad-ibn-saud-islamic-university,Airport Branch Road PO Box 4847,Riyadh,Riyadh Province,13318,Saudi Arabia
601–800,601,Indian Institute of Technology Patna,India,43.5,34.8,22.5,70.4,36.0,22.8,https://www.timeshighereducation.com/world-university-rankings/indian-institute-technology-patna,Bihta,Patna,BR,801103,India
601–800,601,"International Institute of Information Technology, Hyderabad",India,43.5,29.3,18.7,66.3,56.6,43.5,https://www.timeshighereducation.com/world-university-rankings/international-institute-information-technology-hyderabad,Gachibowl,Hyderabad,TS,500 032,India
601–800,601,Iran University of Medical Sciences,Iran,43.5,48.3,17.3,56.5,43.1,46.6,https://www.timeshighereducation.com/world-university-rankings/iran-university-medical-sciences,Hemmat Highway Milad Tower,Tehran,Tehran,1449614535,Iran
601–800,601,ISCTE-University Institute of Lisbon,Portugal,43.5,29.8,35.9,54.9,59.9,50.8,https://www.timeshighereducation.com/world-university-rankings/iscte-university-institute-lisbon,Avenida Das Forcas Armadas,Lisbon,Lisbon,1649 026,Portugal
601–800,601,Isfahan University of Medical Sciences,Iran,43.5,46.6,22.5,49.7,65.6,27.5,https://www.timeshighereducation.com/world-university-rankings/isfahan-university-medical-sciences,P.O. Box 319 Hezar-Jerib Avenue,,Isfahan,81746 7346,Iran
601–800,601,Isfahan University of Technology,Iran,43.5,34.1,27.6,59.7,84.4,36.6,https://www.timeshighereducation.com/world-university-rankings/isfahan-university-technology,"['Isfahan University of Tech. Highway', 'Esteghlal square']",Khomeyni Shahr,Isfahan,,Iran
601–800,601,Jazan University,Saudi Arabia,43.5,22.5,12.4,75.4,21.1,76.3,https://www.timeshighereducation.com/world-university-rankings/jazan-university,PO Box 114,Jazan,Jazan,45142,Saudi Arabia
601–800,601,Jiangnan University,China,43.5,29.5,25.8,68.0,92.8,22.2,https://www.timeshighereducation.com/world-university-rankings/jiangnan-university,No 1800 Lihu Avenue,Wuxi,Jiangsu,214122,China
601–800,601,Jouf University,Saudi Arabia,43.5,23.8,17.6,72.3,25.6,75.5,https://www.timeshighereducation.com/world-university-rankings/jouf-university,King Khalid Road PO Box 2014,Sakakah,Al Jouf Province,,Saudi Arabia
601–800,601,Kadir Has University,Turkey,43.5,19.4,31.7,67.1,32.8,56.1,https://www.timeshighereducation.com/world-university-rankings/kadir-has-university,Cibali District Kadir Has Street Fatih,Istanbul,Istanbul Province,34083,Turkey
601–800,601,Kafrelsheikh University,Egypt,43.5,28.7,9.6,76.9,21.6,53.1,https://www.timeshighereducation.com/world-university-rankings/kafrelsheikh-university,ElGeish St,Kafrelshiekh,KFS,,Egypt
601–800,601,Kansas State University,United States,43.5,35.1,22.9,52.6,68.4,53.2,https://www.timeshighereducation.com/world-university-rankings/kansas-state-university,919 MidCampus Drive North,Manhattan,Kansas,66506,United States
601–800,601,Keio University,Japan,43.5,37.0,28.3,49.1,73.7,41.0,https://www.timeshighereducation.com/world-university-rankings/keio-university,2-15-45 Mita Minato-ku,Tokyo,13,108-8345,Japan
601–800,601,King Faisal University,Saudi Arabia,43.5,25.6,14.8,73.7,40.4,78.4,https://www.timeshighereducation.com/world-university-rankings/king-faisal-university,PO Box 380,Ahsaa,,3198,Saudi Arabia
601–800,601,Kobe University,Japan,43.5,41.5,28.9,45.0,89.0,38.3,https://www.timeshighereducation.com/world-university-rankings/kobe-university,1-1 Rokkodai-cho Nada-ku,Kobe,Hyōgo,657-8501,Japan
601–800,601,Lehigh University,United States,43.5,33.8,22.7,61.2,67.6,71.2,https://www.timeshighereducation.com/world-university-rankings/lehigh-university,27 Memorial Drive West,Bethlehem,Pennsylvania,18015,United States
601–800,601,London Metropolitan University,United Kingdom,43.5,16.6,14.4,76.6,30.2,91.3,https://www.timeshighereducation.com/world-university-rankings/london-metropolitan-university,166-220 Holloway Road,London,London,N7 8DB,United Kingdom
601–800,601,London South Bank University,United Kingdom,43.5,18.5,13.0,75.6,48.1,95.9,https://www.timeshighereducation.com/world-university-rankings/london-south-bank-university,103 Borough Road,,London,SE1 0AA,United Kingdom
601–800,601,Lorestan University of Medical Sciences,Iran,43.5,39.1,18.4,67.9,50.2,29.2,https://www.timeshighereducation.com/world-university-rankings/lorestan-university-medical-sciences,Anooshirvan Rezaei Square,Khorramabad,Lorestan,6813833946,Iran
601–800,601,Louisiana State University,United States,43.5,34.1,20.6,60.8,65.7,46.2,https://www.timeshighereducation.com/world-university-rankings/louisiana-state-university,Baton Rouge,Baton Rouge,Louisiana,70803,United States
601–800,601,Mahidol University,Thailand,43.5,38.6,28.4,53.1,88.1,49.6,https://www.timeshighereducation.com/world-university-rankings/mahidol-university,999 Phutthamonthon 4 Road,Salaya,73,73170,Thailand
601–800,601,Majmaah University,Saudi Arabia,43.5,32.2,25.4,59.7,35.6,76.0,https://www.timeshighereducation.com/world-university-rankings/majmaah-university,Industrial Area,Al Majma ah,Riyadh Province,15341,Saudi Arabia
601–800,601,Malaviya National Institute of Technology,India,43.5,31.7,19.1,73.9,39.3,24.0,https://www.timeshighereducation.com/world-university-rankings/malaviya-national-institute-technology,Jawahar Lal Nehru Marg Jhalana Gram,Jaipur,RJ,302017,India
601–800,601,Management & Science University (MSU),Malaysia,43.5,33.2,15.0,65.8,33.4,92.1,https://www.timeshighereducation.com/world-university-rankings/management-science-university-msu,"['University Drive', 'Off Persiara Olahraga', 'Section 13']",Shah Alam,Selangor Darul Ehsan,40100,Malaysia
601–800,601,Manchester Metropolitan University,United Kingdom,43.5,20.8,19.5,78.3,42.7,83.0,https://www.timeshighereducation.com/world-university-rankings/manchester-metropolitan-university,Lower Ormond Street Ormond Building,Manchester,Greater Manchester,M15 6BX,United Kingdom
601–800,601,Manipal Academy of Higher Education,India,43.5,44.7,18.6,56.4,54.1,52.2,https://www.timeshighereducation.com/world-university-rankings/manipal-academy-higher-education,Karnataka,,Manipal,576104,India
601–800,601,Masaryk University,Czechia,43.5,26.8,32.6,57.1,51.1,66.2,https://www.timeshighereducation.com/world-university-rankings/masaryk-university,Zerotinovo namesti 9 Rektorát,Brno,Moravian Region,,Czechia
601–800,601,Mississippi State University,United States,43.5,28.5,21.2,64.8,63.2,50.5,https://www.timeshighereducation.com/world-university-rankings/mississippi-state-university,75 B. S. Hood Rd Mississippi State,,Mississippi,39762,United States
601–800,601,Nanjing Forestry University,China,43.5,21.2,23.8,83.4,61.1,27.1,https://www.timeshighereducation.com/world-university-rankings/nanjing-forestry-university,"['No159', 'Longpan Road']",Nanjing,Jiangsu,210037,China
601–800,601,Nanjing Tech University,China,43.5,24.4,18.4,68.8,87.3,34.6,https://www.timeshighereducation.com/world-university-rankings/nanjing-tech-university,"['No. 30', 'Puzhu South Road Jiangbei New District']",Nanjing,Jiangsu,211816,China
601–800,601,Nanjing University of Aeronautics and Astronautics,China,43.5,30.2,35.4,54.9,98.4,25.3,https://www.timeshighereducation.com/world-university-rankings/nanjing-university-aeronautics-and-astronautics,29 Yudao Street,Nanjing,Jiangsu,210016,China
601–800,601,Nanjing University of Science and Technology (NJUST),China,43.5,33.4,31.2,66.8,63.4,22.1,https://www.timeshighereducation.com/world-university-rankings/nanjing-university-science-and-technology-njust,200 Xiaolingwei Street Xuanwu district,Nanjing,Jiangsu Province,210094,China
601–800,601,Nantes Université,France,43.5,29.3,21.4,65.6,67.6,59.8,https://www.timeshighereducation.com/world-university-rankings/nantes-universite,"['1 Quai de Tourville', 'BP 13522']",Nantes,Nantes,44035,France
601–800,601,National Institute of Technology Rourkela,India,43.5,34.3,20.5,63.8,66.4,23.3,https://www.timeshighereducation.com/world-university-rankings/national-institute-technology-rourkela,Sector 1,Rourkela,OD,769008,India
601–800,601,National Research Nuclear University MEPhI,Russian Federation,43.5,49.3,35.0,29.2,63.4,72.6,https://www.timeshighereducation.com/world-university-rankings/national-research-nuclear-university-mephi,31 Kashirskoe Shosse,Moscow,Moscow,115409,Russian Federation
601–800,601,National Sun Yat-Sen University,Taiwan,43.5,31.5,35.1,43.6,89.0,46.7,https://www.timeshighereducation.com/world-university-rankings/national-sun-yat-sen-university,No 70 Lienhai Road,Kaohsiung City,Kaohsiung,804201,Taiwan
601–800,601,National University of Sciences and Technology,Pakistan,43.5,23.6,23.8,75.3,64.6,56.2,https://www.timeshighereducation.com/world-university-rankings/national-university-sciences-and-technology,NUST Campus H-12,,Islamabad,,Pakistan
601–800,601,New Mexico State University (Main campus),United States,43.5,26.2,24.5,66.2,56.2,45.0,https://www.timeshighereducation.com/world-university-rankings/new-mexico-state-university-main-campus,PO Box 30001,Las Cruces,New Mexico,88003,United States
601–800,601,Nottingham Trent University,United Kingdom,43.5,20.8,14.1,83.3,38.1,89.1,https://www.timeshighereducation.com/world-university-rankings/nottingham-trent-university,50 Shakespeare Street,Nottingham,Nottinghamshire,NG1 4FQ,United Kingdom
601–800,601,Obuda University,Hungary,43.5,17.4,30.9,72.8,27.2,48.8,https://www.timeshighereducation.com/world-university-rankings/obuda-university,1034 96/B Becsi ut,Budapest,Budapest,,Hungary
601–800,601,Ocean University of China,China,43.5,31.3,29.5,63.6,69.7,28.4,https://www.timeshighereducation.com/world-university-rankings/ocean-university-china,238 Songling Road Laoshan District,Qingdao,Shandong,266100,China
601–800,601,Ohio University (Main campus),United States,43.5,33.1,18.9,61.6,59.1,38.7,https://www.timeshighereducation.com/world-university-rankings/ohio-university-main-campus,1 Ohio University,Athens,Ohio,45701,United States
601–800,601,Oklahoma State University,United States,43.5,36.5,21.1,60.9,61.9,55.4,https://www.timeshighereducation.com/world-university-rankings/oklahoma-state-university,219 Student Union,Stillwater,Oklahoma,74078,United States
601–800,601,Örebro University,Sweden,43.5,19.3,25.2,78.3,50.5,54.4,https://www.timeshighereducation.com/world-university-rankings/orebro-university,Fakultetsgatan 1,Orebro,Orebro,SE 70182,Sweden
601–800,601,Otto von Guericke University of Magdeburg,Germany,43.5,34.6,18.2,56.6,57.7,72.6,https://www.timeshighereducation.com/world-university-rankings/otto-von-guericke-university-magdeburg,Universitatsplatz 2,Magdeburg,Saxony Anhalt,39106,Germany
601–800,601,Paderborn University,Germany,43.5,31.1,35.9,51.4,70.7,50.0,https://www.timeshighereducation.com/world-university-rankings/paderborn-university,100 Warburger Street,33098,North Rhine-Westphalia,33098,Germany
601–800,601,Panjab University,India,43.5,38.2,19.6,71.2,48.3,24.6,https://www.timeshighereducation.com/world-university-rankings/panjab-university,Sector 14,Chandigarh,Punjab and Haryana,160014,India
601–800,601,Paris Lodron Universität Salzburg,Austria,43.5,32.3,21.8,51.8,49.6,92.1,https://www.timeshighereducation.com/world-university-rankings/paris-lodron-universitat-salzburg,Kapitelgasse 4-6,Salzburg,Salzburg,5020,Austria
601–800,601,Parthenope University of Naples,Italy,43.5,18.9,22.8,78.0,34.8,35.4,https://www.timeshighereducation.com/world-university-rankings/parthenope-university-naples,Via Amm. F. Acton 38,Naples,Campania Region,80133,Italy
601–800,601,Polytechnic University of Valencia,Spain,43.5,32.3,26.2,50.4,86.8,57.2,https://www.timeshighereducation.com/world-university-rankings/polytechnic-university-valencia,"['Camino de Vera', 's/n']",,V,46022,Spain
601–800,601,Qassim University,Saudi Arabia,43.5,30.5,19.3,56.2,29.7,84.0,https://www.timeshighereducation.com/world-university-rankings/qassim-university,North of Prince Nayef Airport Al Mulida,Qassim,Qassim,,Saudi Arabia
601–800,601,Qazvin University of Medical Sciences,Iran,43.5,37.1,11.7,72.3,22.0,28.4,https://www.timeshighereducation.com/world-university-rankings/qazvin-university-medical-sciences,Shahid Bahonar Boulevard,Qazvin,26,34199-1531,Iran
601–800,601,Qingdao University,China,43.5,18.4,20.2,83.3,56.8,23.3,https://www.timeshighereducation.com/world-university-rankings/qingdao-university,308 Ningxia Road,Qingdao,Shandong,266071,China
601–800,601,Rochester Institute of Technology,United States,43.5,24.2,22.6,65.5,62.3,46.7,https://www.timeshighereducation.com/world-university-rankings/rochester-institute-technology,1 Lomb Memorial Drive,Rochester,New York,14623,United States
601–800,601,Rovira i Virgili University,Spain,43.5,28.2,25.1,62.5,57.5,57.6,https://www.timeshighereducation.com/world-university-rankings/rovira-i-virgili-university,Carrer de l Escorxador,Tarragona,Tarragones County,43003,Spain
601–800,601,Sciences Po,France,43.5,30.1,24.8,67.9,18.6,82.9,https://www.timeshighereducation.com/world-university-rankings/sciences-po,"['27', 'rue Saint Guillaume']",Paris,Paris,75337,France
601–800,601,Shahid Beheshti University of Medical Sciences,Iran,43.5,45.0,20.4,52.8,73.7,31.4,https://www.timeshighereducation.com/world-university-rankings/shahid-beheshti-university-medical-sciences,"['7th Floor', 'Bldg No.2 SBMU Arabi Ave Daneshjoo Blvd']",Velenjak,Tehran,198396-311,Iran
601–800,601,Sharda University,India,43.5,32.8,13.5,73.7,22.1,40.6,https://www.timeshighereducation.com/world-university-rankings/sharda-university,Plot No. 32-34 Knowledge Park III,Greater Noida,UP,201306,India
601–800,601,Shiraz University of Medical Sciences,Iran,43.5,46.6,19.5,58.6,58.0,26.8,https://www.timeshighereducation.com/world-university-rankings/shiraz-university-medical-sciences,Zand Boulevard,Shiraz,07,71348-1433,Iran
601–800,601,South China Normal University,China,43.5,24.5,24.9,67.1,75.4,35.8,https://www.timeshighereducation.com/world-university-rankings/south-china-normal-university,55 Zhongshan Avenue West Guangzhou,,Guangdong,510631,China
601–800,601,SRUC (Scotland’s Rural College),United Kingdom,43.5,25.2,14.9,75.4,28.0,65.4,https://www.timeshighereducation.com/world-university-rankings/sruc-scotlands-rural-college,West Mains Road Kings Buildings,Edinburgh,Midlothian,EH9 3JG,United Kingdom
601–800,601,Sukkur IBA University,Pakistan,43.5,19.6,26.7,77.9,26.3,50.1,https://www.timeshighereducation.com/world-university-rankings/sukkur-iba-university,Airport Road,Sukkur,Sindh,,Pakistan
601–800,601,SUNY Binghamton University,United States,43.5,33.2,26.9,54.7,64.6,44.1,https://www.timeshighereducation.com/world-university-rankings/suny-binghamton-university,4400 Vestal Parkway East,Binghamton,New York,13902,United States
601–800,601,SUNY University at Albany,United States,43.5,28.7,27.6,66.4,68.8,57.2,https://www.timeshighereducation.com/world-university-rankings/suny-university-albany,1400 Washington Avenue,Albany,New York,12222,United States
601–800,601,Symbiosis International University,India,43.5,29.3,15.8,80.2,27.0,43.3,https://www.timeshighereducation.com/world-university-rankings/symbiosis-international-university,Lavale Mulshi,Pune,MH,412115,India
601–800,601,Tabriz University of Medical Sciences,Iran,43.5,42.3,16.1,71.8,42.9,33.8,https://www.timeshighereducation.com/world-university-rankings/tabriz-university-medical-sciences,"['Tabriz University Main Street Central Building', '3F']",Tabriz,03,,Iran
601–800,601,Taif University,Saudi Arabia,43.5,16.2,16.4,77.7,23.3,76.3,https://www.timeshighereducation.com/world-university-rankings/taif-university,Airport Road Al Hawiyah Area,Taif,Western Province,21974,Saudi Arabia
601–800,601,Tallinn University of Technology,Estonia,43.5,26.2,24.9,66.0,69.2,58.4,https://www.timeshighereducation.com/world-university-rankings/tallinn-university-technology,Ehitajate tee 5,,Tallinn,19086,Estonia
601–800,601,Tarbiat Modares University,Iran,43.5,36.5,25.5,67.1,54.3,32.7,https://www.timeshighereducation.com/world-university-rankings/tarbiat-modares-university,Jalal Ale Ahmad Highway P.O. Box 14115-111,Tehran,Tehran,,Iran
601–800,601,Tecnológico de Monterrey,Mexico,43.5,26.7,26.4,59.6,68.4,65.8,https://www.timeshighereducation.com/world-university-rankings/tecnologico-de-monterrey,Avenida Eugenio Garza Sada 2501 Sur Col Tecnologico,Monterrey,Nuevo Leon,64849,Mexico
601–800,601,Teesside University,United Kingdom,43.5,20.6,14.3,72.9,29.8,87.9,https://www.timeshighereducation.com/world-university-rankings/teesside-university,Tees Valley,Middlesbrough,North Yorkshire,TS1 3BX,United Kingdom
601–800,601,Texas Tech University,United States,43.5,31.6,22.0,57.8,64.4,58.3,https://www.timeshighereducation.com/world-university-rankings/texas-tech-university,2500 Broadway,Lubbock,Texas,79409,United States
601–800,601,Thapar Institute of Engineering and Technology,India,43.5,33.3,17.6,72.5,38.9,44.5,https://www.timeshighereducation.com/world-university-rankings/thapar-institute-engineering-and-technology,P.O Box 32 Bhadson Road,Patiala,PB,147004,India
601–800,601,The Catholic University of Korea (CUK),South Korea,43.5,31.6,39.0,50.9,92.9,43.2,https://www.timeshighereducation.com/world-university-rankings/catholic-university-korea-cuk,43 Jibong-ro Wonmi-gu,Bucheon-si,41,14662,South Korea
601–800,601,The University of Aizu,Japan,43.5,27.2,14.3,63.6,58.1,81.5,https://www.timeshighereducation.com/world-university-rankings/university-aizu,Tsuruga Ikki-machi,Aizu-Wakamatsu City,07,965-8580,Japan
601–800,601,The University of Jordan,Jordan,43.5,32.0,19.5,67.2,41.6,75.9,https://www.timeshighereducation.com/world-university-rankings/university-jordan,Queen Rania Al Abdullah Street,Amman,Amman Governorate,11942,Jordan
601–800,601,The University of Texas at San Antonio,United States,43.5,21.9,23.4,75.7,60.9,40.4,https://www.timeshighereducation.com/world-university-rankings/university-texas-san-antonio,One UTSA Circle,San Antonio,Texas,78249,United States
601–800,601,Tomsk State University,Russian Federation,43.5,50.5,38.3,27.0,55.9,74.7,https://www.timeshighereducation.com/world-university-rankings/tomsk-state-university,"['36', 'Lenina Avenue']",Tomsk,Tomsk,634050,Russian Federation
601–800,601,Ton Duc Thang University,Vietnam,43.5,15.8,12.2,85.9,27.2,63.0,https://www.timeshighereducation.com/world-university-rankings/ton-duc-thang-university,19 Nguyen Huu Tho Street Tan Phong Ward,Ho Chi Minh City,Ho Chi Minh,,Vietnam
601–800,601,Toronto Metropolitan University,Canada,43.5,22.4,32.0,61.1,69.0,62.0,https://www.timeshighereducation.com/world-university-rankings/toronto-metropolitan-university,350 Victoria Street,Toronto,Ontario,M5B 2K3,Canada
601–800,601,TU Braunschweig,Germany,43.5,36.0,24.3,58.5,77.5,57.7,https://www.timeshighereducation.com/world-university-rankings/tu-braunschweig,Universitatsplatz 2 PO Box 38092 Braunschweig,Braunschweig,Lower Saxony,38106,Germany
601–800,601,"UEES, Espiritu Santo University",Ecuador,43.5,38.8,15.3,58.8,39.9,88.7,https://www.timeshighereducation.com/world-university-rankings/uees-espiritu-santo-university,Km 2.5 via La Puntilla,Samborondon,Guayas,0901952,Ecuador
601–800,601,UiT The Arctic University of Norway,Norway,43.5,27.3,23.1,67.6,48.9,66.0,https://www.timeshighereducation.com/world-university-rankings/uit-arctic-university-norway,Hansine Hansens Veg 18,Tromso,Troms og Finnmark,9037,Norway
601–800,601,Ulster University,United Kingdom,43.5,22.8,22.8,65.7,54.3,95.0,https://www.timeshighereducation.com/world-university-rankings/ulster-university,Cromore Road,Coleraine,Londonderry,BT52 1SA,United Kingdom
601–800,601,Universidade Estadual Paulista (Unesp),Brazil,43.5,45.6,35.6,36.8,62.7,39.0,https://www.timeshighereducation.com/world-university-rankings/universidade-estadual-paulista-unesp,Rua Quirino de Andrade 215,Sao Paulo,Sao Paulo,01049-010,Brazil
601–800,601,Universidade Federal do Rio Grande do Sul,Brazil,43.5,38.9,23.2,53.6,56.7,35.6,https://www.timeshighereducation.com/world-university-rankings/universidade-federal-do-rio-grande-do-sul,"['Av. Paulo Gama', '110 Bairro Farroupilha']",Porto Alegre,Rio Grande do Sul,90040-060,Brazil
601–800,601,Universitat Politècnica de Catalunya,Spain,43.5,34.2,22.6,58.7,75.8,61.7,https://www.timeshighereducation.com/world-university-rankings/universitat-politecnica-de-catalunya,31 Carrer Jordi Girona,Barcelona,Catalonia,08034,Spain
601–800,601,Université Côte d'Azur,France,43.5,30.9,20.8,61.4,65.8,81.6,https://www.timeshighereducation.com/world-university-rankings/universite-cote-dazur,Grand Chateau 28 Avenue Valrose BP 2135,Nice,Alpes Cote d Azur Region,06103,France
601–800,601,Universiti Malaysia Pahang Al-Sultan Abdullah (UMPSA),Malaysia,43.5,37.9,23.9,59.0,52.8,58.7,https://www.timeshighereducation.com/world-university-rankings/universiti-malaysia-pahang-al-sultan-abdullah-umpsa,Canseleri Tun Abdul Razak,Pekan,Pahang Darul Makmur,26600,Malaysia
601–800,601,Universiti Pendidikan Sultan Idris,Malaysia,43.5,39.4,27.6,48.4,56.2,81.4,https://www.timeshighereducation.com/world-university-rankings/universiti-pendidikan-sultan-idris,Tanjung Malim,Tanjung Malim,08,35900,Malaysia
601–800,601,Universiti Teknologi Brunei,Brunei Darussalam,43.5,29.9,14.0,68.5,33.5,68.5,https://www.timeshighereducation.com/world-university-rankings/universiti-teknologi-brunei,Jalan Tungku Link Gadong,Bandar Seri Begawan,Brunei Muara,BE1410,Brunei Darussalam
601–800,601,Universiti Tenaga Nasional (UNITEN),Malaysia,43.5,26.1,16.3,72.8,68.1,65.3,https://www.timeshighereducation.com/world-university-rankings/universiti-tenaga-nasional-uniten,Jalan IKRAM UNITEN,Kajang,10,43000,Malaysia
601–800,601,University of Alaska Fairbanks,United States,43.5,34.8,30.7,53.6,55.0,67.6,https://www.timeshighereducation.com/world-university-rankings/university-alaska-fairbanks,1731 South Chandalar Drive,Fairbanks,Alaska,99775,United States
601–800,601,University of Arkansas,United States,43.5,28.9,32.5,66.2,67.2,35.1,https://www.timeshighereducation.com/world-university-rankings/university-arkansas,Administration Building 425,Fayetteville,Arkansas,72701,United States
601–800,601,University of Aveiro,Portugal,43.5,31.6,31.5,53.8,55.3,46.3,https://www.timeshighereducation.com/world-university-rankings/university-aveiro,Avenida da Universidade,Aveiro,Aveiro District,3810-193,Portugal
601–800,601,University of Bari Aldo Moro,Italy,43.5,20.0,25.8,71.4,64.6,38.1,https://www.timeshighereducation.com/world-university-rankings/university-bari-aldo-moro,Piazza Umberto I,,Bari,70121,Italy
601–800,601,University of Beira Interior,Portugal,43.5,23.8,23.4,71.4,39.7,51.2,https://www.timeshighereducation.com/world-university-rankings/university-beira-interior,Convento de Sto. Antonio,Covilha,,6201-001,Portugal
601–800,601,University of Brighton,United Kingdom,43.5,19.9,19.3,63.4,64.9,84.7,https://www.timeshighereducation.com/world-university-rankings/university-brighton,"['Lewes Road', 'Mithras House']",Brighton,East Sussex,BN2 4AT,United Kingdom
601–800,601,University of Cagliari,Italy,43.5,33.8,24.0,64.3,62.7,40.5,https://www.timeshighereducation.com/world-university-rankings/university-cagliari,"['Via Università', '40']",,Cagliari,09124,Italy
601–800,601,University of Calabria,Italy,43.5,39.5,21.9,62.4,59.7,42.5,https://www.timeshighereducation.com/world-university-rankings/university-calabria,Via Pietro Bucci,,Arcavacata di Rende,87036,Italy
601–800,601,University of Canterbury,New Zealand,43.5,26.6,28.3,59.9,64.4,82.1,https://www.timeshighereducation.com/world-university-rankings/university-canterbury,"['20 Kirkwood Avenue', 'Ilam Road UC Warehouse']",Christchurch,Canterbury,8041,New Zealand
601–800,601,University of Crete,Greece,43.5,24.7,29.1,68.5,66.3,46.2,https://www.timeshighereducation.com/world-university-rankings/university-crete,University of Crete,Rethymnon,Crete,74100,Greece
601–800,601,University of Delhi,India,43.5,42.9,29.7,45.8,53.6,24.7,https://www.timeshighereducation.com/world-university-rankings/university-delhi,Mall Road,Delhi,DL,110007,India
601–800,601,University of Derby,United Kingdom,43.5,19.0,14.1,74.0,34.6,80.2,https://www.timeshighereducation.com/world-university-rankings/university-derby,Kedleston Road,Derby,Derbyshire,DE22 1GB,United Kingdom
601–800,601,University of Granada,Spain,43.5,31.3,29.7,60.9,60.7,53.4,https://www.timeshighereducation.com/world-university-rankings/university-granada,"['Calle Real de Cartuja', '36-38']",Granada,Andalusia,18071,Spain
601–800,601,University of Greenwich,United Kingdom,43.5,17.6,16.5,81.6,39.1,97.1,https://www.timeshighereducation.com/world-university-rankings/university-greenwich,Park Row,Greenwich,London,SE10 9LS,United Kingdom
601–800,601,University of Ha’il,Saudi Arabia,43.5,22.1,12.2,75.5,26.7,79.0,https://www.timeshighereducation.com/world-university-rankings/university-hail,P.O. Box 2440,Hail,Hail Region,,Saudi Arabia
601–800,601,University of Hertfordshire,United Kingdom,43.5,18.2,13.2,76.5,44.8,92.1,https://www.timeshighereducation.com/world-university-rankings/university-hertfordshire,College Lane,Hatfield,Hertfordshire,AL10 9AB,United Kingdom
601–800,601,University of Insubria,Italy,43.5,19.0,23.7,79.3,48.7,41.2,https://www.timeshighereducation.com/world-university-rankings/university-insubria,"['Via Ravasi', '2']",Varese,Varese,21100,Italy
601–800,601,University of Klagenfurt,Austria,43.5,34.4,19.6,60.5,49.5,89.0,https://www.timeshighereducation.com/world-university-rankings/university-klagenfurt,Universitat 65-67,Klagenfurt am Worthersee,Carinthia,9020,Austria
601–800,601,University of Lahore,Pakistan,43.5,19.8,13.0,81.8,21.4,57.2,https://www.timeshighereducation.com/world-university-rankings/university-lahore,1 - KM Raiwind Road,,Lahore,,Pakistan
601–800,601,University of L’Aquila,Italy,43.5,32.8,22.4,66.6,78.5,39.4,https://www.timeshighereducation.com/world-university-rankings/university-laquila,Palazzo Camponeschi 2 Piazza Santa Margherita,LAquila,Abruzzo,67100,Italy
601–800,601,University of Lille,France,43.5,33.6,23.4,58.5,67.0,65.1,https://www.timeshighereducation.com/world-university-rankings/university-lille,42 rue Paul Duez,Lille,Hauts de France,59000,France
601–800,601,University of Lincoln,United Kingdom,43.5,20.5,18.5,77.2,34.1,86.9,https://www.timeshighereducation.com/world-university-rankings/university-lincoln,Brayford Pool,Lincoln,Lincolnshire,LN6 7TS,United Kingdom
601–800,601,"University of Maryland, Baltimore County",United States,43.5,27.5,27.2,61.3,67.6,55.8,https://www.timeshighereducation.com/world-university-rankings/university-maryland-baltimore-county,1000 Hilltop Circle,Baltimore,Maryland,21250,United States
601–800,601,University of Minho,Portugal,43.5,28.0,33.6,57.1,82.6,48.9,https://www.timeshighereducation.com/world-university-rankings/university-minho,"['Largo do Paco', 'Building 01']",Braga,Braga District,4704-553,Portugal
601–800,601,University of Mons,Belgium,43.5,27.2,30.9,58.4,66.4,70.4,https://www.timeshighereducation.com/world-university-rankings/university-mons,Boulevard Dolez 31,Mons,Hainaut Province,7000,Belgium
601–800,601,University of Neuchâtel,Switzerland,43.5,35.0,24.2,57.8,47.1,84.5,https://www.timeshighereducation.com/world-university-rankings/university-neuchatel,Avenue du 1er Mars 26,Neuchatel,Neuchatel,2000,Switzerland
601–800,601,"University of Nevada, Las Vegas",United States,43.5,31.0,22.9,71.9,52.4,40.0,https://www.timeshighereducation.com/world-university-rankings/university-nevada-las-vegas,4505 South Maryland Parkway,Las Vegas,Nevada,89154,United States
601–800,601,University of New Brunswick UNB,Canada,43.5,23.8,19.5,67.1,63.5,81.0,https://www.timeshighereducation.com/world-university-rankings/university-new-brunswick-unb,3 Bailey Drive Sir Howard Douglas Hall,Fredericton,New Brunswick,E3B 5A3,Canada
601–800,601,University of North Carolina at Charlotte,United States,43.5,23.9,24.5,76.2,60.9,41.4,https://www.timeshighereducation.com/world-university-rankings/university-north-carolina-charlotte,9201 University City Boulevard,Charlotte,North Carolina,28223,United States
601–800,601,University of Parma,Italy,43.5,20.9,23.9,70.1,64.8,39.2,https://www.timeshighereducation.com/world-university-rankings/university-parma,"['Università', '12']",,Parma,43121,Italy
601–800,601,University of Passau,Germany,43.5,32.7,37.0,52.5,70.4,57.2,https://www.timeshighereducation.com/world-university-rankings/university-passau,Innstrasse 41,Passau,Bavaria,D-94032,Germany
601–800,601,University of Rennes 1,France,43.5,34.3,20.0,53.4,70.0,62.2,https://www.timeshighereducation.com/world-university-rankings/university-rennes-1,263 avenue General Leclerc CS 74205,Rennes Cedex,Brittany,35042,France
601–800,601,University of Santiago de Compostela,Spain,43.5,30.8,23.1,60.9,48.2,48.4,https://www.timeshighereducation.com/world-university-rankings/university-santiago-de-compostela,Praza do Obradoiro,,Santiago de Compostela,15782,Spain
601–800,601,University of Tabriz,Iran,43.5,28.6,21.4,72.8,45.5,53.3,https://www.timeshighereducation.com/world-university-rankings/university-tabriz,29 Bahman Boulevard,Tabriz,East Azerbaijan,5166616471,Iran
601–800,601,University of Tabuk,Saudi Arabia,43.5,25.1,14.5,70.3,30.1,75.3,https://www.timeshighereducation.com/world-university-rankings/university-tabuk,P.O. Box 741,Tabuk,Tabuk Province,71491,Saudi Arabia
601–800,601,University of Texas at Arlington,United States,43.5,25.0,23.0,62.2,65.9,56.2,https://www.timeshighereducation.com/world-university-rankings/university-texas-arlington,701 South Nedderman Drive,Arlington,Texas,76019,United States
601–800,601,University of the Basque Country,Spain,43.5,31.1,21.9,63.3,61.5,45.0,https://www.timeshighereducation.com/world-university-rankings/university-basque-country,Barrio Sarriena s/n,Leioa,Bizkaia,48940,Spain
601–800,601,University of the Western Cape,South Africa,43.5,22.9,24.8,68.3,24.4,62.0,https://www.timeshighereducation.com/world-university-rankings/university-western-cape,Robert Sobukwe Road,Bellville,Western Cape,7535,South Africa
601–800,601,University of the West of Scotland,United Kingdom,43.5,19.5,15.5,69.7,66.1,91.0,https://www.timeshighereducation.com/world-university-rankings/university-west-scotland,High Street,Paisley,Renfrewshire,PA1 2BE,United Kingdom
601–800,601,University of Toledo,United States,43.5,36.9,18.5,54.6,63.6,56.1,https://www.timeshighereducation.com/world-university-rankings/university-toledo,2801 West Bancroft Street,Toledo,Ohio,43606-3390,United States
601–800,601,University of Tuscia,Italy,43.5,23.8,28.7,66.5,59.7,50.6,https://www.timeshighereducation.com/world-university-rankings/university-tuscia,4 Via Santa Maria in Gradi,Viterbo,Lazio,01100,Italy
601–800,601,University of Udine,Italy,43.5,32.8,20.9,69.4,58.5,41.1,https://www.timeshighereducation.com/world-university-rankings/university-udine,Via Palladio 8,Udine,Udine,33100,Italy
601–800,601,"University of Veterinary and Animal Sciences, Lahore",Pakistan,43.5,21.2,15.5,75.6,41.6,52.8,https://www.timeshighereducation.com/world-university-rankings/university-veterinary-and-animal-sciences-lahore,Syed Abdul Qadir Jillani Road,Lahore,Punjab,54000,Pakistan
601–800,601,University of Warsaw,Poland,43.5,38.1,32.6,46.7,39.3,45.0,https://www.timeshighereducation.com/world-university-rankings/university-warsaw,Krakowskie Przedmiescie 26/28,Warszawa,Mazowieckie,00-927,Poland
601–800,601,University of Wuppertal,Germany,43.5,31.5,31.2,60.6,65.3,55.5,https://www.timeshighereducation.com/world-university-rankings/university-wuppertal,Gaußstraße 20,,Wuppertal,42119,Germany
601–800,601,Urmia University of Medical Sciences,Iran,43.5,41.4,11.7,73.2,22.4,30.9,https://www.timeshighereducation.com/world-university-rankings/urmia-university-medical-sciences,Orjhans Street Resalat Blvd,,Urmia,571478334,Iran
601–800,601,UWE Bristol (University of the West of England),United Kingdom,43.5,18.8,14.6,73.3,59.2,81.2,https://www.timeshighereducation.com/world-university-rankings/uwe-bristol-university-west-england,Coldharbour Lane,Bristol,Bristol,BS16 1QY,United Kingdom
601–800,601,VIT University,India,43.5,27.7,21.0,68.8,42.3,40.6,https://www.timeshighereducation.com/world-university-rankings/vit-university,"['Tiruvalam Road', 'Katpadi']",Vellore,TN,632014,India
601–800,601,Worcester Polytechnic Institute,United States,43.5,32.6,21.4,59.6,67.2,57.6,https://www.timeshighereducation.com/world-university-rankings/worcester-polytechnic-institute,100 Institute Road,Worcester,Massachusetts,01609-2280,United States
601–800,601,Xi’an Jiaotong-Liverpool University,China,43.5,21.2,17.6,71.3,40.5,75.7,https://www.timeshighereducation.com/world-university-rankings/xian-jiaotong-liverpool-university,No.111 Ren'ai Road Suzhou Industrial Park,Suzhou,Jiangsu,215123,China
601–800,601,Xidian University,China,43.5,28.6,25.2,66.5,95.1,25.8,https://www.timeshighereducation.com/world-university-rankings/xidian-university,266 Xinglong Section Xifeng Rd Xi’an,,Shaanxi,710126,China
601–800,601,Yarmouk University,Jordan,43.5,29.3,17.9,69.9,29.9,63.4,https://www.timeshighereducation.com/world-university-rankings/yarmouk-university,Shafiq Irshidat Street,,Irbid,21163,Jordan
601–800,601,Yildiz Technical University,Turkey,43.5,33.1,31.6,48.5,72.9,39.5,https://www.timeshighereducation.com/world-university-rankings/yildiz-technical-university,Barbaros Boulevard,Yildiz,Istanbul,34349,Turkey
601–800,601,Yuan Ze University,Taiwan,43.5,19.7,27.3,62.5,79.8,61.2,https://www.timeshighereducation.com/world-university-rankings/yuan-ze-university,No 135 Yuandong Road Zhongli District,Taoyuan City,Taoyuan,320315,Taiwan
601–800,601,Zhejiang Normal University,China,43.5,19.2,22.0,80.1,63.7,39.1,https://www.timeshighereducation.com/world-university-rankings/zhejiang-normal-university,688 Yingbin Road Jinhua,,Zhejiang,321004,China
801–1000,801,Abdullah Gül University,Turkey,38.9,22.2,27.2,54.9,56.9,49.8,https://www.timeshighereducation.com/world-university-rankings/abdullah-gul-university,"['Barbaros Mahallesi Erkilet Bulvari', 'Kocasinan']",Kayseri,38,38080,Turkey
801–1000,801,Abdul Wali Khan University Mardan,Pakistan,38.9,19.0,12.5,81.2,24.6,50.1,https://www.timeshighereducation.com/world-university-rankings/abdul-wali-khan-university-mardan,Turu Road Near Sheikh Maltoon Town,Mardan,Khyber Pakhtunkhwa,23200,Pakistan
801–1000,801,Ahvaz Jundishapur University of Medical Sciences (AJUMS),Iran,38.9,39.8,14.5,56.0,56.2,24.3,https://www.timeshighereducation.com/world-university-rankings/ahvaz-jundishapur-university-medical-sciences-ajums,Ahvaz,,06,61357-1579,Iran
801–1000,801,Ain Shams University,Egypt,38.9,28.6,27.5,50.4,41.0,53.1,https://www.timeshighereducation.com/world-university-rankings/ain-shams-university,Khalifa Al Maamoun Street,Abbassia,Cairo,11566,Egypt
801–1000,801,Alagappa University,India,38.9,35.6,14.5,56.7,26.5,44.2,https://www.timeshighereducation.com/world-university-rankings/alagappa-university,Alagappa University,Karaikudi,TN,630003,India
801–1000,801,Al al-Bayt University,Jordan,38.9,14.7,11.1,80.0,18.0,52.3,https://www.timeshighereducation.com/world-university-rankings/al-al-bayt-university,PO Box 130040,Mafraq,Mafraq Governorate,25113,Jordan
801–1000,801,Al-Azhar University,Egypt,38.9,22.1,12.8,68.0,24.6,58.9,https://www.timeshighereducation.com/world-university-rankings/al-azhar-university,1 El Mokhaym El Daem Street,Nasr City,Cairo,,Egypt
801–1000,801,Alexandria University,Egypt,38.9,20.7,18.2,63.5,31.7,55.0,https://www.timeshighereducation.com/world-university-rankings/alexandria-university,22 El Geish Road El Shatby,Alexandria,Alexandria,21526,Egypt
801–1000,801,Al-Zaytoonah University of Jordan,Jordan,38.9,12.5,16.3,75.5,22.4,63.9,https://www.timeshighereducation.com/world-university-rankings/al-zaytoonah-university-jordan,PO Box 130,Amman,Amman Governorate,11733,Jordan
801–1000,801,"Amity University Rajasthan, Jaipur",India,38.9,31.6,12.8,65.9,17.8,28.7,https://www.timeshighereducation.com/world-university-rankings/amity-university-rajasthan-jaipur,SP-1 Kant Kalwar NH11C,Jaipur,RJ,303002,India
801–1000,801,An-Najah National University,Palestine,38.9,24.7,13.0,66.9,26.0,63.9,https://www.timeshighereducation.com/world-university-rankings/najah-national-university,PO Box 7,Nablus,West Bank,400,Palestine
801–1000,801,Anna University,India,38.9,39.2,16.2,51.8,59.9,21.0,https://www.timeshighereducation.com/world-university-rankings/anna-university,Sarder Patel Road Old Highways Building,Guindy,Chennai,600025,India
801–1000,801,Aristotle University of Thessaloniki,Greece,38.9,22.7,19.4,63.4,62.6,37.0,https://www.timeshighereducation.com/world-university-rankings/aristotle-university-thessaloniki,Aristotle University of Thessaloniki,Thessaloniki,Macedonia Region,54124,Greece
801–1000,801,Arts et Métiers,France,38.9,35.1,23.0,40.6,82.5,66.3,https://www.timeshighereducation.com/world-university-rankings/arts-et-metiers,"['151', 'Boulevard de I hopital']",Paris,Ile de France Region,75013,France
801–1000,801,Atatürk University,Turkey,38.9,29.5,28.0,51.8,29.0,36.7,https://www.timeshighereducation.com/world-university-rankings/ataturk-university,Ataturk Mh,Erzurum,Erzurum Province,25240,Turkey
801–1000,801,Azerbaijan State University of Economics,Azerbaijan,38.9,23.4,9.3,74.5,19.4,59.0,https://www.timeshighereducation.com/world-university-rankings/azerbaijan-state-university-economics,6 Istiqlaliyyat Street,Baku City,Baku,1001,Azerbaijan
801–1000,801,Bahçeşehir University,Turkey,38.9,19.0,22.9,59.4,34.0,60.6,https://www.timeshighereducation.com/world-university-rankings/bahcesehir-university,"['Ciragan Caddesi', 'Osmanpasa Mektebi Sokak No 4-6']",Besiktas,Istanbul,34353,Turkey
801–1000,801,Baqiyatallah University of Medical Sciences,Iran,38.9,39.5,18.1,50.0,64.9,22.6,https://www.timeshighereducation.com/world-university-rankings/baqiyatallah-university-medical-sciences,Sheykh Bahayi Street Mollasadra Street,Tehran,23,14359-1537,Iran
801–1000,801,Baylor University,United States,38.9,43.0,19.4,53.6,43.2,37.7,https://www.timeshighereducation.com/world-university-rankings/baylor-university,1311 South Fifth Street,Waco,Texas,76798,United States
801–1000,801,Birjand University of Medical Sciences,Iran,38.9,36.2,12.5,70.0,20.2,34.4,https://www.timeshighereducation.com/world-university-rankings/birjand-university-medical-sciences,Ghafari Street,Birjand,South Khorasan,,Iran
801–1000,801,"Birla Institute of Technology and Science, Pilani",India,38.9,29.0,20.9,66.9,46.1,28.8,https://www.timeshighereducation.com/world-university-rankings/birla-institute-technology-and-science-pilani,Vidya Vihar,Pilani,RJ,333031,India
801–1000,801,Birmingham City University,United Kingdom,38.9,17.9,13.4,65.5,25.2,86.3,https://www.timeshighereducation.com/world-university-rankings/birmingham-city-university,15 Bartholomew Row University House,Birmingham,West Midlands,B5 5JU,United Kingdom
801–1000,801,Bucharest University of Economic Studies,Romania,38.9,19.2,11.9,81.5,23.1,31.8,https://www.timeshighereducation.com/world-university-rankings/bucharest-university-economic-studies,"['6 Piata Romana', 'Sector 1']",Bucharest,Ilfov,010374,Romania
801–1000,801,Cairo University,Egypt,38.9,29.4,20.0,60.7,42.7,48.6,https://www.timeshighereducation.com/world-university-rankings/cairo-university,1 Gamaa Street,Giza,Al Jizah Muhafazah,12613,Egypt
801–1000,801,Cankaya University,Turkey,38.9,15.9,15.9,80.9,20.5,51.2,https://www.timeshighereducation.com/world-university-rankings/cankaya-university,4 Mimar Sinan Street Eskisehir Road 29th Kilometer,Etimesgut,06,06815,Turkey
801–1000,801,Capital University of Science and Technology,Pakistan,38.9,18.2,20.1,71.0,23.8,49.0,https://www.timeshighereducation.com/world-university-rankings/capital-university-science-and-technology,Islamabad Expressway Kahuta Road,Zone-V,Islamabad,45710,Pakistan
801–1000,801,Carlos III University of Madrid,Spain,38.9,32.6,21.7,45.7,66.7,62.6,https://www.timeshighereducation.com/world-university-rankings/carlos-iii-university-madrid,"['C Madrid', '126']",Getafe,M,28903,Spain
801–1000,801,Catholic University of Portugal,Portugal,38.9,20.3,24.9,61.9,30.9,57.7,https://www.timeshighereducation.com/world-university-rankings/catholic-university-portugal,Palma de Cima,Lisbon,Lisbon District,164 9023,Portugal
801–1000,801,Chengdu University,China,38.9,17.4,15.7,77.9,47.9,28.7,https://www.timeshighereducation.com/world-university-rankings/chengdu-university,No. 2025 Chengluo Avenue,Chengdu City,Sichuan Province,610106,China
801–1000,801,Chonnam National University,South Korea,38.9,34.5,29.6,47.0,60.7,33.2,https://www.timeshighereducation.com/world-university-rankings/chonnam-national-university,77 Yongbong-ro Buk-gu,,29,61186,South Korea
801–1000,801,Clark University,United States,38.9,27.2,19.3,57.2,44.2,66.8,https://www.timeshighereducation.com/world-university-rankings/clark-university,950 Main Street,Worcester,Massachusetts,01610,United States
801–1000,801,Daffodil International University (DIU),Bangladesh,38.9,12.1,13.0,81.7,20.1,65.4,https://www.timeshighereducation.com/world-university-rankings/daffodil-international-university-diu,Daffodil Smart City Birulia,Savar,Dhaka,1216,Bangladesh
801–1000,801,Delhi Technological University,India,38.9,23.9,22.7,63.3,37.8,21.3,https://www.timeshighereducation.com/world-university-rankings/delhi-technological-university,Main Bawana Road,Shahbad Daulatpur,DL,DL - 42,India
801–1000,801,École Centrale de Lyon,France,38.9,37.2,22.8,29.5,85.5,76.3,https://www.timeshighereducation.com/world-university-rankings/ecole-centrale-de-lyon,36 Avenue Guy de Collongue,Ecully,Auvergne Rhone Alpes,69134,France
801–1000,801,Empress Catherine II Saint Petersburg Mining University,Russian Federation,38.9,28.7,17.9,62.8,51.6,45.8,https://www.timeshighereducation.com/world-university-rankings/empress-catherine-ii-saint-petersburg-mining-university,"['2', '21st Line']",,Saint Petersburg,199106,Russian Federation
801–1000,801,Eötvös Loránd University,Hungary,38.9,29.6,19.8,55.4,39.7,50.3,https://www.timeshighereducation.com/world-university-rankings/eotvos-lorand-university,Egyetem tér 1-3,,Budapest,1053,Hungary
801–1000,801,European University Cyprus,Cyprus,38.9,20.4,15.3,65.8,19.9,92.9,https://www.timeshighereducation.com/world-university-rankings/european-university-cyprus,"['6', 'Diogenis Street 2404 Engomi']",Nicosia,Nicosia,1516,Cyprus
801–1000,801,Federal University of Minas Gerais,Brazil,38.9,41.6,25.3,42.4,53.0,36.9,https://www.timeshighereducation.com/world-university-rankings/federal-university-minas-gerais,"['Av. Antonio Carlos', '6627 Pampulha']",,Belo Horizonte,31270-901,Brazil
801–1000,801,Ferdowsi University of Mashhad,Iran,38.9,30.4,28.0,50.7,49.5,34.2,https://www.timeshighereducation.com/world-university-rankings/ferdowsi-university-mashhad,Azadi Square PO Box 9177948974,Mashhad,Khorasan Razavi,,Iran
801–1000,801,Florida Atlantic University,United States,38.9,21.9,24.6,53.7,66.3,53.7,https://www.timeshighereducation.com/world-university-rankings/florida-atlantic-university,777 Glades Road,Boca Raton,Florida,33431,United States
801–1000,801,Future University in Egypt,Egypt,38.9,22.2,10.6,78.6,18.0,64.4,https://www.timeshighereducation.com/world-university-rankings/future-university-egypt,End of 90th Street Fifth Settlement,New Cairo,Cairo,11835,Egypt
801–1000,801,Fuzhou University,China,38.9,19.2,20.9,71.1,81.5,34.5,https://www.timeshighereducation.com/world-university-rankings/fuzhou-university,2 Wulongjiang North Avenue Fuzhou University Town,Fuzhou City,Fujian Province,350108,China
801–1000,801,Gabriele d‘Annunzio University,Italy,38.9,17.6,20.9,63.6,56.0,38.7,https://www.timeshighereducation.com/world-university-rankings/gabriele-dannunzio-university,Via dei Vestini 31,Chieti,Abruzzo,66100,Italy
801–1000,801,Gazipur Agricultural University,Bangladesh,38.9,23.0,9.3,75.3,17.3,51.7,https://www.timeshighereducation.com/world-university-rankings/gazipur-agricultural-university,Salna Road,Gazipur,Dhaka,1706,Bangladesh
801–1000,801,German Jordanian University,Jordan,38.9,22.4,13.6,60.3,24.5,78.6,https://www.timeshighereducation.com/world-university-rankings/german-jordanian-university,Amman Madaba Street P.O. Box 35247,Amman,Amman,11180,Jordan
801–1000,801,Ghulam Ishaq Khan Institute of Engineering Sciences and Technology,Pakistan,38.9,19.5,16.9,66.8,29.5,51.0,https://www.timeshighereducation.com/world-university-rankings/ghulam-ishaq-khan-institute-engineering-sciences-and-technology,District Swabi,Topi,Khyber Pakhtunkhwa,23640,Pakistan
801–1000,801,Glasgow Caledonian University,United Kingdom,38.9,17.8,15.2,63.7,48.7,83.5,https://www.timeshighereducation.com/world-university-rankings/glasgow-caledonian-university,70 Cowcaddens Road,Glasgow,Scotland,G4 0BA,United Kingdom
801–1000,801,Gorgan University of Agricultural Sciences and Natural Resources,Iran,38.9,31.4,11.8,68.3,31.4,38.0,https://www.timeshighereducation.com/world-university-rankings/gorgan-university-agricultural-sciences-and-natural-resources,Shahid Beheshti St,,Gorgan,4913815739,Iran
801–1000,801,Government College University Lahore,Pakistan,38.9,17.5,19.3,72.8,23.2,49.0,https://www.timeshighereducation.com/world-university-rankings/government-college-university-lahore,Katchery Road,Lahore,Punjab,54000,Pakistan
801–1000,801,Guangzhou Medical University,China,38.9,25.6,11.4,74.5,42.0,24.4,https://www.timeshighereducation.com/world-university-rankings/guangzhou-medical-university,Jingxiu Road,Panyu District,Guangzhou,511436,China
801–1000,801,Guilan University of Medical Sciences,Iran,38.9,40.0,11.6,66.3,25.3,25.9,https://www.timeshighereducation.com/world-university-rankings/guilan-university-medical-sciences,Parastar St.,Rasht,01,,Iran
801–1000,801,Guru Gobind Singh Indraprastha University,India,38.9,30.8,12.4,74.2,26.9,26.8,https://www.timeshighereducation.com/world-university-rankings/guru-gobind-singh-indraprastha-university,Sector 16C Dwarka,Delhi,DL,110078,India
801–1000,801,Hacettepe University,Turkey,38.9,34.8,28.6,49.0,58.7,27.0,https://www.timeshighereducation.com/world-university-rankings/hacettepe-university,The Rector's Office,Beytepe,06,06800,Turkey
801–1000,801,Halmstad University,Sweden,38.9,20.4,16.7,64.8,29.0,68.0,https://www.timeshighereducation.com/world-university-rankings/halmstad-university,Kristian IV:s väg 3,,301 18 Halmstad,,Sweden
801–1000,801,Hanoi Medical University,Vietnam,38.9,32.0,11.9,62.2,44.8,47.5,https://www.timeshighereducation.com/world-university-rankings/hanoi-medical-university,01 Ton That Tung,Dong Da,Hanoi,116001,Vietnam
801–1000,801,Ilam University of Medical Sciences,Iran,38.9,34.2,12.1,66.7,20.3,29.3,https://www.timeshighereducation.com/world-university-rankings/ilam-university-medical-sciences,Azadi Boulevard Shahid Keshvari Square,Ilam,Koshi Province,,Iran
801–1000,801,IMT Nord Europe,France,38.9,32.9,31.0,28.8,68.4,72.0,https://www.timeshighereducation.com/world-university-rankings/imt-nord-europe,20 Rue Guglielmo Marconi,Villeneuve d Ascq,Hauts de France,59650,France
801–1000,801,Inha University,South Korea,38.9,31.6,28.2,46.2,83.6,38.1,https://www.timeshighereducation.com/world-university-rankings/inha-university,100 Inha-ro Michuhol-gu,Incheon,28,22212,South Korea
801–1000,801,Innopolis University,Russian Federation,38.9,23.9,24.5,45.3,58.3,80.0,https://www.timeshighereducation.com/world-university-rankings/innopolis-university,"['1', 'Universitetskaya Street']",Innopolis,Tatarstan,420500,Russian Federation
801–1000,801,"International Islamic University, Islamabad",Pakistan,38.9,19.0,11.3,77.1,20.4,58.0,https://www.timeshighereducation.com/world-university-rankings/international-islamic-university-islamabad,Sector H-10,,Islamabad,44000,Pakistan
801–1000,801,International University of Rabat,Morocco,38.9,18.4,12.0,73.2,31.0,76.3,https://www.timeshighereducation.com/world-university-rankings/international-university-rabat,Technopolis Rabat-Shore Rocade Rabat-Salé,Rabat,Rabat-Salé-Kénitra,,Morocco
801–1000,801,Iqra University,Pakistan,38.9,17.8,9.5,80.9,24.0,52.6,https://www.timeshighereducation.com/world-university-rankings/iqra-university,Road Shaheed-e-Millat Phase 2,Karachi,Sindh Province,75500,Pakistan
801–1000,801,Isra University (Jordan),Jordan,38.9,12.9,16.5,80.5,16.9,74.1,https://www.timeshighereducation.com/world-university-rankings/isra-university-jordan,"['Airport Road', 'PO Box 33 and 22']",Amman,Amman Governorate,11622,Jordan
801–1000,801,Istanbul Medipol University,Turkey,38.9,33.0,29.4,42.6,54.6,65.5,https://www.timeshighereducation.com/world-university-rankings/istanbul-medipol-university,Ekinciler Caddesi No. 19 Kavacık Mahallesi,Istanbul,Beykoz,34810,Turkey
801–1000,801,Jahangirnagar University,Bangladesh,38.9,19.7,10.0,77.6,20.4,49.6,https://www.timeshighereducation.com/world-university-rankings/jahangirnagar-university,Savar,Dhaka,Dhaka,1342,Bangladesh
801–1000,801,Jamia Hamdard University,India,38.9,22.5,14.5,68.4,39.1,43.0,https://www.timeshighereducation.com/world-university-rankings/jamia-hamdard-university,Jamia Hamdard Hamdard Nagar,New Delhi,New Delhi,110062,India
801–1000,801,Jawaharlal Nehru University,India,38.9,46.0,24.4,48.5,39.5,24.1,https://www.timeshighereducation.com/world-university-rankings/jawaharlal-nehru-university,New Mehrauli Road,New Delhi,New Delhi,110067,India
801–1000,801,Jeonbuk National University,South Korea,38.9,33.3,29.2,46.7,69.4,36.7,https://www.timeshighereducation.com/world-university-rankings/jeonbuk-national-university,"['567 Baekje-daero', 'Deokjin-gu']",Jeonju-si,45,54896,South Korea
801–1000,801,Jönköping University,Sweden,38.9,21.0,22.4,65.5,37.0,66.9,https://www.timeshighereducation.com/world-university-rankings/jonkoping-university,"['Gjuterigatan 5', 'PO Box 1026']",Jonkoping,Smaland,55111,Sweden
801–1000,801,Jordan University of Science and Technology,Jordan,38.9,22.9,16.0,64.8,47.2,77.4,https://www.timeshighereducation.com/world-university-rankings/jordan-university-science-and-technology,P.O.Box 3030,Ar-Ramtha,Irbid Governorate,22110,Jordan
801–1000,801,JSS Academy of Higher Education and Research,India,38.9,41.0,11.6,56.4,28.8,53.6,https://www.timeshighereducation.com/world-university-rankings/jss-academy-higher-education-and-research,Sri Shivarathreeshwara Nagara,Mysore,KA,570015,India
801–1000,801,Kaohsiung Medical University,Taiwan,38.9,26.6,34.3,46.9,89.0,31.4,https://www.timeshighereducation.com/world-university-rankings/kaohsiung-medical-university,No 100 Shiquan 1st Road Sanmin District,Kaohsiung City,Kaohsiung,807378,Taiwan
801–1000,801,Kazan Federal University,Russian Federation,38.9,46.6,22.1,27.7,52.2,68.4,https://www.timeshighereducation.com/world-university-rankings/kazan-federal-university,18 Kremlyovskaya St,Kazan,Tatarstan,420008,Russian Federation
801–1000,801,Kerman University of Medical Sciences,Iran,38.9,40.6,15.4,63.7,23.8,26.5,https://www.timeshighereducation.com/world-university-rankings/kerman-university-medical-sciences,Haft-Bagh Alavi Axis,Kerman,08,761691355,Iran
801–1000,801,Khwaja Fareed University of Engineering and Information Technology,Pakistan,38.9,11.8,12.8,79.6,36.3,51.3,https://www.timeshighereducation.com/world-university-rankings/khwaja-fareed-university-engineering-and-information-technology,Abu Dhabi Road Rahim Yar Khan,,Punjab,64200,Pakistan
801–1000,801,King Mongkut’s University of Technology Thonburi,Thailand,38.9,19.8,22.9,57.0,78.8,41.4,https://www.timeshighereducation.com/world-university-rankings/king-mongkuts-university-technology-thonburi,126 Pracha Uthit Rd Bang Mod,Thung Khru,10,10140,Thailand
801–1000,801,King Saud bin Abdulaziz University for Health Sciences,Saudi Arabia,38.9,44.6,19.6,44.5,45.5,55.0,https://www.timeshighereducation.com/world-university-rankings/king-saud-bin-abdulaziz-university-health-sciences,Al Hars Al Watani Ar Rimayah,Riyadh,Riyadh Province,14611,Saudi Arabia
801–1000,801,Kingston University,United Kingdom,38.9,20.4,15.4,54.6,48.3,90.9,https://www.timeshighereducation.com/world-university-rankings/kingston-university,53–57 High Street River House,Kingston Upon Thames,Surrey,KT1 1LQ,United Kingdom
801–1000,801,KL University,India,38.9,25.6,16.3,75.8,19.9,25.5,https://www.timeshighereducation.com/world-university-rankings/kl-university,"['Green Fields', 'Vaddeswaram Guntur District']",Vaddeswaram,AP,522302,India
801–1000,801,K.N. Toosi University of Technology,Iran,38.9,23.8,22.6,59.9,47.3,37.7,https://www.timeshighereducation.com/world-university-rankings/kn-toosi-university-technology,"['No. 470', 'Mirdamad West']",Tehran,Tehran,15875-4416,Iran
801–1000,801,Kurdistan University of Medical Sciences,Iran,38.9,43.0,10.4,65.8,23.1,33.6,https://www.timeshighereducation.com/world-university-rankings/kurdistan-university-medical-sciences,Abidar Street,Sanandaj,Kurdistan,,Iran
801–1000,801,Lahore University of Management Sciences,Pakistan,38.9,23.7,20.2,57.4,46.1,54.1,https://www.timeshighereducation.com/world-university-rankings/lahore-university-management-sciences,"['DHA', 'Lahore Cantonment']",Lahore,Punjab,54792,Pakistan
801–1000,801,Leeds Beckett University,United Kingdom,38.9,19.2,15.9,69.2,48.0,74.9,https://www.timeshighereducation.com/world-university-rankings/leeds-beckett-university,Woodhouse Lane,Leeds,West Yorkshire,LS1 3HE,United Kingdom
801–1000,801,Mahsa University,Malaysia,38.9,19.6,8.7,68.5,16.9,81.1,https://www.timeshighereducation.com/world-university-rankings/mahsa-university,Jalan SP 2 Bandar Saujana Putra,Jenjarom,10,42610,Malaysia
801–1000,801,Makerere University,Uganda,38.9,21.5,26.6,54.2,32.8,69.7,https://www.timeshighereducation.com/world-university-rankings/makerere-university,P.O.Box 7062 Kampala University Rd,Kampala,Kampala Region,,Uganda
801–1000,801,Mansoura University,Egypt,38.9,20.2,11.9,69.4,32.9,76.8,https://www.timeshighereducation.com/world-university-rankings/mansoura-university,Elgomhouria Street,Mansoura,Dakahlia,35516,Egypt
801–1000,801,Marie and Louis Pasteur University,France,38.9,22.7,20.4,51.9,64.6,68.1,https://www.timeshighereducation.com/world-university-rankings/marie-and-louis-pasteur-university,1 Rue Claude Goudimel,Besancon,Bourgogne Franche Comte,25000,France
801–1000,801,Mashhad University of Medical Sciences,Iran,38.9,33.3,15.4,65.4,38.1,31.6,https://www.timeshighereducation.com/world-university-rankings/mashhad-university-medical-sciences,P.O. Box: 91735-951,,Mashhad,,Iran
801–1000,801,Mazandaran University of Medical Sciences,Iran,38.9,37.6,13.8,59.0,32.1,27.1,https://www.timeshighereducation.com/world-university-rankings/mazandaran-university-medical-sciences,Start of valiye asr highway Joybar 3way,Sari,02,,Iran
801–1000,801,Medical University of Lodz,Poland,38.9,31.3,11.6,65.5,46.4,31.1,https://www.timeshighereducation.com/world-university-rankings/medical-university-lodz,Aleja Tadeusza Kosciuszki 4,Lodz,Lodz Voivodeship,90-419,Poland
801–1000,801,Montanuniversität Leoben,Austria,38.9,40.7,21.3,34.6,78.6,77.6,https://www.timeshighereducation.com/world-university-rankings/montanuniversitat-leoben,Franz Josef Strasse 18,Leoben,Styria,8700,Austria
801–1000,801,Najran University,Saudi Arabia,38.9,16.7,11.9,76.1,18.5,78.9,https://www.timeshighereducation.com/world-university-rankings/najran-university,King Abdulaziz Rd,Najran,Najran Province,,Saudi Arabia
801–1000,801,Nanjing Medical University,China,38.9,37.1,16.4,62.2,51.5,23.2,https://www.timeshighereducation.com/world-university-rankings/nanjing-medical-university,No 140 Hanzhong Road,Nanjing,Jiangsu,210029,China
801–1000,801,Nanjing Normal University,China,38.9,25.3,17.1,69.8,66.5,28.6,https://www.timeshighereducation.com/world-university-rankings/nanjing-normal-university,Gulou,Nanjing,Jiangsu,,China
801–1000,801,Nanjing University of Information Science and Technology,China,38.9,19.8,20.5,65.8,59.8,37.7,https://www.timeshighereducation.com/world-university-rankings/nanjing-university-information-science-and-technology,"['No 219', 'Ningliu Road']",Nanjing,Jiangsu,210044,China
801–1000,801,National Autonomous University of Mexico,Mexico,38.9,34.2,33.8,37.5,66.7,60.1,https://www.timeshighereducation.com/world-university-rankings/national-autonomous-university-mexico,Ciudad Universitaria,,Mexico City,04510,Mexico
801–1000,801,National Institute of Applied Sciences of Lyon (INSA Lyon),France,38.9,38.7,22.9,36.7,93.3,69.6,https://www.timeshighereducation.com/world-university-rankings/national-institute-applied-sciences-lyon-insa-lyon,20 avenue Albert Einstein,Villeurbanne,Auvergne Rhone Alpes Region,69621,France
801–1000,801,National Institute of Technology Silchar,India,38.9,37.5,18.9,61.7,24.5,22.4,https://www.timeshighereducation.com/world-university-rankings/national-institute-technology-silchar,"['NIT Road', 'Fakiratilla']",Silchar,AS,788010,India
801–1000,801,"National Institute of Technology, Tiruchirappalli",India,38.9,33.2,22.1,54.0,43.8,22.1,https://www.timeshighereducation.com/world-university-rankings/national-institute-technology-tiruchirappalli,Tanjore Main Road,Tiruchirappalli,TN,620015,India
801–1000,801,National Technical University of Athens,Greece,38.9,33.3,24.4,55.1,61.2,35.4,https://www.timeshighereducation.com/world-university-rankings/national-technical-university-athens,Heroon Polytechniou 9 Zografou,Athens,Attica Region,15780,Greece
801–1000,801,National University of Science and Technology (MISiS),Russian Federation,38.9,40.2,29.8,34.5,74.7,54.3,https://www.timeshighereducation.com/world-university-rankings/national-university-science-and-technology-misis,Leninskiy prospekt 4,,Moscow,119049,Russian Federation
801–1000,801,National Veterinary School of Alfort (EnvA),France,38.9,44.3,11.9,44.2,44.7,54.7,https://www.timeshighereducation.com/world-university-rankings/national-veterinary-school-alfort-enva,"['7', 'avenue du General de Gaulle']",,Maisons-Alfort,94700,France
801–1000,801,Northeast Agricultural University,China,38.9,19.3,15.9,84.5,45.1,18.9,https://www.timeshighereducation.com/world-university-rankings/northeast-agricultural-university,No 600 Changjiang Street Xiangfang District,Harbin,Heilongjiang,150030,China
801–1000,801,Northeast Normal University,China,38.9,30.9,17.4,65.1,50.5,32.9,https://www.timeshighereducation.com/world-university-rankings/northeast-normal-university,5268 Renmin Street Nanguan District,Changchun City,Jilin Province,130024,China
801–1000,801,Northern Border University,Saudi Arabia,38.9,26.5,15.8,59.7,26.0,75.3,https://www.timeshighereducation.com/world-university-rankings/northern-border-university,King Fahad Street PO Box 1321,Arar,Northern Borders Province,91431,Saudi Arabia
801–1000,801,Northern Illinois University,United States,38.9,28.6,18.5,53.7,54.8,54.6,https://www.timeshighereducation.com/world-university-rankings/northern-illinois-university,1425 West Lincoln Highway,DeKalb,Illinois,60115-2828,United States
801–1000,801,North South University,Bangladesh,38.9,14.8,11.3,80.3,29.4,48.7,https://www.timeshighereducation.com/world-university-rankings/north-south-university,Bashundhara,Dhaka,Dhaka Division,1229,Bangladesh
801–1000,801,North-West University,South Africa,38.9,22.3,18.8,63.8,45.1,56.4,https://www.timeshighereducation.com/world-university-rankings/north-west-university,11 Hoffman Street Building F1,Potchefstroom,North West,2531,South Africa
801–1000,801,Norwegian University of Life Sciences,Norway,38.9,32.0,15.4,58.4,40.8,63.5,https://www.timeshighereducation.com/world-university-rankings/norwegian-university-life-sciences,Universitetstunet 3 NO-1432 Aas,,,,Norway
801–1000,801,Old Dominion University,United States,38.9,27.5,20.7,57.4,57.6,36.1,https://www.timeshighereducation.com/world-university-rankings/old-dominion-university,5155 Hampton Boulevard,Norfolk,Virginia,23529,United States
801–1000,801,Ontario Tech University,Canada,38.9,17.6,25.3,56.4,60.3,60.6,https://www.timeshighereducation.com/world-university-rankings/ontario-tech-university,2000 Simcoe Street North,Oshawa,Ontario,L1G 0C5,Canada
801–1000,801,Open University of Catalonia,Spain,38.9,18.5,20.5,68.3,32.8,50.0,https://www.timeshighereducation.com/world-university-rankings/open-university-catalonia,"['Rambla del Poblenou', '156']",Barcelona,B,08018,Spain
801–1000,801,Oxford Brookes University,United Kingdom,38.9,26.9,23.1,53.9,30.6,88.1,https://www.timeshighereducation.com/world-university-rankings/oxford-brookes-university,Gipsy Lane,Oxford,Oxfordshire,OX3 0BP,United Kingdom
801–1000,801,Ozyegin University,Turkey,38.9,20.6,30.7,47.8,80.9,58.2,https://www.timeshighereducation.com/world-university-rankings/ozyegin-university,Nisantepe District Orman Street,Çekmeköy,Istanbul,34794,Turkey
801–1000,801,Pablo de Olavide University,Spain,38.9,23.2,19.4,57.3,55.8,52.2,https://www.timeshighereducation.com/world-university-rankings/pablo-de-olavide-university,"['Ctra. de Utrera', '1']",Andalusia,Seville,41013,Spain
801–1000,801,Panthéon-Sorbonne University – Paris 1,France,38.9,36.9,34.0,38.0,35.8,63.4,https://www.timeshighereducation.com/world-university-rankings/pantheon-sorbonne-university-paris-1,12 Place du Pantheon,Paris,Ile de France,75005,France
801–1000,801,Peter the Great St Petersburg Polytechnic University,Russian Federation,38.9,35.7,23.0,38.0,71.4,62.0,https://www.timeshighereducation.com/world-university-rankings/peter-great-st-petersburg-polytechnic-university,"['29', 'Polytechnicheskaya st.']",Saint Petersburg,Saint Petersburg,195251,Russian Federation
801–1000,801,Pontifical Catholic University of Rio de Janeiro (PUC-Rio),Brazil,38.9,37.1,34.2,38.9,72.8,45.4,https://www.timeshighereducation.com/world-university-rankings/pontifical-catholic-university-rio-de-janeiro-puc-rio,225 Rua Marques de Sao Vicente Gavea,Rio de Janeiro,Rio de Janeiro,22451-900,Brazil
801–1000,801,Portland State University,United States,38.9,22.3,24.5,56.7,55.1,38.3,https://www.timeshighereducation.com/world-university-rankings/portland-state-university,1825 South West Broadway,Portland,Oregon,97201,United States
801–1000,801,Rafsanjan University of Medical Sciences,Iran,38.9,41.7,12.2,66.4,20.0,23.7,https://www.timeshighereducation.com/world-university-rankings/rafsanjan-university-medical-sciences,Imam Ali Boulevard,,Rafsanjan,7717933777,Iran
801–1000,801,Reichman University,Israel,38.9,15.0,18.7,65.1,46.2,57.0,https://www.timeshighereducation.com/world-university-rankings/reichman-university,8 Ha Universita st,Herzliya,Tel Aviv,46150,Israel
801–1000,801,Reykjavík University,Iceland,38.9,18.8,25.9,62.5,33.7,62.4,https://www.timeshighereducation.com/world-university-rankings/reykjavik-university,Menntavegur 1,Reykjavík,Capital Region,102,Iceland
801–1000,801,Robert Gordon University,United Kingdom,38.9,17.3,13.9,69.9,39.2,90.1,https://www.timeshighereducation.com/world-university-rankings/robert-gordon-university,"['Garthdee House', 'Garthdee Road']",Aberdeen,Scotland,AB10 7QB,United Kingdom
801–1000,801,RUDN University,Russian Federation,38.9,39.9,27.8,40.2,36.6,68.7,https://www.timeshighereducation.com/world-university-rankings/rudn-university,Miklukho-Maklaya str. 6,,Moscow,117198,Russian Federation
801–1000,801,Savitribai Phule Pune University,India,38.9,40.9,13.3,56.2,37.1,23.7,https://www.timeshighereducation.com/world-university-rankings/savitribai-phule-pune-university,Ganeshkhind,Pune,MH,411007,India
801–1000,801,Shahid Beheshti University,Iran,38.9,32.5,23.1,49.9,70.9,31.1,https://www.timeshighereducation.com/world-university-rankings/shahid-beheshti-university,Daneshjo Boulevard Shahid Shahriari Square,Tehran,Tehran,1983969411,Iran
801–1000,801,Shahrekord University of Medical Sciences,Iran,38.9,33.8,11.2,69.2,20.7,25.2,https://www.timeshighereducation.com/world-university-rankings/shahrekord-university-medical-sciences,Shahrekord,,Chaharmahal and Bakhtiari,,Iran
801–1000,801,Shahroud University of Medical Sciences,Iran,38.9,35.2,13.6,72.1,21.4,23.7,https://www.timeshighereducation.com/world-university-rankings/shahroud-university-medical-sciences,Haft Tir Square,Shahrud,20,36147-7394,Iran
801–1000,801,Sheffield Hallam University,United Kingdom,38.9,18.0,14.1,65.5,34.9,73.2,https://www.timeshighereducation.com/world-university-rankings/sheffield-hallam-university,Howard Street,Sheffield,South Yorkshire,S1 1WB,United Kingdom
801–1000,801,Shiraz University,Iran,38.9,27.4,26.0,56.3,62.6,33.2,https://www.timeshighereducation.com/world-university-rankings/shiraz-university,"['Shiraz', 'Islamic Republic Blvd']",Shiraz,Shiraz,71345,Iran
801–1000,801,Shri Mata Vaishno Devi University,India,38.9,29.4,18.5,67.7,22.5,26.1,https://www.timeshighereducation.com/world-university-rankings/shri-mata-vaishno-devi-university,Sub-Post Office,Katra,JK,182320,India
801–1000,801,Siberian Federal University,Russian Federation,38.9,34.2,26.9,36.6,61.1,59.1,https://www.timeshighereducation.com/world-university-rankings/siberian-federal-university,79 Svobodny pr.,,Krasnoyarsk,660041,Russian Federation
801–1000,801,Siksha ‘O’ Anusandhan,India,38.9,47.1,20.4,44.9,50.0,23.5,https://www.timeshighereducation.com/world-university-rankings/siksha-o-anusandhan,Khandagiri Square Near SUM Hospital,Bhubaneswar,OD,751030,India
801–1000,801,Sogang University,South Korea,38.9,30.9,31.4,42.6,73.7,42.6,https://www.timeshighereducation.com/world-university-rankings/sogang-university,35 Baekbeom-ro Sinsu-dong,Mapo-gu,11,04107,South Korea
801–1000,801,Southern Illinois University Carbondale,United States,38.9,38.3,26.3,43.7,74.8,41.9,https://www.timeshighereducation.com/world-university-rankings/southern-illinois-university-carbondale,1263 Lincoln Drive,Carbondale,Illinois,62901,United States
801–1000,801,Southwest Jiaotong University,China,38.9,26.2,25.4,60.2,83.0,22.9,https://www.timeshighereducation.com/world-university-rankings/southwest-jiaotong-university,No 999 Xian Road Pidu District,Chengdu,Sichuan,611756,China
801–1000,801,SR University,India,38.9,15.7,13.9,85.4,20.0,34.7,https://www.timeshighereducation.com/world-university-rankings/sr-university,Ananthasagar Hasanparthy,Warangal Urban,TS,506371,India
801–1000,801,The Catholic University of America,United States,38.9,44.5,20.4,40.5,70.9,48.6,https://www.timeshighereducation.com/world-university-rankings/catholic-university-america,620 Michigan Avenue North East,Washington,District of Columbia,20064,United States
801–1000,801,The Islamia University of Bahawalpur,Pakistan,38.9,17.6,13.3,80.3,22.2,49.6,https://www.timeshighereducation.com/world-university-rankings/islamia-university-bahawalpur,Bahawalpur,,Punjab,63100,Pakistan
801–1000,801,The Open University,United Kingdom,38.9,17.8,14.3,67.0,48.0,61.5,https://www.timeshighereducation.com/world-university-rankings/open-university,"['Walton Hall', 'Kents Hill']",Milton Keynes,Buckinghamshire,MK7 6AA,United Kingdom
801–1000,801,The University of Alabama,United States,38.9,28.6,22.4,59.4,50.0,39.3,https://www.timeshighereducation.com/world-university-rankings/university-alabama,719 University Boulevard,Tuscaloosa,Alabama,35487,United States
801–1000,801,The University of Notre Dame Australia,Australia,38.9,32.4,18.0,56.5,27.8,59.1,https://www.timeshighereducation.com/world-university-rankings/university-notre-dame-australia,19 Mouat Street PO Box 1225,Fremantle,Western Australia,6959,Australia
801–1000,801,Tomsk Polytechnic University,Russian Federation,38.9,40.9,25.1,29.8,63.5,70.1,https://www.timeshighereducation.com/world-university-rankings/tomsk-polytechnic-university,30 Lenina Avenue,Tomsk,Tomsk,634050,Russian Federation
801–1000,801,Universidade Federal de São Paulo (UNIFESP),Brazil,38.9,36.0,25.3,46.2,59.2,36.3,https://www.timeshighereducation.com/world-university-rankings/universidade-federal-de-sao-paulo-unifesp,No 1500 Rua Sena Madureira Vila Clementino,Sao Paulo,Sao Paulo,04021-001,Brazil
801–1000,801,Universitat Ramon Llull,Spain,38.9,20.8,17.6,63.2,36.5,73.7,https://www.timeshighereducation.com/world-university-rankings/universitat-ramon-llull,Claravall 1-3,Barcelona,B,08022,Spain
801–1000,801,Université de Bretagne Occidentale,France,38.9,27.0,19.6,51.8,49.4,63.3,https://www.timeshighereducation.com/world-university-rankings/universite-de-bretagne-occidentale,"['3', 'rue Matthieu-Gallou CS93837']",,Brest,29238,France
801–1000,801,University of Alcalá,Spain,38.9,29.2,17.0,54.3,47.8,59.6,https://www.timeshighereducation.com/world-university-rankings/university-alcala,Plaza San Diego,Alcala de Henares,M,28801,Spain
801–1000,801,University of Cape Coast,Ghana,38.9,18.2,22.1,63.3,33.3,44.9,https://www.timeshighereducation.com/world-university-rankings/university-cape-coast,The Registrar University of Cape Coast,Cape Coast,Cape Coast,,Ghana
801–1000,801,University of Central Punjab,Pakistan,38.9,12.9,11.8,81.6,20.1,49.9,https://www.timeshighereducation.com/world-university-rankings/university-central-punjab,1 Khayaban-e-Jinnah Road Johar Town,Lahore,Punjab,,Pakistan
801–1000,801,University of Córdoba,Spain,38.9,27.4,20.7,60.4,45.8,50.6,https://www.timeshighereducation.com/world-university-rankings/university-cordoba,Avenida Medina Azahara,Cordoba,Cordoba,14071,Spain
801–1000,801,University of Debrecen,Hungary,38.9,41.7,18.2,45.7,50.6,58.0,https://www.timeshighereducation.com/world-university-rankings/university-debrecen,Egyetem ter 1,Debrecen,Hajdu Bihar County,4032,Hungary
801–1000,801,University of Dhaka,Bangladesh,38.9,17.7,13.3,76.5,33.2,45.0,https://www.timeshighereducation.com/world-university-rankings/university-dhaka,Administrative Building Ground Floor,Dhaka,Dhaka,1000,Bangladesh
801–1000,801,"University of Engineering and Technology, Taxila",Pakistan,38.9,19.3,14.4,80.8,28.1,48.9,https://www.timeshighereducation.com/world-university-rankings/university-engineering-and-technology-taxila,Taxila,Taxila,Punjab,47050,Pakistan
801–1000,801,University of Foggia,Italy,38.9,16.8,26.0,63.6,38.0,32.2,https://www.timeshighereducation.com/world-university-rankings/university-foggia,89/91 Via Antonio Gramsci,Foggia,Apulia,71122,Italy
801–1000,801,University of Gujrat,Pakistan,38.9,14.9,11.6,79.0,21.5,49.3,https://www.timeshighereducation.com/world-university-rankings/university-gujrat,Jalalpur Jattan Road,,Gujrat,,Pakistan
801–1000,801,University of Hagen,Germany,38.9,30.1,36.3,42.4,46.4,44.5,https://www.timeshighereducation.com/world-university-rankings/university-hagen,Universitatsstrasse 47,Hagen,North Rhine Westphalia,58097,Germany
801–1000,801,University of Ibadan,Nigeria,38.9,29.6,15.6,63.5,22.1,43.8,https://www.timeshighereducation.com/world-university-rankings/university-ibadan,Oduduwa Road,Ibadan,OY,200132,Nigeria
801–1000,801,University of Indonesia,Indonesia,38.9,45.0,22.0,37.2,60.4,63.9,https://www.timeshighereducation.com/world-university-rankings/university-indonesia,Kampus Baru UI Depok,,Depok,16424,Indonesia
801–1000,801,University of Jaén,Spain,38.9,23.9,20.7,67.0,39.2,50.2,https://www.timeshighereducation.com/world-university-rankings/university-jaen,Campus Las Lagunillas Sin Numero,Jaen,Jaen Province,23071,Spain
801–1000,801,University of Lagos,Nigeria,38.9,18.4,20.1,66.7,32.6,45.6,https://www.timeshighereducation.com/world-university-rankings/university-lagos,"['University Road', 'Akoka Yaba Local Government']",Lagos,Lagos State,,Nigeria
801–1000,801,University of Ljubljana,Slovenia,38.9,27.8,23.8,56.0,69.1,42.6,https://www.timeshighereducation.com/world-university-rankings/university-ljubljana,Kongresni trg 12,Ljubljana,Ljubljana,1000,Slovenia
801–1000,801,University of Lleida,Spain,38.9,23.2,20.3,59.6,61.4,43.3,https://www.timeshighereducation.com/world-university-rankings/university-lleida,"['1', 'Placa de Victor Siurana']",Lleida,L,25003,Spain
801–1000,801,University of Malakand,Pakistan,38.9,25.6,12.9,70.6,42.6,50.7,https://www.timeshighereducation.com/world-university-rankings/university-malakand,Malakand,Dir Lower,Khyber Pakhtunkhwa,,Pakistan
801–1000,801,University of Malta,Malta,38.9,24.9,18.2,61.6,36.8,56.2,https://www.timeshighereducation.com/world-university-rankings/university-malta,University Ring Road,Msida,Central Malta,MSD 2080,Malta
801–1000,801,University of Management and Technology,Pakistan,38.9,16.5,11.0,83.5,26.6,52.1,https://www.timeshighereducation.com/world-university-rankings/university-management-and-technology,C-II,Johar Town,Lahore,,Pakistan
801–1000,801,University of Medicine and Pharmacy Carol Davila,Romania,38.9,26.1,12.5,73.4,30.2,37.0,https://www.timeshighereducation.com/world-university-rankings/university-medicine-and-pharmacy-carol-davila,Dionisie Lupu Street no. 37 Sector 2,,Bucharest,020021,Romania
801–1000,801,University of Namur,Belgium,38.9,26.8,26.7,49.0,62.4,70.6,https://www.timeshighereducation.com/world-university-rankings/university-namur,Rue de Bruxelles 61,Namur,Wallonia,B-5000,Belgium
801–1000,801,University of Nova Gorica,Slovenia,38.9,29.9,19.0,49.5,29.6,86.7,https://www.timeshighereducation.com/world-university-rankings/university-nova-gorica,"['Vipavska 13', 'Rozna Dolina']",Nova Gorica,Nova Gorica,5000,Slovenia
801–1000,801,University of Patras,Greece,38.9,18.5,23.6,60.0,73.2,34.2,https://www.timeshighereducation.com/world-university-rankings/university-patras,26504,Rio,Patras,,Greece
801–1000,801,University of Petra,Jordan,38.9,15.2,12.4,76.1,17.5,67.4,https://www.timeshighereducation.com/world-university-rankings/university-petra,"['Airport Road', 'PO Box 961343']",Amman,Amman,,Jordan
801–1000,801,University of Regina,Canada,38.9,18.4,20.9,61.9,43.8,65.7,https://www.timeshighereducation.com/world-university-rankings/university-regina,3737 Wascana Parkway,Regina,Saskatchewan,S4S 0A2,Canada
801–1000,801,University of Rhode Island,United States,38.9,29.6,23.0,55.0,53.2,51.6,https://www.timeshighereducation.com/world-university-rankings/university-rhode-island,45 Upper College Road,Kingston,Rhode Island,02881,United States
801–1000,801,University of Roehampton,United Kingdom,38.9,18.9,22.8,55.0,27.6,88.2,https://www.timeshighereducation.com/world-university-rankings/university-roehampton,"['Roehampton Lane', 'Grove House']",London,London,SW15 5PJ,United Kingdom
801–1000,801,University of Rome III,Italy,38.9,22.7,25.6,54.7,63.2,42.2,https://www.timeshighereducation.com/world-university-rankings/university-rome-iii,"['Via Ostiense', '159']",,Roma,00154,Italy
801–1000,801,University of Salamanca,Spain,38.9,32.0,24.8,47.9,46.6,54.5,https://www.timeshighereducation.com/world-university-rankings/university-salamanca,"['Patio de Escuelas', '1']",Salamanca,Salamanca Province,37008,Spain
801–1000,801,University of Salento,Italy,38.9,27.2,21.4,61.4,55.8,35.6,https://www.timeshighereducation.com/world-university-rankings/university-salento,Piazza Tancredi,,Lecce (LE),73100,Italy
801–1000,801,University of Salford,United Kingdom,38.9,19.0,14.8,64.9,57.0,84.8,https://www.timeshighereducation.com/world-university-rankings/university-salford,45 The Crescent The Old Fire Station,Salford,Greater Manchester,M5 4WT,United Kingdom
801–1000,801,University of Seville,Spain,38.9,24.9,27.9,55.8,60.4,47.4,https://www.timeshighereducation.com/world-university-rankings/university-seville,"['C South Fernando', '4']",Sevilla,SE,41004,Spain
801–1000,801,University of the Balearic Islands,Spain,38.9,27.9,16.9,56.6,38.4,52.1,https://www.timeshighereducation.com/world-university-rankings/university-balearic-islands,Carretera de Valldemossa km 7 y Medio,Palma,Islas Baleares,07122,Spain
801–1000,801,University of the Punjab,Pakistan,38.9,28.4,15.2,64.4,31.5,50.6,https://www.timeshighereducation.com/world-university-rankings/university-punjab,P.O. Box No. 54590,Lahore,Punjab,05422,Pakistan
801–1000,801,University of Tunis El Manar,Tunisia,38.9,45.7,27.2,32.9,70.4,55.2,https://www.timeshighereducation.com/world-university-rankings/university-tunis-el-manar,B.P. no. 94,Rommana,Tunis,1068,Tunisia
801–1000,801,University of Vic – Central University of Catalonia,Spain,38.9,21.4,14.1,70.8,23.6,55.8,https://www.timeshighereducation.com/world-university-rankings/university-vic-central-university-catalonia,"['Sagrada Familia', '7']",Vic,B,08500,Spain
801–1000,801,University of Vigo,Spain,38.9,25.2,19.8,60.9,60.1,49.8,https://www.timeshighereducation.com/world-university-rankings/university-vigo,As Lagoas Marcosende,Vigo,PO,36310,Spain
801–1000,801,University of Westminster,United Kingdom,38.9,19.0,16.5,63.1,48.7,85.4,https://www.timeshighereducation.com/world-university-rankings/university-westminster,309 Regent Street,London,Westminster,W1B 2HW,United Kingdom
801–1000,801,University of Wolverhampton,United Kingdom,38.9,20.3,15.6,59.3,47.3,78.8,https://www.timeshighereducation.com/world-university-rankings/university-wolverhampton,Wulfruna Street,Wolverhampton,West Midlands,WV1 1LY,United Kingdom
801–1000,801,University of Wyoming,United States,38.9,36.4,15.3,57.2,54.1,39.6,https://www.timeshighereducation.com/world-university-rankings/university-wyoming,1000 East University Avenue,Laramie,Wyoming,82071,United States
801–1000,801,Ural Federal University,Russian Federation,38.9,25.7,29.2,44.4,58.3,60.5,https://www.timeshighereducation.com/world-university-rankings/ural-federal-university,19 Mira Street,Ekaterinburg,Sverdlovsk Oblast,620002,Russian Federation
801–1000,801,Urmia University,Iran,38.9,31.4,23.6,56.6,34.7,50.0,https://www.timeshighereducation.com/world-university-rankings/urmia-university,Kilometer 11 of Cypress Road,Urmia,04,5756151818,Iran
801–1000,801,Vilnius University,Lithuania,38.9,26.8,26.5,53.6,58.3,49.8,https://www.timeshighereducation.com/world-university-rankings/vilnius-university,3 Universiteto Street,Vilnius,Vilniaus Apskritis,01513,Lithuania
801–1000,801,Wakayama Medical University,Japan,38.9,36.4,12.6,57.8,58.5,20.2,https://www.timeshighereducation.com/world-university-rankings/wakayama-medical-university,811-1 Kimiidera,Wakayama,30,641-8509,Japan
801–1000,801,Waseda University,Japan,38.9,34.0,26.9,43.5,68.0,53.3,https://www.timeshighereducation.com/world-university-rankings/waseda-university,1-104 Totsukamachi Shinjuku,Tokyo,13,169 8050,Japan
801–1000,801,Wenzhou University,China,38.9,15.3,16.6,79.3,54.7,31.9,https://www.timeshighereducation.com/world-university-rankings/wenzhou-university,Chashan University Town Wenzhou,,Zhejiang,325035,China
801–1000,801,William & Mary,United States,38.9,39.2,22.6,53.9,45.7,36.9,https://www.timeshighereducation.com/world-university-rankings/william-mary,P.O. Box 8795,Williamsburg,Virginia,23187-8795,United States
801–1000,801,Zahedan University of Medical Sciences,Iran,38.9,35.0,11.5,67.5,20.4,24.5,https://www.timeshighereducation.com/world-university-rankings/zahedan-university-medical-sciences,Persian Golf Blvd,Sistan and baluchestan,Zahedan,,Iran
801–1000,801,Zanjan University of Medical Sciences,Iran,38.9,36.0,12.5,64.8,31.0,28.0,https://www.timeshighereducation.com/world-university-rankings/zanjan-university-medical-sciences,Azadi Square,Zanjan,Zanjan,,Iran
801–1000,801,Zhejiang Gongshang University,China,38.9,20.9,15.4,74.3,45.1,34.4,https://www.timeshighereducation.com/world-university-rankings/zhejiang-gongshang-university,No 18 Xuezheng Street Qiantang District,Hangzhou,Zhejiang,310018,China
1001–1200,1001,"Adam Mickiewicz University, Poznań",Poland,35.4,20.6,30.7,46.8,37.3,38.2,https://www.timeshighereducation.com/world-university-rankings/adam-mickiewicz-university-poznan,Ul Wieniawskiego 1,Poznan,Greater Poland Voivodeship,61-712,Poland
1001–1200,1001,AGH University of Krakow,Poland,35.4,32.7,21.6,39.8,71.6,34.8,https://www.timeshighereducation.com/world-university-rankings/agh-university-krakow,al. Mickiewicza 30,Krakow,Lesser Poland Voivodeship,30-059,Poland
1001–1200,1001,Al-Balqa Applied University,Jordan,35.4,13.4,16.9,64.7,30.3,47.4,https://www.timeshighereducation.com/world-university-rankings/al-balqa-applied-university,Hay Al Mayamin PO Box 206,As Salt,Balqa Governate,19117,Jordan
1001–1200,1001,Anadolu University,Turkey,35.4,23.4,10.8,62.6,22.1,33.4,https://www.timeshighereducation.com/world-university-rankings/anadolu-university,"['Yesiltepe Mahallesi', 'Tepebasi']",Eskisehir,Eskisehir,26470,Turkey
1001–1200,1001,Anhui University,China,35.4,18.6,16.6,63.0,55.5,22.2,https://www.timeshighereducation.com/world-university-rankings/anhui-university,"['No 111', 'Jiulong Road Hefei Economic and']",Hefei,Anhui,230601,China
1001–1200,1001,"Arab Academy for Science, Technology and Maritime Transport",Egypt,35.4,35.1,20.6,44.3,28.6,57.8,https://www.timeshighereducation.com/world-university-rankings/arab-academy-science-technology-and-maritime-transport,"['9 Abou Qear', 'Montaza 2 Abu Qir Al Gharbeyah']",Alexandria,ALX,5528341,Egypt
1001–1200,1001,Ardabil University of Medical Sciences,Iran,35.4,28.0,11.1,61.5,21.5,21.6,https://www.timeshighereducation.com/world-university-rankings/ardabil-university-medical-sciences,Daneshgah street,Ardabil,24,56189 8599,Iran
1001–1200,1001,Aswan University,Egypt,35.4,16.0,11.9,64.9,22.6,50.2,https://www.timeshighereducation.com/world-university-rankings/aswan-university,Airport Road,Sahara City,Aswan,81528,Egypt
1001–1200,1001,Ateneo de Manila University,Philippines,35.4,27.0,11.2,64.7,23.8,35.6,https://www.timeshighereducation.com/world-university-rankings/ateneo-de-manila-university,Loyola Heights Campus Katipunan Avenue,Quezon City,00,1108,Philippines
1001–1200,1001,Athens University of Economics and Business,Greece,35.4,18.7,24.6,45.3,63.4,43.4,https://www.timeshighereducation.com/world-university-rankings/athens-university-economics-and-business,"['76', 'Patission Street']",Athens,Athens,10434,Greece
1001–1200,1001,Bahria University,Pakistan,35.4,15.0,10.6,65.4,34.7,51.5,https://www.timeshighereducation.com/world-university-rankings/bahria-university,Shangrilla Road Sector E-8,Islamabad,Islamabad Capital Territory,,Pakistan
1001–1200,1001,Bangladesh Agricultural University (BAU),Bangladesh,35.4,21.2,10.3,65.2,24.6,49.4,https://www.timeshighereducation.com/world-university-rankings/bangladesh-agricultural-university-bau,BAU,,Mymensingh Division,2202,Bangladesh
1001–1200,1001,Bangladesh University of Engineering and Technology,Bangladesh,35.4,23.1,15.2,65.4,38.4,33.5,https://www.timeshighereducation.com/world-university-rankings/bangladesh-university-engineering-and-technology,Palashi,Dhaka,Dhaka,1205,Bangladesh
1001–1200,1001,Bartin University,Turkey,35.4,13.7,14.3,69.5,18.5,41.3,https://www.timeshighereducation.com/world-university-rankings/bartin-university,Agdaci Yerleskesi Merkez,Bartin,Bartin,74100,Turkey
1001–1200,1001,Bayero University,Nigeria,35.4,22.5,11.0,60.7,18.0,49.6,https://www.timeshighereducation.com/world-university-rankings/bayero-university,Kano,,Kano  State,,Nigeria
1001–1200,1001,Beni-Suef University,Egypt,35.4,25.8,11.3,59.4,22.8,55.6,https://www.timeshighereducation.com/world-university-rankings/beni-suef-university,Built Salah Salem Street,Bani Swei,BNS,62511,Egypt
1001–1200,1001,Birla Institute of Technology,India,35.4,22.7,20.0,58.1,45.5,21.3,https://www.timeshighereducation.com/world-university-rankings/birla-institute-technology,Mesra,Ranchi,JH,835215,India
1001–1200,1001,BRAC University,Bangladesh,35.4,13.6,13.4,74.9,19.9,43.3,https://www.timeshighereducation.com/world-university-rankings/brac-university,66 Mohakhali,,Dhaka,1212,Bangladesh
1001–1200,1001,Cardiff Metropolitan University,United Kingdom,35.4,20.7,14.4,51.3,26.8,86.8,https://www.timeshighereducation.com/world-university-rankings/cardiff-metropolitan-university,200 Western Avenue,Cardiff,South Glamorgan,CF5 2YB,United Kingdom
1001–1200,1001,Central Michigan University,United States,35.4,30.2,16.8,49.6,47.4,40.7,https://www.timeshighereducation.com/world-university-rankings/central-michigan-university,1200 South Franklin Street,Mount Pleasant,Michigan,48859,United States
1001–1200,1001,Central University of Haryana,India,35.4,19.3,16.8,63.6,17.6,25.9,https://www.timeshighereducation.com/world-university-rankings/central-university-haryana,Jant Pali,Mahendragarh,HR,123031,India
1001–1200,1001,Central University of Jammu,India,35.4,42.5,10.5,50.8,17.4,24.1,https://www.timeshighereducation.com/world-university-rankings/central-university-jammu,Bagla Suchani,Samba,JK,181143,India
1001–1200,1001,Chang’an University,China,35.4,30.1,17.0,45.8,77.9,27.3,https://www.timeshighereducation.com/world-university-rankings/changan-university,Naner Huan Road,Xian,Shaanxi Province,710064,China
1001–1200,1001,Changsha University of Science and Technology,China,35.4,16.3,15.3,63.4,77.2,23.8,https://www.timeshighereducation.com/world-university-rankings/changsha-university-science-and-technology,960 2nd Section Wanjiali South Road,Changsha,Hunan,410004,China
1001–1200,1001,Chiang Mai University,Thailand,35.4,29.0,18.8,51.7,55.0,39.3,https://www.timeshighereducation.com/world-university-rankings/chiang-mai-university,239 Huay Kaew Road Suthep Subdistrict,Chiang Mai,50,50200,Thailand
1001–1200,1001,Chiba University,Japan,35.4,33.7,21.1,43.7,70.3,34.1,https://www.timeshighereducation.com/world-university-rankings/chiba-university,"['1-33', 'Yayoi-cho Inage-ku']",Chiba-shi,12,263-8522,Japan
1001–1200,1001,China Pharmaceutical University,China,35.4,25.6,20.7,55.8,85.5,21.1,https://www.timeshighereducation.com/world-university-rankings/china-pharmaceutical-university,24 Tongjia Alley Gulou,Nanjing,Jiangsu,210009,China
1001–1200,1001,Chungbuk National University,South Korea,35.4,33.5,31.4,36.3,70.2,36.5,https://www.timeshighereducation.com/world-university-rankings/chungbuk-national-university,"['1', 'Chungdae-ro', 'Seowon-gu']",Cheongju-si,43,28644,South Korea
1001–1200,1001,Chungnam National University,South Korea,35.4,30.1,30.7,37.9,72.0,25.4,https://www.timeshighereducation.com/world-university-rankings/chungnam-national-university,99 Daehak-ro,Yuseong-gu,30,34134,South Korea
1001–1200,1001,Clarkson University,United States,35.4,32.6,18.2,36.8,63.6,65.4,https://www.timeshighereducation.com/world-university-rankings/clarkson-university,8 Clarkson Avenue,Potsdam,New York,13699,United States
1001–1200,1001,Cochin University of Science and Technology,India,35.4,40.3,29.0,31.6,75.2,25.0,https://www.timeshighereducation.com/world-university-rankings/cochin-university-science-and-technology,P.O Cochin,,KL,682022,India
1001–1200,1001,Covenant University,Nigeria,35.4,21.6,27.5,50.8,55.7,42.3,https://www.timeshighereducation.com/world-university-rankings/covenant-university,KM 10 Idiroko Road Canaan Land,Ota,OG,112104,Nigeria
1001–1200,1001,CY Cergy Paris University,France,35.4,26.3,20.5,38.1,56.5,90.1,https://www.timeshighereducation.com/world-university-rankings/cy-cergy-paris-university,33 Boulevard du Port,Cergy Pontoise,Ile de France,95011,France
1001–1200,1001,Damietta University,Egypt,35.4,18.0,10.6,69.0,19.6,48.1,https://www.timeshighereducation.com/world-university-rankings/damietta-university,4th District,,Damietta,34511,Egypt
1001–1200,1001,Datta Meghe Institute of Higher Education & Research (Deemed to be University),India,35.4,24.4,11.5,63.1,29.9,38.5,https://www.timeshighereducation.com/world-university-rankings/datta-meghe-institute-higher-education-research-deemed-be-university,"['Sawangi', 'Meghe']",Wardha,MH,442107,India
1001–1200,1001,Delta University for Science and Technology,Egypt,35.4,21.4,11.0,70.9,18.0,51.7,https://www.timeshighereducation.com/world-university-rankings/delta-university-science-and-technology,International Coastal Rd Al Hafir WA Al Amal,,DK,,Egypt
1001–1200,1001,Dr B.R. Ambedkar National Institute of Technology Jalandhar,India,35.4,25.6,17.0,59.1,25.8,19.3,https://www.timeshighereducation.com/world-university-rankings/dr-br-ambedkar-national-institute-technology-jalandhar,G.T. Road Amritsar Bypass,Jalandhar,PB,144011,India
1001–1200,1001,Edge Hill University,United Kingdom,35.4,18.5,14.2,62.2,30.7,58.7,https://www.timeshighereducation.com/world-university-rankings/edge-hill-university,St Helens Road,Ormskirk,Lancashire,L39 4QP,United Kingdom
1001–1200,1001,European University of Madrid,Spain,35.4,24.8,10.0,61.2,18.5,65.5,https://www.timeshighereducation.com/world-university-rankings/european-university-madrid,Tajo Street El Bosque,Villaviciosa de Odon,M,28670,Spain
1001–1200,1001,Financial University under the Government of the Russian Federation,Russian Federation,35.4,30.0,21.1,42.5,35.2,40.3,https://www.timeshighereducation.com/world-university-rankings/financial-university-under-government-russian-federation,49/2 Leningradsky Avenue,Moscow,Moscow,125167,Russian Federation
1001–1200,1001,Firat University,Turkey,35.4,24.4,13.9,57.0,32.7,38.3,https://www.timeshighereducation.com/world-university-rankings/firat-university,Rektorlugu,Elazig,Elazig,23119,Turkey
1001–1200,1001,Florida Agricultural and Mechanical University,United States,35.4,33.8,19.8,43.1,46.5,50.0,https://www.timeshighereducation.com/world-university-rankings/florida-agricultural-and-mechanical-university,1601 South Martin Luther Junior Boulevard,Tallahassee,Florida,32307,United States
1001–1200,1001,Florida Institute of Technology,United States,35.4,29.4,17.8,45.8,60.5,60.6,https://www.timeshighereducation.com/world-university-rankings/florida-institute-technology,150 West University Boulevard,Melbourne,Florida,32901,United States
1001–1200,1001,Fujian Agriculture and Forestry University,China,35.4,20.1,13.3,64.2,45.1,26.5,https://www.timeshighereducation.com/world-university-rankings/fujian-agriculture-and-forestry-university,Cangshan Fuzhou,,Fujian,,China
1001–1200,1001,Fujita Health University,Japan,35.4,27.9,13.1,58.0,57.7,23.7,https://www.timeshighereducation.com/world-university-rankings/fujita-health-university,1-98 Dengakugakubo Kutsukake-cho,Toyoake,23,470-1192,Japan
1001–1200,1001,Gdańsk University of Technology,Poland,35.4,22.1,19.3,55.0,60.6,42.1,https://www.timeshighereducation.com/world-university-rankings/gdansk-university-technology,11/12 Gabriela Narutowicza Str,Gdansk,Gdansk,80233,Poland
1001–1200,1001,GLA University,India,35.4,18.0,15.6,72.5,20.6,34.8,https://www.timeshighereducation.com/world-university-rankings/gla-university,"['17km Stone', 'NH-19 Mathura-Delhi Road P.O']",Mathura,U.P.,281 406,India
1001–1200,1001,Gonabad University of Medical Sciences,Iran,35.4,32.1,10.7,59.9,19.3,23.6,https://www.timeshighereducation.com/world-university-rankings/gonabad-university-medical-sciences,Imam Khomeini Street Ghadir Square,Gonabad,Gonabad,,Iran
1001–1200,1001,Hamadan University of Medical Sciences (UMSHA),Iran,35.4,32.7,16.8,59.1,24.3,24.6,https://www.timeshighereducation.com/world-university-rankings/hamadan-university-medical-sciences-umsha,Shahid Fahmideh St.,Hamedan,13,6517838736,Iran
1001–1200,1001,Hamamatsu University School of Medicine,Japan,35.4,34.2,18.6,42.8,60.5,26.0,https://www.timeshighereducation.com/world-university-rankings/hamamatsu-university-school-medicine,"['1-20-1 Handayama', 'Chuo-ku']",Hamamatsu City,22,431-3192,Japan
1001–1200,1001,Hangzhou Normal University,China,35.4,16.8,14.9,70.3,42.3,26.6,https://www.timeshighereducation.com/world-university-rankings/hangzhou-normal-university,2318 Yuhangtang Road,Hangzhou,Zhejiang,311121,China
1001–1200,1001,Hazara University Mansehra,Pakistan,35.4,17.1,11.6,68.1,17.1,49.8,https://www.timeshighereducation.com/world-university-rankings/hazara-university-mansehra,KKH Dhodiyal Mansehra District,Mansehra,Khyber Pakhtunkhwa,,Pakistan
1001–1200,1001,Imam Khomeini International University,Iran,35.4,30.4,18.0,50.5,25.5,37.4,https://www.timeshighereducation.com/world-university-rankings/imam-khomeini-international-university,Imam Khomeini International Un,Qazvin,26,34149-1681,Iran
1001–1200,1001,Indian Institute of Technology Gandhinagar,India,35.4,40.0,26.6,38.1,39.7,33.5,https://www.timeshighereducation.com/world-university-rankings/indian-institute-technology-gandhinagar,Village Palaj Simkheda,Gandhinagar,GJ,382355,India
1001–1200,1001,Indian Institute of Technology Mandi,India,35.4,34.3,14.9,54.9,28.8,27.9,https://www.timeshighereducation.com/world-university-rankings/indian-institute-technology-mandi,Parashar Road Tehsil Sadar,Kamand,HP,175005,India
1001–1200,1001,Indian Institute of Technology Ropar,India,35.4,40.6,21.0,46.0,40.4,24.9,https://www.timeshighereducation.com/world-university-rankings/indian-institute-technology-ropar,Nangal Road,Rupnagar,PB,140001,India
1001–1200,1001,Indraprastha Institute of Information Technology Delhi,India,35.4,25.3,14.6,52.4,52.6,41.5,https://www.timeshighereducation.com/world-university-rankings/indraprastha-institute-information-technology-delhi,Okhla Industrial Estate Ph3-Nr Govind Puri Mtr Station,New Delhi,New Delhi,110020,India
1001–1200,1001,Institute for Advanced Studies in Basic Sciences (IASBS),Iran,35.4,37.6,9.1,51.2,25.6,62.4,https://www.timeshighereducation.com/world-university-rankings/institute-advanced-studies-basic-sciences-iasbs,444 Prof. Yousef Sobouti Blvd.,Zanjan,19,45137,Iran
1001–1200,1001,Institute of Space Technology,Pakistan,35.4,23.2,10.4,59.1,22.5,49.2,https://www.timeshighereducation.com/world-university-rankings/institute-space-technology,P.O. Box 2750,,Islamabad,44000,Pakistan
1001–1200,1001,Islamic University of Madinah,Saudi Arabia,35.4,29.7,10.0,53.6,17.7,88.7,https://www.timeshighereducation.com/world-university-rankings/islamic-university-madinah,Abo Bakr Al Siddiq Al Jamiah,Madinah,Al Madinah Province,42351,Saudi Arabia
1001–1200,1001,Istanbul Gelisim University,Turkey,35.4,12.8,9.4,71.7,16.2,60.7,https://www.timeshighereducation.com/world-university-rankings/istanbul-gelisim-university,No:1 Avcılar Cihangir Quarter,Hakan Öner Street,Istanbul,,Turkey
1001–1200,1001,İstinye University,Turkey,35.4,12.9,18.4,61.1,17.4,76.6,https://www.timeshighereducation.com/world-university-rankings/istinye-university,Maltepe District Edirne Whisk Road,Topkapi,Istanbul,,Turkey
1001–1200,1001,ITMO University,Russian Federation,35.4,30.4,29.9,33.0,80.6,57.9,https://www.timeshighereducation.com/world-university-rankings/itmo-university,Kronverksky Pr 49 Building A,Saint Petersburg,Saint Petersburg,197101,Russian Federation
1001–1200,1001,Izmir Institute of Technology,Turkey,35.4,31.1,29.8,32.2,60.4,38.1,https://www.timeshighereducation.com/world-university-rankings/izmir-institute-technology,,Urla,Izmir Province,35430,Turkey
1001–1200,1001,Jadavpur University,India,35.4,36.6,15.9,45.0,53.9,20.3,https://www.timeshighereducation.com/world-university-rankings/jadavpur-university,"['188', 'Raja S.C. Mallick Road']",Kolkata,Bengal State,700032,India
1001–1200,1001,Jashore University of Science and Technology,Bangladesh,35.4,15.2,11.5,74.8,19.4,47.6,https://www.timeshighereducation.com/world-university-rankings/jashore-university-science-and-technology,1 Churamonkathi Ambottola,Jashore District,Southwestern Bangladesh,7408,Bangladesh
1001–1200,1001,Jaume I University,Spain,35.4,25.7,21.9,50.4,46.7,44.3,https://www.timeshighereducation.com/world-university-rankings/jaume-i-university,Avinguda Vicent Sos Baynat,Castello de la Plana,Castellon,12071,Spain
1001–1200,1001,Jawaharlal Nehru Technological University Anantapur (JNTUA),India,35.4,31.5,19.9,59.6,22.4,20.9,https://www.timeshighereducation.com/world-university-rankings/jawaharlal-nehru-technological-university-anantapur-jntua,Mokshagundam Visvesvaraya Rd JNT University Road,Ananthapuramu,AP,515002,India
1001–1200,1001,Jaypee University of Information Technology,India,35.4,23.9,16.8,62.9,33.4,23.0,https://www.timeshighereducation.com/world-university-rankings/jaypee-university-information-technology,"['PO Waknaghat', 'Teh Kandaghat District Solan']",Waknaghat,HP,173234,India
1001–1200,1001,Jiangsu University of Science and Technology,China,35.4,16.1,16.7,60.3,68.5,22.7,https://www.timeshighereducation.com/world-university-rankings/jiangsu-university-science-and-technology,"['2 Mengxi Road', 'Jingkou']",Zhenjiang City,Jiangsu,,China
1001–1200,1001,Kalasalingam Academy of Research and Education,India,35.4,27.8,9.2,61.5,22.8,43.2,https://www.timeshighereducation.com/world-university-rankings/kalasalingam-academy-research-and-education,Anand Nagar,Krishnankoil,TN,626126,India
1001–1200,1001,Kanazawa University,Japan,35.4,36.0,21.8,35.6,67.5,34.6,https://www.timeshighereducation.com/world-university-rankings/kanazawa-university,Kakuma-machi,Kanazawa,17,920-1192,Japan
1001–1200,1001,Kaunas University of Technology,Lithuania,35.4,25.2,19.9,52.8,46.8,42.2,https://www.timeshighereducation.com/world-university-rankings/kaunas-university-technology,K Donelaicio Street 73,Kaunas,Kaunas,44249,Lithuania
1001–1200,1001,Khulna University of Engineering and Technology (KUET),Bangladesh,35.4,13.8,8.7,78.6,22.1,36.0,https://www.timeshighereducation.com/world-university-rankings/khulna-university-engineering-and-technology-kuet,Khulna Ave,Khulna,Khulna Division,9203,Bangladesh
1001–1200,1001,Kore University of Enna,Italy,35.4,17.8,16.6,57.8,43.0,41.3,https://www.timeshighereducation.com/world-university-rankings/kore-university-enna,Cittadella Universitaria Viale delle Olimpiadi,Enna,Enna Province,94100,Italy
1001–1200,1001,Kumamoto University,Japan,35.4,33.6,19.3,41.3,82.0,37.0,https://www.timeshighereducation.com/world-university-rankings/kumamoto-university,2-39-1 Kurokami,Chuo ku,43,860-8555,Japan
1001–1200,1001,Kyoto Prefectural University of Medicine,Japan,35.4,33.4,15.9,53.9,70.9,21.2,https://www.timeshighereducation.com/world-university-rankings/kyoto-prefectural-university-medicine,465 Kajii-cho Kawaramachi-hirokoji,,26,602-8566,Japan
1001–1200,1001,Lakehead University,Canada,35.4,18.0,25.6,52.8,41.6,58.5,https://www.timeshighereducation.com/world-university-rankings/lakehead-university,955 Oliver Road Thunder Bay,,Ontario,P7B 5E1,Canada
1001–1200,1001,Landmark University,Nigeria,35.4,20.2,18.4,61.9,22.1,37.2,https://www.timeshighereducation.com/world-university-rankings/landmark-university,Km 4 Ipetu Omu-Aran Road,Omu Aran,Kwara State,PMB 1001,Nigeria
1001–1200,1001,Lithuanian University of Health Sciences,Lithuania,35.4,29.9,13.6,57.5,29.0,55.8,https://www.timeshighereducation.com/world-university-rankings/lithuanian-university-health-sciences,A. Mickeviciaus str. 9,,Kaunas,44307,Lithuania
1001–1200,1001,Mae Fah Luang University,Thailand,35.4,16.3,13.9,61.4,36.8,64.1,https://www.timeshighereducation.com/world-university-rankings/mae-fah-luang-university,333 Moo1,Thasud,57,57100,Thailand
1001–1200,1001,"Maulana Abul Kalam Azad University of Technology, West Bengal",India,35.4,18.7,24.2,59.2,39.1,20.0,https://www.timeshighereducation.com/world-university-rankings/maulana-abul-kalam-azad-university-technology-west-bengal,"['National Highway 12', 'Simhat Haringhata']",Nadia,WB,741249,India
1001–1200,1001,Medical University of Gdańsk,Poland,35.4,26.8,12.0,55.8,45.5,38.3,https://www.timeshighereducation.com/world-university-rankings/medical-university-gdansk,M. Sklodowskiej-Curie 3a St,Gdansk,Pomeranian Voivodeship,80-210,Poland
1001–1200,1001,Medical University of Warsaw,Poland,35.4,28.7,12.6,52.2,48.8,33.3,https://www.timeshighereducation.com/world-university-rankings/medical-university-warsaw,61 Zwirki i Wigury Street,Warsaw,Masovian Voivodeship,02-091,Poland
1001–1200,1001,Ming Chi University of Technology,Taiwan,35.4,18.3,29.7,49.6,69.7,38.2,https://www.timeshighereducation.com/world-university-rankings/ming-chi-university-technology,"['No 84', 'Gungjuan Road Guizi Village']",New Taipei City,New Taipei,24301,Taiwan
1001–1200,1001,Minia University,Egypt,35.4,18.5,9.5,65.2,24.1,50.9,https://www.timeshighereducation.com/world-university-rankings/minia-university,Cairo-Aswan Road,,El-Minia,61519,Egypt
1001–1200,1001,Montana State University,United States,35.4,24.7,21.7,48.7,64.5,36.3,https://www.timeshighereducation.com/world-university-rankings/montana-state-university,Strand Union Building 183 PO Box 172260,Bozeman,Montana,59717-2260,United States
1001–1200,1001,Moscow Technical University of Communications and Informatics,Russian Federation,35.4,14.3,11.6,71.0,47.7,23.8,https://www.timeshighereducation.com/world-university-rankings/moscow-technical-university-communications-and-informatics,8a Aviamotor Street,,Moscow,111024,Russian Federation
1001–1200,1001,Multimedia University,Malaysia,35.4,26.1,21.3,38.7,74.8,64.0,https://www.timeshighereducation.com/world-university-rankings/multimedia-university,Persiaran Multimedia,Cyberjaya,10,63100,Malaysia
1001–1200,1001,National Central University,Taiwan,35.4,31.0,25.1,30.7,99.0,41.8,https://www.timeshighereducation.com/world-university-rankings/national-central-university,"['No 300', 'Jhongda Road Zhongli District']",Taoyuan City,Taoyuan,32001,Taiwan
1001–1200,1001,"National Institute of Technology, Raipur",India,35.4,28.9,16.1,60.2,28.7,17.3,https://www.timeshighereducation.com/world-university-rankings/national-institute-technology-raipur,G.E. Road,Raipur,CG,492010,India
1001–1200,1001,New Valley University,Egypt,35.4,23.9,8.6,63.7,17.1,49.1,https://www.timeshighereducation.com/world-university-rankings/new-valley-university,Dakhla Road St.,El Kharga,WAD,,Egypt
1001–1200,1001,Nguyen Tat Thanh University,Vietnam,35.4,12.0,9.7,74.5,21.5,45.2,https://www.timeshighereducation.com/world-university-rankings/nguyen-tat-thanh-university,"['300A – Nguyen Tat Thanh Ward 13', 'District 4']",Ho Chi Minh,Ho Chi Minh,,Vietnam
1001–1200,1001,Nippon Medical School,Japan,35.4,30.0,11.4,58.7,51.5,22.3,https://www.timeshighereducation.com/world-university-rankings/nippon-medical-school,1-1-5 Sendagi Bunkyo-ku,Tokyo,13,113-8602,Japan
1001–1200,1001,Northwest University (China),China,35.4,27.9,14.7,54.0,51.4,25.5,https://www.timeshighereducation.com/world-university-rankings/northwest-university-china,229 North Taibai Road,Xian,Shaanxi,710069,China
1001–1200,1001,Nova Southeastern University,United States,35.4,39.4,13.8,41.8,48.9,37.4,https://www.timeshighereducation.com/world-university-rankings/nova-southeastern-university,3300 South University Drive,Fort Lauderdale,Florida,33328-2004,United States
1001–1200,1001,Novosibirsk State University,Russian Federation,35.4,38.4,29.6,24.0,57.0,49.3,https://www.timeshighereducation.com/world-university-rankings/novosibirsk-state-university,"['Pirogova', '1']",Novosibirsk,Novosibirsk Oblast,630090,Russian Federation
1001–1200,1001,Okayama University,Japan,35.4,34.5,23.1,39.2,87.1,38.8,https://www.timeshighereducation.com/world-university-rankings/okayama-university,1-1-1 Tsushima-naka,,33,700-8530,Japan
1001–1200,1001,O.P. Jindal Global University,India,35.4,26.0,16.3,51.1,16.8,56.6,https://www.timeshighereducation.com/world-university-rankings/op-jindal-global-university,Sonipat Narela Road Near Jagdishpur Village,Haryana,DL,131001,India
1001–1200,1001,Palacký University Olomouc,Czechia,35.4,23.3,25.0,47.3,41.0,60.0,https://www.timeshighereducation.com/world-university-rankings/palacky-university-olomouc,Krizkovskeho 511/8,Olomouc,Moravia Province,779 00,Czechia
1001–1200,1001,PMAS Arid Agriculture University Rawalpindi,Pakistan,35.4,28.1,12.5,61.7,25.2,49.1,https://www.timeshighereducation.com/world-university-rankings/pmas-arid-agriculture-university-rawalpindi,Muree Road Shamsabad,Rawalpindi,Punjab Province,00666,Pakistan
1001–1200,1001,Pontifical Catholic University of Rio Grande do Sul (PUCRS),Brazil,35.4,33.6,19.6,40.2,57.8,36.1,https://www.timeshighereducation.com/world-university-rankings/pontifical-catholic-university-rio-grande-do-sul-pucrs,Avenida Ipiranga 6681 Partenon,Porto Alegre,Rio Grande do Sul,90619-900,Brazil
1001–1200,1001,Riga Technical University,Latvia,35.4,27.1,25.3,33.6,56.4,65.4,https://www.timeshighereducation.com/world-university-rankings/riga-technical-university,6A Kipsalas Street,,Riga,LV-1048,Latvia
1001–1200,1001,Riphah International University,Pakistan,35.4,20.0,10.4,71.2,17.8,50.9,https://www.timeshighereducation.com/world-university-rankings/riphah-international-university,Hajj Complex Road Sector I-14,,Islamabad,747424,Pakistan
1001–1200,1001,San Diego State University,United States,35.4,22.9,12.8,57.2,57.0,34.2,https://www.timeshighereducation.com/world-university-rankings/san-diego-state-university,5500 Campanile Drive,San Diego,California,92182,United States
1001–1200,1001,Sechenov University,Russian Federation,35.4,30.2,19.4,43.6,40.7,54.9,https://www.timeshighereducation.com/world-university-rankings/sechenov-university,Trubetskaya st. 8-2,,Moscow,119991,Russian Federation
1001–1200,1001,Selçuk University,Turkey,35.4,32.1,23.7,37.9,67.1,33.6,https://www.timeshighereducation.com/world-university-rankings/selcuk-university,Alaeddin Keykubat Yerleşkesi Akademi Mah,Istanbul,Istanbul,42130,Turkey
1001–1200,1001,Semnan University,Iran,35.4,27.2,17.3,52.2,48.6,31.9,https://www.timeshighereducation.com/world-university-rankings/semnan-university,Campus 1 Front of Sokan Park,Semnan,20,19111-3513,Iran
1001–1200,1001,Shanghai Normal University,China,35.4,32.0,16.6,53.9,40.1,27.6,https://www.timeshighereducation.com/world-university-rankings/shanghai-normal-university,No.100 Guilin Road Xuhui District,,Shanghai,200234,China
1001–1200,1001,Shantou University,China,35.4,18.3,18.2,63.8,43.9,36.1,https://www.timeshighereducation.com/world-university-rankings/shantou-university,243 Daxue Road,Shantou,Guangdong,515063,China
1001–1200,1001,Shaqra University,Saudi Arabia,35.4,17.1,9.4,67.0,17.1,73.4,https://www.timeshighereducation.com/world-university-rankings/shaqra-university,Al Duwadimi Road,Shaqra,Riyadh Province,,Saudi Arabia
1001–1200,1001,Silesian University of Technology,Poland,35.4,27.7,17.7,50.7,45.4,36.0,https://www.timeshighereducation.com/world-university-rankings/silesian-university-technology,Ul Akademicka 2A,Gliwice,Upper Silesia,44-100,Poland
1001–1200,1001,South Dakota Mines,United States,35.4,25.8,21.3,42.9,73.1,51.8,https://www.timeshighereducation.com/world-university-rankings/south-dakota-mines,501 East Saint Joseph Street,Rapid City,South Dakota,57701,United States
1001–1200,1001,SRM Institute of Science and Technology,India,35.4,25.0,13.6,67.4,27.8,26.2,https://www.timeshighereducation.com/world-university-rankings/srm-institute-science-and-technology,"['SRM Nagar', 'Potheri Chengalpattu District']",Kattankulathur,TN,603203,India
1001–1200,1001,Suez University,Egypt,35.4,17.7,10.5,66.1,25.9,50.0,https://www.timeshighereducation.com/world-university-rankings/suez-university,1 Cairo - Suez Road,Suez,El Salam City,43111,Egypt
1001–1200,1001,Sumy State University,Ukraine,35.4,20.6,16.4,56.1,21.6,49.7,https://www.timeshighereducation.com/world-university-rankings/sumy-state-university,116 Kharkivska Street,Sumy,Sumy,40007,Ukraine
1001–1200,1001,Taibah University,Saudi Arabia,35.4,16.1,11.2,60.4,23.0,74.7,https://www.timeshighereducation.com/world-university-rankings/taibah-university,Universities Road PO Box 344,Al Madinah,Al Madinah Region,,Saudi Arabia
1001–1200,1001,Taiz University,Yemen,35.4,17.1,8.4,70.8,17.2,58.3,https://www.timeshighereducation.com/world-university-rankings/taiz-university,Habeel Salman,Taiz,Taiz Governorate,3086,Yemen
1001–1200,1001,Tallinn University,Estonia,35.4,27.2,24.5,47.8,24.4,55.2,https://www.timeshighereducation.com/world-university-rankings/tallinn-university,Narva mnt 25,,Tallinn,10120,Estonia
1001–1200,1001,Tanta University,Egypt,35.4,20.0,9.5,66.3,23.5,49.1,https://www.timeshighereducation.com/world-university-rankings/tanta-university,Sibrbay,Tanta,GH,,Egypt
1001–1200,1001,Tashkent State Technical University,Uzbekistan,35.4,21.0,8.6,75.3,16.6,26.6,https://www.timeshighereducation.com/world-university-rankings/tashkent-state-technical-university,University street 2,,Tashkent City,100097,Uzbekistan
1001–1200,1001,Technical University of Madrid,Spain,35.4,27.8,18.1,45.7,71.2,53.8,https://www.timeshighereducation.com/world-university-rankings/technical-university-madrid,Calle de Ramiro de Maeztu 7,,M,28040,Spain
1001–1200,1001,Technische Universität Ilmenau,Germany,35.4,31.4,21.9,37.1,70.9,64.8,https://www.timeshighereducation.com/world-university-rankings/technische-universitat-ilmenau,Ehrenbergstrasse 29,Ilmenau,Thuringia,98693,Germany
1001–1200,1001,The Hashemite University,Jordan,35.4,14.0,16.1,59.7,34.7,60.9,https://www.timeshighereducation.com/world-university-rankings/hashemite-university,P.O. Box 330127,Zarqa,Zarqa Governorate,13133,Jordan
1001–1200,1001,The New School,United States,35.4,29.9,14.3,43.5,25.7,66.6,https://www.timeshighereducation.com/world-university-rankings/new-school,66 West 12th Street,New York,New York,10011,United States
1001–1200,1001,The University of Haripur,Pakistan,35.4,16.0,12.8,71.7,18.4,51.4,https://www.timeshighereducation.com/world-university-rankings/university-haripur,Hattar Road Near Swat Chowk Haripur,,Khyber Pakhtunkhwa,,Pakistan
1001–1200,1001,Tishk International University,Iraq,35.4,15.4,13.3,69.8,19.0,68.6,https://www.timeshighereducation.com/world-university-rankings/tishk-international-university,Qadi Muhammad,Erbil,Erbil Governorate,,Iraq
1001–1200,1001,Tokyo Medical University,Japan,35.4,33.2,18.1,50.9,71.5,21.3,https://www.timeshighereducation.com/world-university-rankings/tokyo-medical-university,6-1-1 Shinjuku Shinjuku-ku,Tokyo City,13,160-8402,Japan
1001–1200,1001,TU Bergakademie Freiberg,Germany,35.4,38.0,25.5,28.5,57.0,68.1,https://www.timeshighereducation.com/world-university-rankings/tu-bergakademie-freiberg,Akademiestrasse 6,Freiberg,Saxony,09599,Germany
1001–1200,1001,Universidade Federal de Santa Catarina,Brazil,35.4,36.3,22.4,40.8,65.5,37.0,https://www.timeshighereducation.com/world-university-rankings/universidade-federal-de-santa-catarina,Campus Universitario Reitor Joao David Ferreira Lima,Trindade,Florianopolis,88040-900,Brazil
1001–1200,1001,Universidad Peruana Cayetano Heredia,Peru,35.4,20.2,16.1,61.2,33.7,49.7,https://www.timeshighereducation.com/world-university-rankings/universidad-peruana-cayetano-heredia,Av. Honorio Delgado 430 Urb. Ingeniería,,San Martín de Porres- Lima,,Peru
1001–1200,1001,Universitas Sebelas Maret,Indonesia,35.4,25.1,23.8,42.2,51.0,41.1,https://www.timeshighereducation.com/world-university-rankings/universitas-sebelas-maret,"['Jalan Ir. Sutami 36 Kentingan Jebres', 'Surakarta']",Jawa Tengah,JT,57126,Indonesia
1001–1200,1001,Universitat Internacional de Catalunya,Spain,35.4,26.1,11.2,50.2,21.3,69.9,https://www.timeshighereducation.com/world-university-rankings/universitat-internacional-de-catalunya,Immaculada 22,Barcelona,B,8017,Spain
1001–1200,1001,Université Bourgogne Europe,France,35.4,19.5,16.0,58.8,61.1,58.4,https://www.timeshighereducation.com/world-university-rankings/university-burgundy,Maison de l’université Esplanade Erasme,21078 Dijon Cedex,,,France
1001–1200,1001,Universiti Malaysia Sarawak (UNIMAS),Malaysia,35.4,31.4,22.1,29.7,77.7,60.2,https://www.timeshighereducation.com/world-university-rankings/universiti-malaysia-sarawak-unimas,Kota Samarahan,Kota Samarahan,13,94300,Malaysia
1001–1200,1001,Universiti Malaysia Terengganu (UMT),Malaysia,35.4,22.6,20.2,55.1,36.6,61.2,https://www.timeshighereducation.com/world-university-rankings/universiti-malaysia-terengganu-umt,Kuala Terengganu,,11,21030,Malaysia
1001–1200,1001,Universiti Sultan Zainal Abidin,Malaysia,35.4,26.0,13.6,58.8,22.5,52.1,https://www.timeshighereducation.com/world-university-rankings/universiti-sultan-zainal-abidin,Campus Gong Badak Gong Badak,,Terengganu Darul Iman,21300,Malaysia
1001–1200,1001,Universiti Tunku Abdul Rahman (UTAR),Malaysia,35.4,20.8,17.8,51.5,63.5,52.0,https://www.timeshighereducation.com/world-university-rankings/universiti-tunku-abdul-rahman-utar,"['Jalan Universiti', 'Bandar Barat']",Kampar,08,31900,Malaysia
1001–1200,1001,University of Algarve,Portugal,35.4,19.6,22.1,54.1,29.7,62.8,https://www.timeshighereducation.com/world-university-rankings/university-algarve,Estrada da Penha,Faro,Algarve Region,8005-139,Portugal
1001–1200,1001,University of Alicante,Spain,35.4,27.6,21.2,47.9,56.1,41.7,https://www.timeshighereducation.com/world-university-rankings/university-alicante,Crta San Vicente del Raspeig,San Vicente del Raspeig,A,03690,Spain
1001–1200,1001,University of Almería,Spain,35.4,22.7,21.2,51.0,34.5,45.0,https://www.timeshighereducation.com/world-university-rankings/university-almeria,Carretera Sacramento Sin Numero,Almeria,Almeria Province,04120,Spain
1001–1200,1001,University of Angers,France,35.4,18.8,23.1,51.1,58.6,70.9,https://www.timeshighereducation.com/world-university-rankings/university-angers,40 Rue de Rennes,,Angers,49035,France
1001–1200,1001,University of Bahrain,Bahrain,35.4,14.0,15.2,60.8,21.4,62.2,https://www.timeshighereducation.com/world-university-rankings/university-bahrain,PO Box 32038,Sakheer,Southern Governorate,,Bahrain
1001–1200,1001,University of Bedfordshire,United Kingdom,35.4,18.1,14.0,55.3,32.9,86.7,https://www.timeshighereducation.com/world-university-rankings/university-bedfordshire,University Square,Luton,Luton,LU1 3JU,United Kingdom
1001–1200,1001,University of Belgrade,Serbia,35.4,22.6,27.3,50.9,31.9,41.6,https://www.timeshighereducation.com/world-university-rankings/university-belgrade,1 Studentski Trg,Belgrade,Belgrade District,11000,Serbia
1001–1200,1001,University of Bisha,Saudi Arabia,35.4,19.4,8.8,59.5,16.9,74.7,https://www.timeshighereducation.com/world-university-rankings/university-bisha,Al Nakhil,Bisha,Asir Region,67714,Saudi Arabia
1001–1200,1001,University of Botswana,Botswana,35.4,14.5,13.2,62.9,19.1,58.9,https://www.timeshighereducation.com/world-university-rankings/university-botswana,Plot 4775 Notwane Road Private Bag UB 0022,Gaborone,Gaborone,,Botswana
1001–1200,1001,University of Bucharest,Romania,35.4,21.6,24.1,58.4,27.0,30.9,https://www.timeshighereducation.com/world-university-rankings/university-bucharest,90 Panduri Street Sector 5,,Bucharest,050663,Romania
1001–1200,1001,University of Camerino (Unicam),Italy,35.4,21.7,18.3,54.2,58.5,55.1,https://www.timeshighereducation.com/world-university-rankings/university-camerino-unicam,Piazza Cavour 19/f,Camerino MC,Macerata Provice,62032,Italy
1001–1200,1001,University of Campania Luigi Vanvitelli,Italy,35.4,18.4,10.0,75.0,51.2,31.5,https://www.timeshighereducation.com/world-university-rankings/university-campania-luigi-vanvitelli,Via Vivaldi 43,,Caserta,81100,Italy
1001–1200,1001,University of Castilla-La Mancha,Spain,35.4,24.0,17.9,52.8,53.5,45.0,https://www.timeshighereducation.com/world-university-rankings/university-castilla-la-mancha,50 Calle Altagracia,Ciudad Real,CR,13071,Spain
1001–1200,1001,University of Chile,Chile,35.4,26.6,21.5,48.3,56.5,49.3,https://www.timeshighereducation.com/world-university-rankings/university-chile,Avenue Libertador Bernardo OHiggins 1058,Santiago de Chile,Santiago,,Chile
1001–1200,1001,University of Clermont Auvergne,France,35.4,20.8,18.6,49.3,60.1,65.4,https://www.timeshighereducation.com/world-university-rankings/university-clermont-auvergne,49 Boulevard Francois Mitterrand,Clermont Ferrand,Auvergne Rhone Alpes Region,63001,France
1001–1200,1001,University of Colombo,Sri Lanka,35.4,26.0,11.7,67.1,27.4,40.7,https://www.timeshighereducation.com/world-university-rankings/university-colombo,94 Cumaratunga Munidasa Mawatha,Colombo,Western Province,00700,Sri Lanka
1001–1200,1001,University of East London,United Kingdom,35.4,23.6,15.3,49.5,32.2,87.5,https://www.timeshighereducation.com/world-university-rankings/university-east-london,University Way,London,London,E16 2RD,United Kingdom
1001–1200,1001,"University of Education, Lahore",Pakistan,35.4,13.6,8.8,70.3,16.4,50.5,https://www.timeshighereducation.com/world-university-rankings/university-education-lahore,College Road Township,Lahore,Punjab,,Pakistan
1001–1200,1001,"University of Engineering and Technology, Peshawar",Pakistan,35.4,17.8,12.8,62.9,28.0,53.7,https://www.timeshighereducation.com/world-university-rankings/university-engineering-and-technology-peshawar,Jamrud Road,Peshawar,Khyber Pakhtunkhwa,25000,Pakistan
1001–1200,1001,University of Ghana,Ghana,35.4,17.0,32.2,49.2,46.8,50.3,https://www.timeshighereducation.com/world-university-rankings/university-ghana,PO Box LG 25,Legon,Accra,00233,Ghana
1001–1200,1001,University of Girona,Spain,35.4,21.2,24.6,51.5,53.4,55.9,https://www.timeshighereducation.com/world-university-rankings/university-girona,"['Placa Sant Domenec', '3 Les Aligues Building']",Girona,GI,17004,Spain
1001–1200,1001,University of Gloucestershire,United Kingdom,35.4,18.5,14.2,58.7,27.1,72.2,https://www.timeshighereducation.com/world-university-rankings/university-gloucestershire,The Park,Cheltenham,Gloucestershire,GL50 2RH,United Kingdom
1001–1200,1001,University of Hafr Al Batin,Saudi Arabia,35.4,19.9,14.8,54.3,24.8,78.5,https://www.timeshighereducation.com/world-university-rankings/university-hafr-al-batin,Al Jamiah,Hafar al-Batin,Hafar al-Batin Governorate,39524,Saudi Arabia
1001–1200,1001,University of Hradec Králové,Czechia,35.4,20.6,15.8,61.7,34.7,63.5,https://www.timeshighereducation.com/world-university-rankings/university-hradec-kralove,Rokitanského 62,Hradec Králové,,500 03,Czechia
1001–1200,1001,University of Hyderabad,India,35.4,42.4,21.6,41.6,48.4,24.8,https://www.timeshighereducation.com/world-university-rankings/university-hyderabad,Central University P.O. Prof. C.R.Rao Road,Hyderabad,TS,500046,India
1001–1200,1001,University of Kashan,Iran,35.4,18.6,18.0,64.2,34.6,48.0,https://www.timeshighereducation.com/world-university-rankings/university-kashan,6 Km Ghotbravandi Blvd,Kashan,10,,Iran
1001–1200,1001,University of Kurdistan,Iran,35.4,16.1,15.9,70.1,34.5,40.6,https://www.timeshighereducation.com/world-university-rankings/university-kurdistan,Pasdaran Street,Sanandaj,12,,Iran
1001–1200,1001,University of la Costa,Colombia,35.4,11.9,13.1,72.5,17.4,55.6,https://www.timeshighereducation.com/world-university-rankings/university-la-costa,Calle 58 No 55-66,Barranquilla,Atlantico,080002,Colombia
1001–1200,1001,University of La Laguna,Spain,35.4,23.4,16.1,55.2,36.2,49.3,https://www.timeshighereducation.com/world-university-rankings/university-la-laguna,Calle Padre Herrera sin numero Pabellon de Gobierno,San Cristobal de La Laguna,TF,38200,Spain
1001–1200,1001,University of Lancashire,United Kingdom,35.4,18.7,13.4,57.2,38.7,82.6,https://www.timeshighereducation.com/world-university-rankings/university-lancashire,Adelphi Building,Preston,Lancashire,PR1 2HE,United Kingdom
1001–1200,1001,University of Latvia,Latvia,35.4,20.5,31.3,42.3,52.3,50.7,https://www.timeshighereducation.com/world-university-rankings/university-latvia,Raina bulvaris 19,Riga,LV 1586,,Latvia
1001–1200,1001,University of Medicine and Pharmacy of Craiova,Romania,35.4,26.1,10.4,59.4,23.0,36.8,https://www.timeshighereducation.com/world-university-rankings/university-medicine-and-pharmacy-craiova,Strada Petru Rareș 2,,Craiova,200349,Romania
1001–1200,1001,University of Memphis,United States,35.4,30.1,19.3,48.6,62.7,45.8,https://www.timeshighereducation.com/world-university-rankings/university-memphis,3720 Alumni Avenue,Memphis,Tennessee,38152,United States
1001–1200,1001,University of Mohaghegh Ardabili,Iran,35.4,20.4,17.4,56.3,20.6,45.6,https://www.timeshighereducation.com/world-university-rankings/university-mohaghegh-ardabili,Daneshgah Street,Ardabil,24,56199-1136,Iran
1001–1200,1001,University of Murcia,Spain,35.4,25.6,19.4,55.2,55.1,36.5,https://www.timeshighereducation.com/world-university-rankings/university-murcia,Avenida Teniente Flomesta 5,Murcia,MU,30003,Spain
1001–1200,1001,University of Okara,Pakistan,35.4,8.6,16.5,73.4,16.8,49.6,https://www.timeshighereducation.com/world-university-rankings/university-okara,2 KM Multan Road,,Okara,,Pakistan
1001–1200,1001,University of Oviedo,Spain,35.4,30.3,19.8,48.0,48.3,40.6,https://www.timeshighereducation.com/world-university-rankings/university-oviedo,"['C/ San Francisco', '3']",,Oviedo,33003,Spain
1001–1200,1001,University of Pécs,Hungary,35.4,32.4,18.7,38.3,40.6,55.9,https://www.timeshighereducation.com/world-university-rankings/university-pecs,Vasvari Pal utca 4,Pecs,Baranya,7622,Hungary
1001–1200,1001,University of Peshawar,Pakistan,35.4,24.0,12.0,59.1,34.8,49.4,https://www.timeshighereducation.com/world-university-rankings/university-peshawar,Jamrud Road Qadir Abad,Peshawar,Khyber Pakhtunkhwav,,Pakistan
1001–1200,1001,University of Piraeus,Greece,35.4,16.7,21.7,53.3,88.3,25.6,https://www.timeshighereducation.com/world-university-rankings/university-piraeus,"['80', 'M. Karaoli & A. Dimitriou']",Piraeus,Attica,18534,Greece
1001–1200,1001,University of Rajshahi,Bangladesh,35.4,16.5,9.9,77.0,22.1,42.0,https://www.timeshighereducation.com/world-university-rankings/university-rajshahi,Motihar,,Rajshahi,6205,Bangladesh
1001–1200,1001,University of Sadat City,Egypt,35.4,17.8,11.0,66.4,19.1,50.7,https://www.timeshighereducation.com/world-university-rankings/university-sadat-city,Menofia Governorate,,Madinat As Sadat,,Egypt
1001–1200,1001,University of Sannio,Italy,35.4,30.4,16.8,56.5,42.8,29.7,https://www.timeshighereducation.com/world-university-rankings/university-sannio,Piazza Guerrazzi,Benevento,Benevento Province,82100,Italy
1001–1200,1001,University of Savoie Mont Blanc,France,35.4,17.8,17.6,58.4,55.1,62.9,https://www.timeshighereducation.com/world-university-rankings/university-savoie-mont-blanc,"['27', 'rue Marcoz B.P. 1104']",Chambery,Auvergne Rhone Alpes Region,73011,France
1001–1200,1001,University of Seoul,South Korea,35.4,31.8,28.3,38.5,50.3,38.2,https://www.timeshighereducation.com/world-university-rankings/university-seoul,163 Seoulsiripdaero 90 Jeonnong-dong,Seoul,11,02504,South Korea
1001–1200,1001,University of South Bohemia in České Budějovice,Czechia,35.4,23.5,17.4,50.4,25.1,55.1,https://www.timeshighereducation.com/world-university-rankings/university-south-bohemia-ceske-budejovice,Branisovska 1645/31a,Ceske Budejovice,South Bohemia,370 05,Czechia
1001–1200,1001,University of South Dakota,United States,35.4,36.2,16.9,43.7,38.3,33.3,https://www.timeshighereducation.com/world-university-rankings/university-south-dakota,414 East Clark Street,Vermillion,South Dakota,57069,United States
1001–1200,1001,University of Sulaimani,Iraq,35.4,23.8,8.6,66.9,17.8,34.2,https://www.timeshighereducation.com/world-university-rankings/university-sulaimani,Kirkuk Main Road,Sulaymaniyah,Kurdistan Region,,Iraq
1001–1200,1001,University of Szeged,Hungary,35.4,31.2,16.4,42.3,48.7,53.8,https://www.timeshighereducation.com/world-university-rankings/university-szeged,Dugonics square 13,Szeged,Szeged,H-6720,Hungary
1001–1200,1001,University of Tarapacá,Chile,35.4,12.7,23.6,55.4,21.7,58.7,https://www.timeshighereducation.com/world-university-rankings/university-tarapaca,18th of September Avenue No 2222,Arica,Arica Province,1000000,Chile
1001–1200,1001,"University of Technology, Iraq",Iraq,35.4,26.1,10.3,68.7,25.0,26.1,https://www.timeshighereducation.com/world-university-rankings/university-technology-iraq,Al Wahda District PO Box 19006,Baghdad,Baghdad Governorate,,Iraq
1001–1200,1001,University of Texas at El Paso,United States,35.4,28.0,30.2,41.7,43.7,44.7,https://www.timeshighereducation.com/world-university-rankings/university-texas-el-paso,500 West University Avenue,El Paso,Texas,79968,United States
1001–1200,1001,University of the Aegean,Greece,35.4,18.1,24.0,52.7,83.5,32.0,https://www.timeshighereducation.com/world-university-rankings/university-aegean,University Hill,Mytilene,Lesbos,81100,Greece
1001–1200,1001,"University of the Andes, Colombia",Colombia,35.4,25.4,22.2,49.8,43.2,57.8,https://www.timeshighereducation.com/world-university-rankings/university-andes-colombia,Carrera 1 No 18A 12,Bogata,Distrito Capital,,Colombia
1001–1200,1001,University of the Free State,South Africa,35.4,23.1,20.0,49.6,30.6,51.7,https://www.timeshighereducation.com/world-university-rankings/university-free-state,205 Nelson Mandela Dr Park West,Bloemfontein,Free State Province,9300,South Africa
1001–1200,1001,University of the South Pacific,Fiji,35.4,16.1,17.2,56.8,28.8,73.1,https://www.timeshighereducation.com/world-university-rankings/university-south-pacific,Laucala Bay Road,Suva,Rewa Province,,Fiji
1001–1200,1001,University of Thessaly,Greece,35.4,14.3,15.5,64.7,43.1,34.7,https://www.timeshighereducation.com/world-university-rankings/university-thessaly,Argonafton & Filellinon,Volos,Thessaly,38221,Greece
1001–1200,1001,University of Tours,France,35.4,30.9,15.9,42.7,47.7,59.0,https://www.timeshighereducation.com/world-university-rankings/university-tours,60 rue du Plat D Etain,Tours,Centre Val de Loire,37020,France
1001–1200,1001,University of Zaragoza,Spain,35.4,29.0,20.6,47.9,71.0,42.3,https://www.timeshighereducation.com/world-university-rankings/university-zaragoza,Calle de Pedro Cerbuna 12,,Z,50009,Spain
1001–1200,1001,Veltech University,India,35.4,18.0,13.6,67.4,30.4,27.8,https://www.timeshighereducation.com/world-university-rankings/veltech-university,42 Avadi-Vel Tech Road Avadi,Chennai,TN,600062,India
1001–1200,1001,Yokohama City University,Japan,35.4,28.2,10.8,62.0,65.0,28.9,https://www.timeshighereducation.com/world-university-rankings/yokohama-city-university,"['22-2 Seto', 'Kanazawa-ku']",Yokohama,14,236-0027,Japan
1001–1200,1001,York St John University,United Kingdom,35.4,17.3,15.4,60.1,16.0,66.1,https://www.timeshighereducation.com/world-university-rankings/york-st-john-university,Lord Mayors Walk,York,North Yorkshire,YO31 7EX,United Kingdom
1001–1200,1001,Zagazig University,Egypt,35.4,17.9,11.2,71.2,36.4,50.7,https://www.timeshighereducation.com/world-university-rankings/zagazig-university,Shaibet an Nakareyah,Zagazig 2,Al-Sharqia Governorate,44519,Egypt
1001–1200,1001,ZHAW Zurich University of Applied Sciences,Switzerland,35.4,23.3,17.3,50.8,62.3,69.1,https://www.timeshighereducation.com/world-university-rankings/zhaw-zurich-university-applied-sciences,Gertrudstrasse 15,Winterthur,Canton of Zurich,8401,Switzerland
1201–1500,1201,Adolfo Ibáñez University,Chile,32.0,15.6,17.4,44.3,22.7,62.5,https://www.timeshighereducation.com/world-university-rankings/adolfo-ibanez-university,Diagonal Las Torres,Penalolen,Santiago,2640,Chile
1201–1500,1201,Ahmadu Bello University,Nigeria,32.0,24.3,10.0,58.9,20.6,44.2,https://www.timeshighereducation.com/world-university-rankings/ahmadu-bello-university,P.O.Box 2555 Samaru,Zaria,KD,,Nigeria
1201–1500,1201,Aichi Medical University,Japan,32.0,31.0,15.0,47.7,54.7,22.4,https://www.timeshighereducation.com/world-university-rankings/aichi-medical-university,1-1 Iwasaku Karimata,Nagakute-shi,23,480-1195,Japan
1201–1500,1201,Akdeniz University,Turkey,32.0,25.1,26.3,38.2,60.9,25.5,https://www.timeshighereducation.com/world-university-rankings/akdeniz-university,Dumlupinar Boulevard,Antalya,07,07070,Turkey
1201–1500,1201,Al-Baha University,Saudi Arabia,32.0,19.5,9.1,54.9,21.9,75.4,https://www.timeshighereducation.com/world-university-rankings/al-baha-university,4781 Al Aqiq,Al Bahah,Al Bahah,65779,Saudi Arabia
1201–1500,1201,Al-Farabi Kazakh National University,Kazakhstan,32.0,30.1,14.6,27.8,24.1,80.4,https://www.timeshighereducation.com/world-university-rankings/al-farabi-kazakh-national-university,71 Al Farabi Avenue,Almaty,Almaty,050040,Kazakhstan
1201–1500,1201,Al-Hussein Bin Talal University,Jordan,32.0,10.8,11.6,62.8,18.6,50.0,https://www.timeshighereducation.com/world-university-rankings/al-hussein-bin-talal-university,PO Box 20,Maan,Maan,71111,Jordan
1201–1500,1201,American International University – Bangladesh,Bangladesh,32.0,11.9,9.2,59.1,25.1,39.5,https://www.timeshighereducation.com/world-university-rankings/american-international-university-bangladesh,408/1 Kuratoli,Khilkhet,Dhaka,1229,Bangladesh
1201–1500,1201,"Amity University, Gurugram",India,32.0,24.9,13.4,53.6,17.3,33.0,https://www.timeshighereducation.com/world-university-rankings/amity-university-gurugram,Amity Education Valley Gurugram (Manesar),Haryana,East Punjab state,122 413,India
1201–1500,1201,Ankara University,Turkey,32.0,35.5,17.0,41.3,35.5,33.3,https://www.timeshighereducation.com/world-university-rankings/ankara-university,Dogol Caddesi,Besevler,06,06100,Turkey
1201–1500,1201,Ariel University,Israel,32.0,19.7,21.0,41.8,37.3,34.7,https://www.timeshighereducation.com/world-university-rankings/ariel-university,Ramat HaGolan St 65,,Ariel,,Israel
1201–1500,1201,Assiut University,Egypt,32.0,23.6,12.4,48.3,25.3,57.9,https://www.timeshighereducation.com/world-university-rankings/assiut-university,Libraries Street El Fateh,Assiut,Assiut Governorate,,Egypt
1201–1500,1201,Austral University,Argentina,32.0,23.0,11.8,50.6,22.0,52.5,https://www.timeshighereducation.com/world-university-rankings/austral-university,1611 Mariano Acosta,Pilar,B,B1629WWA,Argentina
1201–1500,1201,Autonomous University of Sinaloa,Mexico,32.0,16.9,7.6,55.8,16.9,39.1,https://www.timeshighereducation.com/world-university-rankings/autonomous-university-sinaloa,"['No 2358', 'Miguel Tamayo Blvd Desarrollo Urbano 3 Rios']",Culiacan,Sinaloa,80020,Mexico
1201–1500,1201,Azarbaijan Shahid Madani University,Iran,32.0,19.3,13.7,61.0,20.4,39.4,https://www.timeshighereducation.com/world-university-rankings/azarbaijan-shahid-madani-university,Tabriz Road,Azarshahr,East Azarbaijan,5375171379,Iran
1201–1500,1201,Babeş-Bolyai University,Romania,32.0,20.7,18.6,48.1,32.9,39.3,https://www.timeshighereducation.com/world-university-rankings/babes-bolyai-university,Mihail Kogalniceanu nr. 1 RO- 400084,Cluj-Napoca,,,Romania
1201–1500,1201,Banasthali University,India,32.0,29.8,13.4,50.1,29.4,23.3,https://www.timeshighereducation.com/world-university-rankings/banasthali-university,P.O. Banasthali Vidyapith,Rajasthan,RJ,304022,India
1201–1500,1201,Benha University,Egypt,32.0,16.5,10.3,63.9,22.0,49.0,https://www.timeshighereducation.com/world-university-rankings/benha-university,Fareed Nada Street Qalubiya Governorate,Benha,Arab Republic of Egypt,13511,Egypt
1201–1500,1201,Bharathidasan University,India,32.0,34.7,18.3,41.1,32.3,31.9,https://www.timeshighereducation.com/world-university-rankings/bharathidasan-university,Palkalaiperur,Tiruchirappalli,TN,620024,India
1201–1500,1201,BINUS University,Indonesia,32.0,21.4,23.5,34.2,50.6,36.3,https://www.timeshighereducation.com/world-university-rankings/binus-university,"['Jalan KH Syahdan No 9 Kemanggisan', 'Palmerah']",Jakarta,JK,11480,Indonesia
1201–1500,1201,Biruni University,Turkey,32.0,14.7,11.3,58.8,17.9,56.4,https://www.timeshighereducation.com/world-university-rankings/biruni-university,G/75 Street No. 1-13 Merkezefendi District,Istanbul,Istanbul,,Turkey
1201–1500,1201,Botswana International University of Science and Technology (BIUST),Botswana,32.0,23.7,14.1,33.1,19.6,73.2,https://www.timeshighereducation.com/world-university-rankings/botswana-international-university-science-and-technology-biust,Plot 10071,Boseja,Palapye,,Botswana
1201–1500,1201,Brno University of Technology,Czechia,32.0,24.6,17.7,34.5,73.7,59.0,https://www.timeshighereducation.com/world-university-rankings/brno-university-technology,Antoninska 548/1,Brno,Moravian Region,601 90,Czechia
1201–1500,1201,Brock University,Canada,32.0,15.0,18.4,48.0,42.1,56.2,https://www.timeshighereducation.com/world-university-rankings/brock-university,1812 Sir Isaac Brock Way,Saint Catharines,Ontario,L2S 3A1,Canada
1201–1500,1201,Bu-Ali Sina University,Iran,32.0,27.0,20.9,47.6,26.9,32.6,https://www.timeshighereducation.com/world-university-rankings/bu-ali-sina-university,Shahid Fahmideh Avenue,Hamadan,13,65174,Iran
1201–1500,1201,Budapest University of Technology and Economics,Hungary,32.0,23.0,18.4,34.2,65.1,38.9,https://www.timeshighereducation.com/world-university-rankings/budapest-university-technology-and-economics,Muegyetem rkp. 3,Budapest,Budapest,1111,Hungary
1201–1500,1201,Canterbury Christ Church University,United Kingdom,32.0,18.0,13.5,46.3,19.0,74.1,https://www.timeshighereducation.com/world-university-rankings/canterbury-christ-church-university,North Holmes Road,Canterbury,Kent,CT1 1QU,United Kingdom
1201–1500,1201,Changzhou University,China,32.0,15.5,14.4,54.3,66.9,21.1,https://www.timeshighereducation.com/world-university-rankings/changzhou-university,Changzhou Jiangsu,,Jiangsu,,China
1201–1500,1201,Chaoyang University of Technology,Taiwan,32.0,15.5,22.8,42.6,53.7,45.3,https://www.timeshighereducation.com/world-university-rankings/chaoyang-university-technology,"['168', 'Jifeng East Road Wufeng District']",Taichung,Taichung,41349,Taiwan
1201–1500,1201,Chaudhary Charan Singh University - Meerut,India,32.0,34.4,11.0,45.8,32.1,32.9,https://www.timeshighereducation.com/world-university-rankings/chaudhary-charan-singh-university-meerut,Ramgarhi,Meerut,UP,250001,India
1201–1500,1201,Chittagong University of Engineering & Technology,Bangladesh,32.0,13.7,11.7,67.2,23.1,32.0,https://www.timeshighereducation.com/world-university-rankings/chittagong-university-engineering-technology,Pahartoli Raozan-4349,Chittagong,Chattogram Division,4349,Bangladesh
1201–1500,1201,Chung Yuan Christian University,Taiwan,32.0,18.9,24.2,36.4,64.9,42.2,https://www.timeshighereducation.com/world-university-rankings/chung-yuan-christian-university,200 Chung Pei Road Chung Li District,Taoyuan City,Taiwan,32023,Taiwan
1201–1500,1201,Comenius University Bratislava,Slovakia,32.0,29.4,17.0,37.2,30.0,52.9,https://www.timeshighereducation.com/world-university-rankings/comenius-university-bratislava,Safarikovo Namestie 6 PO Box 440,Bratislava 1,Bratislava,814 99,Slovakia
1201–1500,1201,Czech Technical University in Prague,Czechia,32.0,30.9,17.8,32.6,63.7,59.2,https://www.timeshighereducation.com/world-university-rankings/czech-technical-university-prague,Jugoslavskych Partyzanu 1580/3,6 Dejvice,Prague,160 00,Czechia
1201–1500,1201,Damanhour University,Egypt,32.0,15.0,9.4,56.9,17.2,49.1,https://www.timeshighereducation.com/world-university-rankings/damanhour-university,27 Galal Qoreitem Sq Behind Damanhour Stadium,Damanhour City,Beheira,22514,Egypt
1201–1500,1201,Democritus University of Thrace,Greece,32.0,17.4,16.8,56.1,37.0,28.7,https://www.timeshighereducation.com/world-university-rankings/democritus-university-thrace,University Campus,Komotini,Komotini,69100,Greece
1201–1500,1201,Diego Portales University,Chile,32.0,16.1,12.2,57.4,19.2,54.1,https://www.timeshighereducation.com/world-university-rankings/diego-portales-university,Manuel Rodríguez Sur 415,Santiago,RM,,Chile
1201–1500,1201,DIT University,India,32.0,18.7,11.3,63.2,17.1,25.7,https://www.timeshighereducation.com/world-university-rankings/dit-university,Mussourie-Diversion Road Makkawala,,UK,248009,India
1201–1500,1201,"Dr D. Y. Patil Vidyapeeth, Pune",India,32.0,43.5,11.1,38.7,20.0,45.5,https://www.timeshighereducation.com/world-university-rankings/dr-d-y-patil-vidyapeeth-pune,Sant Tukaram Nagar Pimpri,Pune,MH,411018,India
1201–1500,1201,Duzce University,Turkey,32.0,19.3,20.1,48.3,56.6,29.9,https://www.timeshighereducation.com/world-university-rankings/duzce-university,Yoruk,Duzce,Duzce Province,81620,Turkey
1201–1500,1201,Ege University,Turkey,32.0,35.0,14.0,34.2,51.3,27.1,https://www.timeshighereducation.com/world-university-rankings/ege-university,Bornova,Bornova,Izmir,35100,Turkey
1201–1500,1201,Erciyes University,Turkey,32.0,25.0,13.6,43.0,41.0,34.3,https://www.timeshighereducation.com/world-university-rankings/erciyes-university,Yenidoğan Mahallesi Turhan Baytop Sokak No:1,Kayseri,Kayseri Province,38280,Turkey
1201–1500,1201,Fayoum University,Egypt,32.0,18.3,12.2,60.9,23.6,47.5,https://www.timeshighereducation.com/world-university-rankings/fayoum-university,Said Soliman St. University Region,,Fayoum,63514,Egypt
1201–1500,1201,Federal University of São Carlos,Brazil,32.0,34.3,21.5,33.5,55.4,33.1,https://www.timeshighereducation.com/world-university-rankings/federal-university-sao-carlos,Rodovia Washington Luís km 235 São Carlos 310,,Sao Paulo,13565-905,Brazil
1201–1500,1201,"Federal University of Technology, Minna",Nigeria,32.0,22.3,8.5,51.8,17.8,44.6,https://www.timeshighereducation.com/world-university-rankings/federal-university-technology-minna,Minna,,Niger State,,Nigeria
1201–1500,1201,Fu Jen Catholic University,Taiwan,32.0,23.1,27.6,28.5,76.6,30.0,https://www.timeshighereducation.com/world-university-rankings/fu-jen-catholic-university,Zhongzheng Road Xinzhuang District,New Taipei,New Taipei,24205,Taiwan
1201–1500,1201,Galgotias University,India,32.0,21.3,10.9,64.2,19.5,28.3,https://www.timeshighereducation.com/world-university-rankings/galgotias-university,"['Plot No.2', 'Sector 17-A Yamuna Expressway']",Gautam Buddh Nagar,UP,,India
1201–1500,1201,Gauhati University,India,32.0,39.4,15.4,31.4,22.4,21.9,https://www.timeshighereducation.com/world-university-rankings/gauhati-university,Gopinath Bardoloi Nagar,Guwahati,AS,781014,India
1201–1500,1201,Gazi University,Turkey,32.0,27.3,19.6,37.1,69.5,24.5,https://www.timeshighereducation.com/world-university-rankings/gazi-university,Teknikokullar,,06,06500,Turkey
1201–1500,1201,Gebze Technical University,Turkey,32.0,24.9,22.5,40.0,37.3,40.5,https://www.timeshighereducation.com/world-university-rankings/gebze-technical-university,41400 Gebze,,41,,Turkey
1201–1500,1201,Gifu University,Japan,32.0,27.7,23.9,30.0,68.9,31.3,https://www.timeshighereducation.com/world-university-rankings/gifu-university,1-1 Yanagido,,21,501-1193,Japan
1201–1500,1201,Guru Jambheshwar University of Science and Technology,India,32.0,31.5,11.4,49.9,32.3,18.3,https://www.timeshighereducation.com/world-university-rankings/guru-jambheshwar-university-science-and-technology,Delhi-Sirsa Road,Hisar,HR,125001,India
1201–1500,1201,Gyeongsang National University,South Korea,32.0,27.8,19.5,36.0,55.7,25.9,https://www.timeshighereducation.com/world-university-rankings/gyeongsang-national-university,501 Jinju-daero,Jinju-si,48,52828,South Korea
1201–1500,1201,Hakim Sabzevari University,Iran,32.0,18.1,11.5,63.5,18.6,43.7,https://www.timeshighereducation.com/world-university-rankings/hakim-sabzevari-university,Tovhid Town,Sabzevar,09,,Iran
1201–1500,1201,Hallym University,South Korea,32.0,26.8,19.9,39.7,62.5,24.5,https://www.timeshighereducation.com/world-university-rankings/hallym-university,1 Hallymdaehak-gil Chuncheon,,42,200-702,South Korea
1201–1500,1201,Hangzhou Dianzi University (HDU),China,32.0,17.7,17.9,50.1,71.7,33.8,https://www.timeshighereducation.com/world-university-rankings/hangzhou-dianzi-university-hdu,"['1158', 'No. 2 Baiyang Street Hangzhou Economic Development']",Hangzhou,Zhejiang Province,310018,China
1201–1500,1201,HES-SO University of Applied Sciences and Arts of Western Switzerland,Switzerland,32.0,24.5,13.8,36.2,29.6,84.0,https://www.timeshighereducation.com/world-university-rankings/hes-so-university-applied-sciences-and-arts-western-switzerland,Route de Moutier 14 Case Postale 452,Delemont,Jura Canton,2800,Switzerland
1201–1500,1201,Hindustan Institute of Technology and Science,India,32.0,26.1,10.6,59.8,20.5,28.8,https://www.timeshighereducation.com/world-university-rankings/hindustan-institute-technology-and-science,1 Rajiv Gandhi Salai Padur via Kelambakkam,Chennai,TN,603103,India
1201–1500,1201,Hitotsubashi University,Japan,32.0,32.5,21.8,27.6,25.7,64.1,https://www.timeshighereducation.com/world-university-rankings/hitotsubashi-university,2-1 Naka Kunitachi,,13,186-8601,Japan
1201–1500,1201,Ho Chi Minh City Open University,Vietnam,32.0,10.1,10.9,63.1,16.2,39.2,https://www.timeshighereducation.com/world-university-rankings/ho-chi-minh-city-open-university,"['35-37 Ho Hao Hon Street Co Giang ward', 'District 1']",Ho Chi Minh City,Ho Chi Minh,,Vietnam
1201–1500,1201,Holy Spirit University of Kaslik,Lebanon,32.0,23.0,9.9,38.5,19.5,80.3,https://www.timeshighereducation.com/world-university-rankings/holy-spirit-university-kaslik,PO Box 446,Jounieh,Keserwan Jbeil Governorate,,Lebanon
1201–1500,1201,Hosei University,Japan,32.0,16.3,11.3,49.3,35.2,40.2,https://www.timeshighereducation.com/world-university-rankings/hosei-university,2-17-1 Fujimi Chiyoda-ku,,13,102-8160,Japan
1201–1500,1201,Huaqiao University,China,32.0,15.8,15.0,51.4,46.4,68.2,https://www.timeshighereducation.com/world-university-rankings/huaqiao-university,668 Jimei Avenue Jimei District,Xiamen,Fujian,361021,China
1201–1500,1201,Hungarian University of Agriculture and Life Sciences,Hungary,32.0,33.2,13.2,42.0,25.3,61.2,https://www.timeshighereducation.com/world-university-rankings/hungarian-university-agriculture-and-life-sciences,2100 Godollo Pater Karoly utca 1,Godollo,Pest County,2100,Hungary
1201–1500,1201,Hyogo Medical University,Japan,32.0,31.0,14.2,45.0,52.3,20.4,https://www.timeshighereducation.com/world-university-rankings/hyogo-medical-university,1-1 Mukogawa-cho,Nishinomiya,Hyogo Prefecture,,Japan
1201–1500,1201,Ibn Tofaïl University,Morocco,32.0,26.6,22.2,47.8,22.6,27.2,https://www.timeshighereducation.com/world-university-rankings/ibn-tofail-university,Boite Postale 242,Kenitra,Gharb Chrarda Beni Hssen,14040,Morocco
1201–1500,1201,Ibn Zohr University,Morocco,32.0,20.9,11.8,55.1,21.0,33.8,https://www.timeshighereducation.com/world-university-rankings/ibn-zohr-university,BP 32/S,Agadir,Souss-Massa Region,CP 80000,Morocco
1201–1500,1201,Icesi University,Colombia,32.0,20.3,12.1,57.0,21.4,41.8,https://www.timeshighereducation.com/world-university-rankings/icesi-university,Calle 18 No. 122-135 Pance,Cali,Bogota,,Colombia
1201–1500,1201,IFHE Hyderabad,India,32.0,17.3,10.3,57.2,18.4,21.0,https://www.timeshighereducation.com/world-university-rankings/ifhe-hyderabad,Shankarapalli Road Donthanapally,Hyderabad,TS,501203,India
1201–1500,1201,I. Horbachevsky Ternopil National Medical University,Ukraine,32.0,24.9,9.8,60.0,16.5,37.8,https://www.timeshighereducation.com/world-university-rankings/i-horbachevsky-ternopil-national-medical-university,1 Voli Square,Ternopil,Ternopil,,Ukraine
1201–1500,1201,Ilam University,Iran,32.0,23.1,12.3,54.2,36.4,35.0,https://www.timeshighereducation.com/world-university-rankings/ilam-university,Pajuhesh Boulevard,Ilam,West of Iran,69315 516,Iran
1201–1500,1201,Ilia State University,Georgia,32.0,18.9,9.7,47.6,17.5,53.0,https://www.timeshighereducation.com/world-university-rankings/ilia-state-university,Kakutsa Cholokashvili Ave 3/5,,Tbilisi,0162,Georgia
1201–1500,1201,Immanuel Kant Baltic Federal University,Russian Federation,32.0,37.1,22.1,20.3,37.1,58.0,https://www.timeshighereducation.com/world-university-rankings/immanuel-kant-baltic-federal-university,14 Ulitsa Alexandra Nevskogo,Kaliningrad,Kaliningrad Oblast,236016,Russian Federation
1201–1500,1201,Incheon National University,South Korea,32.0,19.4,18.4,38.7,48.2,35.5,https://www.timeshighereducation.com/world-university-rankings/incheon-national-university,"['119 Academy-ro', 'Yeonsu-gu']",Incheon,Gyeonggi,,South Korea
1201–1500,1201,Indian Institute of Science Education and Research Bhopal,India,32.0,38.3,21.5,29.4,25.1,23.9,https://www.timeshighereducation.com/world-university-rankings/indian-institute-science-education-and-research-bhopal,Bhopal Bypass Road Bhauri,Bhopal,MP,462 066,India
1201–1500,1201,"Indian Institute of Science Education and Research, Pune",India,32.0,36.5,19.8,31.8,31.4,37.6,https://www.timeshighereducation.com/world-university-rankings/indian-institute-science-education-and-research-pune,Dr. Homi Bhabha Road Pashan,Pune,MH,411008,India
1201–1500,1201,Inönü University,Turkey,32.0,23.1,15.5,52.6,31.6,22.6,https://www.timeshighereducation.com/world-university-rankings/inonu-university,Campus 44280,Malatya,44,44280,Turkey
1201–1500,1201,Institut Teknologi Bandung,Indonesia,32.0,23.9,25.6,34.8,68.9,31.0,https://www.timeshighereducation.com/world-university-rankings/institut-teknologi-bandung,Jl. Tamansari 64,Bandung,Jawa Barat,40116,Indonesia
1201–1500,1201,I-Shou University,Taiwan,32.0,16.3,21.1,38.2,60.0,39.3,https://www.timeshighereducation.com/world-university-rankings/i-shou-university,"['No 1', 'Section 1', 'Xuecheng Road Dashu District']",Kaohsiung City,Kaohsiung,84001,Taiwan
1201–1500,1201,Istanbul Medeniyet University,Turkey,32.0,19.2,10.9,53.6,18.5,28.0,https://www.timeshighereducation.com/world-university-rankings/istanbul-medeniyet-university,Dumlupınar D100 Karayolu No:98,İstanbul,34,34720,Turkey
1201–1500,1201,Istanbul University,Turkey,32.0,32.2,25.6,33.2,56.8,38.4,https://www.timeshighereducation.com/world-university-rankings/istanbul-university,Beyazit,Fatih,Istanbul,34452,Turkey
1201–1500,1201,Istanbul University-Cerrahpaşa,Turkey,32.0,30.3,21.2,39.1,63.6,27.5,https://www.timeshighereducation.com/world-university-rankings/istanbul-university-cerrahpasa,Universite Mahallesi Universite Caddesi,Avcilar,Istanbul,34320,Turkey
1201–1500,1201,Iuliu Haţieganu University of Medicine and Pharmacy Cluj-Napoca,Romania,32.0,26.2,12.4,51.3,31.1,49.9,https://www.timeshighereducation.com/world-university-rankings/iuliu-hatieganu-university-medicine-and-pharmacy-cluj-napoca,No. 8 Victor Babes Street,Cluj-Napoca,Cluj,400012,Romania
1201–1500,1201,Jeju National University,South Korea,32.0,25.3,20.2,38.6,44.1,29.8,https://www.timeshighereducation.com/world-university-rankings/jeju-national-university,102 Jejudaehak-ro,Jeju-si,Jeju,63243,South Korea
1201–1500,1201,Jiangxi Normal University (JXNU),China,32.0,13.7,13.0,60.2,38.7,20.7,https://www.timeshighereducation.com/world-university-rankings/jiangxi-normal-university-jxnu,"['No 99', 'Ziyang Avenue Qingshanhu']",Nanchang,Jiangxi,330022,China
1201–1500,1201,Kangwon National University,South Korea,32.0,24.6,24.9,36.6,54.1,25.3,https://www.timeshighereducation.com/world-university-rankings/kangwon-national-university,1 Gangwondaehak Road,Chuncheon,Gangwon Province,24341,South Korea
1201–1500,1201,Kansai Medical University,Japan,32.0,29.4,12.2,51.6,50.0,22.0,https://www.timeshighereducation.com/world-university-rankings/kansai-medical-university,2-5-1 Shin-machi,Hirakata City,27,573-1010,Japan
1201–1500,1201,Karunya Institute of Technology and Sciences,India,32.0,22.2,15.6,60.6,27.6,22.4,https://www.timeshighereducation.com/world-university-rankings/karunya-institute-technology-and-sciences,Karunya Nagar,Coimbatore,TN,641114,India
1201–1500,1201,Kashan University of Medical Sciences and Health Services,Iran,32.0,29.2,9.0,48.7,17.9,29.0,https://www.timeshighereducation.com/world-university-rankings/kashan-university-medical-sciences-and-health-services,15th Khordad Square Abazar Street,,Kashan,87137.8114,Iran
1201–1500,1201,Kharazmi University,Iran,32.0,25.2,14.7,41.8,27.3,33.9,https://www.timeshighereducation.com/world-university-rankings/kharazmi-university,43 South Mofatteh Avene,,Tehran,15719-1491,Iran
1201–1500,1201,Khon Kaen University,Thailand,32.0,28.6,17.3,41.8,49.5,35.5,https://www.timeshighereducation.com/world-university-rankings/khon-kaen-university,123 Moo 16 Mittapap Road Nai-Muang,Khon Kaen,40,40002,Thailand
1201–1500,1201,Khulna University,Bangladesh,32.0,17.3,9.9,50.7,18.7,45.2,https://www.timeshighereducation.com/world-university-rankings/khulna-university,Sher E Bangla Road,Khulna,Khulna Division,9208,Bangladesh
1201–1500,1201,Kindai University,Japan,32.0,17.6,13.3,53.6,60.0,33.5,https://www.timeshighereducation.com/world-university-rankings/kindai-university,3-4-1 Kowakae,Higashiosaka City,27,577-8502,Japan
1201–1500,1201,King Mongkut's University of Technology North Bangkok,Thailand,32.0,17.8,15.3,55.9,57.3,29.6,https://www.timeshighereducation.com/world-university-rankings/king-mongkuts-university-technology-north-bangkok,1518 Pracharat 1 Road Wong Sawang Subdistrict,Bangkok,10,10800,Thailand
1201–1500,1201,Kohat University of Science and Technology,Pakistan,32.0,17.1,13.0,51.0,21.7,57.7,https://www.timeshighereducation.com/world-university-rankings/kohat-university-science-and-technology,"['Bannu Road', 'near Jarma Bridge']",Kohat,Khyber Pakhtunkhwa,,Pakistan
1201–1500,1201,Kookmin University,South Korea,32.0,28.6,21.3,27.0,59.7,38.1,https://www.timeshighereducation.com/world-university-rankings/kookmin-university,"['77', 'Jeongneung-ro']",Seongbuk-gu,11,02707,South Korea
1201–1500,1201,Kurume University,Japan,32.0,28.6,13.3,52.2,49.8,23.7,https://www.timeshighereducation.com/world-university-rankings/kurume-university,67 Asahi-machi,Kurume-shi,40,830-0011,Japan
1201–1500,1201,Kuwait University,Kuwait,32.0,18.0,11.4,53.7,33.1,60.2,https://www.timeshighereducation.com/world-university-rankings/kuwait-university,Jamal Abdul Nasser Street,,Kuwait City,,Kuwait
1201–1500,1201,Kwame Nkrumah University of Science and Technology,Ghana,32.0,17.7,16.6,53.3,26.7,46.5,https://www.timeshighereducation.com/world-university-rankings/kwame-nkrumah-university-science-and-technology,Accra Rd,Kumasi,Ashanti Region,,Ghana
1201–1500,1201,Kyushu Institute of Technology (Kyutech),Japan,32.0,26.4,16.5,30.9,66.9,39.1,https://www.timeshighereducation.com/world-university-rankings/kyushu-institute-technology-kyutech,1-1 Sensui-cho Tobata-ku,Kitakyushu-shi,40,804-8550,Japan
1201–1500,1201,Lahore College for Women University (LCWU),Pakistan,32.0,22.2,11.3,48.4,17.4,45.5,https://www.timeshighereducation.com/world-university-rankings/lahore-college-women-university-lcwu,Jail Road,Lahore,Punjab,54000,Pakistan
1201–1500,1201,Lebanese University,Lebanon,32.0,34.8,14.0,21.5,22.8,77.8,https://www.timeshighereducation.com/world-university-rankings/lebanese-university,Badraou PO Box 6573/14,Museum,Beirut,1107 2020,Lebanon
1201–1500,1201,Lorestan University,Iran,32.0,22.9,11.3,51.9,24.6,34.7,https://www.timeshighereducation.com/world-university-rankings/lorestan-university,5th Kilometer of Khorramabad-Boroujerd Highway,Khorramabad,15,,Iran
1201–1500,1201,Madan Mohan Malaviya University of Technology,India,32.0,25.1,9.3,53.8,20.6,18.5,https://www.timeshighereducation.com/world-university-rankings/madan-mohan-malaviya-university-technology,Deoria Road,Gorakhpur,UP,273010,India
1201–1500,1201,Maharishi Markandeshwar University (MMU),India,32.0,28.8,10.3,50.5,19.1,31.3,https://www.timeshighereducation.com/world-university-rankings/maharishi-markandeshwar-university-mmu,Mullana University Road Mullana,Ambala,HR,133207,India
1201–1500,1201,Manipal University Jaipur,India,32.0,22.5,13.9,51.1,27.8,30.7,https://www.timeshighereducation.com/world-university-rankings/manipal-university-jaipur,Dehmi Kalan Off Jaipur-Ajmer Expressway,Jaipur,RJ,303007,India
1201–1500,1201,Mawlana Bhashani Science and Technology University,Bangladesh,32.0,13.8,8.7,64.8,19.6,46.8,https://www.timeshighereducation.com/world-university-rankings/mawlana-bhashani-science-and-technology-university,Santosh,Tangail,Tangail,,Bangladesh
1201–1500,1201,Medical University of Bialystok,Poland,32.0,31.9,12.1,39.1,41.4,30.3,https://www.timeshighereducation.com/world-university-rankings/medical-university-bialystok,Jana Kilinskiego 1 Street,Bialystok,Podlasie Province,15-089,Poland
1201–1500,1201,Medical University of Lublin,Poland,32.0,33.5,14.6,35.2,38.5,33.6,https://www.timeshighereducation.com/world-university-rankings/medical-university-lublin,Aleja Racławickie 1,Lublin,Lublin Voivodeship,20-059,Poland
1201–1500,1201,Medical University of Silesia in Katowice,Poland,32.0,30.1,13.0,42.9,32.0,26.2,https://www.timeshighereducation.com/world-university-rankings/medical-university-silesia-katowice,15 Poniatowskiego Street,Katowice,Silesian Voivodeship,40-055,Poland
1201–1500,1201,"Mehran University of Engineering and Technology, Jamshoro, Pakistan",Pakistan,32.0,16.1,11.0,56.2,32.2,49.6,https://www.timeshighereducation.com/world-university-rankings/mehran-university-engineering-and-technology-jamshoro-pakistan,Indus Highway,Jamshoro,Sindh Province,76062,Pakistan
1201–1500,1201,Mendel University in Brno,Czechia,32.0,25.4,18.2,39.7,23.1,57.0,https://www.timeshighereducation.com/world-university-rankings/mendel-university-brno,Zemedelska 1665/1,,Brno,613 00,Czechia
1201–1500,1201,Menoufia University,Egypt,32.0,15.9,10.5,59.7,28.2,48.8,https://www.timeshighereducation.com/world-university-rankings/menoufia-university,Gamal Abd El Nasr Street,Shebin ElKoum,Menofia,,Egypt
1201–1500,1201,Miguel Hernández University of Elche,Spain,32.0,22.0,18.4,42.9,62.6,42.6,https://www.timeshighereducation.com/world-university-rankings/miguel-hernandez-university-elche,Avda. de la Universidad s/n,Elche,A,03202,Spain
1201–1500,1201,M. Kumarasamy College of Engineering,India,32.0,15.9,9.1,59.7,17.9,19.1,https://www.timeshighereducation.com/world-university-rankings/m-kumarasamy-college-engineering,Thalavapalayam,,TN,639113,India
1201–1500,1201,"MNS University of Agriculture, Multan",Pakistan,32.0,12.5,11.4,56.9,19.0,49.3,https://www.timeshighereducation.com/world-university-rankings/mns-university-agriculture-multan,Old Shujaabad Road,Multan,Punjab,60000,Pakistan
1201–1500,1201,Mohammed V University of Rabat,Morocco,32.0,29.3,16.1,41.9,43.6,32.1,https://www.timeshighereducation.com/world-university-rankings/mohammed-v-university-rabat,Avenue des Nations Unies Agdal,Rabat,Rabat Sale Kenitra Region,1000,Morocco
1201–1500,1201,Mutah University,Jordan,32.0,25.4,13.7,39.2,18.0,57.1,https://www.timeshighereducation.com/world-university-rankings/mutah-university,Mutah Town,Al Karak,Karak Governorate,61710,Jordan
1201–1500,1201,Nagasaki University,Japan,32.0,30.1,16.0,35.4,55.2,40.3,https://www.timeshighereducation.com/world-university-rankings/nagasaki-university,1-14 Bunkyo,Nagasaki City,42,852-8521,Japan
1201–1500,1201,Nagoya City University,Japan,32.0,30.8,18.0,38.5,69.5,26.2,https://www.timeshighereducation.com/world-university-rankings/nagoya-city-university,1 Kawasumi Mizuho-cho,Nagoya,23,467-8601,Japan
1201–1500,1201,National Chengchi University,Taiwan,32.0,27.1,28.9,25.1,62.5,53.8,https://www.timeshighereducation.com/world-university-rankings/national-chengchi-university,"['No 64', 'Section 2', 'Zhinan Road Wenshan District']",Taipei,Taipei,11605,Taiwan
1201–1500,1201,National Chung Cheng University,Taiwan,32.0,21.4,24.8,28.4,77.3,30.6,https://www.timeshighereducation.com/world-university-rankings/national-chung-cheng-university,No.168 Sec. 1 University Rd,Min-Hsiung Township,Chia-yi County,621,Taiwan
1201–1500,1201,National Chung Hsing University,Taiwan,32.0,24.6,25.4,35.8,74.6,36.6,https://www.timeshighereducation.com/world-university-rankings/national-chung-hsing-university,145 Xingda Road South District,Taichung City,Taichung,402202,Taiwan
1201–1500,1201,National Dong Hwa University,Taiwan,32.0,20.2,25.0,29.0,45.1,52.6,https://www.timeshighereducation.com/world-university-rankings/national-dong-hwa-university,"['No 1', 'Section 2', 'Da Hueh Road']",Shoufeng,Hualien,974301,Taiwan
1201–1500,1201,National Institute of Technology Delhi,India,32.0,32.7,13.9,44.5,20.7,26.3,https://www.timeshighereducation.com/world-university-rankings/national-institute-technology-delhi,"['Plot No. FA7', 'Zone P1 GT Karnal Road']",,DL,110036,India
1201–1500,1201,National Institute of Technology Meghalaya,India,32.0,32.7,12.3,39.1,29.1,28.5,https://www.timeshighereducation.com/world-university-rankings/national-institute-technology-meghalaya,Bijni Complex Laitumkhrah,Shillong,ML,793003,India
1201–1500,1201,National Institute of Technology Srinagar,India,32.0,30.5,13.3,41.7,19.3,28.3,https://www.timeshighereducation.com/world-university-rankings/national-institute-technology-srinagar,Hazratbal,,Srinagar Jammu and Kashmir,190006,India
1201–1500,1201,National Institute of Technology Warangal,India,32.0,26.6,13.3,45.9,27.7,25.6,https://www.timeshighereducation.com/world-university-rankings/national-institute-technology-warangal,Hanumakonda,,TS,506004,India
1201–1500,1201,National Kaohsiung University of Science and Technology,Taiwan,32.0,17.0,22.8,41.7,71.0,29.1,https://www.timeshighereducation.com/world-university-rankings/national-kaohsiung-university-science-and-technology,"['No. 415', 'Jiangong Road Sanmin District']",Kaohsiung City,Kaohsiung,807618,Taiwan
1201–1500,1201,National Taipei University of Technology,Taiwan,32.0,26.4,22.5,36.5,82.8,36.1,https://www.timeshighereducation.com/world-university-rankings/national-taipei-university-technology,1 Section 3 Jungshiau East Road,,Taipei,106,Taiwan
1201–1500,1201,National Taiwan Ocean University,Taiwan,32.0,19.9,27.2,29.3,70.0,35.9,https://www.timeshighereducation.com/world-university-rankings/national-taiwan-ocean-university,"['No.2', 'Beining Rd']",Jhongjheng District,Keelung,202,Taiwan
1201–1500,1201,National Textile University,Pakistan,32.0,14.2,13.5,50.4,30.8,47.5,https://www.timeshighereducation.com/world-university-rankings/national-textile-university,Sheikhupura Road,Faisalabad,Punjab Province,37610,Pakistan
1201–1500,1201,National University of Computer and Emerging Sciences,Pakistan,32.0,13.6,9.1,66.6,30.7,53.1,https://www.timeshighereducation.com/world-university-rankings/national-university-computer-and-emerging-sciences,FAST House Rohtas Road,Islamabad,Islamabad,,Pakistan
1201–1500,1201,National University of Distance Education (UNED),Spain,32.0,17.2,19.4,41.8,50.2,33.3,https://www.timeshighereducation.com/world-university-rankings/national-university-distance-education-uned,Calle de Bravo Murillo 38,,M,28015,Spain
1201–1500,1201,National University of Uzbekistan named after Mirzo Ulugbek,Uzbekistan,32.0,24.4,10.9,40.9,25.4,59.1,https://www.timeshighereducation.com/world-university-rankings/national-university-uzbekistan-named-after-mirzo-ulugbek,"['University Street', '4th House Almazor District']",Tashkent City,Tashkent,100174,Uzbekistan
1201–1500,1201,Necmettin Erbakan University,Turkey,32.0,37.5,15.2,37.3,23.3,40.7,https://www.timeshighereducation.com/world-university-rankings/necmettin-erbakan-university,"['Yeni Şehir', 'Dr Mehmet Hulusi Baybal Cd No 12']",Selçuklu,42,42060,Turkey
1201–1500,1201,Nelson Mandela University,South Africa,32.0,20.9,16.8,43.2,34.0,43.8,https://www.timeshighereducation.com/world-university-rankings/nelson-mandela-university,University Way Summerstrand,Gqeberha,Eastern Cape Province,6031,South Africa
1201–1500,1201,Netaji Subhas University of Technology,India,32.0,17.7,8.1,57.4,20.8,21.5,https://www.timeshighereducation.com/world-university-rankings/netaji-subhas-university-technology,Azad Hind Fauj Marg Sector 3,Dwarka,New Delhi,110078,India
1201–1500,1201,Nicolaus Copernicus University in Toruń,Poland,32.0,29.6,23.1,38.6,33.2,35.6,https://www.timeshighereducation.com/world-university-rankings/nicolaus-copernicus-university-torun,ul. Gagarina 11,Torun,Kuyavian-Pomeranian Voivodeshi,87-100,Poland
1201–1500,1201,Niigata University,Japan,32.0,31.2,15.7,40.9,54.3,29.1,https://www.timeshighereducation.com/world-university-rankings/niigata-university,"['8050', 'Ikarashi 2-no-cho Nishi-ku']",,15,950-2181,Japan
1201–1500,1201,Nitte (Deemed to be University),India,32.0,43.2,12.5,40.5,19.5,28.6,https://www.timeshighereducation.com/world-university-rankings/nitte-deemed-be-university,Deralakatte,Mangaluru,KA,575018,India
1201–1500,1201,Noakhali Science and Technology University (NSTU),Bangladesh,32.0,11.3,9.4,65.5,17.0,48.1,https://www.timeshighereducation.com/world-university-rankings/noakhali-science-and-technology-university-nstu,"['Sonapur Road', 'Noakhali']",Chittagong,Chittagong Division,3814,Bangladesh
1201–1500,1201,Oakland University,United States,32.0,27.7,16.7,44.5,50.8,38.5,https://www.timeshighereducation.com/world-university-rankings/oakland-university,2200 North Squirrel Road,Rochester,Michigan,48309-4401,United States
1201–1500,1201,October 6 University,Egypt,32.0,19.8,8.4,61.7,16.8,41.0,https://www.timeshighereducation.com/world-university-rankings/october-6-university,Almehwar Al Makazi Road,Giza,GZ,,Egypt
1201–1500,1201,Opole University of Technology,Poland,32.0,18.6,14.4,45.8,24.1,47.0,https://www.timeshighereducation.com/world-university-rankings/opole-university-technology,76 Proszkowska Street,Opole,Opole Voivodeship,45-758,Poland
1201–1500,1201,Osaka Metropolitan University,Japan,32.0,31.3,16.9,28.8,78.3,27.2,https://www.timeshighereducation.com/world-university-rankings/osaka-metropolitan-university,Asahimachi 1-2-7 Osaka Abeno-ku,Osaka,27,545-0051,Japan
1201–1500,1201,Osmania University,India,32.0,34.7,19.0,39.2,34.3,23.1,https://www.timeshighereducation.com/world-university-rankings/osmania-university,,Hyderabad,Telangana State,500007,India
1201–1500,1201,Pavol Jozef Šafárik University in Košice,Slovakia,32.0,41.7,11.2,24.5,24.7,59.3,https://www.timeshighereducation.com/world-university-rankings/pavol-jozef-safarik-university-kosice,Srobarova 2,Kosice,Kosice Region,04180,Slovakia
1201–1500,1201,Persian Gulf University,Iran,32.0,19.6,15.1,56.1,24.1,46.5,https://www.timeshighereducation.com/world-university-rankings/persian-gulf-university,['Persian Gulf Street'],,Bushehr,7516913817,Iran
1201–1500,1201,Pondicherry University,India,32.0,34.1,17.4,40.6,41.0,22.7,https://www.timeshighereducation.com/world-university-rankings/pondicherry-university,Chinna Kalapet,Puducherry,Puducherry District,605014,India
1201–1500,1201,Pontifícia Universidade Católica do Paraná,Brazil,32.0,26.3,13.1,40.6,52.4,31.4,https://www.timeshighereducation.com/world-university-rankings/pontificia-universidade-catolica-do-parana,Rua Imaculada Conceicao 1155,Curitiba,Paraná,80215-901,Brazil
1201–1500,1201,Port Said University,Egypt,32.0,13.3,10.3,61.4,29.7,48.6,https://www.timeshighereducation.com/world-university-rankings/port-said-university,University Administration,Port Fouad City,Port Said,42526,Egypt
1201–1500,1201,Poznań University of Life Sciences,Poland,32.0,26.5,12.8,41.0,30.3,30.2,https://www.timeshighereducation.com/world-university-rankings/poznan-university-life-sciences,"['28', 'Wojska Polskiego Street']",Poznan,Poznan,60-637,Poland
1201–1500,1201,Poznan University of Medical Sciences,Poland,32.0,31.1,14.3,47.8,44.1,33.1,https://www.timeshighereducation.com/world-university-rankings/poznan-university-medical-sciences,10 Fredry Street,Poznan,Greater Poland Voivodeship,61-701,Poland
1201–1500,1201,Prince of Songkla University,Thailand,32.0,24.3,16.0,39.4,51.6,39.2,https://www.timeshighereducation.com/world-university-rankings/prince-songkla-university,15 Karnjanavanich Road Hat Yai,Songkhla,90,90110,Thailand
1201–1500,1201,Public University of Navarre,Spain,32.0,25.5,15.2,49.2,43.3,47.3,https://www.timeshighereducation.com/world-university-rankings/public-university-navarre,Campus of Arrosadia,Pamplona,NA,31006,Spain
1201–1500,1201,Pukyong National University,South Korea,32.0,30.3,20.4,36.1,54.1,35.1,https://www.timeshighereducation.com/world-university-rankings/pukyong-national-university,45 Yongso-ro Nam-gu,Busan,26,48513,South Korea
1201–1500,1201,Reshetnev Siberian State University of Science and Technology,Russian Federation,32.0,21.1,9.2,53.0,37.8,22.0,https://www.timeshighereducation.com/world-university-rankings/reshetnev-siberian-state-university-science-and-technology,"['31', 'Krasnoyarsky Rabochy Av.']",,Krasnoyarsk,660014,Russian Federation
1201–1500,1201,Riga Stradiņš University,Latvia,32.0,18.5,16.9,39.1,25.0,64.6,https://www.timeshighereducation.com/world-university-rankings/riga-stradins-university,Dzirciema 16,Riga,Baltic Region,LV 1007,Latvia
1201–1500,1201,Rowan University,United States,32.0,29.6,13.2,45.3,40.6,39.8,https://www.timeshighereducation.com/world-university-rankings/rowan-university,201 Mullica Hill Road,Glassboro,New Jersey,08028,United States
1201–1500,1201,Sahand University of Technology,Iran,32.0,28.8,13.6,47.9,47.6,35.2,https://www.timeshighereducation.com/world-university-rankings/sahand-university-technology,New Sahand Town PO. Box 51335,Tabriz,03,,Iran
1201–1500,1201,Sakarya University,Turkey,32.0,21.8,13.8,49.7,26.7,33.2,https://www.timeshighereducation.com/world-university-rankings/sakarya-university,Serdivan,Sakarya,Sakarya Province,54187,Turkey
1201–1500,1201,Salahaddin University–Erbil,Iraq,32.0,23.4,8.3,60.1,17.0,29.7,https://www.timeshighereducation.com/world-university-rankings/salahaddin-university-erbil,Zanko Street,Erbil,Kurdistan Region,44002,Iraq
1201–1500,1201,Sapporo Medical University,Japan,32.0,31.4,13.4,38.3,57.5,18.4,https://www.timeshighereducation.com/world-university-rankings/sapporo-medical-university,S1W17 Chuoh-ku Sapporo,,01,060-8556,Japan
1201–1500,1201,SASTRA University,India,32.0,27.6,11.0,42.8,41.6,27.4,https://www.timeshighereducation.com/world-university-rankings/sastra-university,Trichy-Tanjore Road,Thanjavur,TN,613401,India
1201–1500,1201,Sathyabama Institute of Science and Technology,India,32.0,30.9,10.7,48.6,24.0,27.8,https://www.timeshighereducation.com/world-university-rankings/sathyabama-institute-science-and-technology,Jeppiaar Nagar Rajiv Gandhi Salai,Chennai,Tamilnadu,600119,India
1201–1500,1201,Saudi Electronic University,Saudi Arabia,32.0,10.6,9.6,65.4,19.1,75.8,https://www.timeshighereducation.com/world-university-rankings/saudi-electronic-university,Abu Baker Assiddeeq Road,Riyadh,Riyadh Province,,Saudi Arabia
1201–1500,1201,Sefako Makgatho Health Sciences University,South Africa,32.0,26.0,11.1,42.7,19.2,50.0,https://www.timeshighereducation.com/world-university-rankings/sefako-makgatho-health-sciences-university,Molotlegi Street,Ga Rankuwa,Gauteng Province,0208,South Africa
1201–1500,1201,Seoul National University of Science and Technology (SeoulTech),South Korea,32.0,30.3,21.7,35.1,52.6,34.2,https://www.timeshighereducation.com/world-university-rankings/seoul-national-university-science-and-technology-seoultech,232 Gongneung-ro Bldg. 38 - Unit 115,Seoul,11,01811,South Korea
1201–1500,1201,Shahid Bahonar University of Kerman,Iran,32.0,19.1,13.8,50.4,32.4,30.0,https://www.timeshighereducation.com/world-university-rankings/shahid-bahonar-university-kerman,Imam Khomeini Highway Pajoohesh Square,Kerman,Kerman,76169-1411,Iran
1201–1500,1201,​Shahid Chamran University of Ahvaz,Iran,32.0,29.4,11.0,42.0,47.5,28.6,https://www.timeshighereducation.com/world-university-rankings/shahid-chamran-university-ahvaz,Golestan Blvd,Ahvaz,Khuzestan province,,Iran
1201–1500,1201,Shahrekord University,Iran,32.0,24.0,13.4,48.8,20.5,27.7,https://www.timeshighereducation.com/world-university-rankings/shahrekord-university,Rahbar Boulevard P.O. Box 115,Shahrekord,Chaharmahal and Bakhtiari Prov,,Iran
1201–1500,1201,Shahrood University of Technology,Iran,32.0,29.0,15.5,47.1,28.2,41.8,https://www.timeshighereducation.com/world-university-rankings/shahrood-university-technology,['Shahrood Haft Tir Square'],Shahrood,20,3619995161,Iran
1201–1500,1201,Shiga University of Medical Science,Japan,32.0,32.7,13.3,34.2,65.4,25.3,https://www.timeshighereducation.com/world-university-rankings/shiga-university-medical-science,Seta Tsukinowa-cho,Otsu,25,520-2192,Japan
1201–1500,1201,Shinshu University,Japan,32.0,26.7,18.4,32.5,66.8,31.9,https://www.timeshighereducation.com/world-university-rankings/shinshu-university,"['Shinshu Daigaku', '3-1-1 Asahi']",Matsumoto-shi,20,390-8621,Japan
1201–1500,1201,"Shivaji University, Kolhapur",India,32.0,34.9,16.6,45.5,29.7,21.5,https://www.timeshighereducation.com/world-university-rankings/shivaji-university-kolhapur,Vidyanagar,Kolhapur,MH,416004,India
1201–1500,1201,Shiv Nadar University,India,32.0,31.7,8.1,40.6,27.7,42.5,https://www.timeshighereducation.com/world-university-rankings/shiv-nadar-university,"['NH91', 'Tehsil Dadri']",Gautam Buddha Nagar,UP,201314,India
1201–1500,1201,Sidi Mohamed Ben Abdellah University,Morocco,32.0,25.2,11.9,48.2,24.2,26.2,https://www.timeshighereducation.com/world-university-rankings/sidi-mohamed-ben-abdellah-university,Route Imouzzer PO Box 2626,Fez,Fez Meknes,30000,Morocco
1201–1500,1201,Slovak University of Agriculture in Nitra,Slovakia,32.0,27.5,19.3,34.0,22.9,49.2,https://www.timeshighereducation.com/world-university-rankings/slovak-university-agriculture-nitra,Trieda Andreja Hlinka 2,Nitra,Nitra,949 76,Slovakia
1201–1500,1201,Sohag University,Egypt,32.0,15.0,9.2,55.1,20.6,52.2,https://www.timeshighereducation.com/world-university-rankings/sohag-university,University District,Sohag Al Gadida City,SHG,1646130,Egypt
1201–1500,1201,Soonchunhyang University,South Korea,32.0,22.6,27.9,35.8,63.6,33.1,https://www.timeshighereducation.com/world-university-rankings/soonchunhyang-university,22 Soonchunhyang-ro Sinchang-myeon,Cheonan,44,336-745,South Korea
1201–1500,1201,South Valley University  (Egypt),Egypt,32.0,12.8,9.3,58.9,19.3,49.4,https://www.timeshighereducation.com/world-university-rankings/south-valley-university-egypt,6 KM,Qena,KN,83523,Egypt
1201–1500,1201,St Francis Xavier University,Canada,32.0,17.5,18.2,43.1,27.9,51.6,https://www.timeshighereducation.com/world-university-rankings/st-francis-xavier-university,P.O. Box 5000,Antigonish,Nova Scotia,B2G 2W5,Canada
1201–1500,1201,Suez Canal University,Egypt,32.0,20.0,9.9,56.3,28.5,51.9,https://www.timeshighereducation.com/world-university-rankings/suez-canal-university,4.5 Km the Ring Road,Ismailia,Ismailia,41522,Egypt
1201–1500,1201,Süleyman Demirel University,Turkey,32.0,27.6,11.5,43.8,24.0,25.4,https://www.timeshighereducation.com/world-university-rankings/suleyman-demirel-university,102 Suleyman Demirel Caddesi Cunur Mahallesi,Merkez,32,32260,Turkey
1201–1500,1201,Suranaree University of Technology,Thailand,32.0,25.0,17.4,33.7,52.4,36.1,https://www.timeshighereducation.com/world-university-rankings/suranaree-university-technology,111 University Avenue Suranaree Subdistrict,Nakhon Ratchasima,30,30000,Thailand
1201–1500,1201,SWPS University,Poland,32.0,15.8,17.0,49.5,32.8,49.4,https://www.timeshighereducation.com/world-university-rankings/swps-university,Chodakowska 19/31,Warsaw,Warsaw,03-815,Poland
1201–1500,1201,Technological University Dublin,Ireland,32.0,17.6,14.7,48.8,54.7,64.5,https://www.timeshighereducation.com/world-university-rankings/technological-university-dublin,Rathdown House Grangegorman,Dublin,Leinster Province,D07 H6K8,Ireland
1201–1500,1201,Texas State University,United States,32.0,18.9,20.2,48.4,40.6,45.8,https://www.timeshighereducation.com/world-university-rankings/texas-state-university,601 University Drive,San Marcos,Texas,78666-4684,United States
1201–1500,1201,Tezpur University,India,32.0,33.1,17.3,36.8,33.2,19.4,https://www.timeshighereducation.com/world-university-rankings/tezpur-university,Napaam Tezpur,Sonitpur,AS,784028,India
1201–1500,1201,Thammasat University,Thailand,32.0,23.5,21.0,33.8,37.5,39.0,https://www.timeshighereducation.com/world-university-rankings/thammasat-university,2 Prachan Road Phra Barom Maha Ratchawang,Phra Nakhon,10,10200,Thailand
1201–1500,1201,The British University in Egypt,Egypt,32.0,16.7,12.1,53.0,19.1,37.4,https://www.timeshighereducation.com/world-university-rankings/british-university-egypt,Suez Desert Road PO Box 43,El Sherouk City,Cairo,11837,Egypt
1201–1500,1201,The Jikei University School of Medicine,Japan,32.0,30.3,11.2,43.9,45.4,20.8,https://www.timeshighereducation.com/world-university-rankings/jikei-university-school-medicine,"['3-25-8', 'Nishi-Shimbashi Minato-ku']",,13,105-8461,Japan
1201–1500,1201,The John Paul II Catholic University of Lublin,Poland,32.0,31.6,17.0,36.8,17.4,32.1,https://www.timeshighereducation.com/world-university-rankings/john-paul-ii-catholic-university-lublin,Al Ralawickie 14,Lublin,Lubelskie Voivodeship,20-950,Poland
1201–1500,1201,The University of Electro-Communications,Japan,32.0,25.7,24.1,32.3,69.1,39.0,https://www.timeshighereducation.com/world-university-rankings/university-electro-communications,1-5-1 Chofugaoka,Chofu,13,182-8585,Japan
1201–1500,1201,The University of the West Indies,Jamaica,32.0,21.0,12.0,45.4,29.4,52.6,https://www.timeshighereducation.com/world-university-rankings/university-west-indies,Mona,,Kingston 7,,Jamaica
1201–1500,1201,Tianjin Normal University,China,32.0,21.0,21.0,34.5,53.8,46.1,https://www.timeshighereducation.com/world-university-rankings/tianjin-normal-university,"['No 393', 'Binshui West Road Xiqing District']",Tianjin,Hebei Province,300387,China
1201–1500,1201,TOBB University of Economics and Technology,Turkey,32.0,20.0,14.7,40.9,67.5,41.1,https://www.timeshighereducation.com/world-university-rankings/tobb-university-economics-and-technology,Sögütözü Avenue 43 Sögütözü,,06,06560,Turkey
1201–1500,1201,Tokai University,Japan,32.0,17.6,12.8,46.9,48.3,31.8,https://www.timeshighereducation.com/world-university-rankings/tokai-university,4-1-1 Kitakaname,Hiratsuka,14,259-1292,Japan
1201–1500,1201,Tokushima University,Japan,32.0,28.9,20.7,27.2,86.7,24.7,https://www.timeshighereducation.com/world-university-rankings/tokushima-university,"['2-24', 'Shinkura-cho']",,36,770-8501,Japan
1201–1500,1201,Tokyo University of Agriculture and Technology,Japan,32.0,34.0,25.5,28.0,82.2,39.0,https://www.timeshighereducation.com/world-university-rankings/tokyo-university-agriculture-and-technology,3-8-1 Harumi-cho,Fuchu-shi,13,183-8538,Japan
1201–1500,1201,Tokyo University of Science,Japan,32.0,23.8,26.8,27.7,74.8,30.4,https://www.timeshighereducation.com/world-university-rankings/tokyo-university-science,1-3 Kagurazaka,Shinjuku-ku,13,162-8601,Japan
1201–1500,1201,Tomas Bata University in Zlín,Czechia,32.0,22.7,21.1,37.7,28.8,53.7,https://www.timeshighereducation.com/world-university-rankings/tomas-bata-university-zlin,Nam T G Masaryka 5555,Zlin,Zlin Region,760 01,Czechia
1201–1500,1201,Toyohashi University of Technology (TUT),Japan,32.0,30.7,23.6,21.4,83.6,43.4,https://www.timeshighereducation.com/world-university-rankings/toyohashi-university-technology-tut,1-1 Hibarigaoka Tenpaku-cho,Toyohashi City,23,441-8580,Japan
1201–1500,1201,Tzu Chi University,Taiwan,32.0,25.7,26.0,24.7,66.3,27.8,https://www.timeshighereducation.com/world-university-rankings/tzu-chi-university,No 701 Section 3 Zhongyang Road,Hualien City,Hualien,97004,Taiwan
1201–1500,1201,Universidad Católica San Antonio de Murcia (UCAM),Spain,32.0,19.1,18.2,35.1,39.2,57.4,https://www.timeshighereducation.com/world-university-rankings/universidad-catolica-san-antonio-de-murcia-ucam,Campus de los Jerónimo Guadalupe,,MU,30107,Spain
1201–1500,1201,Universidad del Desarrollo,Chile,32.0,16.4,12.1,47.2,28.0,51.0,https://www.timeshighereducation.com/world-university-rankings/universidad-del-desarrollo,Avenida Plaza 680 San Carlos de Apoquindo,Las Condes,Santiago,7610658,Chile
1201–1500,1201,Universidade Eduardo Mondlane,Mozambique,32.0,11.3,8.7,60.3,21.1,52.3,https://www.timeshighereducation.com/world-university-rankings/universidade-eduardo-mondlane,3453 Avenida Julius Nyerere,Maputo,Maputo Province,,Mozambique
1201–1500,1201,Universidade Federal de Pernambuco,Brazil,32.0,33.8,18.5,25.6,62.5,28.8,https://www.timeshighereducation.com/world-university-rankings/universidade-federal-de-pernambuco,"['Av. Prof. Moraes Rego', '1235 Cidade Universitária']",Recife,Pernambuco,50670-901,Brazil
1201–1500,1201,Universidade Federal do Paraná (UFPR),Brazil,32.0,37.2,18.5,29.7,51.9,35.4,https://www.timeshighereducation.com/world-university-rankings/universidade-federal-do-parana-ufpr,"['No 1299', 'Rua XV de Novembro Centro']",Curitiba,Parana,80060-000,Brazil
1201–1500,1201,Universidad San Francisco de Quito,Ecuador,32.0,24.0,12.1,44.2,19.3,63.7,https://www.timeshighereducation.com/world-university-rankings/universidad-san-francisco-de-quito,Av. Diego de Robles y Vía Interoceanica,Quito,Pichincha Province,170901,Ecuador
1201–1500,1201,Universitas Airlangga,Indonesia,32.0,28.6,14.1,39.2,24.8,66.3,https://www.timeshighereducation.com/world-university-rankings/universitas-airlangga,Jl. Airlangga No. 4-6,Surabaya,Jawa Timur,60115,Indonesia
1201–1500,1201,Universitas Gadjah Mada,Indonesia,32.0,33.1,24.0,31.3,57.2,43.9,https://www.timeshighereducation.com/world-university-rankings/universitas-gadjah-mada,"['Bulaksumur', 'Caturtunggal Depok District']",Yogyakarta,Yogyakarta,55281,Indonesia
1201–1500,1201,Universitas Muhammadiyah Surakarta,Indonesia,32.0,15.7,9.8,60.5,17.5,29.6,https://www.timeshighereducation.com/world-university-rankings/universitas-muhammadiyah-surakarta,Jl. A. Yani Tromol Pos 1 Pabelan Kartasura,Surakarta,JT,57162,Indonesia
1201–1500,1201,Universitas Padjadjaran,Indonesia,32.0,32.5,13.0,35.1,27.9,52.5,https://www.timeshighereducation.com/world-university-rankings/universitas-padjadjaran,Jalan Raya Bandung Sumedang Km 21,Sumedang,Jawa Barat,45363,Indonesia
1201–1500,1201,Université de Poitiers,France,32.0,27.5,20.9,30.5,39.7,61.6,https://www.timeshighereducation.com/world-university-rankings/universite-de-poitiers,15 Rue de l Hotel Dieu 86073 Cedex 9,Poitiers,Vienne,71117,France
1201–1500,1201,Université Djillali Liabès de Sidi Bel-Abbès,Algeria,32.0,25.5,9.7,46.3,17.6,36.8,https://www.timeshighereducation.com/world-university-rankings/universite-djillali-liabes-de-sidi-bel-abbes,PO Box 89,Sidi Bel Abbes,Sidi Bel Abbes Province,22000,Algeria
1201–1500,1201,Université d’Orléans,France,32.0,20.3,16.6,46.1,51.7,70.1,https://www.timeshighereducation.com/world-university-rankings/universite-dorleans,Chateau de la Source Avenue du Parc Floral,Orleans,Centre Val de Loire,45067,France
1201–1500,1201,University of A Coruña,Spain,32.0,24.1,18.6,46.1,46.6,38.1,https://www.timeshighereducation.com/world-university-rankings/university-coruna,9 Rua da Maestranza,A Coruna,A Coruna,15001,Spain
1201–1500,1201,University of Anbar,Iraq,32.0,25.0,11.1,53.2,36.6,32.0,https://www.timeshighereducation.com/world-university-rankings/university-anbar,55431 Baghdad/55 Ramadi,Ramadi,Al Anbar Governorate,31001,Iraq
1201–1500,1201,University of Antioquia,Colombia,32.0,21.1,20.8,38.8,39.9,40.3,https://www.timeshighereducation.com/world-university-rankings/university-antioquia,Calle 67 Numero 53 - 108 Po Box 1226,Medellin,Antioquia,,Colombia
1201–1500,1201,University of Brasília,Brazil,32.0,34.0,17.7,27.7,33.2,35.7,https://www.timeshighereducation.com/world-university-rankings/university-brasilia,"['Gleba A', 'Ed. PCTec']",Brasilia,Brasilia,70910-900,Brazil
1201–1500,1201,University of Burgos,Spain,32.0,21.8,16.7,44.9,29.0,36.3,https://www.timeshighereducation.com/world-university-rankings/university-burgos,Plaza Infanta Dona Elena Sin Numero,Burgos,Burgos Province,09001,Spain
1201–1500,1201,University of Cadiz,Spain,32.0,21.2,18.3,42.7,37.4,43.4,https://www.timeshighereducation.com/world-university-rankings/university-cadiz,"['Reina Sofía Cultural Center C / Paseo Carlos III', 'nº 9']",Cádiz,Andalucía,11003,Spain
1201–1500,1201,"University of Chemistry and Technology, Prague",Czechia,32.0,37.3,14.7,26.9,55.0,54.4,https://www.timeshighereducation.com/world-university-rankings/university-chemistry-and-technology-prague,Technicka 5,Dejvice,Prague 6,166 28,Czechia
1201–1500,1201,University of Chittagong,Bangladesh,32.0,11.5,9.5,60.7,22.8,55.2,https://www.timeshighereducation.com/world-university-rankings/university-chittagong,Chittagong University Road Hathazari,,Chittagong,4331,Bangladesh
1201–1500,1201,University of Colima,Mexico,32.0,23.4,8.2,54.3,19.0,29.9,https://www.timeshighereducation.com/world-university-rankings/university-colima,Av. Universidad No. 333 Las Viboras,Colima,Colima,28040,Mexico
1201–1500,1201,University of Concepción,Chile,32.0,19.3,18.1,40.9,47.7,50.8,https://www.timeshighereducation.com/world-university-rankings/university-concepcion,Víctor Lamas 1290 Casilla 160-C,Concepcion,Bio Bio,,Chile
1201–1500,1201,University of Deusto,Spain,32.0,20.7,20.6,49.3,39.9,46.0,https://www.timeshighereducation.com/world-university-rankings/university-deusto,Avenida de las Universidades 24,Bilbao,Biscay,48007,Spain
1201–1500,1201,University of Duhok,Iraq,32.0,24.2,8.1,61.3,19.7,31.3,https://www.timeshighereducation.com/world-university-rankings/university-duhok,"['Zakho Street 38', '1006 AJ Duhok P.O Box 78']",Duhok,Kurdistan Region,,Iraq
1201–1500,1201,University of El Oued,Algeria,32.0,19.8,8.9,53.0,17.5,44.2,https://www.timeshighereducation.com/world-university-rankings/university-el-oued-0,PO Box 789,El -Oued,El-Oued,,Algeria
1201–1500,1201,University of Engineering & Technology (UET) Lahore,Pakistan,32.0,20.2,10.5,54.3,32.4,51.0,https://www.timeshighereducation.com/world-university-rankings/university-engineering-technology-uet-lahore,"['G.T Road', 'Staff Houses EUT']",Lahore,Punjab,39161,Pakistan
1201–1500,1201,University of Évora,Portugal,32.0,25.0,21.5,36.8,25.1,54.3,https://www.timeshighereducation.com/world-university-rankings/university-evora,Largo dos Colegiais 2,,Évora,7004-516,Portugal
1201–1500,1201,University of Guilan,Iran,32.0,26.0,18.4,44.5,34.0,25.4,https://www.timeshighereducation.com/world-university-rankings/university-guilan,5th KM of Persian Gulf Hiway,Rasht,Guilan Province,4199613776,Iran
1201–1500,1201,"University of Health Sciences, Turkey",Turkey,32.0,45.7,10.6,27.3,17.5,28.8,https://www.timeshighereducation.com/world-university-rankings/university-health-sciences-turkey,Selimiye Mah Tıbbiye Cad. No: 38,Uskudar,Istanbul,34668,Turkey
1201–1500,1201,University of Ilorin,Nigeria,32.0,15.5,12.6,64.8,20.2,42.6,https://www.timeshighereducation.com/world-university-rankings/university-ilorin,P.O. Box 1515,Ilorin,KW,,Nigeria
1201–1500,1201,University of Ioannina,Greece,32.0,16.9,15.7,50.5,52.8,39.5,https://www.timeshighereducation.com/world-university-rankings/university-ioannina,P.O. Box 1186,,45110 Ioannina,,Greece
1201–1500,1201,University of Isfahan,Iran,32.0,29.0,18.3,46.8,38.9,32.3,https://www.timeshighereducation.com/world-university-rankings/university-isfahan,Azadi Square,Isfahan,10,8174673441,Iran
1201–1500,1201,University of Jeddah,Saudi Arabia,32.0,16.8,11.0,59.1,21.2,70.7,https://www.timeshighereducation.com/world-university-rankings/university-jeddah,285 Dhahban,Jeddah,Hijaz Tihamah,23881,Saudi Arabia
1201–1500,1201,University of Jendouba,Tunisia,32.0,19.2,23.2,37.1,51.4,46.4,https://www.timeshighereducation.com/world-university-rankings/university-jendouba,"['University Complex', 'Street 818 Mohamed Al-Yalawi']",Jendouba,Jendouba Governorate,,Tunisia
1201–1500,1201,University of Jos,Nigeria,32.0,15.3,8.6,55.9,18.4,46.4,https://www.timeshighereducation.com/world-university-rankings/university-jos,P.M.B 2084,Jos,Plateau State,930001,Nigeria
1201–1500,1201,University of Kerala,India,32.0,40.2,20.7,23.8,22.4,25.5,https://www.timeshighereducation.com/world-university-rankings/university-kerala,Palayam Airport Road Palayam,Kerala,,695034,India
1201–1500,1201,University of La Frontera,Chile,32.0,17.8,23.7,35.8,24.1,50.2,https://www.timeshighereducation.com/world-university-rankings/university-la-frontera,No 01145 Avenida Francisco Salazar,Temuco,Araucania Region,4811230,Chile
1201–1500,1201,University of La Serena,Chile,32.0,14.3,10.3,54.3,17.3,50.3,https://www.timeshighereducation.com/world-university-rankings/university-la-serena,Benavente 980,La Serena,Coquimbo Region,,Chile
1201–1500,1201,University of Las Palmas de Gran Canaria,Spain,32.0,21.4,26.9,42.7,32.5,41.7,https://www.timeshighereducation.com/world-university-rankings/university-las-palmas-de-gran-canaria,Juan de Quesada 30,,Las Palmas de Gran Canaria,35001,Spain
1201–1500,1201,University of León,Spain,32.0,24.9,15.9,41.8,61.0,36.8,https://www.timeshighereducation.com/world-university-rankings/university-leon,No 25 Avenida de la Facultad Edificio de Rectorado,Leon,Leon,24004,Spain
1201–1500,1201,University of Malaga,Spain,32.0,21.1,17.1,42.1,54.0,41.5,https://www.timeshighereducation.com/world-university-rankings/university-malaga,"['Avda. Cervantes', '2']",,MA,29071,Spain
1201–1500,1201,University of Manouba,Tunisia,32.0,25.9,9.7,42.1,23.9,45.8,https://www.timeshighereducation.com/world-university-rankings/university-manouba,University Campus of Manouba,Manouba,Manouba,2010,Tunisia
1201–1500,1201,University of Maragheh,Iran,32.0,14.7,17.1,59.6,31.3,47.8,https://www.timeshighereducation.com/world-university-rankings/university-maragheh,Daneshgah Boulevard Madar Square,Maragheh,East Azarbaijan,83111 - 55,Iran
1201–1500,1201,University of Maribor,Slovenia,32.0,21.5,18.0,41.2,46.2,39.5,https://www.timeshighereducation.com/world-university-rankings/university-maribor,Slomskov trg 15,Maribor,Styria Region,2000,Slovenia
1201–1500,1201,University of Mauritius,Mauritius,32.0,27.5,14.9,42.2,41.3,37.5,https://www.timeshighereducation.com/world-university-rankings/university-mauritius,,Reduit,Moka District,80837,Mauritius
1201–1500,1201,University of Mazandaran,Iran,32.0,26.6,16.2,43.0,25.4,28.3,https://www.timeshighereducation.com/world-university-rankings/university-mazandaran,Pasdaran Street,Babolsar,Mazandaran,47415,Iran
1201–1500,1201,University of Nebraska Omaha,United States,32.0,17.9,16.9,49.8,41.8,36.2,https://www.timeshighereducation.com/world-university-rankings/university-nebraska-omaha,6001 Dodge Street,Omaha,Nebraska,68182,United States
1201–1500,1201,University of Nigeria Nsukka,Nigeria,32.0,32.0,11.0,40.3,20.3,41.4,https://www.timeshighereducation.com/world-university-rankings/university-nigeria-nsukka,Ihe Nsukka,Nsukka,Enugu State,41001,Nigeria
1201–1500,1201,University of Northern British Columbia (UNBC),Canada,32.0,21.0,22.5,44.4,19.9,57.0,https://www.timeshighereducation.com/world-university-rankings/university-northern-british-columbia-unbc,3333 University Way,Prince George,British Columbia,V2N 4Z9,Canada
1201–1500,1201,"University of Occupational and Environmental Health, Japan",Japan,32.0,29.0,11.9,53.1,53.7,23.1,https://www.timeshighereducation.com/world-university-rankings/university-occupational-and-environmental-health-japan,"['1-1', 'Iseigaoka Yahata-nishi-ku']",,40,807-8555,Japan
1201–1500,1201,University of Peradeniya,Sri Lanka,32.0,12.8,12.4,56.4,30.0,39.3,https://www.timeshighereducation.com/world-university-rankings/university-peradeniya,Galaha Road,Peradeniya,Kandy District,20400,Sri Lanka
1201–1500,1201,University of Reims Champagne-Ardenne,France,32.0,29.1,9.8,37.4,36.4,56.1,https://www.timeshighereducation.com/world-university-rankings/university-reims-champagne-ardenne,2 Avenue Robert Schuman,Reims,Grand Est Region,51100,France
1201–1500,1201,University of Rouen Normandie,France,32.0,24.9,13.9,38.3,51.6,55.9,https://www.timeshighereducation.com/world-university-rankings/university-rouen-normandie,Place Emile Blondel,,Mont Saint Aignan,76821,France
1201–1500,1201,University of Sargodha,Pakistan,32.0,14.5,13.6,63.0,20.9,49.4,https://www.timeshighereducation.com/world-university-rankings/university-sargodha,University Road Sargodha,,Punjab,40100,Pakistan
1201–1500,1201,University of Sfax,Tunisia,32.0,29.7,12.3,41.5,39.3,46.0,https://www.timeshighereducation.com/world-university-rankings/university-sfax,Route de l'Aéroport Km 0.5 BP 1169,,Sfax,3029,Tunisia
1201–1500,1201,University of Social Welfare and Rehabilitation Sciences,Iran,32.0,34.0,15.7,34.3,22.8,33.4,https://www.timeshighereducation.com/world-university-rankings/university-social-welfare-and-rehabilitation-sciences,Kodakyar Ave. Daneshjo Blvd.,Evin,Tehran,1985713834,Iran
1201–1500,1201,University of South Africa,South Africa,32.0,19.7,17.8,51.0,30.4,42.2,https://www.timeshighereducation.com/world-university-rankings/university-south-africa,1 Preller Street Muckleneuk Ridge,Pretoria,Gauteng,0002,South Africa
1201–1500,1201,University of South Wales,United Kingdom,32.0,18.2,11.7,35.7,52.3,78.6,https://www.timeshighereducation.com/world-university-rankings/university-south-wales,Llantwit Road,Pontypridd,Rhondda Cynon Taff,CF37 1DL,United Kingdom
1201–1500,1201,University of Split,Croatia,32.0,22.2,15.3,42.3,28.6,34.7,https://www.timeshighereducation.com/world-university-rankings/university-split,Ulica Rudera Boskovica 31,Split,Split Croatia,21000,Croatia
1201–1500,1201,University of Staffordshire,United Kingdom,32.0,16.3,12.3,48.0,23.8,73.4,https://www.timeshighereducation.com/world-university-rankings/university-staffordshire,College Road,Stoke on Trent,Staffordshire,ST4 2DE,United Kingdom
1201–1500,1201,University of Technology of Compiègne,France,32.0,28.7,11.6,30.6,58.7,81.9,https://www.timeshighereducation.com/world-university-rankings/university-technology-compiegne,Rue Du Docteur Schweitzer,Compiegne,Cedex France,60203,France
1201–1500,1201,University of the Philippines,Philippines,32.0,27.4,17.9,39.0,28.9,38.6,https://www.timeshighereducation.com/world-university-rankings/university-philippines,Diliman,Quezon City,Quezon City,1102,Philippines
1201–1500,1201,University of Trás-os-Montes and Alto Douro,Portugal,32.0,19.6,20.9,47.3,38.6,40.5,https://www.timeshighereducation.com/world-university-rankings/university-tras-os-montes-and-alto-douro,Quinta de Prados,Vila Real,Tras os Montes Region,5000-801,Portugal
1201–1500,1201,University of Tripoli,Libya,32.0,14.6,10.7,66.1,17.2,43.3,https://www.timeshighereducation.com/world-university-rankings/university-tripoli,PO Box 13,,Tripoli,275,Libya
1201–1500,1201,University of Urbino Carlo Bo,Italy,32.0,17.6,19.9,47.6,36.3,50.1,https://www.timeshighereducation.com/world-university-rankings/university-urbino-carlo-bo,Via Aurelio Saffi 2,,Urbino,61029,Italy
1201–1500,1201,University of Valladolid,Spain,32.0,24.8,16.7,40.7,44.4,39.5,https://www.timeshighereducation.com/world-university-rankings/university-valladolid,C/ Plaza de Santa  Cruz 8,,VA,47002,Spain
1201–1500,1201,University of West London,United Kingdom,32.0,15.4,10.5,53.3,20.7,90.0,https://www.timeshighereducation.com/world-university-rankings/university-west-london,Saint Marys Road,London,Ealing,W5 5RF,United Kingdom
1201–1500,1201,University of Winchester,United Kingdom,32.0,19.0,15.4,45.4,18.0,61.2,https://www.timeshighereducation.com/world-university-rankings/university-winchester,Sparkford Road,Winchester,Hampshire,SO22 4NR,United Kingdom
1201–1500,1201,University of Wrocław,Poland,32.0,28.7,21.8,37.9,35.5,45.1,https://www.timeshighereducation.com/world-university-rankings/university-wroclaw,Plac Uniwersytecki 1,Wroclaw,Lower Silesian Voivodeship,50-137,Poland
1201–1500,1201,University of Zagreb,Croatia,32.0,27.6,19.1,41.8,57.5,31.3,https://www.timeshighereducation.com/world-university-rankings/university-zagreb,Trg Republike Hrvatske 14,Zagreb,Zagreb,10000,Croatia
1201–1500,1201,University of Žilina,Slovakia,32.0,26.2,19.6,39.9,45.5,33.9,https://www.timeshighereducation.com/world-university-rankings/university-zilina,Univerzitna 8215/1,Zilina,Zilinsky Kraj,010 26,Slovakia
1201–1500,1201,University Rey Juan Carlos,Spain,32.0,18.7,15.3,47.4,46.7,38.4,https://www.timeshighereducation.com/world-university-rankings/university-rey-juan-carlos,Calle Tulipan s/n,Mostoles,M,28933,Spain
1201–1500,1201,Urmia University of Technology,Iran,32.0,12.2,14.3,56.7,22.0,49.0,https://www.timeshighereducation.com/world-university-rankings/urmia-university-technology,Band Road,,Urmia,171655716,Iran
1201–1500,1201,USAMV Cluj-Napoca,Romania,32.0,19.7,10.0,52.3,22.0,37.5,https://www.timeshighereducation.com/world-university-rankings/usamv-cluj-napoca,Calea Manastur 3-5,,Cluj-Napoca,400372,Romania
1201–1500,1201,"Vietnam National University, Hanoi",Vietnam,32.0,17.7,11.5,54.6,28.2,44.3,https://www.timeshighereducation.com/world-university-rankings/vietnam-national-university-hanoi,144- Xuan Thuy Street Cau Giay,Hanoi,Hanoi,,Vietnam
1201–1500,1201,"Visvesvaraya National Institute of Technology, Nagpur",India,32.0,32.7,12.8,41.6,36.5,20.1,https://www.timeshighereducation.com/world-university-rankings/visvesvaraya-national-institute-technology-nagpur,South Ambazari Road,Nagpur,MH,440010,India
1201–1500,1201,VSB - Technical University of Ostrava,Czechia,32.0,25.6,20.9,38.5,48.5,55.4,https://www.timeshighereducation.com/world-university-rankings/vsb-technical-university-ostrava,17 listopadu 2172/15 Poruba,Ostrava,Moravian Silesian,708 00,Czechia
1201–1500,1201,Vytautas Magnus University,Lithuania,32.0,23.7,12.9,36.9,21.2,69.5,https://www.timeshighereducation.com/world-university-rankings/vytautas-magnus-university,K. Donelaicio str. 58,Kaunas,Kaunas,44248,Lithuania
1201–1500,1201,Walailak University,Thailand,32.0,19.4,15.4,56.4,18.7,47.8,https://www.timeshighereducation.com/world-university-rankings/walailak-university,222 Thaiburi Subdistrict Thasala District,Nakhonsithammarat,Nakhonsithammarat,80160,Thailand
1201–1500,1201,Warsaw University of Technology,Poland,32.0,28.3,17.7,32.9,61.1,33.9,https://www.timeshighereducation.com/world-university-rankings/warsaw-university-technology,"['Plac Politechniki 1 Main Building', 'Room 104']",Warsaw,Masovian Voivodeship,00661,Poland
1201–1500,1201,Wilfrid Laurier University,Canada,32.0,15.8,16.1,49.3,58.4,61.2,https://www.timeshighereducation.com/world-university-rankings/wilfrid-laurier-university,75 University Avenue West,Waterloo,Ontario,N2L 3C5,Canada
1201–1500,1201,Woosong University,South Korea,32.0,19.1,10.4,43.2,24.2,86.2,https://www.timeshighereducation.com/world-university-rankings/woosong-university,"['171 Dongdaejeon-ro', 'Dong-gu Dong-gu']",,30,300718,South Korea
1201–1500,1201,Wrocław University of Science and Technology,Poland,32.0,23.6,19.3,36.2,58.5,34.0,https://www.timeshighereducation.com/world-university-rankings/wroclaw-university-science-and-technology,27 Wybrzeze Wyspianskiego,Wroclaw,Lower Silesian Voivodeship,50370,Poland
1201–1500,1201,Wuhan Textile University,China,32.0,16.3,12.4,57.9,55.7,23.9,https://www.timeshighereducation.com/world-university-rankings/wuhan-textile-university,1 Fangzhi Road Hongshan District,Wuhan,Hubei,430073,China
1201–1500,1201,Xiangtan University,China,32.0,18.6,17.4,53.6,56.3,23.1,https://www.timeshighereducation.com/world-university-rankings/xiangtan-university,Yuhu District,Xiangtan,Hunan,411105,China
1201–1500,1201,Yanshan University,China,32.0,21.6,12.2,45.4,57.0,20.8,https://www.timeshighereducation.com/world-university-rankings/yanshan-university,Qinhuangdao,,Hebei,66004,China
1201–1500,1201,Yaşar University,Turkey,32.0,21.5,11.8,57.8,21.1,43.1,https://www.timeshighereducation.com/world-university-rankings/yasar-university,Üniversite Caddesi No:37-39,Bornova,Izmir PK.,35100,Turkey
1201–1500,1201,Yazd University,Iran,32.0,21.6,18.5,44.8,44.4,35.6,https://www.timeshighereducation.com/world-university-rankings/yazd-university,Safaeih Road,Yazd,21,,Iran
1201–1500,1201,Yokohama National University,Japan,32.0,28.3,21.9,22.1,82.3,35.3,https://www.timeshighereducation.com/world-university-rankings/yokohama-national-university,"['79-1 Tokiwadai', 'Hodogaya Ward']",Yokohama,14,240-8501,Japan
1201–1500,1201,Zewail City of Science and Technology,Egypt,32.0,23.7,10.5,48.2,23.7,40.6,https://www.timeshighereducation.com/world-university-rankings/zewail-city-science-and-technology,Ahmed Zewail Road October Gardens,6th of October City,Giza,,Egypt
1201–1500,1201,Zhejiang Chinese Medical University,China,32.0,20.2,17.5,46.1,36.4,22.7,https://www.timeshighereducation.com/world-university-rankings/zhejiang-chinese-medical-university,548 Bin Wen Road,Hangzhou,Zhejiang,310053,China
1201–1500,1201,Zhejiang University of Finance and Economics,China,32.0,14.3,13.3,66.8,30.8,28.8,https://www.timeshighereducation.com/world-university-rankings/zhejiang-university-finance-and-economics,"['No. 18', 'Xueyuan Street', 'Xiasha']",Hangzhou,Zhejiang,310018,China
1501+,1501,Abdelmalek Essaâdi University,Morocco,27.2,22.9,11.1,43.1,20.7,29.0,https://www.timeshighereducation.com/world-university-rankings/abdelmalek-essaadi-university,Avenue 9 Avril Quartier Mhaneche II,Tetouan,Tanger Tetouan Al Hoceima,93030,Morocco
1501+,1501,Acharya Nagarjuna University,India,27.2,45.0,9.9,16.8,27.6,28.6,https://www.timeshighereducation.com/world-university-rankings/acharya-nagarjuna-university,"['NH16', 'Nagarjuna Nagar']",Guntur,AP,522510,India
1501+,1501,Acıbadem University,Turkey,27.2,27.3,12.4,29.0,26.4,37.0,https://www.timeshighereducation.com/world-university-rankings/acibadem-university,32 Kayisdagi Street,Atasehir,Istanbul,34752,Turkey
1501+,1501,Adana Alparslan Türkeş Science and Technology University,Turkey,27.2,13.7,10.4,31.5,17.2,22.9,https://www.timeshighereducation.com/world-university-rankings/adana-alparslan-turkes-science-and-technology-university,Balcalı,Catalan,01,01250,Turkey
1501+,1501,Adelphi University,United States,27.2,25.5,7.9,26.2,18.1,35.8,https://www.timeshighereducation.com/world-university-rankings/adelphi-university,One South Avenue PO Box 701,Garden City,New York,11530-0701,United States
1501+,1501,Adıyaman University,Turkey,27.2,13.0,10.1,33.5,16.8,28.0,https://www.timeshighereducation.com/world-university-rankings/adiyaman-university,Altınsehir Mah. 3005 Sok No:13,Adiyaman,Adıyaman Province,02040,Turkey
1501+,1501,Afyonkarahisar Health Sciences University,Turkey,27.2,29.8,11.8,13.1,24.6,23.3,https://www.timeshighereducation.com/world-university-rankings/afyonkarahisar-health-sciences-university,Zafer Saglık Kulliyesi Dortyol Mahallesi 2078 Sokak No: 3,Afyonkarahisar,Afyonkarahisar Province,,Turkey
1501+,1501,Afyon Kocatepe University,Turkey,27.2,16.5,9.8,26.4,22.5,26.5,https://www.timeshighereducation.com/world-university-rankings/afyon-kocatepe-university,Gazligol Yolu,Afyonkarahisar,Afyonkarahisar,03200,Turkey
1501+,1501,AIIMS Rishikesh,India,27.2,29.0,11.2,17.2,22.8,21.0,https://www.timeshighereducation.com/world-university-rankings/aiims-rishikesh,Virbhadra Road,Rishikesh,UK,249 203,India
1501+,1501,Akita University,Japan,27.2,26.3,13.6,18.7,43.3,28.7,https://www.timeshighereducation.com/world-university-rankings/akita-university,1-1 Tegata Gakuencho,Akita City,05,010-8502,Japan
1501+,1501,Aksaray University,Turkey,27.2,14.8,9.3,24.1,18.2,28.9,https://www.timeshighereducation.com/world-university-rankings/aksaray-university,No 23 Adana Cadde Bahcesaray Mahalle,Aksaray,Aksaray Province,68100,Turkey
1501+,1501,Alanya Alaaddin Keykubat University,Turkey,27.2,16.4,10.3,20.0,16.4,27.2,https://www.timeshighereducation.com/world-university-rankings/alanya-alaaddin-keykubat-university,No. 80 Universite Caddesi Kestel Mahallesi,Alanya,07,07425,Turkey
1501+,1501,Alberto Hurtado University,Chile,27.2,15.8,16.6,24.1,16.0,37.7,https://www.timeshighereducation.com/world-university-rankings/alberto-hurtado-university,Avda. Libertador Bernardo O'Higgins,Santiago de Chile,Santiago,8340575,Chile
1501+,1501,Alexandru Ioan Cuza University,Romania,27.2,22.5,12.2,29.2,41.1,39.3,https://www.timeshighereducation.com/world-university-rankings/alexandru-ioan-cuza-university,"['Bulevardul Carol I', 'Nr.11']",Lasi,Lasi,700506,Romania
1501+,1501,Al-Furat Al-Awsat Technical University,Iraq,27.2,11.5,8.6,21.1,19.6,24.3,https://www.timeshighereducation.com/world-university-rankings/al-furat-al-awsat-technical-university,Republic of Iraq Al-Najaf City,,Kufa,,Iraq
1501+,1501,Allameh Tabataba ’i University,Iran,27.2,33.2,12.8,32.6,24.0,30.4,https://www.timeshighereducation.com/world-university-rankings/allameh-tabataba-i-university,Dehkadeh-ye-Olympic West Hemmat Highway,,Tehran,1489684511,Iran
1501+,1501,Al-Muthanna University,Iraq,27.2,20.2,8.5,32.2,16.3,36.9,https://www.timeshighereducation.com/world-university-rankings/al-muthanna-university,Samawah,Samawah,Al Muthanna Governorate,66001,Iraq
1501+,1501,Al-Nahrain University,Iraq,27.2,29.7,8.9,28.8,21.0,24.2,https://www.timeshighereducation.com/world-university-rankings/al-nahrain-university,Jadriah,,Baghdad,64074,Iraq
1501+,1501,Al-Qasim Green University,Iraq,27.2,22.5,7.9,49.2,16.6,25.0,https://www.timeshighereducation.com/world-university-rankings/al-qasim-green-university,8 Al-Qasim,Babylon,Babylon Governorate,,Iraq
1501+,1501,Al-Quds University,Palestine,27.2,22.9,11.0,17.8,21.1,81.2,https://www.timeshighereducation.com/world-university-rankings/al-quds-university,P.O. Box 89,Jerusalem,Jerusalem Governorate,,Palestine
1501+,1501,Altai State University,Russian Federation,27.2,23.0,16.4,17.1,25.3,62.1,https://www.timeshighereducation.com/world-university-rankings/altai-state-university,"['pr. Lenina', '61']",Barnaul,Altai Krai,656049,Russian Federation
1501+,1501,Altınbaş University,Turkey,27.2,17.6,11.7,30.3,24.1,54.5,https://www.timeshighereducation.com/world-university-rankings/altinbas-university,Mahmutbey Dilmenler Caddesi No:26,,Bagcilar,34217,Turkey
1501+,1501,Alzahra University,Iran,27.2,27.3,16.9,28.1,26.6,28.3,https://www.timeshighereducation.com/world-university-rankings/alzahra-university,Deh Vanak Street,,Tehran,1993893973,Iran
1501+,1501,Amity University - Kolkata,India,27.2,18.0,11.5,33.5,22.2,54.9,https://www.timeshighereducation.com/world-university-rankings/amity-university-kolkata,"['Major Arterial Road', 'AA II Newtown']",Kadampukur,WB,700135,India
1501+,1501,Anáhuac University,Mexico,27.2,24.8,9.2,9.6,16.9,33.4,https://www.timeshighereducation.com/world-university-rankings/anahuac-university,Avenida Universidad Anahuac 46 Colonia Lomas Anahuac,Huixquilucan de Degollado,State of Mexico,52786,Mexico
1501+,1501,Ankara Yildirim Beyazit University,Turkey,27.2,20.1,13.1,29.5,22.5,31.0,https://www.timeshighereducation.com/world-university-rankings/ankara-yildirim-beyazit-university,"['No. 7', 'Gazze Caddesi Ayvali Mahallesi']",Ankara,06,06010,Turkey
1501+,1501,Antonio Nariño University,Colombia,27.2,18.4,8.3,28.9,17.1,51.5,https://www.timeshighereducation.com/world-university-rankings/antonio-narino-university,Calle 58A No 37-94 Carrera 38 No 58 A 77,Bogota,Cundinamarca,111311,Colombia
1501+,1501,Aoyama Gakuin University,Japan,27.2,16.7,9.4,10.8,29.3,36.4,https://www.timeshighereducation.com/world-university-rankings/aoyama-gakuin-university,4-4-25 Shibuya Shibuya-ku,,13,150-8366,Japan
1501+,1501,Arak University,Iran,27.2,19.3,14.6,32.9,29.1,35.1,https://www.timeshighereducation.com/world-university-rankings/arak-university,Daneshjoo Boulevard Ali Ebne Abitaleb,Arak,00,38156-8834,Iran
1501+,1501,Atılım University,Turkey,27.2,16.0,11.5,32.6,24.1,46.4,https://www.timeshighereducation.com/world-university-rankings/atilim-university,Kizilcasar District İncek Gölbaşı,,06,06836,Turkey
1501+,1501,Atma Jaya Catholic University of Indonesia,Indonesia,27.2,18.0,12.7,19.5,22.9,48.4,https://www.timeshighereducation.com/world-university-rankings/atma-jaya-catholic-university-indonesia,No 51 Jalan Jenderal Sudirman RT 02 RW 04 Karet Semanggi,Kota Jakarta Selatan,DKI Jakarta,12930,Indonesia
1501+,1501,Austral University of Chile,Chile,27.2,15.6,17.2,29.2,41.8,52.4,https://www.timeshighereducation.com/world-university-rankings/austral-university-chile,Independencia 641,Valdivia,Valdivia,,Chile
1501+,1501,Autonomous University of Baja California,Mexico,27.2,14.8,9.0,14.4,18.2,32.3,https://www.timeshighereducation.com/world-university-rankings/autonomous-university-baja-california,Av Alvaro Obregon y Julian Carrillo s/n,Mexicali,Baja California,21100,Mexico
1501+,1501,Autonomous University of Guerrero (UAGro),Mexico,27.2,16.0,7.7,10.9,17.7,29.7,https://www.timeshighereducation.com/world-university-rankings/autonomous-university-guerrero-uagro,Av. Javier Méndez Aponte #1 Fracc. Servidor Agrario,Chilpancingo,Guerrero,39070,Mexico
1501+,1501,Aydın Adnan Menderes University,Turkey,27.2,28.4,20.3,20.0,20.4,22.9,https://www.timeshighereducation.com/world-university-rankings/aydin-adnan-menderes-university,Kepez Mevkii Efeler,Aydin,Aydin Province,,Turkey
1501+,1501,Azerbaijan State Oil and Industry University,Azerbaijan,27.2,25.0,8.1,15.7,19.7,44.7,https://www.timeshighereducation.com/world-university-rankings/azerbaijan-state-oil-and-industry-university,16/21 Azadliq Avenue,Baku,Absheron Peninsula,,Azerbaijan
1501+,1501,Azerbaijan Technical University (AzTU),Azerbaijan,27.2,26.2,7.5,5.7,30.4,35.9,https://www.timeshighereducation.com/world-university-rankings/azerbaijan-technical-university-aztu,25 H.Javid avenue,,Baku,1073,Azerbaijan
1501+,1501,Babcock University,Nigeria,27.2,27.6,9.9,41.8,16.0,33.5,https://www.timeshighereducation.com/world-university-rankings/babcock-university,Joseph Vavrineck Road,Ilishan Remo,OG,121103,Nigeria
1501+,1501,Badji Mokhtar University – Annaba,Algeria,27.2,39.9,8.8,17.0,21.3,35.3,https://www.timeshighereducation.com/world-university-rankings/badji-mokhtar-university-annaba,Boite Postale 12,Annaba,Annaba,23000,Algeria
1501+,1501,Baku State University,Azerbaijan,27.2,30.1,10.1,21.2,21.0,45.4,https://www.timeshighereducation.com/world-university-rankings/baku-state-university,Academician Zahid Khalilov Street 33,Baku,Baku,1148,Azerbaijan
1501+,1501,Balıkesir University,Turkey,27.2,14.6,9.9,15.7,21.0,20.7,https://www.timeshighereducation.com/world-university-rankings/balikesir-university,Bigadic over path 17. km,Balikesir,Balıkesir Province,10145,Turkey
1501+,1501,"Balochistan University of Information Technology, Engineering and Management Sciences (BUITEMS)",Pakistan,27.2,10.8,9.5,41.3,20.9,49.9,https://www.timeshighereducation.com/world-university-rankings/balochistan-university-information-technology-engineering-and-management,Airport Road Baleli,Quetta,Balochistan,87300,Pakistan
1501+,1501,Bashkir State Medical University,Russian Federation,27.2,28.3,10.3,23.5,20.1,49.3,https://www.timeshighereducation.com/world-university-rankings/bashkir-state-medical-university,"['Teatralnaya Street', '2a Ground Floor']",Ufa,Volga Federal District,450000,Russian Federation
1501+,1501,Başkent University,Turkey,27.2,20.8,11.8,19.0,24.6,23.1,https://www.timeshighereducation.com/world-university-rankings/baskent-university,Fatih Sultan Mahallesi Eskisehir Yolu 18.km,Etimesgut,06,TR 06790,Turkey
1501+,1501,Belarusian State University,Belarus,27.2,24.7,11.1,10.9,45.0,65.8,https://www.timeshighereducation.com/world-university-rankings/belarusian-state-university,4 Nezavisimosti Avenue,Minsk,Minsk Region,220030,Belarus
1501+,1501,Belgorod State National Research University,Russian Federation,27.2,21.8,16.4,11.1,34.9,40.6,https://www.timeshighereducation.com/world-university-rankings/belgorod-state-national-research-university,"['85', 'Pobedy Street']",,Belgorod,308015,Russian Federation
1501+,1501,Benemérita Universidad Autónoma de Puebla,Mexico,27.2,23.3,9.8,13.5,21.2,36.0,https://www.timeshighereducation.com/world-university-rankings/benemerita-universidad-autonoma-de-puebla,4 sur 104 Historic Center,Puebla,Puebla,72000,Mexico
1501+,1501,Bernardo O’Higgins University,Chile,27.2,14.6,10.8,13.1,22.6,48.6,https://www.timeshighereducation.com/world-university-rankings/bernardo-ohiggins-university,1497 Avenida Viel Ruta 5 Sur,Santiago,Santiago,8330091,Chile
1501+,1501,Beykent University,Turkey,27.2,14.4,8.3,21.9,17.4,27.3,https://www.timeshighereducation.com/world-university-rankings/beykent-university,"['Cumhuriyet Mahallesi Lise Sokak No 5', 'Beykent']",Istanbul,Istanbul,34936,Turkey
1501+,1501,Bezmiâlem Vakif University,Turkey,27.2,37.8,12.0,26.1,22.9,28.6,https://www.timeshighereducation.com/world-university-rankings/bezmialem-vakif-university,Adnan Menderes Bulvari Vatan C No 113 Fatih,Istanbul,Istanbul,34093,Turkey
1501+,1501,Bharati Vidyapeeth University,India,27.2,27.1,11.1,25.1,39.2,20.6,https://www.timeshighereducation.com/world-university-rankings/bharati-vidyapeeth-university,Bharati Vidyapeeth Bhavan Lal Bahadur Shastri Marg,Pune,MH,411030,India
1501+,1501,Bialystok University of Technology,Poland,27.2,23.5,14.0,23.5,28.6,27.6,https://www.timeshighereducation.com/world-university-rankings/bialystok-university-technology,"['45A', 'Wiejska Street']",Bialystok,Podlaskie Province,15-351,Poland
1501+,1501,Bilecik Şeyh Edebali University,Turkey,27.2,16.3,10.2,31.7,21.7,37.9,https://www.timeshighereducation.com/world-university-rankings/bilecik-seyh-edebali-university,Pelitözü Mah. Fatih Sultan Mehmet Bulvarı No:27 11100,,11,27 11100,Turkey
1501+,1501,Blida 1 University,Algeria,27.2,18.3,8.2,15.7,18.2,35.2,https://www.timeshighereducation.com/world-university-rankings/blida-1-university,BP 270 road soumaa,Blida,Blida Province,,Algeria
1501+,1501,Bogomolets National Medical University,Ukraine,27.2,24.0,9.9,9.8,17.4,26.4,https://www.timeshighereducation.com/world-university-rankings/bogomolets-national-medical-university,34 Beresteyskyi Avenue,Kyiv,Kyiv Oblast,01601,Ukraine
1501+,1501,Bolu Abant Izzet Baysal University,Turkey,27.2,17.1,9.7,29.2,19.0,38.0,https://www.timeshighereducation.com/world-university-rankings/bolu-abant-izzet-baysal-university,Golkoy Yerleskesi,Bolu,Bolu Province,14280,Turkey
1501+,1501,Bozok University,Turkey,27.2,13.6,10.0,26.7,17.1,30.5,https://www.timeshighereducation.com/world-university-rankings/bozok-university,Ataturk Yolu 7Km,Yozgat,Yozgat Province,66900,Turkey
1501+,1501,B. S. Abdur Rahman Crescent Institute of Science and Technology,India,27.2,20.1,10.6,39.4,26.2,25.1,https://www.timeshighereducation.com/world-university-rankings/b-s-abdur-rahman-crescent-institute-science-and-technology,GST Road Vandalur,Chennai,Tamilnadu,600048,India
1501+,1501,Burapha University,Thailand,27.2,17.4,10.1,14.1,24.5,29.1,https://www.timeshighereducation.com/world-university-rankings/burapha-university,169 Long Hat Bang Saen Road Saen Suk Subdistrict,Chonburi,Chonburi,20131,Thailand
1501+,1501,Burdur Mehmet Akif Ersoy University,Turkey,27.2,12.6,9.6,34.9,18.9,23.5,https://www.timeshighereducation.com/world-university-rankings/burdur-mehmet-akif-ersoy-university,İstiklal,Burdur,Burdur Province,15030,Turkey
1501+,1501,Bursa Technical University,Turkey,27.2,13.6,8.7,23.3,22.8,34.5,https://www.timeshighereducation.com/world-university-rankings/bursa-technical-university,Mimar Sinan Mahallesi Mimar Sinan Bulvarı,Yıldırım,16,16310,Turkey
1501+,1501,Bursa Uludağ University,Turkey,27.2,19.3,10.2,23.4,26.5,36.0,https://www.timeshighereducation.com/world-university-rankings/bursa-uludag-university,Gorukle,Bursa,Bursa Province,16059,Turkey
1501+,1501,Çanakkale Onsekiz Mart University,Turkey,27.2,14.3,18.6,19.5,21.4,24.7,https://www.timeshighereducation.com/world-university-rankings/canakkale-onsekiz-mart-university,Kat 1/49 Comu Terzioglu Yerles Osem Binasi,Canakkale,Canakkale Province,,Turkey
1501+,1501,Çankırı Karatekin University,Turkey,27.2,14.4,18.0,23.0,17.1,31.9,https://www.timeshighereducation.com/world-university-rankings/cankiri-karatekin-university,Fatih Mahallesi Uluyazı Kampüsü Ring Yolu,,18,18100,Turkey
1501+,1501,Capital University,Egypt,27.2,22.7,9.0,43.1,23.0,47.6,https://www.timeshighereducation.com/world-university-rankings/capital-university-0,Al Sikka Al Hadid Al Gharbeya,Ain Helwan,Cairo,4037120,Egypt
1501+,1501,Cardinal Stefan Wyszyński University in Warsaw,Poland,27.2,27.6,22.1,29.1,18.3,29.8,https://www.timeshighereducation.com/world-university-rankings/cardinal-stefan-wyszynski-university-warsaw,Dewajtis 5,Warsaw,Masovian Voivodeship,01-815,Poland
1501+,1501,Catholic University of Brasília,Brazil,27.2,25.5,25.3,13.6,22.2,37.4,https://www.timeshighereducation.com/world-university-rankings/catholic-university-brasilia,"['QS 07', 'Lote 01', 'EPCT']",Taguatinga,Brasilia,71966-700,Brazil
1501+,1501,Catholic University of the North,Chile,27.2,14.7,14.9,33.8,19.9,61.0,https://www.timeshighereducation.com/world-university-rankings/catholic-university-north,0610 Avenida Angamos,Antofagasta,Region de Antofagasta,1240000,Chile
1501+,1501,Ceará State University,Brazil,27.2,24.9,12.0,10.2,19.8,22.0,https://www.timeshighereducation.com/world-university-rankings/ceara-state-university,1700 Doctor Silas Munguba Ave,Fortaleza,Ceara,60714-903,Brazil
1501+,1501,Central University of Venezuela,Venezuela,27.2,24.2,8.6,14.1,19.4,48.7,https://www.timeshighereducation.com/world-university-rankings/central-university-venezuela,Ciudad Universitaria Los Chaguaramos,Caracas,Caracas,1050,Venezuela
1501+,1501,Centro Federal de Educação Tecnológica Celso Suckow da Fonseca (CEFET-RJ),Brazil,27.2,15.5,10.1,26.3,18.6,36.3,https://www.timeshighereducation.com/world-university-rankings/centro-federal-de-educacao-tecnologica-celso-suckow-da-fonseca-cefet-rj,Av. Maracana 229 - Maracana,Rio de Janeiro,Rio de Janeiro,20271110,Brazil
1501+,1501,Centurion University of Technology and Management,India,27.2,15.3,13.0,41.1,43.4,27.4,https://www.timeshighereducation.com/world-university-rankings/centurion-university-technology-and-management,Ramchandrapur P.O. – Jatni,Dist: Khurda,OD,752050,India
1501+,1501,CES University,Colombia,27.2,21.7,9.5,10.4,16.9,37.9,https://www.timeshighereducation.com/world-university-rankings/ces-university,Calle 10A No 22 04 El Poblado,Medellin,Antioquia,4440555,Colombia
1501+,1501,CEU Universities,Spain,27.2,21.9,11.8,33.9,26.4,49.8,https://www.timeshighereducation.com/world-university-rankings/ceu-universities,Calle Tutor 35,Madrid,M,28008,Spain
1501+,1501,Chang Gung University of Science and Technology,Taiwan,27.2,16.1,15.2,39.8,41.8,21.0,https://www.timeshighereducation.com/world-university-rankings/chang-gung-university-science-and-technology,261 Wenhua 1st Road Guishan District,Taoyuan,Taoyuan,33303,Taiwan
1501+,1501,Chelyabinsk State University,Russian Federation,27.2,12.9,10.6,9.6,17.3,25.4,https://www.timeshighereducation.com/world-university-rankings/chelyabinsk-state-university,129 Bratiev​ K​ashirinykh St,Chelyabinsk,Chelyabinsk Oblast,454001,Russian Federation
1501+,1501,Chiba Institute of Technology,Japan,27.2,14.5,8.5,15.2,35.5,21.3,https://www.timeshighereducation.com/world-university-rankings/chiba-institute-technology,2-17-1 Tsudanuma,Narashino,12,275-0016,Japan
1501+,1501,Chinese Culture University,Taiwan,27.2,14.8,11.9,15.8,34.2,30.0,https://www.timeshighereducation.com/world-university-rankings/chinese-culture-university,"['55', 'HwaKang Road Yang Ming Shan']",Taipei,Taipei,11114,Taiwan
1501+,1501,Chosun University,South Korea,27.2,25.2,23.1,25.8,75.0,31.0,https://www.timeshighereducation.com/world-university-rankings/chosun-university,309 Pilmun-daero Dong-gu,Gwangju,29,501-759,South Korea
1501+,1501,Christ University,India,27.2,15.6,14.5,52.0,22.1,24.5,https://www.timeshighereducation.com/world-university-rankings/christ-university,Hosur Road,Bengaluru,KA,560029,India
1501+,1501,Chubu University,Japan,27.2,17.2,11.5,15.0,38.9,36.3,https://www.timeshighereducation.com/world-university-rankings/chubu-university,1200 Matsumoto-cho,Kasugai,23,487-8501,Japan
1501+,1501,Chung Shan Medical University,Taiwan,27.2,20.3,21.4,31.7,63.0,22.2,https://www.timeshighereducation.com/world-university-rankings/chung-shan-medical-university,"['No. 110', 'Section 1 Jianguo North Road']",Taichung City,Taichung,40201,Taiwan
1501+,1501,Chuo University,Japan,27.2,18.2,10.8,14.7,37.0,31.0,https://www.timeshighereducation.com/world-university-rankings/chuo-university,742 1 Higashinakano,Hachioji City,13,192-0393,Japan
1501+,1501,Communication University of China,China,27.2,25.7,16.4,29.4,56.8,24.3,https://www.timeshighereducation.com/world-university-rankings/communication-university-china,No.1 Dingfuzhuang East Street,Chaoyang District,Beijing,100024,China
1501+,1501,Cracow University of Technology,Poland,27.2,25.9,10.4,32.7,30.5,33.6,https://www.timeshighereducation.com/world-university-rankings/cracow-university-technology,Warszawska 24 St.,Kraków,Lesser Poland Voivodeship,31-155,Poland
1501+,1501,Cukurova University,Turkey,27.2,22.3,13.8,32.5,33.7,29.8,https://www.timeshighereducation.com/world-university-rankings/cukurova-university,Balcali Saricam,Adana,Adana Province,01330,Turkey
1501+,1501,Damascus University,Syria,27.2,12.5,8.3,12.1,18.1,45.8,https://www.timeshighereducation.com/world-university-rankings/damascus-university,Al Jameyah As Soureya Road,Damascus,Damascus Governorate,,Syria
1501+,1501,Damghan University,Iran,27.2,18.0,10.8,36.2,19.9,32.0,https://www.timeshighereducation.com/world-university-rankings/damghan-university,Daneshgah Square,Damghan,Semnan,36716 4566,Iran
1501+,1501,Dankook University,South Korea,27.2,23.1,14.7,27.8,51.1,26.7,https://www.timeshighereducation.com/world-university-rankings/dankook-university,152 Jukjeon-ro Suji-gu,,41,16890,South Korea
1501+,1501,De La Salle University,Philippines,27.2,18.3,12.6,31.4,24.1,29.1,https://www.timeshighereducation.com/world-university-rankings/de-la-salle-university,2401 Taft Avenue,Manila,National Capital Region,1004,Philippines
1501+,1501,Del Rosario University,Colombia,27.2,21.5,16.2,32.3,30.5,49.8,https://www.timeshighereducation.com/world-university-rankings/del-rosario-university,"['Calle 12C', 'No 6-25']",Bogota,Cundinamarca,110111,Colombia
1501+,1501,"Delta State University, Abraka",Nigeria,27.2,13.5,9.4,15.1,16.3,24.0,https://www.timeshighereducation.com/world-university-rankings/delta-state-university-abraka,PMB 1,Abraka,Delta State,,Nigeria
1501+,1501,Dicle University,Turkey,27.2,23.9,9.6,18.2,22.4,25.0,https://www.timeshighereducation.com/world-university-rankings/dicle-university,Kitilbil Mahallesi Sur,Diyarbakir,Diyarbakır Province,21280,Turkey
1501+,1501,Diponegoro University,Indonesia,27.2,32.5,16.8,23.0,45.4,40.7,https://www.timeshighereducation.com/world-university-rankings/diponegoro-university,Jalan Professor Haji Soedharto Tembalang,,Jawa Tengah,50275,Indonesia
1501+,1501,Dnipro University of Technology,Ukraine,27.2,13.0,7.6,47.1,17.6,27.1,https://www.timeshighereducation.com/world-university-rankings/dnipro-university-technology,"['Ave. D. Yavornytsky', '19']",Dnipro,Dnipropetrovs'ka oblast,49000,Ukraine
1501+,1501,Dokkyo Medical University,Japan,27.2,28.1,10.9,27.8,37.4,19.4,https://www.timeshighereducation.com/world-university-rankings/dokkyo-medical-university,880 Kitakobayashi Mibu-machi,Shimotsuga-gun,09,321-0293,Japan
1501+,1501,Dokuz Eylül University,Turkey,27.2,27.7,15.9,27.2,64.6,30.8,https://www.timeshighereducation.com/world-university-rankings/dokuz-eylul-university,Cumhuriyet Boulevard No 144,Alsancak,Konak,35210,Turkey
1501+,1501,Don State Technical University,Russian Federation,27.2,20.9,10.3,21.0,24.6,30.8,https://www.timeshighereducation.com/world-university-rankings/don-state-technical-university,1 Gagarin Square,,Rostov-on-Don,344000,Russian Federation
1501+,1501,Doshisha University,Japan,27.2,18.1,11.1,12.4,35.5,34.1,https://www.timeshighereducation.com/world-university-rankings/doshisha-university,Karasuma-higashi-iru Imadegawa-dori,Kamigyo-ku,26,602-8580,Japan
1501+,1501,Dow University of Health Sciences,Pakistan,27.2,24.5,10.4,27.9,19.3,47.3,https://www.timeshighereducation.com/world-university-rankings/dow-university-health-sciences,Baba-E-Urdu Road,Karachi,Sindh,74200,Pakistan
1501+,1501,Dr. M.G.R. Educational and Research Institute,India,27.2,18.6,8.6,25.3,16.8,22.5,https://www.timeshighereducation.com/world-university-rankings/dr-mgr-educational-and-research-institute,"['Periyar EVR High Road NH 4 Highway', 'Maduravoyal']",Chennai,TN,600095,India
1501+,1501,Kütahya Dumlupınar University,Turkey,27.2,11.5,10.6,25.1,19.4,39.2,https://www.timeshighereducation.com/world-university-rankings/kutahya-dumlupinar-university,Evliya Celebi Yerleskesi Tavsanli Yolu,Kutahya,Kutahya Province,,Turkey
1501+,1501,Dunarea de Jos University of Galati,Romania,27.2,20.0,10.2,32.3,19.0,46.2,https://www.timeshighereducation.com/world-university-rankings/dunarea-de-jos-university-galati,No 47 Domneasca Street,Galati,Galati County,800008,Romania
1501+,1501,Durban University of Technology,South Africa,27.2,17.9,14.0,38.1,25.0,51.2,https://www.timeshighereducation.com/world-university-rankings/durban-university-technology,PO Box 1334,Durban,KwaZulu Natal,4000,South Africa
1501+,1501,EAFIT University,Colombia,27.2,17.4,11.1,18.4,21.3,46.5,https://www.timeshighereducation.com/world-university-rankings/eafit-university,No 12-70 Carrera 19 Megacentro Pinares,Pereira,Risaralda,,Colombia
1501+,1501,East China University of Technology,China,27.2,15.6,10.0,26.1,37.1,19.3,https://www.timeshighereducation.com/world-university-rankings/east-china-university-technology,No 56 Xuefu Road,Fuzhou City,Jiangxi Province,,China
1501+,1501,East West University,Bangladesh,27.2,11.2,9.3,41.7,17.8,33.9,https://www.timeshighereducation.com/world-university-rankings/east-west-university-0,Plot No-A/2 Jahurul Islam City,,Dhaka 1219,,Bangladesh
1501+,1501,Ehime University,Japan,27.2,25.8,14.8,26.7,54.5,31.8,https://www.timeshighereducation.com/world-university-rankings/ehime-university,10-13 Dogo-himata Matsuyama,,38,790-8577,Japan
1501+,1501,Ekiti State University,Nigeria,27.2,24.2,10.1,17.3,16.4,31.6,https://www.timeshighereducation.com/world-university-rankings/ekiti-state-university,Iworoko Road,Ado Ekiti,Ekiti State,,Nigeria
1501+,1501,El Bosque University,Colombia,27.2,23.6,9.0,27.1,17.7,42.5,https://www.timeshighereducation.com/world-university-rankings/el-bosque-university,Av. Cra 9 No. 131 A - 02,Bogata,Distrito Capital,,Colombia
1501+,1501,Erzincan Binali Yıldırım University,Turkey,27.2,13.0,9.1,38.1,18.1,25.6,https://www.timeshighereducation.com/world-university-rankings/erzincan-binali-yildirim-university,Mimar Sinan Yalnızbag yerlesk,Erzincan,Erzincan Province,24100,Turkey
1501+,1501,Escuela Politécnica Nacional,Ecuador,27.2,18.7,9.8,26.7,24.6,47.4,https://www.timeshighereducation.com/world-university-rankings/escuela-politecnica-nacional,Ladrón de Guevara E11 - 253,Quito,Pichincha 170150,,Ecuador
1501+,1501,Escuela Superior Politécnica del Litoral,Ecuador,27.2,22.4,9.7,35.8,31.3,56.7,https://www.timeshighereducation.com/world-university-rankings/escuela-superior-politecnica-del-litoral,Km 30.5 Via Perimetral,Guayaquil,Guayas Province,090112,Ecuador
1501+,1501,Eskişehir Osmangazi University,Turkey,27.2,20.6,22.6,26.3,24.6,27.0,https://www.timeshighereducation.com/world-university-rankings/eskisehir-osmangazi-university,Buyukdere Mah.Prof. Dr. Nabi AVCI Bulvarı No: 4,Eskisehir,Eskisehir Province,26040,Turkey
1501+,1501,Eskişehir Technical University,Turkey,27.2,20.7,9.8,23.1,23.0,23.7,https://www.timeshighereducation.com/world-university-rankings/eskisehir-technical-university,Gazipasa Mahallesi İki Eylul Kampusu,Eskisehir,Eskisehir Province,,Turkey
1501+,1501,Far Eastern Federal University,Russian Federation,27.2,29.1,18.4,16.4,30.3,60.5,https://www.timeshighereducation.com/world-university-rankings/far-eastern-federal-university,"['10 Ajax Bay', 'Russky Island']",Vladivostok,Primorsky,690922,Russian Federation
1501+,1501,"Federal Institute of Education, Science and Technology of São Paulo",Brazil,27.2,12.6,7.1,8.8,17.5,23.3,https://www.timeshighereducation.com/world-university-rankings/federal-institute-education-science-and-technology-sao-paulo,Rua Pedro Vicente 625 - Caninde,São Paulo,São Paulo,01109-010,Brazil
1501+,1501,Federal Rural University of Pernambuco,Brazil,27.2,30.4,10.3,19.8,24.1,24.6,https://www.timeshighereducation.com/world-university-rankings/federal-rural-university-pernambuco,"['R. Dom Manoel de Medeiros S/N', 'Dois Irmãos']",CEP,Recife/PE,52171-900,Brazil
1501+,1501,"Federal University of Agriculture, Abeokuta",Nigeria,27.2,17.7,8.8,24.3,21.1,34.8,https://www.timeshighereducation.com/world-university-rankings/federal-university-agriculture-abeokuta,Abeokuta,Abeokuta,OG,,Nigeria
1501+,1501,Federal University of Espírito Santo,Brazil,27.2,24.2,12.8,25.5,53.0,30.0,https://www.timeshighereducation.com/world-university-rankings/federal-university-espirito-santo,Avenida Fernando Ferrari 514 Goiabeiras,Vitoria,Espirito Santo,29075-910,Brazil
1501+,1501,Federal University of Goiás,Brazil,27.2,31.8,23.7,25.4,25.4,30.6,https://www.timeshighereducation.com/world-university-rankings/federal-university-goias,Campus Samambaia,Goiânia,Goiás,74690-900,Brazil
1501+,1501,Federal University of Lavras,Brazil,27.2,30.8,19.0,28.7,32.8,29.9,https://www.timeshighereducation.com/world-university-rankings/federal-university-lavras,Av. Doutor Sylvio Menicucci 1001 Kennedy,,Lavras,37200-000,Brazil
1501+,1501,Federal University of Mato Grosso do Sul,Brazil,27.2,24.0,14.5,25.6,37.8,32.3,https://www.timeshighereducation.com/world-university-rankings/federal-university-mato-grosso-do-sul,"['Avenida Costa e Silva', 's/n Barrio Universitario']",Campo Grande,Mato Grosso do Sul,79070-900,Brazil
1501+,1501,Federal University of Pará,Brazil,27.2,25.2,12.9,21.8,28.4,26.5,https://www.timeshighereducation.com/world-university-rankings/federal-university-para,"['Rua Augusto Correa', '01 Guama']",Belem,Para,66075-110,Brazil
1501+,1501,Federal University of Pelotas,Brazil,27.2,25.1,14.1,30.0,25.0,27.2,https://www.timeshighereducation.com/world-university-rankings/federal-university-pelotas,Capão do Leão,,Rio Grande do Sul,96160-000,Brazil
1501+,1501,Federal University of Rio Grande do Norte (UFRN),Brazil,27.2,26.4,15.7,26.8,43.3,33.2,https://www.timeshighereducation.com/world-university-rankings/federal-university-rio-grande-do-norte-ufrn,Avenida Senador Salgado Filho S/N Caixa Postal 1524,Natal,Rio Grande do Norte,59072-970,Brazil
1501+,1501,Federal University of Santa Maria,Brazil,27.2,26.9,14.0,34.0,37.2,27.7,https://www.timeshighereducation.com/world-university-rankings/federal-university-santa-maria,"['No 1000', 'Avenida Roraima Camobi', 'Distrito de Sede']",Santa Maria,Rio Grande do Sul,97105-900,Brazil
1501+,1501,Federal University of Technology Akure,Nigeria,27.2,24.4,12.2,40.0,23.9,46.6,https://www.timeshighereducation.com/world-university-rankings/federal-university-technology-akure,Ilesha Akure Expressway PMB 704,Akure,Ondo State,340252,Nigeria
1501+,1501,"Federal University of Technology, Owerri",Nigeria,27.2,25.2,8.3,23.7,26.9,40.5,https://www.timeshighereducation.com/world-university-rankings/federal-university-technology-owerri,PMB 1526,Owerri,Imo State,,Nigeria
1501+,1501,Federal University of Uberlândia,Brazil,27.2,24.9,13.1,39.1,39.4,25.9,https://www.timeshighereducation.com/world-university-rankings/federal-university-uberlandia,Avenida Joao Naves de Avila 2121 Santa Monica,Uberlandia,Minas Gerais,38408-100,Brazil
1501+,1501,Federal University of Viçosa,Brazil,27.2,30.4,12.4,23.4,28.7,27.5,https://www.timeshighereducation.com/world-university-rankings/federal-university-vicosa,"['Avenida Peter Henry Rolfs', 's/n Campus Universitário']",Vicosa,Minas Gerais,36570-900,Brazil
1501+,1501,Federal University Oye-Ekiti,Nigeria,27.2,10.3,9.2,16.5,16.3,39.9,https://www.timeshighereducation.com/world-university-rankings/federal-university-oye-ekiti,Oye-Are Road,,Oye-Ekiti,,Nigeria
1501+,1501,Federico Santa María Technical University,Chile,27.2,14.5,12.9,33.0,40.7,53.8,https://www.timeshighereducation.com/world-university-rankings/federico-santa-maria-technical-university,1680 Avenida Espana Casilla 110 V,Valparaiso,Valparaiso Region,,Chile
1501+,1501,Feng Chia University,Taiwan,27.2,16.9,18.2,24.2,70.7,35.6,https://www.timeshighereducation.com/world-university-rankings/feng-chia-university,"['No. 100', 'Wenhwa Road']",Seatwen,Taichung,40724,Taiwan
1501+,1501,Ferhat Abbas Sétif University 1,Algeria,27.2,15.3,8.5,36.0,20.9,39.0,https://www.timeshighereducation.com/world-university-rankings/ferhat-abbas-setif-university-1,El Baz Complex,Setif,Setif Province,19137,Algeria
1501+,1501,Fluminense Federal University,Brazil,27.2,23.6,13.4,27.9,27.2,31.5,https://www.timeshighereducation.com/world-university-rankings/fluminense-federal-university,"['Rua Miguel de Frias', '9 Icaraí']",Niterói,Rio de Janeiro,24220-900,Brazil
1501+,1501,Gaziantep University,Turkey,27.2,19.0,12.4,33.5,23.5,43.2,https://www.timeshighereducation.com/world-university-rankings/gaziantep-university,Universite Bulvari Sehitkamil,,27,27310,Turkey
1501+,1501,Gdynia Maritime University,Poland,27.2,23.4,11.5,15.5,54.2,21.2,https://www.timeshighereducation.com/world-university-rankings/gdynia-maritime-university,81-87 Morska St.,Gdynia,Pomeranian Voivodeship,81-225,Poland
1501+,1501,"George Emil Palade University of Medicine, Pharmacy, Science, and Technology of Targu Mures",Romania,27.2,17.9,12.8,38.5,23.0,35.3,https://www.timeshighereducation.com/world-university-rankings/george-emil-palade-university-medicine-pharmacy-science-and-technology,38 Gheorghe Marinescu Street,Targu Mures,Mures County,540139,Romania
1501+,1501,Georgian Technical University,Georgia,27.2,29.8,9.0,14.5,17.0,39.1,https://www.timeshighereducation.com/world-university-rankings/georgian-technical-university,77 Kostava,Tbilisi,Eastern Georgia,0160,Georgia
1501+,1501,Georgia Southern University,United States,27.2,18.3,12.2,37.2,34.7,32.6,https://www.timeshighereducation.com/world-university-rankings/georgia-southern-university,1332 Southern Drive,Statesboro,Georgia,30458,United States
1501+,1501,Gheorghe Asachi Technical University of Iaşi,Romania,27.2,18.2,10.2,21.5,33.9,33.6,https://www.timeshighereducation.com/world-university-rankings/gheorghe-asachi-technical-university-iasi,Bulevardul Profesor Dimitrie Mangeron nr. 67,,Iasi,700050,Romania
1501+,1501,Giresun University,Turkey,27.2,12.2,9.2,29.3,16.7,23.9,https://www.timeshighereducation.com/world-university-rankings/giresun-university,Gaziler Mahallesi Prof. Ahmet Taner Kislali Cd,,28,28200,Turkey
1501+,1501,GITAM University,India,27.2,21.7,10.5,29.3,21.6,27.0,https://www.timeshighereducation.com/world-university-rankings/gitam-university,Gandhi Nagar Rushikonda,Visakhapatnam,AP,530045,India
1501+,1501,GMR Institute of Technology,India,27.2,15.4,10.0,52.0,18.8,22.9,https://www.timeshighereducation.com/world-university-rankings/gmr-institute-technology,"['GMR Nagar', 'Rajam - 532 127']",Srikakulam district,AP,,India
1501+,1501,Goa University,India,27.2,33.9,13.3,28.7,28.0,24.3,https://www.timeshighereducation.com/world-university-rankings/goa-university,Taleigao Plateau,,GA,403206,India
1501+,1501,Grand Valley State University,United States,27.2,21.2,9.4,31.6,28.5,36.1,https://www.timeshighereducation.com/world-university-rankings/grand-valley-state-university,1 Campus Drive,Allendale,Michigan,49401-9403,United States
1501+,1501,Grigore T. Popa University of Medicine and Pharmacy,Romania,27.2,23.8,10.7,21.5,23.9,41.1,https://www.timeshighereducation.com/world-university-rankings/grigore-t-popa-university-medicine-and-pharmacy,Strada Universitatii 16,Iasi,Iasi,700115,Romania
1501+,1501,Guangxi Normal University,China,27.2,16.1,11.1,47.9,40.0,22.1,https://www.timeshighereducation.com/world-university-rankings/guangxi-normal-university,15 Yucai Road Qixing,Guilin,Guangxi,541004,China
1501+,1501,Gubkin Russian State University of Oil and Gas,Russian Federation,27.2,21.4,10.7,10.3,44.9,24.1,https://www.timeshighereducation.com/world-university-rankings/gubkin-russian-state-university-oil-and-gas,Leninsky Prospect 65,Moscow,Moscow,119991,Russian Federation
1501+,1501,Gunma University,Japan,27.2,27.9,13.4,24.2,66.3,27.4,https://www.timeshighereducation.com/world-university-rankings/gunma-university,4-2 Aramaki-machi,Maebashi City,10,371-8510,Japan
1501+,1501,Guru Ghasidas Vishwavidyalaya,India,27.2,20.1,11.5,50.8,22.9,23.6,https://www.timeshighereducation.com/world-university-rankings/guru-ghasidas-vishwavidyalaya,Koni,Bilaspur,CG,495009,India
1501+,1501,Halu Oleo University,Indonesia,27.2,16.3,8.7,13.7,17.0,20.1,https://www.timeshighereducation.com/world-university-rankings/halu-oleo-university,Rectorate Building Fl. 1 Earth Green Campus,Kendari,Southeast Sulawesi,93132,Indonesia
1501+,1501,Hanoi University of Science and Technology,Vietnam,27.2,14.5,16.9,30.5,66.1,35.3,https://www.timeshighereducation.com/world-university-rankings/hanoi-university-science-and-technology,1 Dai Co Viet Road,Hanoi,Hanoi,,Vietnam
1501+,1501,Harran University,Turkey,27.2,16.8,9.9,48.1,19.1,27.7,https://www.timeshighereducation.com/world-university-rankings/harran-university,18th km Sanlıurfa-Mardin H-way,Sanlıurfa,Sanlıurfa Province,63300,Turkey
1501+,1501,Hasanuddin University,Indonesia,27.2,21.6,11.5,28.0,31.3,25.9,https://www.timeshighereducation.com/world-university-rankings/hasanuddin-university,Jl. Perintis Kemerdekaan Km.10 Tamalanrea,Makassar,Sulawesi Selatan,90245,Indonesia
1501+,1501,Hassiba Benbouali University of Chlef,Algeria,27.2,16.2,12.0,45.2,31.1,42.2,https://www.timeshighereducation.com/world-university-rankings/hassiba-benbouali-university-chlef,PO Box C 78,Awlad Fares,Chlef Province,02180,Algeria
1501+,1501,Hatay Mustafa Kemal University,Turkey,27.2,14.6,9.4,21.8,18.1,21.9,https://www.timeshighereducation.com/world-university-rankings/hatay-mustafa-kemal-university,Alahan-Antakya,Hatay,Hatay Province,31060,Turkey
1501+,1501,Hellenic Open University,Greece,27.2,23.8,8.9,44.4,16.8,27.3,https://www.timeshighereducation.com/world-university-rankings/hellenic-open-university,Parodos Aristotelous 18,,Patra,26 335,Greece
1501+,1501,Herzen State Pedagogical University of Russia,Russian Federation,27.2,20.7,12.9,9.8,18.6,39.1,https://www.timeshighereducation.com/world-university-rankings/herzen-state-pedagogical-university-russia,48 Reki Moyki,,Saint Petersburg,191186,Russian Federation
1501+,1501,Hirosaki University,Japan,27.2,24.8,15.0,30.0,53.2,29.9,https://www.timeshighereducation.com/world-university-rankings/hirosaki-university,1 Bunkyo-cho,Hirosaki-shi,Aomori-ken,036-8560,Japan
1501+,1501,Hitit University,Turkey,27.2,22.7,10.7,15.7,17.8,29.0,https://www.timeshighereducation.com/world-university-rankings/hitit-university,Ring Road Boulevard,,Corum,19030,Turkey
1501+,1501,Hormozgan University of Medical Sciences,Iran,27.2,40.5,11.0,26.2,18.8,26.6,https://www.timeshighereducation.com/world-university-rankings/hormozgan-university-medical-sciences,Shahid Chamran Blvd.,Bandar Abbas,Hormozagan province,138857916,Iran
1501+,1501,Hue University,Vietnam,27.2,14.2,9.4,18.1,17.2,44.6,https://www.timeshighereducation.com/world-university-rankings/hue-university,03 Le Loi Street,Hue City,Thua Thien Hue,,Vietnam
1501+,1501,Ibaraki University,Japan,27.2,17.9,12.8,13.6,42.6,26.8,https://www.timeshighereducation.com/world-university-rankings/ibaraki-university,2-1-1 Bunkyo,Mito,08,310-8512,Japan
1501+,1501,Ibn Khaldoun University,Algeria,27.2,13.7,8.5,19.2,17.2,34.8,https://www.timeshighereducation.com/world-university-rankings/ibn-khaldoun-university,BP P 78,zaaroura,Tiaret,14000,Algeria
1501+,1501,Industrial University of Tyumen,Russian Federation,27.2,20.2,7.9,6.7,18.9,24.1,https://www.timeshighereducation.com/world-university-rankings/industrial-university-tyumen,Volodarskogo Street 38,Tyumen,Oblast,625000,Russian Federation
1501+,1501,Instituto Politécnico de Viana do Castelo,Portugal,27.2,13.8,15.6,38.1,22.7,45.3,https://www.timeshighereducation.com/world-university-rankings/instituto-politecnico-de-viana-do-castelo,"['No 34', 'Rua Escola Industrial e Comercial de Nun Alvares']",Viana do Castelo,Norte Region,4900-367,Portugal
1501+,1501,Instituto Politécnico Nacional (IPN),Mexico,27.2,21.9,10.7,16.2,25.4,25.9,https://www.timeshighereducation.com/world-university-rankings/instituto-politecnico-nacional-ipn,Av. Luis Enrique Erro S/N Gustavo A. Madero,Mexico City,Mexico City,07738,Mexico
1501+,1501,Instituto Tecnológico Metropolitano,Colombia,27.2,12.9,7.9,9.0,18.7,30.9,https://www.timeshighereducation.com/world-university-rankings/instituto-tecnologico-metropolitano,Calle 73 No 76A – 354 Via al Volador,Medellin,Antioquia,,Colombia
1501+,1501,Institut Teknologi Sepuluh Nopember,Indonesia,27.2,25.9,11.1,28.3,42.0,47.4,https://www.timeshighereducation.com/world-university-rankings/institut-teknologi-sepuluh-nopember,Jalan Raya ITS Surabaya,,Jawa Timur,60111,Indonesia
1501+,1501,International Hellenic University,Greece,27.2,9.8,10.5,48.8,28.9,32.2,https://www.timeshighereducation.com/world-university-rankings/international-hellenic-university,14th Km Thessaloniki Moudania Road,Thermi,Central Macedonia,57001,Greece
1501+,1501,Ionian University,Greece,27.2,16.3,11.6,26.0,23.8,24.2,https://www.timeshighereducation.com/world-university-rankings/ionian-university,"['72', 'Ioannou Theotoki Street PO Box 663']",Corfu,Ionian Islands Region,49100,Greece
1501+,1501,IPB University,Indonesia,27.2,32.8,12.3,27.5,51.1,44.9,https://www.timeshighereducation.com/world-university-rankings/ipb-university,Jalan Raya Dramaga,Bogor,JB,16680,Indonesia
1501+,1501,Irkutsk National Research Technical University,Russian Federation,27.2,23.0,10.2,16.7,29.2,34.4,https://www.timeshighereducation.com/world-university-rankings/irkutsk-national-research-technical-university,83 Lermontov Street,,Irkutsk Oblast,664074,Russian Federation
1501+,1501,Irkutsk State University,Russian Federation,27.2,18.6,9.8,6.0,17.4,27.2,https://www.timeshighereducation.com/world-university-rankings/irkutsk-state-university,1 Karl Marx,,Irkutsk,664003,Russian Federation
1501+,1501,Islamic Science University of Malaysia (USIM),Malaysia,27.2,22.1,9.4,18.5,16.9,40.0,https://www.timeshighereducation.com/world-university-rankings/islamic-science-university-malaysia-usim,Bandar Baru Nilai,Nilai,05,71800,Malaysia
1501+,1501,Islamic University of Indonesia,Indonesia,27.2,14.6,11.7,24.9,17.8,34.4,https://www.timeshighereducation.com/world-university-rankings/islamic-university-indonesia,Jl. Kaliurang km. 14.5,Yogyakarta,Yogyakarta,55584,Indonesia
1501+,1501,Istanbul Aydın University,Turkey,27.2,21.2,10.0,35.0,18.4,56.8,https://www.timeshighereducation.com/world-university-rankings/istanbul-aydin-university,"['Besyol', 'Inonu Street No 38 Kucukcekmece']",Istanbul,Istanbul,34295,Turkey
1501+,1501,Istanbul Bilgi University,Turkey,27.2,16.3,11.1,38.0,17.2,53.5,https://www.timeshighereducation.com/world-university-rankings/istanbul-bilgi-university,Eski Silahtaraga Power Plant Kazim Karabekir Cad No 2/13,Eyupsultan,Istanbul,34060,Turkey
1501+,1501,Istanbul Okan University,Turkey,27.2,26.5,11.0,34.1,17.8,58.4,https://www.timeshighereducation.com/world-university-rankings/istanbul-okan-university,Akfirat,Tuzla,Istanbul,34959,Turkey
1501+,1501,Ivane Javakhishvili Tbilisi State University,Georgia,27.2,15.0,12.2,15.9,18.9,43.1,https://www.timeshighereducation.com/world-university-rankings/ivane-javakhishvili-tbilisi-state-university,"['1', 'Chavchavdze Ave.']",,Tbilisi,0179,Georgia
1501+,1501,Ivan Franko National University of Lviv,Ukraine,27.2,20.5,11.1,11.5,18.8,29.7,https://www.timeshighereducation.com/world-university-rankings/ivan-franko-national-university-lviv,"['1', 'Universytetska str']",,Lviv,79000,Ukraine
1501+,1501,Ivanovo State University of Chemistry and Technology,Russian Federation,27.2,16.9,9.6,7.0,24.1,25.4,https://www.timeshighereducation.com/world-university-rankings/ivanovo-state-university-chemistry-and-technology,7 Sheremetevsky avenue,Ivanovo,,153000,Russian Federation
1501+,1501,İzmir Kâtip Çelebi University,Turkey,27.2,16.5,10.4,25.1,18.9,30.1,https://www.timeshighereducation.com/world-university-rankings/izmir-katip-celebi-university,Balatçık Kampüsü Balatçık Havaalanı Şosesi Cd,,Izmir,35620,Turkey
1501+,1501,Izmir University of Economics,Turkey,27.2,16.9,15.6,34.6,39.2,31.6,https://www.timeshighereducation.com/world-university-rankings/izmir-university-economics,Sakarya Caddesi No:156,Balçova,Izmir,35330,Turkey
1501+,1501,Jan Evangelista Purkyně University,Czechia,27.2,17.1,13.2,15.4,21.0,41.9,https://www.timeshighereducation.com/world-university-rankings/jan-evangelista-purkyne-university,Pasteurova 1,Usti nad Labem,Usti nad Labem Region,400 96,Czechia
1501+,1501,Jan Kochanowski University in Kielce,Poland,27.2,20.1,11.3,16.4,19.5,28.0,https://www.timeshighereducation.com/world-university-rankings/jan-kochanowski-university-kielce,Stefana Zeromskiego 5 Street,Kielce,Swietokrzyskie Voivodeship,25-369,Poland
1501+,1501,"Jaypee Institute of Information Technology, Noida",India,27.2,20.0,17.6,38.6,26.2,19.3,https://www.timeshighereducation.com/world-university-rankings/jaypee-institute-information-technology-noida,"['A-10', 'Sector-62']",Noida,UP,201309,India
1501+,1501,Jean Moulin University – Lyon 3,France,27.2,15.0,13.7,16.0,29.6,59.6,https://www.timeshighereducation.com/world-university-rankings/jean-moulin-university-lyon-3,1C Avenue des Freres Lumiere CS 78242,Lyon,Auvergne Rhone Alpes Region,69372,France
1501+,1501,Jember University,Indonesia,27.2,10.6,9.8,15.4,20.2,23.1,https://www.timeshighereducation.com/world-university-rankings/jember-university,Jalan Kalimantan No. 37 Kampus Tegalboto,Jember,Jawa Timur,68121,Indonesia
1501+,1501,Jianghan University,China,27.2,17.1,9.8,28.3,27.9,20.0,https://www.timeshighereducation.com/world-university-rankings/jianghan-university,Sanjiaohu Road Caidian District,Wuhan,Hubei,,China
1501+,1501,Jiangsu Normal University,China,27.2,16.2,12.9,42.7,34.8,23.9,https://www.timeshighereducation.com/world-university-rankings/jiangsu-normal-university,"['No.101', 'Shanghai Road Tongshan District']",,Jiangsu,221116,China
1501+,1501,Kagawa University,Japan,27.2,25.2,13.4,35.8,62.0,27.0,https://www.timeshighereducation.com/world-university-rankings/kagawa-university,1-1 Saiwai-cho,Takamatsu City,37,760-8521,Japan
1501+,1501,Kagoshima University,Japan,27.2,26.5,13.8,23.8,56.3,26.5,https://www.timeshighereducation.com/world-university-rankings/kagoshima-university,1-21-24 Korimoto,Kagoshima,46,890-8580,Japan
1501+,1501,Kanagawa University,Japan,27.2,17.9,8.1,11.8,25.8,39.7,https://www.timeshighereducation.com/world-university-rankings/kanagawa-university,3-27-1 Rokkakubashi Kanagawa-ku,Yokohama-shi,14,221-8686,Japan
1501+,1501,Kansai University,Japan,27.2,21.6,8.8,10.0,29.0,34.4,https://www.timeshighereducation.com/world-university-rankings/kansai-university,3-3-35 Yamate-cho,Suita-shi,27,564-8680,Japan
1501+,1501,Karabük University,Turkey,27.2,15.6,9.8,45.6,18.7,50.8,https://www.timeshighereducation.com/world-university-rankings/karabuk-university,Kılavuzlar Mahallesi 413 Sokak No: 7,Karabuk,Anatolia,78050,Turkey
1501+,1501,Karadeniz Technical University,Turkey,27.2,24.5,13.8,35.1,38.9,27.0,https://www.timeshighereducation.com/world-university-rankings/karadeniz-technical-university,Trabzon,Trabzon,61,61080,Turkey
1501+,1501,Karamanoğlu Mehmet Bey University,Turkey,27.2,11.7,10.1,49.0,17.2,31.8,https://www.timeshighereducation.com/world-university-rankings/karamanoglu-mehmet-bey-university,Ibrahim Oktem Cd,Karaman,70,70200,Turkey
1501+,1501,Karpagam Academy of Higher Education,India,27.2,19.0,11.8,44.4,19.5,24.3,https://www.timeshighereducation.com/world-university-rankings/karpagam-academy-higher-education,Pollachi Main Road Eachanari Post,Coimbatore,TN,641 021,India
1501+,1501,Kasetsart University,Thailand,27.2,18.8,15.9,27.8,41.5,35.0,https://www.timeshighereducation.com/world-university-rankings/kasetsart-university,No 50 Ngamwongwan Road Lat Yao Subdistrict,Bangkok,10,10900,Thailand
1501+,1501,Kastamonu University,Turkey,27.2,15.3,12.0,44.3,18.8,35.1,https://www.timeshighereducation.com/world-university-rankings/kastamonu-university,"['Kuzeykent', 'Kastamonu Ünv. Kastamonu Merkez']",Kastamonu,Kastamonu Province,37150,Turkey
1501+,1501,Kazakh National Agrarian Research University,Kazakhstan,27.2,23.7,8.3,15.9,16.6,38.2,https://www.timeshighereducation.com/world-university-rankings/kazakh-national-agrarian-research-university,8 Abay Avenue,Almaty,Almaty,050010,Kazakhstan
1501+,1501,Kazan National Research Technological University,Russian Federation,27.2,22.0,9.9,10.2,44.2,34.8,https://www.timeshighereducation.com/world-university-rankings/kazan-national-research-technological-university,68 Karl Marx street,Kazan,Tatarstan,420015,Russian Federation
1501+,1501,Kazan State Medical University,Russian Federation,27.2,39.5,11.9,10.1,20.7,45.0,https://www.timeshighereducation.com/world-university-rankings/kazan-state-medical-university,49 Butlerova Street,Kazan,Tatarstan,420012,Russian Federation
1501+,1501,Kazan State Power Engineering University,Russian Federation,27.2,13.1,9.8,15.3,24.7,25.7,https://www.timeshighereducation.com/world-university-rankings/kazan-state-power-engineering-university,st. Krasnoselskaya 51,,Kazan,420066,Russian Federation
1501+,1501,Kemerovo State University,Russian Federation,27.2,15.5,11.2,9.9,18.0,24.6,https://www.timeshighereducation.com/world-university-rankings/kemerovo-state-university,6 Krasnaya Street,Kemerovo,Kemerovo,650000,Russian Federation
1501+,1501,Kenyatta University,Kenya,27.2,14.3,9.1,34.2,17.4,54.6,https://www.timeshighereducation.com/world-university-rankings/kenyatta-university,Kenya Drive P.O. Box 43844-00100,Nairobi,Nairobi,,Kenya
1501+,1501,Kharkiv Aviation Institute,Ukraine,27.2,21.3,10.7,17.4,18.8,32.2,https://www.timeshighereducation.com/world-university-rankings/kharkiv-aviation-institute,Vadyma Manka Street 17,Kharkov,Kharkiv Oblast,61070,Ukraine
1501+,1501,Kharkiv National University of Radio Electronics,Ukraine,27.2,20.8,9.0,30.0,18.6,29.5,https://www.timeshighereducation.com/world-university-rankings/kharkiv-national-university-radio-electronics,Nauky Ave. 14,Kharkiv,Kharkiv Oblast,,Ukraine
1501+,1501,Kirikkale University,Turkey,27.2,17.0,19.6,20.1,36.0,20.2,https://www.timeshighereducation.com/world-university-rankings/kirikkale-university,Yahsihan,Yahsihan,Kirikkale,71450,Turkey
1501+,1501,Kırşehir Ahi Evran University,Turkey,27.2,14.0,11.1,23.8,21.3,34.6,https://www.timeshighereducation.com/world-university-rankings/kirsehir-ahi-evran-university,"['Bagbasi Mah Sahir Kurutluoglu Cad No 100', 'Merkez']",Kirsehir,Kirsehir Province,40100,Turkey
1501+,1501,Kitasato University,Japan,27.2,26.7,12.0,36.0,59.8,20.7,https://www.timeshighereducation.com/world-university-rankings/kitasato-university,5-9-1 Shirokane Minato-ku,Tokyo,13,108-8641,Japan
1501+,1501,KLE Academy of Higher Education and Research,India,27.2,25.0,11.2,15.5,32.0,31.6,https://www.timeshighereducation.com/world-university-rankings/kle-academy-higher-education-and-research,Nehru Nagar,Belagavi,KA,590010,India
1501+,1501,KMITL – King Mongkut’s Institute of Technology Ladkrabang,Thailand,27.2,18.9,25.0,24.9,74.5,38.3,https://www.timeshighereducation.com/world-university-rankings/kmitl-king-mongkuts-institute-technology-ladkrabang,"['1 Chalong Krung', '1 Alley Lat Krabang District']",Bangkok,10,10520,Thailand
1501+,1501,Kocaeli University,Turkey,27.2,14.1,10.4,28.6,30.5,25.9,https://www.timeshighereducation.com/world-university-rankings/kocaeli-university,Umuttepe Yerleskesi,Izmit,41,41380,Turkey
1501+,1501,Kochi University,Japan,27.2,24.2,12.9,21.4,46.7,28.0,https://www.timeshighereducation.com/world-university-rankings/kochi-university,2-5-1 Akebono-cho,Kochi-shi,39,780-8520,Japan
1501+,1501,Kochi University of Technology,Japan,27.2,20.0,14.5,18.7,51.9,41.9,https://www.timeshighereducation.com/world-university-rankings/kochi-university-technology,Tosayamada,Kami City,Kōchi,782-8502,Japan
1501+,1501,Kogakuin University,Japan,27.2,17.2,8.1,14.3,35.5,26.1,https://www.timeshighereducation.com/world-university-rankings/kogakuin-university,1-24-2 Nishi-Shinjuku,Shinjuku-ku,13,163-8677,Japan
1501+,1501,Konya Technical University,Turkey,27.2,19.4,9.4,37.8,17.3,25.0,https://www.timeshighereducation.com/world-university-rankings/konya-technical-university,['Akademi Mahallesi Yeni Istanbul Cad No: 235/1'],Selcuklu,42,,Turkey
1501+,1501,Kwansei Gakuin University,Japan,27.2,23.2,10.4,18.9,30.6,37.0,https://www.timeshighereducation.com/world-university-rankings/kwansei-gakuin-university,1-155 Uegahara Ichibancho,Nishinomiya-shi,28,662-8501,Japan
1501+,1501,Kyiv National University of Construction and Architecture,Ukraine,27.2,22.6,9.1,41.4,19.3,34.2,https://www.timeshighereducation.com/world-university-rankings/kyiv-national-university-construction-and-architecture,"['31', ""Povitroflots'kyi Ave""]",Kyiv,Kyiv Oblast,03037,Ukraine
1501+,1501,Kyoto Institute of Technology,Japan,27.2,25.5,17.7,16.2,72.2,31.8,https://www.timeshighereducation.com/world-university-rankings/kyoto-institute-technology,"['Matsugasaki', 'Sakyo-ku']",Kyoto,26,606-8585,Japan
1501+,1501,Ladoke Akintola University of Technology,Nigeria,27.2,14.0,10.7,40.7,25.6,37.2,https://www.timeshighereducation.com/world-university-rankings/ladoke-akintola-university-technology,P.M.B 4000,Ogbomoso,Oyo State,,Nigeria
1501+,1501,Lagos State University,Nigeria,27.2,17.1,10.5,30.1,20.9,45.5,https://www.timeshighereducation.com/world-university-rankings/lagos-state-university,KM 15 Badagry Expressway Lasu Post Office,Ojo,Lagos State,0001,Nigeria
1501+,1501,Larbi Tebessi University,Algeria,27.2,18.6,9.1,21.3,17.2,30.7,https://www.timeshighereducation.com/world-university-rankings/larbi-tebessi-university,route de constantine,,Tebessa,12002,Algeria
1501+,1501,Latvia University of Life Sciences and Technologies,Latvia,27.2,21.7,15.8,17.9,24.9,27.8,https://www.timeshighereducation.com/world-university-rankings/latvia-university-life-sciences-and-technologies,Liela iela 2,Jelgava,Zemgale,LV-3001,Latvia
1501+,1501,Lincoln University College,Malaysia,27.2,35.0,9.3,12.6,16.9,97.8,https://www.timeshighereducation.com/world-university-rankings/lincoln-university-college,"['Wisma Lincoln No. 12-18', 'Jalan SS 6/12']",Selangor Darul Ehsan,14,47301,Malaysia
1501+,1501,Liverpool Hope University,United Kingdom,27.2,19.5,16.8,30.2,19.0,77.2,https://www.timeshighereducation.com/world-university-rankings/liverpool-hope-university,Hope Park,Liverpool,Merseyside,L16 9JD,United Kingdom
1501+,1501,L.N. Gumilyov Eurasian National University,Kazakhstan,27.2,20.9,15.2,25.4,17.2,59.2,https://www.timeshighereducation.com/world-university-rankings/ln-gumilyov-eurasian-national-university,"['2', 'Satpayev str.']",,Astana,010008,Kazakhstan
1501+,1501,Lobachevsky State University of Nizhni Novgorod,Russian Federation,27.2,31.5,13.9,13.8,35.3,35.7,https://www.timeshighereducation.com/world-university-rankings/lobachevsky-state-university-nizhni-novgorod,23 Prospekt Gagarina Gagarin Avenue,Nizhny Novgorod,Nizhny Novgorod Oblast,603022,Russian Federation
1501+,1501,Lodz University of Technology,Poland,27.2,25.9,15.8,28.5,61.8,33.0,https://www.timeshighereducation.com/world-university-rankings/lodz-university-technology,90-924 Lodz,,Zeromskiego,116,Poland
1501+,1501,Londrina State University,Brazil,27.2,30.4,12.1,20.0,26.9,25.9,https://www.timeshighereducation.com/world-university-rankings/londrina-state-university,Rodovia Celso Garcia Cid Pr 445 Km 380,,Londrina,86057-970,Brazil
1501+,1501,Lublin University of Technology,Poland,27.2,25.8,14.8,31.6,30.8,41.8,https://www.timeshighereducation.com/world-university-rankings/lublin-university-technology,Nadbystrzycka 38D,Lublin,Lublin Voivodeship,,Poland
1501+,1501,Lucian Blaga University of Sibiu,Romania,27.2,19.0,16.0,42.0,22.6,33.9,https://www.timeshighereducation.com/world-university-rankings/lucian-blaga-university-sibiu,Bd-ul Victoriei nr.10,,Sibiu,550024,Romania
1501+,1501,Lviv Polytechnic National University,Ukraine,27.2,20.2,12.0,29.3,23.3,27.4,https://www.timeshighereducation.com/world-university-rankings/lviv-polytechnic-national-university,12 Stepana Bandera Street,Lviv,Lviv Oblast,79013,Ukraine
1501+,1501,Mackenzie Presbyterian University,Brazil,27.2,20.9,12.6,14.8,27.2,29.9,https://www.timeshighereducation.com/world-university-rankings/mackenzie-presbyterian-university,Rua da Consolação 930 - Consolação,,São Paulo,01302-907,Brazil
1501+,1501,Maejo University,Thailand,27.2,14.8,9.6,43.4,35.2,39.5,https://www.timeshighereducation.com/world-university-rankings/maejo-university,No. 63 Moo 4 Nong Han Subdistrict,Chiang Mai,50,50290,Thailand
1501+,1501,Mahasarakham University,Thailand,27.2,19.9,9.3,24.5,18.9,29.5,https://www.timeshighereducation.com/world-university-rankings/mahasarakham-university,Khamriang Sub-District Kantarawichai District,,44,44150,Thailand
1501+,1501,Manav Rachna International Institute of Research and Studies,India,27.2,29.8,11.0,37.4,21.7,25.8,https://www.timeshighereducation.com/world-university-rankings/manav-rachna-international-institute-research-and-studies,Sector 43 Delhi Surajkund Road,Faridabad,HR,121004,India
1501+,1501,Manisa Celal Bayar University,Turkey,27.2,14.7,10.0,24.1,20.6,23.4,https://www.timeshighereducation.com/world-university-rankings/manisa-celal-bayar-university,Yunusemre,Manisa,45,45140,Turkey
1501+,1501,Mapua University,Philippines,27.2,13.7,14.8,30.5,23.4,23.2,https://www.timeshighereducation.com/world-university-rankings/mapua-university,658 Muralla Street Intramuros,Manila,National Capital Region,1002,Philippines
1501+,1501,Maria Curie-Skłodowska University (UMCS),Poland,27.2,22.6,21.5,25.8,22.3,36.5,https://www.timeshighereducation.com/world-university-rankings/maria-curie-sklodowska-university-umcs,Plac Marii Curie-Sklodowskiej,Lublin,Lublin Voivodeship,20-031,Poland
1501+,1501,Marmara University,Turkey,27.2,25.1,13.7,34.7,34.7,31.9,https://www.timeshighereducation.com/world-university-rankings/marmara-university,Göztepe Kampüsü Kadiköy,,Istanbul,34722,Turkey
1501+,1501,Matej Bel University,Slovakia,27.2,18.9,14.2,18.0,21.1,44.7,https://www.timeshighereducation.com/world-university-rankings/matej-bel-university,Narodna 12,Banska Bystrica,Banska Bystrica Region,974 01,Slovakia
1501+,1501,Medical University of Sofia,Bulgaria,27.2,26.4,7.3,37.8,45.9,48.5,https://www.timeshighereducation.com/world-university-rankings/medical-university-sofia,Boulevard Akademik Ivan Evstratiev Geshov 15,Sofia,Sofia City Province,1000,Bulgaria
1501+,1501,Meiji University,Japan,27.2,16.2,10.2,11.6,31.1,31.0,https://www.timeshighereducation.com/world-university-rankings/meiji-university,1-1 Kanda Surugadai Chiyoda,Tokyo,13,101-8301,Japan
1501+,1501,Meijo University,Japan,27.2,14.8,11.5,10.8,45.4,25.9,https://www.timeshighereducation.com/world-university-rankings/meijo-university,1-501 Shiogamaguchi Tenpaku-ku,Nagoya,23,468-8502,Japan
1501+,1501,Mendeleev University of Chemical Technology,Russian Federation,27.2,22.7,17.2,13.1,39.6,26.2,https://www.timeshighereducation.com/world-university-rankings/mendeleev-university-chemical-technology,Miusskaya sq. 9,,Moscow,125047,Russian Federation
1501+,1501,Mersin University,Turkey,27.2,17.2,10.6,25.3,23.3,29.0,https://www.timeshighereducation.com/world-university-rankings/mersin-university,Yenisehir,Mersin,Mersin Province,33343,Turkey
1501+,1501,Metropolitan Autonomous University,Mexico,27.2,21.1,24.4,19.6,30.1,28.0,https://www.timeshighereducation.com/world-university-rankings/metropolitan-autonomous-university,Prol Canal de Miramontes 3855 Ex Hacienda San Juan de Dios,Ciudad de Mexico,Distrito Federal,14386,Mexico
1501+,1501,M’Hamed Bougara University of Boumerdès,Algeria,27.2,15.7,8.6,20.9,22.4,32.6,https://www.timeshighereducation.com/world-university-rankings/mhamed-bougara-university-boumerdes,Avenue de l'indépendance,Boumerdes,Boumerdes,35000,Algeria
1501+,1501,Middle Technical University,Iraq,27.2,12.3,8.3,26.1,18.8,25.3,https://www.timeshighereducation.com/world-university-rankings/middle-technical-university,Muasker Al Rashid Street,Baghdad,Baghdad Governorate,,Iraq
1501+,1501,Mie University,Japan,27.2,26.7,17.0,26.4,66.5,25.2,https://www.timeshighereducation.com/world-university-rankings/mie-university,1577 Kurimamachiya-cho,Tsu City,24,514-8507,Japan
1501+,1501,Military Institute of Science and Technology (MIST),Bangladesh,27.2,14.1,8.6,53.8,19.1,26.3,https://www.timeshighereducation.com/world-university-rankings/military-institute-science-and-technology-mist,Mirpur Cantonment,Dhaka,Dhaka,1216,Bangladesh
1501+,1501,Mindanao State University – Iligan Institute of Technology,Philippines,27.2,18.4,9.1,22.7,17.6,39.1,https://www.timeshighereducation.com/world-university-rankings/mindanao-state-university-iligan-institute-technology,Andres Bonifacio Avenue Tibanga,Iligan City,Lanao Del Norte,9200,Philippines
1501+,1501,Ming Chuan University,Taiwan,27.2,14.1,13.6,22.7,42.3,37.3,https://www.timeshighereducation.com/world-university-rankings/ming-chuan-university,"['No. 250', 'Section 5 Zhongshan North Road']",Taipei City,Taipei,111,Taiwan
1501+,1501,MIREA - Russian Technological University,Russian Federation,27.2,15.9,12.5,8.8,47.8,23.2,https://www.timeshighereducation.com/world-university-rankings/mirea-russian-technological-university,78 Vernadsky Prospect,Moscow,Moscow,119454,Russian Federation
1501+,1501,Mirpur University of Science and Technology,Pakistan,27.2,11.6,10.3,50.8,19.8,49.6,https://www.timeshighereducation.com/world-university-rankings/mirpur-university-science-and-technology,Allama Iqbal Road Mirpur District,Mirpur,Azad Jammu and Kashmir Region,10250,Pakistan
1501+,1501,Misr University for Science and Technology,Egypt,27.2,15.6,8.8,31.5,18.1,41.2,https://www.timeshighereducation.com/world-university-rankings/misr-university-science-and-technology,Al Motamayez District PO Box 77,6th of October City,GZ,104002,Egypt
1501+,1501,Morgan State University,United States,27.2,19.7,14.3,29.8,23.6,54.7,https://www.timeshighereducation.com/world-university-rankings/morgan-state-university,1700 East Cold Spring Lane,Baltimore,Maryland,21251,United States
1501+,1501,Moscow Aviation Institute,Russian Federation,27.2,33.1,16.2,22.5,53.0,30.5,https://www.timeshighereducation.com/world-university-rankings/moscow-aviation-institute,4 Volokolamskoe Shosse,Moscow,Moscow,125993,Russian Federation
1501+,1501,Moscow Polytechnic University,Russian Federation,27.2,15.8,12.4,49.5,26.1,28.8,https://www.timeshighereducation.com/world-university-rankings/moscow-polytechnic-university,"['Main Building Semenovskaya', '38']",,Moscow,107023,Russian Federation
1501+,1501,Moscow Power Engineering Institute,Russian Federation,27.2,23.2,15.9,20.6,56.4,38.6,https://www.timeshighereducation.com/world-university-rankings/moscow-power-engineering-institute,Krasnokazarmennaya 14,,Moscow,111250,Russian Federation
1501+,1501,Moulay Ismail University,Morocco,27.2,14.0,10.8,56.7,21.3,27.9,https://www.timeshighereducation.com/world-university-rankings/moulay-ismail-university,Marjane 2,Meknes,Meknes Tafilalet,BP 298,Morocco
1501+,1501,M S Ramaiah University of Applied Sciences (RUAS),India,27.2,21.8,9.0,31.0,20.2,18.7,https://www.timeshighereducation.com/world-university-rankings/m-s-ramaiah-university-applied-sciences-ruas,"['New BEL Road', 'MSR Nagar']",Bangalore,KA,560054,India
1501+,1501,Mugla Sitki Kocman University,Turkey,27.2,15.6,11.4,21.1,21.9,26.4,https://www.timeshighereducation.com/world-university-rankings/mugla-sitki-kocman-university,Kotekli,,Mugla,48000,Turkey
1501+,1501,Muhimbili University of Health and Allied Sciences,Tanzania,27.2,21.6,14.9,30.3,27.5,54.6,https://www.timeshighereducation.com/world-university-rankings/muhimbili-university-health-and-allied-sciences,P.O. Box 65001,Dar es Salaam,Dar es Salaam Region,,Tanzania
1501+,1501,Muroran Institute of Technology,Japan,27.2,20.2,10.4,24.8,47.8,43.6,https://www.timeshighereducation.com/world-university-rankings/muroran-institute-technology,27-1 Mizumoto-cho,Muroran,01,050-8585,Japan
1501+,1501,Muş Alparslan University,Turkey,27.2,12.1,11.0,32.6,16.8,21.6,https://www.timeshighereducation.com/world-university-rankings/mus-alparslan-university,"['Külliyesi', 'Diyarbakır Yolu 7. km', '49250 Merkez/Muş']",Muş,Muş Province,,Turkey
1501+,1501,Mustansiriyah University,Iraq,27.2,26.8,9.8,19.8,23.9,34.7,https://www.timeshighereducation.com/world-university-rankings/mustansiriyah-university,Palestine Street P.O. Box 14022,Baghdad,Baghdad,,Iraq
1501+,1501,Nagaoka University of Technology,Japan,27.2,31.4,16.8,18.4,68.0,41.4,https://www.timeshighereducation.com/world-university-rankings/nagaoka-university-technology,1603-1 Kamitomioka,Nagaoka,15,940-2188,Japan
1501+,1501,Nagoya Institute of Technology,Japan,27.2,22.8,22.0,25.3,75.3,29.5,https://www.timeshighereducation.com/world-university-rankings/nagoya-institute-technology,"['Gokiso-cho', 'Showa-ku']",Nagoya City,23,466-8555,Japan
1501+,1501,Naresuan University,Thailand,27.2,23.6,13.0,20.6,47.0,30.0,https://www.timeshighereducation.com/world-university-rankings/naresuan-university,99 Moo 9 Tha Pho Sub District,,65,65000,Thailand
1501+,1501,National Changhua University of Education,Taiwan,27.2,21.6,20.7,20.4,47.7,29.2,https://www.timeshighereducation.com/world-university-rankings/national-changhua-university-education,"['No 1', 'Jin De Road']",Changhua City,Changhua,50007,Taiwan
1501+,1501,National Chiayi University,Taiwan,27.2,15.1,14.3,21.2,60.6,23.1,https://www.timeshighereducation.com/world-university-rankings/national-chiayi-university,No 300 Syuefu Road,Chiayi City,Chiayi,60004,Taiwan
1501+,1501,National Chi Nan University,Taiwan,27.2,19.8,16.0,13.9,66.8,33.1,https://www.timeshighereducation.com/world-university-rankings/national-chi-nan-university,1 University Road,Puli,Nantou,545301,Taiwan
1501+,1501,National Chin-Yi University of Technology,Taiwan,27.2,15.0,26.6,27.3,50.3,36.5,https://www.timeshighereducation.com/world-university-rankings/national-chin-yi-university-technology,"['No 57', 'Section 2 Zhongshan Road']",Taichung,Central Taiwan Region,41170,Taiwan
1501+,1501,National Formosa University,Taiwan,27.2,15.0,11.7,8.9,46.3,20.3,https://www.timeshighereducation.com/world-university-rankings/national-formosa-university,"['No 64', 'Wunhua Road']",Huwei Township,YUN,632301,Taiwan
1501+,1501,National Ilan University,Taiwan,27.2,14.3,14.1,19.5,47.0,31.5,https://www.timeshighereducation.com/world-university-rankings/national-ilan-university,"['No 1', 'Section 1 Shennong Road']",Yilan City,ILA,260,Taiwan
1501+,1501,"National Institute of Applied Sciences, Strasbourg (INSA Strasbourg)",France,27.2,23.2,9.3,28.0,36.9,69.8,https://www.timeshighereducation.com/world-university-rankings/national-institute-applied-sciences-strasbourg-insa-strasbourg,24 Bld de la Victoire,Strasbourg,Grand-Est,67084,France
1501+,1501,National Pingtung University of Science and Technology,Taiwan,27.2,16.4,14.3,20.7,49.6,30.8,https://www.timeshighereducation.com/world-university-rankings/national-pingtung-university-science-and-technology,1 Shuefu Road,Neipu,Pingtung,912,Taiwan
1501+,1501,"National Pirogov Memorial Medical University, Vinnytsya",Ukraine,27.2,29.9,9.0,4.6,18.2,41.4,https://www.timeshighereducation.com/world-university-rankings/national-pirogov-memorial-medical-university-vinnytsya,56 Pyrohova Street,Vinnytsia,Vinnytsia Oblast,21018,Ukraine
1501+,1501,National Research University of Electronic Technology (MIET),Russian Federation,27.2,45.5,15.5,7.9,52.1,22.7,https://www.timeshighereducation.com/world-university-rankings/national-research-university-electronic-technology-miet,"['Building 5', 'Pasage 4806 Zelenograd']",Moscow,Moscow,124498,Russian Federation
1501+,1501,National Taipei University,Taiwan,27.2,19.4,15.4,19.5,51.6,31.5,https://www.timeshighereducation.com/world-university-rankings/national-taipei-university,151 University Road San Shia District,,NWT,23741,Taiwan
1501+,1501,National Technical University Kharkiv Polytechnic Institute,Ukraine,27.2,24.5,9.2,15.7,19.0,33.1,https://www.timeshighereducation.com/world-university-rankings/national-technical-university-kharkiv-polytechnic-institute,2 Kyrpychova Str,,Kharkiv,61002,Ukraine
1501+,1501,National Technical University of Ukraine – Igor Sikorsky Kyiv Polytechnic Institute,Ukraine,27.2,21.6,10.6,16.7,24.0,22.5,https://www.timeshighereducation.com/world-university-rankings/national-technical-university-ukraine-igor-sikorsky-kyiv-polytechnic,37 Prospect Peremogy Main First Academic Building,Kiev,Kiev,03056,Ukraine
1501+,1501,National United University,Taiwan,27.2,13.3,12.7,16.8,54.2,22.4,https://www.timeshighereducation.com/world-university-rankings/national-united-university,No 1 Lienda,Miaoli,MIA,360301,Taiwan
1501+,1501,National University of Colombia,Colombia,27.2,21.9,15.4,34.3,35.9,41.0,https://www.timeshighereducation.com/world-university-rankings/national-university-colombia,Carrera 45 No 26-85 Edificio Uriel Gutierrez,Bogota,Cundinamarca,,Colombia
1501+,1501,National University of Córdoba,Argentina,27.2,18.9,10.4,21.2,21.3,38.0,https://www.timeshighereducation.com/world-university-rankings/national-university-cordoba,"['Haya de la Torre', 's/n Planta B Patio de las Palmeras']",Cordoba,Cordoba Province,,Argentina
1501+,1501,National University of Costa Rica,Costa Rica,27.2,21.6,9.2,10.1,17.6,45.1,https://www.timeshighereducation.com/world-university-rankings/national-university-costa-rica,"['Avenida 1', 'Calle 9 Heredia House 86']",Heredia,Heredia Province,40101,Costa Rica
1501+,1501,National University of Cuyo,Argentina,27.2,17.0,10.3,19.3,23.5,40.3,https://www.timeshighereducation.com/world-university-rankings/national-university-cuyo,Centro Universitario,Ciudad de Mendoza,Provincia de Mendoza,M5502JMA,Argentina
1501+,1501,National University of Kaohsiung,Taiwan,27.2,13.1,19.5,13.3,37.1,33.5,https://www.timeshighereducation.com/world-university-rankings/national-university-kaohsiung,700 Kaohsiung University Road Nanzih District,Kaohsiung,Kaohsiung,81148,Taiwan
1501+,1501,National University of La Plata,Argentina,27.2,23.5,12.4,21.5,26.5,62.6,https://www.timeshighereducation.com/world-university-rankings/national-university-la-plata,Avenida 7 776,La Plata,B,1900,Argentina
1501+,1501,National University of Life and Environmental Sciences of Ukraine,Ukraine,27.2,16.7,9.2,20.5,23.5,25.7,https://www.timeshighereducation.com/world-university-rankings/national-university-life-and-environmental-sciences-ukraine,Office 108 15 Heroyiv oborony str.,Kyiv,Kyiv Oblast,03041,Ukraine
1501+,1501,National University of Medical Sciences (NUMS),Pakistan,27.2,23.6,10.0,13.0,19.0,26.3,https://www.timeshighereducation.com/world-university-rankings/national-university-medical-sciences-nums,The Mall Abid Majeed Rd,Rawalpindi,Punjab,46000,Pakistan
1501+,1501,National University of Mongolia,Mongolia,27.2,15.6,9.4,15.5,21.7,55.4,https://www.timeshighereducation.com/world-university-rankings/national-university-mongolia,Ikh Surguulin Gudamj-1 P.O.BOX -46A/523,,Ulaanbaatar,14201,Mongolia
1501+,1501,National University of Quilmes,Argentina,27.2,12.7,9.2,10.8,22.3,32.9,https://www.timeshighereducation.com/world-university-rankings/national-university-quilmes,Roque Saenz Pena 352 Bernal,Buenos Aires,B,,Argentina
1501+,1501,National University of Rosario (UNR),Argentina,27.2,15.0,8.7,9.4,21.1,41.2,https://www.timeshighereducation.com/world-university-rankings/national-university-rosario-unr,Maipú 1065 of.133,Rosario,Santa Fe Province,1065,Argentina
1501+,1501,National University of San Martín,Argentina,27.2,22.0,11.2,29.3,27.6,45.2,https://www.timeshighereducation.com/world-university-rankings/national-university-san-martin,25 de Mayo y Francia,San Martin,B,1650,Argentina
1501+,1501,NED University of Engineering and Technology,Pakistan,27.2,13.4,12.5,22.9,26.9,51.7,https://www.timeshighereducation.com/world-university-rankings/ned-university-engineering-and-technology,University Road,Karachi,Sindh,75270,Pakistan
1501+,1501,Niğde Ömer Halisdemir University,Turkey,27.2,17.2,10.3,31.0,20.7,31.1,https://www.timeshighereducation.com/world-university-rankings/nigde-omer-halisdemir-university,Merkez Yerleske Nigde Merkez,Nigde,Nigde Province,51240,Turkey
1501+,1501,Nihon University,Japan,27.2,15.5,8.9,19.6,45.4,24.4,https://www.timeshighereducation.com/world-university-rankings/nihon-university,"['4-8-24', 'Kudan-Minami Chiyoda-ku']",,13,102-8275,Japan
1501+,1501,Nile University,Egypt,27.2,15.2,12.9,34.6,38.8,31.4,https://www.timeshighereducation.com/world-university-rankings/nile-university,26th of July Corridor Juhayna Square,El Sheikh Zayed,Giza,16453,Egypt
1501+,1501,Nizhny Novgorod State Technical University n.a. R.E. Alekseev,Russian Federation,27.2,20.0,9.0,6.9,40.8,28.1,https://www.timeshighereducation.com/world-university-rankings/nizhny-novgorod-state-technical-university-na-re-alekseev,"['st. Minina', '24']",Nizhny Novgorod,Nizhny Novgorod Oblast,603155,Russian Federation
1501+,1501,Nnamdi Azikiwe University,Nigeria,27.2,23.3,8.6,36.2,19.2,36.0,https://www.timeshighereducation.com/world-university-rankings/nnamdi-azikiwe-university,PMB 5025,Awka,Anambra State,,Nigeria
1501+,1501,North-Caucasus Federal University,Russian Federation,27.2,28.1,8.7,11.3,19.8,31.8,https://www.timeshighereducation.com/world-university-rankings/north-caucasus-federal-university,1 Pushkin Street,,Stavropol,355009,Russian Federation
1501+,1501,North-Eastern Federal University,Russian Federation,27.2,24.3,11.6,12.9,16.8,26.8,https://www.timeshighereducation.com/world-university-rankings/north-eastern-federal-university,58 Belinsky Str.,,Yakutsk,677000,Russian Federation
1501+,1501,Northern (Arctic) Federal University named after M.V. Lomonosov,Russian Federation,27.2,18.9,10.9,9.1,21.8,29.3,https://www.timeshighereducation.com/world-university-rankings/northern-arctic-federal-university-named-after-mv-lomonosov,17 Severnaya Dvina Emb,,Arkhangelsk,163002,Russian Federation
1501+,1501,Northern Technical University,Iraq,27.2,10.8,8.5,21.1,18.2,28.4,https://www.timeshighereducation.com/world-university-rankings/northern-technical-university,Al Minassa Street,Mosul,Nineveh,,Iraq
1501+,1501,North Khorasan University of Medical Sciences,Iran,27.2,24.7,11.2,25.4,17.5,28.7,https://www.timeshighereducation.com/world-university-rankings/north-khorasan-university-medical-sciences,"['Central Building of North Khorasan', 'Dolat Boulevard']",Bojnourd,28,,Iran
1501+,1501,North-Western State Medical University named after I.I. Mechnikov,Russian Federation,27.2,25.9,10.7,10.1,19.3,29.4,https://www.timeshighereducation.com/world-university-rankings/north-western-state-medical-university-named-after-ii-mechnikov,41 Kirochnaya ul,,Saint Petersburg,191015,Russian Federation
1501+,1501,Novosibirsk State Technical University,Russian Federation,27.2,18.1,12.9,14.3,32.8,37.9,https://www.timeshighereducation.com/world-university-rankings/novosibirsk-state-technical-university,20 Prospekt K. Marksa,,Novosibirsk,630073,Russian Federation
1501+,1501,Nueva Granada Military University,Colombia,27.2,21.8,8.2,6.9,17.3,28.1,https://www.timeshighereducation.com/world-university-rankings/nueva-granada-military-university,Carrera 11 101 80,Bogata,Distrito Capital,,Colombia
1501+,1501,Obafemi Awolowo University,Nigeria,27.2,21.5,13.4,36.0,45.5,41.1,https://www.timeshighereducation.com/world-university-rankings/obafemi-awolowo-university,Ile,Ife,OS,,Nigeria
1501+,1501,Ochanomizu University,Japan,27.2,25.8,18.7,20.2,38.4,40.6,https://www.timeshighereducation.com/world-university-rankings/ochanomizu-university,2-1-1 Ohtsuka Bunkyo-ku,,13,112-8610,Japan
1501+,1501,October University for Modern Sciences and Arts (MSA),Egypt,27.2,21.2,9.1,40.3,17.2,30.8,https://www.timeshighereducation.com/world-university-rankings/october-university-modern-sciences-and-arts-msa,26 July Mehwar Road Intersection with Wahat Road,6th October City,GZ,12451,Egypt
1501+,1501,Odesa I.I. Mechnikov National University,Ukraine,27.2,24.7,9.1,8.5,16.9,26.2,https://www.timeshighereducation.com/world-university-rankings/odesa-ii-mechnikov-national-university,2 Dvoryanskaya Street,Odessa,Odessa Oblast,65082,Ukraine
1501+,1501,Ogarev Mordovia State University,Russian Federation,27.2,25.4,9.6,7.2,19.6,35.8,https://www.timeshighereducation.com/world-university-rankings/ogarev-mordovia-state-university,68 Bolshevistskaya Street,Saransk,Republic of Mordovia,430005,Russian Federation
1501+,1501,Oita University,Japan,27.2,26.5,12.1,19.7,34.9,23.3,https://www.timeshighereducation.com/world-university-rankings/oita-university,700 Dannoharu,Oita,Oita Prefecture,870-1192,Japan
1501+,1501,Okayama University of Science,Japan,27.2,14.4,11.6,13.3,40.3,24.9,https://www.timeshighereducation.com/world-university-rankings/okayama-university-science,1-1 Ridaicho Kita Ward,Okayama,33,700-0005,Japan
1501+,1501,Oles Honchar Dnipro National University,Ukraine,27.2,19.2,9.5,9.1,17.7,21.3,https://www.timeshighereducation.com/world-university-rankings/oles-honchar-dnipro-national-university,72 Nauky Ave,Dnipro,Dnipropetrovska Oblast,49045,Ukraine
1501+,1501,Omsk State Technical University,Russian Federation,27.2,15.6,8.2,5.0,19.9,25.2,https://www.timeshighereducation.com/world-university-rankings/omsk-state-technical-university,11 Mira,,Omsk,644050,Russian Federation
1501+,1501,Ondokuz Mayis University,Turkey,27.2,19.7,11.3,29.6,26.2,37.2,https://www.timeshighereducation.com/world-university-rankings/ondokuz-mayis-university,Körfez,Samsun,Samsun il Province,55280,Turkey
1501+,1501,Oran 1 University,Algeria,27.2,26.2,8.8,11.5,19.2,37.7,https://www.timeshighereducation.com/world-university-rankings/oran-1-university,B.P 1524 El M'Naouer,,Oran,31000,Algeria
1501+,1501,Ordu University,Turkey,27.2,14.2,10.7,27.8,17.2,19.4,https://www.timeshighereducation.com/world-university-rankings/ordu-university,Cumhuriyet Yerleşkesi Cumhuriyet Mahallesi Altın,,Altınordu/Ordu,52200,Turkey
1501+,1501,Osaka Institute of Technology,Japan,27.2,14.4,13.4,13.8,38.6,26.1,https://www.timeshighereducation.com/world-university-rankings/osaka-institute-technology,5-16-1 Omiya Asahi-ku,,27,535-8585,Japan
1501+,1501,Osaka Medical and Pharmaceutical University,Japan,27.2,27.5,13.9,32.2,53.2,19.2,https://www.timeshighereducation.com/world-university-rankings/osaka-medical-and-pharmaceutical-university,2-7 Daigakumachi,Takatsuki,27,569-8686,Japan
1501+,1501,Ovidius University of Constanța,Romania,27.2,20.1,9.9,14.2,18.3,27.2,https://www.timeshighereducation.com/world-university-rankings/ovidius-university-constanta,University Avenue no.1 Bulevardul Mamaia 124,Constanta,Constanta,900527,Romania
1501+,1501,Pace University-New York,United States,27.2,35.5,8.3,24.9,32.1,49.8,https://www.timeshighereducation.com/world-university-rankings/pace-university-new-york,One Pace Plaza,New York,New York,10038,United States
1501+,1501,Paisii Hilendarski University of Plovdiv,Bulgaria,27.2,13.6,12.5,13.7,21.9,23.1,https://www.timeshighereducation.com/world-university-rankings/paisii-hilendarski-university-plovdiv,24 Tsar Assen Str.,Plovdiv,Plovdiv,4000,Bulgaria
1501+,1501,Pamukkale University,Turkey,27.2,17.9,10.5,18.8,28.3,21.9,https://www.timeshighereducation.com/world-university-rankings/pamukkale-university,Üniversite Cd. No:11 Kınıklı Mh.,Pamukkale,DENİZLİ,20160,Turkey
1501+,1501,Paris Nanterre University,France,27.2,21.5,16.6,27.0,35.7,61.5,https://www.timeshighereducation.com/world-university-rankings/paris-nanterre-university,200 Avenue Republique,Nanterre,Ile de France,92001,France
1501+,1501,Pavlov First Saint Petersburg State Medical University,Russian Federation,27.2,31.7,12.8,15.2,32.8,30.6,https://www.timeshighereducation.com/world-university-rankings/pavlov-first-saint-petersburg-state-medical-university,L'va Tolstogo str. 6/8,,Saint Petersburg,197022,Russian Federation
1501+,1501,Payame Noor University,Iran,27.2,16.7,8.8,22.4,22.2,23.9,https://www.timeshighereducation.com/world-university-rankings/payame-noor-university,"['Boulevard Artesh Khiabane Nakhl', 'Shahrake Naft']",Tehran,23,19395-4697,Iran
1501+,1501,Pázmány Péter Catholic University,Hungary,27.2,23.0,11.7,27.1,23.2,36.3,https://www.timeshighereducation.com/world-university-rankings/pazmany-peter-catholic-university,Szentkiralyi str 28.,Budapest,Budapest,1088,Hungary
1501+,1501,Penza State University,Russian Federation,27.2,16.7,9.4,6.7,17.8,32.9,https://www.timeshighereducation.com/world-university-rankings/penza-state-university,40 Krasnaya Street,Penza,Penza,440026,Russian Federation
1501+,1501,Perm National Research Polytechnic University,Russian Federation,27.2,21.1,16.0,10.6,51.2,26.2,https://www.timeshighereducation.com/world-university-rankings/perm-national-research-polytechnic-university,29 Komsomolsky av.,,Perm krai,614990,Russian Federation
1501+,1501,Perm State University,Russian Federation,27.2,18.4,12.0,7.9,24.5,27.8,https://www.timeshighereducation.com/world-university-rankings/perm-state-university,Bukireva street 15,,Perm,614990,Russian Federation
1501+,1501,Petersburg State Transport University,Russian Federation,27.2,16.6,11.4,15.0,49.0,39.5,https://www.timeshighereducation.com/world-university-rankings/petersburg-state-transport-university,9 Moskovsky pr,,Saint Petersburg,190031,Russian Federation
1501+,1501,Petrozavodsk State University,Russian Federation,27.2,18.2,12.2,14.7,35.4,28.8,https://www.timeshighereducation.com/world-university-rankings/petrozavodsk-state-university,33 Lenina Avenue,,Petrozavodsk,185910,Russian Federation
1501+,1501,Pirogov Russian National Research Medical University,Russian Federation,27.2,44.2,14.5,18.2,40.6,29.7,https://www.timeshighereducation.com/world-university-rankings/pirogov-russian-national-research-medical-university,Ostrovitianov str. 1,,Moscow,117997,Russian Federation
1501+,1501,Plekhanov Russian University of Economics,Russian Federation,27.2,26.8,13.3,25.0,23.3,44.2,https://www.timeshighereducation.com/world-university-rankings/plekhanov-russian-university-economics,36 Stremyanny Pereulok,Moscow,Moscow,117997,Russian Federation
1501+,1501,Polytechnic Institute of Porto,Portugal,27.2,14.7,13.1,40.0,34.0,32.3,https://www.timeshighereducation.com/world-university-rankings/polytechnic-institute-porto,Rua Doctor Roberto Frias 712,Porto,Porto,4200-465,Portugal
1501+,1501,Polytechnic Institute of Setúbal,Portugal,27.2,18.2,9.1,18.5,18.1,35.8,https://www.timeshighereducation.com/world-university-rankings/polytechnic-institute-setubal,"['Campus do IPS', 'Estefanilha']",Setubal,Setubal,2910-761,Portugal
1501+,1501,Polytechnic University of Bucharest,Romania,27.2,18.7,9.7,30.5,39.2,22.6,https://www.timeshighereducation.com/world-university-rankings/polytechnic-university-bucharest,Splaiul Independentei 313,Bucuresti,Bucuresti,060042,Romania
1501+,1501,Polytechnic University of Timişoara,Romania,27.2,18.0,9.8,33.6,36.4,24.1,https://www.timeshighereducation.com/world-university-rankings/polytechnic-university-timisoara,Piata Victoriei Nr. 2,Timisoara,Jud. Timis,300006,Romania
1501+,1501,Pontifical Catholic University of Argentina,Argentina,27.2,24.5,8.2,17.2,16.7,46.8,https://www.timeshighereducation.com/world-university-rankings/pontifical-catholic-university-argentina,Avenida Alicia Moreau de Justo 1300,Buenos Aires,Buenos Aires Province,C1107AAZ,Argentina
1501+,1501,Pontifical Catholic University of Minas Gerais,Brazil,27.2,16.3,10.2,13.7,19.5,25.5,https://www.timeshighereducation.com/world-university-rankings/pontifical-catholic-university-minas-gerais,"['Rua Dom Jose Gaspar', '500 Coracao Eucarístico']",Belo Horizonte,Minas Gerais,30535-901,Brazil
1501+,1501,Pontifical Catholic University of Peru,Peru,27.2,26.1,10.8,30.9,24.1,42.7,https://www.timeshighereducation.com/world-university-rankings/pontifical-catholic-university-peru,1801 Universitaria Avenue,San Miguel,Lima,15088,Peru
1501+,1501,Pontifical Catholic University of Valparaíso,Chile,27.2,17.4,17.6,33.0,33.8,51.3,https://www.timeshighereducation.com/world-university-rankings/pontifical-catholic-university-valparaiso,No 2950 Avenida Brasil,Valparaiso,Valparaiso Region,,Chile
1501+,1501,Pontificia Universidad Católica del Ecuador,Ecuador,27.2,14.1,9.3,21.4,16.7,53.3,https://www.timeshighereducation.com/world-university-rankings/pontificia-universidad-catolica-del-ecuador,Av. 12 de Octubre 1076 y Roca Vicente Ramon Roca,Quito,Quito,,Ecuador
1501+,1501,Pontificia Universidad Javeriana,Colombia,27.2,21.1,13.0,31.8,24.4,43.0,https://www.timeshighereducation.com/world-university-rankings/pontificia-universidad-javeriana,Carrera 7 No. 40 - 62,Bogota,Distrito Capital,,Colombia
1501+,1501,Poznan University of Technology,Poland,27.2,25.7,14.0,34.7,47.7,31.2,https://www.timeshighereducation.com/world-university-rankings/poznan-university-technology,Jacka Rychlewskiego 1,Poznan,Poznan,61-131,Poland
1501+,1501,Presidency University,India,27.2,17.1,7.6,31.1,18.5,19.6,https://www.timeshighereducation.com/world-university-rankings/presidency-university,"['Itgalpur', 'Rajanakunte Yelahanka']",Bengaluru,KA,560089,India
1501+,1501,Privolzhsky Research Medical University,Russian Federation,27.2,25.8,12.3,5.9,19.7,43.0,https://www.timeshighereducation.com/world-university-rankings/privolzhsky-research-medical-university,"['10/1', 'Minin Sq.']",,Nizhny Novgorod,603005,Russian Federation
1501+,1501,PSG College of Technology,India,27.2,21.5,9.8,25.1,37.5,18.5,https://www.timeshighereducation.com/world-university-rankings/psg-college-technology,Avinashi Road Peelamedu,Coimbatore,TN,641004,India
1501+,1501,Qom University of Medical Sciences,Iran,27.2,35.8,11.5,34.7,24.6,25.8,https://www.timeshighereducation.com/world-university-rankings/qom-university-medical-sciences,Shahid Lavasani (Saheli) St.,"['Qom', 'I.R']",Qom province,,Iran
1501+,1501,Razi University,Iran,27.2,27.1,14.7,35.7,46.1,28.8,https://www.timeshighereducation.com/world-university-rankings/razi-university,Zakariya Razi Boulevard,Kermanshah,05,6714414971,Iran
1501+,1501,Recep Tayyip Erdoğan University,Turkey,27.2,20.5,12.4,44.2,30.9,24.5,https://www.timeshighereducation.com/world-university-rankings/recep-tayyip-erdogan-university,Fener Mahallesi,Rize,53,53100,Turkey
1501+,1501,Regional Autonomous University of the Andes (UNIANDES),Ecuador,27.2,20.7,10.5,5.0,16.3,24.7,https://www.timeshighereducation.com/world-university-rankings/regional-autonomous-university-andes-uniandes,Km 5 y Medio Via A Banos,Ambato,Tungurahua Province,180215,Ecuador
1501+,1501,REVA University,India,27.2,16.9,8.5,41.3,19.3,23.4,https://www.timeshighereducation.com/world-university-rankings/reva-university,Rukmini Knowledge Park Kattigenahalli Yelahanka,Bangalore,KA,560064,India
1501+,1501,Rikkyo University,Japan,27.2,18.5,9.6,41.0,21.4,56.4,https://www.timeshighereducation.com/world-university-rankings/rikkyo-university,3-34-1 Nishi Ikebukuro Toshimaku,Tokyo,13,171-8501,Japan
1501+,1501,Ritsumeikan University,Japan,27.2,20.7,16.2,28.4,63.4,46.9,https://www.timeshighereducation.com/world-university-rankings/ritsumeikan-university,1 Nishinokyo-Suzaku-cho Nakagyo-ku,,26,604-8520,Japan
1501+,1501,Russian Presidential Academy of National Economy and Public Administration,Russian Federation,27.2,23.9,22.5,21.3,27.3,24.4,https://www.timeshighereducation.com/world-university-rankings/russian-presidential-academy-national-economy-and-public-administration,"['Prospect Vernadskogo', '82']",,Moscow,119571,Russian Federation
1501+,1501,Russian State University for the Humanities,Russian Federation,27.2,15.2,13.9,16.2,16.0,22.7,https://www.timeshighereducation.com/world-university-rankings/russian-state-university-humanities,"['Miusskaya Square', '6']",Moscow,Moscow,125047,Russian Federation
1501+,1501,Russian University of Transport (MIIT),Russian Federation,27.2,18.1,12.1,8.0,37.4,26.4,https://www.timeshighereducation.com/world-university-rankings/russian-university-transport-miit,9 Obraztsova Street Building 9,Moscow,Moscow,127994,Russian Federation
1501+,1501,R V College of Engineering,India,27.2,28.9,10.9,25.2,30.6,17.1,https://www.timeshighereducation.com/world-university-rankings/r-v-college-engineering,Mysuru Road,Bengaluru,KA,560 059,India
1501+,1501,Ryukoku University,Japan,27.2,15.9,10.5,16.2,24.2,31.8,https://www.timeshighereducation.com/world-university-rankings/ryukoku-university,67 Tsukamotocho Fukakusa Fushimi-ku,Kyoto,Kyoto Prefecture,612-8577,Japan
1501+,1501,Rzeszów University of Technology,Poland,27.2,20.1,8.3,23.4,24.8,25.7,https://www.timeshighereducation.com/world-university-rankings/rzeszow-university-technology,al. Powstańców Warszawy 12,Rzeszów,Rzeszów CountyP,35-959,Poland
1501+,1501,Sabzevar University of Medical Sciences,Iran,27.2,24.4,9.7,48.4,17.7,25.2,https://www.timeshighereducation.com/world-university-rankings/sabzevar-university-medical-sciences,Shohadaye Nuclear Boulevard Tehran,Sabzevar,09,,Iran
1501+,1501,Saga University,Japan,27.2,25.4,14.7,25.4,66.9,27.2,https://www.timeshighereducation.com/world-university-rankings/saga-university,1 Honjomachi,Saga,41,840-8502,Japan
1501+,1501,Saint Petersburg State Pediatric Medical University,Russian Federation,27.2,25.6,11.2,8.0,17.5,35.2,https://www.timeshighereducation.com/world-university-rankings/saint-petersburg-state-pediatric-medical-university,"['Litovskaya', '2']",St. Petersburg,St. Petersburg,194100,Russian Federation
1501+,1501,Saints Cyril and Methodius University in Skopje,North Macedonia,27.2,21.3,10.2,23.9,32.6,43.8,https://www.timeshighereducation.com/world-university-rankings/saints-cyril-and-methodius-university-skopje,"Bull. ""Gotse Delchev"" no. 9",1000 Skopje,,,North Macedonia
1501+,1501,Saitama Medical University,Japan,27.2,27.0,10.8,42.7,44.8,19.1,https://www.timeshighereducation.com/world-university-rankings/saitama-medical-university,Morohongo 38 Iruma District,Moroyama,11,350-0495,Japan
1501+,1501,Saitama University,Japan,27.2,21.8,18.9,21.3,57.2,38.9,https://www.timeshighereducation.com/world-university-rankings/saitama-university,255 Shimo-Okubo,Saitama City,11,338-8570,Japan
1501+,1501,Sakarya University of Applied Sciences,Turkey,27.2,13.2,9.8,32.7,16.4,42.8,https://www.timeshighereducation.com/world-university-rankings/sakarya-university-applied-sciences,Kemalpasa Serdivan,Sakarya,Sakarya Province,54050,Turkey
1501+,1501,Samara National Research University (Samara University),Russian Federation,27.2,27.1,14.1,16.2,34.2,31.6,https://www.timeshighereducation.com/world-university-rankings/samara-national-research-university-samara-university,34 Moskovskoye Shosse,Samara,Samara Oblast,443086,Russian Federation
1501+,1501,Samara State Medical University,Russian Federation,27.2,42.8,10.7,6.0,33.2,31.6,https://www.timeshighereducation.com/world-university-rankings/samara-state-medical-university,89 Chapayevskaya St.,,Samara,443099,Russian Federation
1501+,1501,Samara State Technical University,Russian Federation,27.2,17.0,10.5,8.3,33.3,22.1,https://www.timeshighereducation.com/world-university-rankings/samara-state-technical-university,244 Molodogvardeyskaya street,,Samara,443100,Russian Federation
1501+,1501,Satbayev University,Kazakhstan,27.2,26.7,14.7,19.3,32.3,77.5,https://www.timeshighereducation.com/world-university-rankings/satbayev-university,22a Satpaev str.,,Almaty,050013,Kazakhstan
1501+,1501,SGH Warsaw School of Economics,Poland,27.2,25.3,21.6,31.8,16.4,39.7,https://www.timeshighereducation.com/world-university-rankings/sgh-warsaw-school-economics,Al Niepodleglosci 162,Warszawa,Masovian Voivodeship,02-554,Poland
1501+,1501,Shahed University,Iran,27.2,26.0,13.1,26.6,32.4,20.4,https://www.timeshighereducation.com/world-university-rankings/shahed-university,Persian Gulf Highway,,Tehran,3319118651,Iran
1501+,1501,Shahid Sadoughi University of Medical Sciences,Iran,27.2,41.5,11.1,30.1,20.4,23.2,https://www.timeshighereducation.com/world-university-rankings/shahid-sadoughi-university-medical-sciences,Central Administration Bahonar Sq,,Yazd,8916978477,Iran
1501+,1501,Shanxi Medical University,China,27.2,24.2,11.6,29.8,23.9,19.6,https://www.timeshighereducation.com/world-university-rankings/shanxi-medical-university,56 Xinjian South Road Yingze,Taiyuan,Shaanxi,030001,China
1501+,1501,Shibaura Institute of Technology,Japan,27.2,18.2,18.7,23.6,45.8,45.0,https://www.timeshighereducation.com/world-university-rankings/shibaura-institute-technology,3-7-5 Toyosu,Koto,13,135-8548,Japan
1501+,1501,Shimane University,Japan,27.2,26.0,13.0,21.5,41.1,30.4,https://www.timeshighereducation.com/world-university-rankings/shimane-university,1060 Nishikawatsu Matsue,,32,690-8504,Japan
1501+,1501,Shizuoka University,Japan,27.2,20.9,16.5,18.5,66.1,33.6,https://www.timeshighereducation.com/world-university-rankings/shizuoka-university,836 Otani,Surugaku,22,422-8529,Japan
1501+,1501,Shree Guru Gobind Singh Tricentenary University,India,27.2,24.2,10.1,43.2,16.2,24.5,https://www.timeshighereducation.com/world-university-rankings/shree-guru-gobind-singh-tricentenary-university,"['Budhera', 'Gurugram Badli Road']",Gurugram,HR,122505,India
1501+,1501,Siberian State Medical University,Russian Federation,27.2,21.3,11.1,4.0,17.5,34.8,https://www.timeshighereducation.com/world-university-rankings/siberian-state-medical-university,2 Moskovsky trakt,,Tomsk,634055,Russian Federation
1501+,1501,Sikkim Manipal University,India,27.2,20.8,9.6,29.6,22.1,24.6,https://www.timeshighereducation.com/world-university-rankings/sikkim-manipal-university,5th Mile,Tadong Gangtok,East Sikkim,737102,India
1501+,1501,Silpakorn University,Thailand,27.2,21.4,15.6,19.6,46.4,30.4,https://www.timeshighereducation.com/world-university-rankings/silpakorn-university,"['215', 'Boromratchonnanee Road Taling Chan District']",Bangkok,10,10170,Thailand
1501+,1501,Sinop University,Turkey,27.2,9.9,12.5,40.8,18.2,31.4,https://www.timeshighereducation.com/world-university-rankings/sinop-university,Korucuk Mahallesi Universite Caddesi No: 21,Sinop,57,57000,Turkey
1501+,1501,Sivas Cumhuriyet University,Turkey,27.2,14.9,9.9,33.4,19.2,34.7,https://www.timeshighereducation.com/world-university-rankings/sivas-cumhuriyet-university,Sivas,Sivas,Sivas Province,58140,Turkey
1501+,1501,Slovak University of Technology in Bratislava,Slovakia,27.2,28.7,14.5,24.7,45.4,45.0,https://www.timeshighereducation.com/world-university-rankings/slovak-university-technology-bratislava,Vazovova 5,Bratislava,Bratislava Region,812 43,Slovakia
1501+,1501,Sofia University,Bulgaria,27.2,27.1,12.3,21.7,24.7,36.0,https://www.timeshighereducation.com/world-university-rankings/sofia-university,15 Tsar Osvobodite Boulevard,Sofia,Sofia,1504,Bulgaria
1501+,1501,"Soochow University, Taiwan",Taiwan,27.2,14.6,18.0,23.0,27.4,34.9,https://www.timeshighereducation.com/world-university-rankings/soochow-university-taiwan,"['No 70', 'Linxi Road']",Shilin District,Taipei,111002,Taiwan
1501+,1501,Sophia University,Japan,27.2,22.5,11.1,13.9,33.6,50.0,https://www.timeshighereducation.com/world-university-rankings/sophia-university,7-1 Kioi-cho,,13,102-8554,Japan
1501+,1501,Southern Federal University,Russian Federation,27.2,23.8,16.3,24.6,38.7,47.6,https://www.timeshighereducation.com/world-university-rankings/southern-federal-university,105/42 Bolshaya Sadovaya Street,Rostov on Don,Rostov Oblast,344006,Russian Federation
1501+,1501,Southwest Petroleum University,China,27.2,17.7,15.3,37.5,77.1,20.4,https://www.timeshighereducation.com/world-university-rankings/southwest-petroleum-university,8 Xindu Avenue Xindu District,Chengdu City,Sichuan,610500,China
1501+,1501,Sri Lanka Institute of Information Technology,Sri Lanka,27.2,11.1,10.0,20.0,45.8,18.5,https://www.timeshighereducation.com/world-university-rankings/sri-lanka-institute-information-technology,New Kandy Road,,Malabe,10115,Sri Lanka
1501+,1501,Srinakharinwirot University,Thailand,27.2,23.3,10.5,19.5,20.5,24.1,https://www.timeshighereducation.com/world-university-rankings/srinakharinwirot-university,114 Sukhumvit 23,,10,10110,Thailand
1501+,1501,Sri Ramachandra Institute of Higher Education and Research,India,27.2,25.4,12.6,16.3,25.7,29.5,https://www.timeshighereducation.com/world-university-rankings/sri-ramachandra-institute-higher-education-and-research,No 1 Ramachandra Nagar Porur,Chennai,TN,600116,India
1501+,1501,Sri Venkateswara University,India,27.2,36.9,10.6,23.6,26.3,29.2,https://www.timeshighereducation.com/world-university-rankings/sri-venkateswara-university,Gandhi Road Tirupati,Andhra,Pradesh,517502,India
1501+,1501,State Islamic University of Sunan Gunung Djati Bandung,Indonesia,27.2,10.7,9.1,25.0,16.2,19.1,https://www.timeshighereducation.com/world-university-rankings/state-islamic-university-sunan-gunung-djati-bandung,"['Jalan AH Nasution No 105 Cipadung', 'Cibiru']",Bandung,Jawa Barat,40614,Indonesia
1501+,1501,"State University ""Kyiv Aviation Institute""",Ukraine,27.2,22.3,9.0,34.8,17.2,24.5,https://www.timeshighereducation.com/world-university-rankings/state-university-kyiv-aviation-institute,"['1', 'Liubomyra Huzara Avenue']",Kyiv,Kyiv,03058,Ukraine
1501+,1501,State University of Bahia,Brazil,27.2,22.1,8.8,5.2,17.1,22.3,https://www.timeshighereducation.com/world-university-rankings/state-university-bahia,2555 Rua Silveira Martins Cabula,Salvador,Bahia,41150-000,Brazil
1501+,1501,State University of Malang,Indonesia,27.2,21.1,11.5,34.5,26.4,37.5,https://www.timeshighereducation.com/world-university-rankings/state-university-malang,5 Jalan Semarang Sumbersari,Malang,Jawa Timur,65145,Indonesia
1501+,1501,State University of Ponta Grossa,Brazil,27.2,26.2,19.0,16.9,20.6,28.1,https://www.timeshighereducation.com/world-university-rankings/state-university-ponta-grossa,4748 Avenida General Carlos Cavalcanti,Ponta Grossa,Parana,84030-900,Brazil
1501+,1501,Universidade Estadual de Santa Cruz,Brazil,27.2,26.1,10.1,16.4,19.3,36.1,https://www.timeshighereducation.com/world-university-rankings/universidade-estadual-de-santa-cruz,"['Jorge Amado Highway Km 16', 'Salobrinho Neighborhood']",Ilheus,Bahia,45662-900,Brazil
1501+,1501,State University of Southwestern Bahia (UESB),Brazil,27.2,26.6,8.7,6.0,16.5,19.5,https://www.timeshighereducation.com/world-university-rankings/state-university-southwestern-bahia-uesb,"['Estrada do Bem Querer', 'KM 04 Bairro Universitario', 'CP 95']",Bahia,Bahia,45083-900,Brazil
1501+,1501,Ştefan cel Mare University of Suceava,Romania,27.2,17.4,15.8,39.7,22.0,37.3,https://www.timeshighereducation.com/world-university-rankings/stefan-cel-mare-university-suceava,Str. Universitatii 13,Suceava,Suceava County,720229,Romania
1501+,1501,St Petersburg Electrotechnical University (LETI),Russian Federation,27.2,22.2,15.2,19.7,39.2,39.1,https://www.timeshighereducation.com/world-university-rankings/st-petersburg-electrotechnical-university-leti,5 Professor Popov Street,Saint Petersburg,Saint Petersburg Oblast,197376,Russian Federation
1501+,1501,Széchenyi István University,Hungary,27.2,18.9,13.1,27.8,27.9,33.1,https://www.timeshighereducation.com/world-university-rankings/szechenyi-istvan-university,Egyetem ter 1,Gyor,Gyor-Moson-Sopron,9026,Hungary
1501+,1501,Tamil Nadu Agricultural University,India,27.2,35.8,13.3,20.7,31.1,17.8,https://www.timeshighereducation.com/world-university-rankings/tamil-nadu-agricultural-university,Lawley Road,Coimbatore,TN,641003,India
1501+,1501,Tamkang University,Taiwan,27.2,16.1,12.4,40.1,50.5,44.6,https://www.timeshighereducation.com/world-university-rankings/tamkang-university,No 151 Yingzhuan Road Tamsui District,New Taipei City,New Taipei,25137,Taiwan
1501+,1501,Taras Shevchenko National University of Kyiv,Ukraine,27.2,25.7,15.4,22.4,28.6,30.5,https://www.timeshighereducation.com/world-university-rankings/taras-shevchenko-national-university-kyiv,64/13 Volodymyrska Street,,Kyiv,01601,Ukraine
1501+,1501,Tashkent University of Information Technologies,Uzbekistan,27.2,17.6,9.2,49.5,27.8,23.2,https://www.timeshighereducation.com/world-university-rankings/tashkent-university-information-technologies,Amir Temur Avenue 108,Tashkent,Tashkent,100084,Uzbekistan
1501+,1501,Technical University of Cartagena,Spain,27.2,28.6,13.8,31.2,41.0,42.4,https://www.timeshighereducation.com/world-university-rankings/technical-university-cartagena,"['Plaza del Cronista Isidoro Val Edificio ""La Milagrosa""', 's/n']",Cartagena,MU,30202,Spain
1501+,1501,Technical University of Cluj-Napoca,Romania,27.2,17.8,13.9,36.4,41.7,27.3,https://www.timeshighereducation.com/world-university-rankings/technical-university-cluj-napoca,Str. Memorandumului nr. 28,Cluj-Napoca,Jud. Cluj,400114,Romania
1501+,1501,Technical University of Crete,Greece,27.2,15.6,15.1,45.0,45.1,38.9,https://www.timeshighereducation.com/world-university-rankings/technical-university-crete,Akrotiri,Chania,Crete Region,73100,Greece
1501+,1501,Technical University of Košice,Slovakia,27.2,26.8,16.8,26.4,42.9,51.7,https://www.timeshighereducation.com/world-university-rankings/technical-university-kosice,Letna 1/9,Kosice,Kosice,040 01,Slovakia
1501+,1501,Technical University of Liberec,Czechia,27.2,22.2,16.9,20.3,37.6,47.7,https://www.timeshighereducation.com/world-university-rankings/technical-university-liberec,Studentska 1402/2,Liberec,Liberec Region,461 17,Czechia
1501+,1501,Technical University of Sofia,Bulgaria,27.2,22.9,11.5,22.1,37.7,24.7,https://www.timeshighereducation.com/world-university-rankings/technical-university-sofia,8 Kl Ohridski Boulevard,Sofia,Sofia,1000,Bulgaria
1501+,1501,Technological University of Pereira,Colombia,27.2,16.7,7.7,10.0,20.5,34.3,https://www.timeshighereducation.com/world-university-rankings/technological-university-pereira,Carrera 27 #10-02 Barrio Alamo,,Risaralda,660003,Colombia
1501+,1501,Tecnológico de Costa Rica,Costa Rica,27.2,20.1,8.6,14.7,17.8,39.1,https://www.timeshighereducation.com/world-university-rankings/tecnologico-de-costa-rica,"['15th Street', '14th Avenue 1km South of the Basilica']",Cartago,Cartago Province,159-7050,Costa Rica
1501+,1501,Teikyo University,Japan,27.2,16.2,14.0,29.6,41.7,27.7,https://www.timeshighereducation.com/world-university-rankings/teikyo-university,2-11-1 Kaga Itabashi-ku,Tokyo City,13,173-8605,Japan
1501+,1501,Tekirdağ Namık Kemal University,Turkey,27.2,13.1,9.6,17.6,18.4,25.0,https://www.timeshighereducation.com/world-university-rankings/tekirdag-namik-kemal-university,No:1 Süleymanpa?a,,Tekirdag,,Turkey
1501+,1501,Telkom University,Indonesia,27.2,16.5,12.8,32.7,36.1,53.9,https://www.timeshighereducation.com/world-university-rankings/telkom-university,Jalan Telekomunikasi Terusan Buah Batu,Bandung,JB,40257,Indonesia
1501+,1501,Temuco Catholic University,Chile,27.2,21.6,11.0,14.8,18.8,45.1,https://www.timeshighereducation.com/world-university-rankings/temuco-catholic-university,Rudecindo Ortega,Temuco,IX Region,03694,Chile
1501+,1501,The University of Danang,Vietnam,27.2,10.4,9.4,32.0,24.7,48.1,https://www.timeshighereducation.com/world-university-rankings/university-danang,41 Leduan St,Danang City,Danang Province,,Vietnam
1501+,1501,Thiagarajar College of Engineering,India,27.2,19.6,9.0,26.7,20.0,19.2,https://www.timeshighereducation.com/world-university-rankings/thiagarajar-college-engineering,Thiagarajar College of Enginee,Thiruparankundram,TN,625015,India
1501+,1501,Tikrit University,Iraq,27.2,30.4,9.4,15.6,16.6,21.9,https://www.timeshighereducation.com/world-university-rankings/tikrit-university,Salah Al-Deen,Tikrit,Saladin Province,34001,Iraq
1501+,1501,Toho University,Japan,27.2,24.4,15.4,33.9,59.5,21.5,https://www.timeshighereducation.com/world-university-rankings/toho-university,"['Building 21', 'Omori-Nishi Block 5', 'Unit 16']",Tokyo,Tokyo Metropolis,143-8540,Japan
1501+,1501,Tokat Gaziosmanpaşa University,Turkey,27.2,19.0,10.0,36.5,23.2,36.3,https://www.timeshighereducation.com/world-university-rankings/tokat-gaziosmanpasa-university,Tasliciftlik,Tokat,Tokat Province,60250,Turkey
1501+,1501,Tokyo City University,Japan,27.2,17.9,12.0,15.7,47.3,29.7,https://www.timeshighereducation.com/world-university-rankings/tokyo-city-university,1-28-1 Tamazutsumi Setagaya-ku,Tokyo,13,158-8557,Japan
1501+,1501,Tokyo Denki University,Japan,27.2,15.2,8.9,14.2,48.5,21.5,https://www.timeshighereducation.com/world-university-rankings/tokyo-denki-university,5 Senju Asahi-cho Adachi-ku,Tokyo,13,120-8551,Japan
1501+,1501,Tokyo Metropolitan University,Japan,27.2,29.7,16.2,29.8,52.8,33.5,https://www.timeshighereducation.com/world-university-rankings/tokyo-metropolitan-university,1-1 Minami Osawa,Hachioji-shi,13,192-0397,Japan
1501+,1501,Tokyo University of Agriculture,Japan,27.2,19.9,9.8,22.8,34.7,26.4,https://www.timeshighereducation.com/world-university-rankings/tokyo-university-agriculture,1-1-1 Sakuragaoka,Setagaya,13,156 8502,Japan
1501+,1501,Tokyo University of Marine Science and Technology,Japan,27.2,30.2,17.8,22.7,58.1,46.0,https://www.timeshighereducation.com/world-university-rankings/tokyo-university-marine-science-and-technology,4-5-7 Konan,,13,108-8477,Japan
1501+,1501,Tokyo University of Technology,Japan,27.2,16.3,12.9,11.6,31.7,33.1,https://www.timeshighereducation.com/world-university-rankings/tokyo-university-technology,1404-1 Katakura-cho,Hachioji-shi,13,192-0982,Japan
1501+,1501,Tomsk State University of Control Systems and Radioelectronics,Russian Federation,27.2,22.9,16.9,15.0,52.9,37.5,https://www.timeshighereducation.com/world-university-rankings/tomsk-state-university-control-systems-and-radioelectronics,40 Lenina Prospect,,Tomsk,634050,Russian Federation
1501+,1501,Tottori University,Japan,27.2,28.4,14.0,22.6,55.3,25.8,https://www.timeshighereducation.com/world-university-rankings/tottori-university,4-101 Koyama-cho Minami,,31,680-8550,Japan
1501+,1501,Toyama Prefectural University,Japan,27.2,22.8,9.5,7.9,32.6,23.4,https://www.timeshighereducation.com/world-university-rankings/toyama-prefectural-university,5180 Kurokawa,Imizu-shi,16,939-0398,Japan
1501+,1501,Toyo University,Japan,27.2,15.6,9.1,11.0,30.5,35.3,https://www.timeshighereducation.com/world-university-rankings/toyo-university,5-28-20 Hakusan Bunkyo-ku,Tokyo City,13,112-8606,Japan
1501+,1501,Trakia University,Bulgaria,27.2,20.9,10.3,8.3,19.4,26.9,https://www.timeshighereducation.com/world-university-rankings/trakia-university,6000 Studentski grad,Stara Zagora,Stara Zagora Province,6000,Bulgaria
1501+,1501,Trakya University,Turkey,27.2,13.9,9.2,20.5,19.9,30.5,https://www.timeshighereducation.com/world-university-rankings/trakya-university,Balkan Yerleskesi,Edirne,22,22030,Turkey
1501+,1501,Transilvania University of Brașov,Romania,27.2,14.8,13.4,47.7,35.9,40.5,https://www.timeshighereducation.com/world-university-rankings/transilvania-university-brasov,B-dul Eroilor nr. 29,Brașov,Transylvania,,Romania
1501+,1501,Tribhuvan University,Nepal,27.2,13.6,7.8,46.7,18.1,45.7,https://www.timeshighereducation.com/world-university-rankings/tribhuvan-university,Central Administrative Bldg,Kirtipur,Kathmandu,,Nepal
1501+,1501,Tula State University,Russian Federation,27.2,14.0,8.4,4.4,17.7,22.4,https://www.timeshighereducation.com/world-university-rankings/tula-state-university,92 Lenin Avenue,Tula,Tula,300012,Russian Federation
1501+,1501,Tunghai University,Taiwan,27.2,15.7,15.4,40.8,44.2,48.4,https://www.timeshighereducation.com/world-university-rankings/tunghai-university,"['No 1727', 'Section 4 Taiwan Boulevard']",Taichung City,Taichung,407224,Taiwan
1501+,1501,Ubon Ratchathani University,Thailand,27.2,15.7,10.1,43.0,27.0,30.7,https://www.timeshighereducation.com/world-university-rankings/ubon-ratchathani-university,85 Sathonlamark Road,Warin Chamrap,34,34190,Thailand
1501+,1501,Ufa State Petroleum Technological University,Russian Federation,27.2,23.8,7.9,12.4,17.4,31.1,https://www.timeshighereducation.com/world-university-rankings/ufa-state-petroleum-technological-university,1 Kosmonavtov St.,,Ufa,450064,Russian Federation
1501+,1501,Ukrainian State University of Science and Technologies,Ukraine,27.2,19.8,8.9,12.0,20.9,24.5,https://www.timeshighereducation.com/world-university-rankings/ukrainian-state-university-science-and-technologies,2 Lazaryana Street,Dnipro,Dnipropetrovsk Oblast,49010,Ukraine
1501+,1501,UNIR – International University of La Rioja,Spain,27.2,12.6,15.6,35.9,20.6,57.4,https://www.timeshighereducation.com/world-university-rankings/unir-international-university-la-rioja-0,"['Av. de la Paz', '137']",Logroño,LO,26004,Spain
1501+,1501,Unisinos University,Brazil,27.2,21.6,20.7,26.1,55.3,30.7,https://www.timeshighereducation.com/world-university-rankings/unisinos-university,Avenida Unisinos 950 - Cristo Rei,,São Leopoldo,93022-750,Brazil
1501+,1501,Universidad Andrés Bello (UNAB),Chile,27.2,15.7,10.8,37.6,22.4,52.5,https://www.timeshighereducation.com/world-university-rankings/universidad-andres-bello-unab,Avenida Republica 252,Santiago de Chile,Santiago,8370134,Chile
1501+,1501,Universidad Autónoma de Chile,Chile,27.2,13.0,13.3,39.9,20.7,55.5,https://www.timeshighereducation.com/world-university-rankings/universidad-autonoma-de-chile,425 Avenida Pedro de Valdivia,Providencia,Region Metropolitana,7500912,Chile
1501+,1501,Universidad Autónoma de Coahuila,Mexico,27.2,21.5,8.1,12.0,17.1,27.1,https://www.timeshighereducation.com/world-university-rankings/universidad-autonoma-de-coahuila,Blvd. V. Carranza s/n Col. República Oriente,Saltillo,Coahuila,25280,Mexico
1501+,1501,Universidad Autónoma del Estado de Hidalgo,Mexico,27.2,17.7,9.2,10.0,19.2,26.9,https://www.timeshighereducation.com/world-university-rankings/universidad-autonoma-del-estado-de-hidalgo,"['Carrera Pachuca Actopan KM 4.5 4th Floor', 'Edificio Building']",Pachuca de Soto,Hidalgo,42039,Mexico
1501+,1501,Universidad Autónoma del Estado de Mexico (UAEMex),Mexico,27.2,23.1,10.0,7.9,18.3,26.6,https://www.timeshighereducation.com/world-university-rankings/universidad-autonoma-del-estado-de-mexico-uaemex,Instituto Literario no. 100 Colonel Centro,Toluca,Mexico,50000,Mexico
1501+,1501,Universidad Autónoma de Nuevo León (UANL),Mexico,27.2,12.9,9.7,17.0,22.4,32.8,https://www.timeshighereducation.com/world-university-rankings/universidad-autonoma-de-nuevo-leon-uanl,Pedro de Alba S/N,San Nicolas de los Garza,Nuevo Leon,66455,Mexico
1501+,1501,Universidad Autónoma de Querétaro,Mexico,27.2,22.7,11.3,19.4,29.8,28.3,https://www.timeshighereducation.com/world-university-rankings/universidad-autonoma-de-queretaro,Cerro de Las Campanas,Santiago de Queretaro,Queretaro,76017,Mexico
1501+,1501,Universidad Autónoma de Yucatán,Mexico,27.2,16.0,9.8,11.5,24.1,31.6,https://www.timeshighereducation.com/world-university-rankings/universidad-autonoma-de-yucatan,Calle 60 Con 57 491 A,Merida,Yucatan,97000,Mexico
1501+,1501,Universidad Católica de la Santísima Concepción,Chile,27.2,11.7,18.2,26.9,17.6,50.3,https://www.timeshighereducation.com/world-university-rankings/universidad-catolica-de-la-santisima-concepcion,Alonso de Ribera 2850,Concepcion,Region del BioBio,4090541,Chile
1501+,1501,Universidad Católica del Maule,Chile,27.2,16.1,15.8,26.0,17.8,54.6,https://www.timeshighereducation.com/world-university-rankings/universidad-catolica-del-maule,San Miguel 3605,Talca,ML,34809112,Chile
1501+,1501,Universidad Científica del Sur,Peru,27.2,21.4,9.2,14.4,16.3,41.4,https://www.timeshighereducation.com/world-university-rankings/universidad-cientifica-del-sur,Calle Cantuarias 398 Miraflores,Villa II,,,Peru
1501+,1501,Universidad de Cartagena,Colombia,27.2,13.4,10.0,55.2,18.9,39.8,https://www.timeshighereducation.com/world-university-rankings/universidad-de-cartagena,Carrera 6 No. 36-100,Cartagena,Bolivar,,Colombia
1501+,1501,Universidad de las Fuerzas Armadas – ESPE,Ecuador,27.2,13.0,8.0,12.8,21.1,35.5,https://www.timeshighereducation.com/world-university-rankings/universidad-de-las-fuerzas-armadas-espe,"['Avenida General Ruminahui S/N y Ambato', 'Sangolqui']",Quito,Pichincha,171103,Ecuador
1501+,1501,Universidad del Valle,Colombia,27.2,24.9,9.4,13.5,21.1,40.1,https://www.timeshighereducation.com/world-university-rankings/universidad-del-valle,Calle 13 No 100-00,Cali,Valle Del Cauca,,Colombia
1501+,1501,Universidad Distrital Francisco José de Caldas,Colombia,27.2,17.5,9.1,12.0,19.3,30.8,https://www.timeshighereducation.com/world-university-rankings/universidad-distrital-francisco-jose-de-caldas,Calle 13 # 31-75,Bogota,Bogota,111611,Colombia
1501+,1501,Universidade do Estado de Santa Catarina,Brazil,27.2,31.5,11.8,16.2,27.4,23.9,https://www.timeshighereducation.com/world-university-rankings/universidade-do-estado-de-santa-catarina,Av Madre Benvenuta 2007 Itacorubi,Florianópolis,Santa Catarina,88035 901,Brazil
1501+,1501,Universidade do Estado do Rio de Janeiro (UERJ),Brazil,27.2,32.2,12.3,24.5,23.2,29.7,https://www.timeshighereducation.com/world-university-rankings/universidade-do-estado-do-rio-de-janeiro-uerj,Rua Sao Francisco Xavier 524,Maracana,Rio de Janeiro,20550-900,Brazil
1501+,1501,Universidade Estadual de Feira de Santana (UEFS),Brazil,27.2,21.4,9.8,18.7,17.9,28.3,https://www.timeshighereducation.com/world-university-rankings/universidade-estadual-de-feira-de-santana-uefs,Avenida Transnordestina S/N Novo Horizonte,Feira de Santana,Bahia,44036-900,Brazil
1501+,1501,Universidade Estadual de Maringá,Brazil,27.2,31.8,14.2,19.2,26.8,23.7,https://www.timeshighereducation.com/world-university-rankings/universidade-estadual-de-maringa,5790 Avenida Colombo Jardim Universitario,Maringa,Parana,87020-900,Brazil
1501+,1501,Universidade Estadual do Maranhão,Brazil,27.2,15.8,9.2,8.6,16.2,24.0,https://www.timeshighereducation.com/world-university-rankings/universidade-estadual-do-maranhao,1000 Avenida Lourenco Vieira da Silva,Sao Luis,Maranhao,65055-970,Brazil
1501+,1501,Universidade Estadual do Norte Fluminense Darcy Ribeiro,Brazil,27.2,29.8,11.9,21.6,21.9,35.0,https://www.timeshighereducation.com/world-university-rankings/universidade-estadual-do-norte-fluminense-darcy-ribeiro,"['Avenida Alberto Lamego', '2000 Parque California']",Campos dos Goytacazes,Rio de Janeiro,28013-602,Brazil
1501+,1501,Universidade Estadual do Oeste do Paraná (Unioeste),Brazil,27.2,25.3,10.0,8.1,17.9,21.7,https://www.timeshighereducation.com/world-university-rankings/universidade-estadual-do-oeste-do-parana-unioeste,1619 Rua Universitaria,Cascavel,Parana,85819-110,Brazil
1501+,1501,Universidade Federal da Bahia,Brazil,27.2,27.1,14.6,30.0,25.1,33.0,https://www.timeshighereducation.com/world-university-rankings/universidade-federal-da-bahia,Rua Augusto Viana Número 1 - Palácio da Reitoria,Salvador,Bahia,40110-909,Brazil
1501+,1501,Universidade Federal de Ciências da Saúde de Porto Alegre (UFCSPA),Brazil,27.2,23.2,13.1,27.5,30.4,30.3,https://www.timeshighereducation.com/world-university-rankings/universidade-federal-de-ciencias-da-saude-de-porto-alegre-ufcspa,"['No 245', 'Rua Sarmento Leite Centro Historico']",Porto Alegre,Rio Grande do Sul,90050-170,Brazil
1501+,1501,Universidade Federal de Juiz de Fora,Brazil,27.2,23.7,13.1,34.7,25.1,31.5,https://www.timeshighereducation.com/world-university-rankings/universidade-federal-de-juiz-de-fora,Rua Jose Lourenco Kelmer Sao Pedro,Juiz de Fora,Minas Gerais,36036-900,Brazil
1501+,1501,Universidade Federal de Ouro Preto (UFOP),Brazil,27.2,22.3,22.2,23.5,35.2,26.0,https://www.timeshighereducation.com/world-university-rankings/universidade-federal-de-ouro-preto-ufop,Rua Diogo de Vasconcelos 122,Ouro Preto,Minas Gerais,35400-000,Brazil
1501+,1501,Universidade Federal de Sergipe,Brazil,27.2,20.1,10.6,27.5,22.8,29.9,https://www.timeshighereducation.com/world-university-rankings/universidade-federal-de-sergipe-0,"['Av. Marechal Rondon s/n', 'Jd. Rosa Else']",,São Cristóvão,49100-000,Brazil
1501+,1501,Universidade Federal do ABC (UFABC),Brazil,27.2,18.8,17.3,36.0,28.9,45.1,https://www.timeshighereducation.com/world-university-rankings/universidade-federal-do-abc-ufabc,"['No 5001', 'Avenida dos Estados Bairro Bangu']",Santo Andre,Bairro Santa Terezinha,09210 0928,Brazil
1501+,1501,Universidade Federal do Maranhão (UFMA),Brazil,27.2,15.0,12.0,15.8,24.6,24.2,https://www.timeshighereducation.com/world-university-rankings/universidade-federal-do-maranhao-ufma,1966 Avenida dos Portugueses Bacanga,Sao Luis,Maranhao,65080-805,Brazil
1501+,1501,Universidade Federal Rural do Semi-Arido,Brazil,27.2,18.0,8.5,7.4,16.3,19.1,https://www.timeshighereducation.com/world-university-rankings/universidade-federal-rural-do-semi-arido,Avenida Francisco Mota 572 Bairro Costa e Silva,Mossoro,Rio Grande do Norte,59 625 900,Brazil
1501+,1501,Universidade Lusófona,Portugal,27.2,23.6,9.9,36.9,20.7,54.9,https://www.timeshighereducation.com/world-university-rankings/universidade-lusofona,376 Campo Grande,Lisboa,Lisboa,1749-024,Portugal
1501+,1501,Universidade Nove de Julho (Uninove),Brazil,27.2,23.6,9.1,12.0,17.8,32.1,https://www.timeshighereducation.com/world-university-rankings/universidade-nove-de-julho-uninove,235-249 Rua Vergueiro Liberdade,Sao Paulo,Sao Paulo,01504-001,Brazil
1501+,1501,Universidad Francisco de Vitoria,Spain,27.2,15.5,12.7,46.3,18.3,41.3,https://www.timeshighereducation.com/world-university-rankings/universidad-francisco-de-vitoria,"['Pozuelo Majadahonda Road Km 1', '800']",Pozuelo de Alarcon,M,28223,Spain
1501+,1501,Universidad Industrial de Santander (UIS),Colombia,27.2,16.2,11.4,14.4,24.2,39.1,https://www.timeshighereducation.com/world-university-rankings/universidad-industrial-de-santander-uis,Carrera 27 Calle 9,Bucaramanga,Santander,,Colombia
1501+,1501,Universidad Loyola,Spain,27.2,16.2,16.5,41.9,20.2,48.7,https://www.timeshighereducation.com/world-university-rankings/universidad-loyola,Avenida de las Universidades 2 Dos Hermanas,Sevilla,SE,41704,Spain
1501+,1501,Universidad Mayor,Chile,27.2,19.7,8.9,33.2,17.6,48.2,https://www.timeshighereducation.com/world-university-rankings/universidad-mayor,Manuel Montt 367 Providencia,Santiago,Santiago,,Chile
1501+,1501,Universidad Michoacana de San Nicolás de Hidalgo,Mexico,27.2,15.5,8.9,13.5,19.4,29.5,https://www.timeshighereducation.com/world-university-rankings/universidad-michoacana-de-san-nicolas-de-hidalgo,Avenida Francisco J Mugica Ciudad Universitaria,Morelia,Michoacan,58030,Mexico
1501+,1501,Universidad Nacional Agraria La Molina,Peru,27.2,23.9,8.0,11.1,16.8,44.8,https://www.timeshighereducation.com/world-university-rankings/universidad-nacional-agraria-la-molina,Avenida La Molina,La Molina,Lima,,Peru
1501+,1501,Universidad Nacional de Asunción,Paraguay,27.2,22.4,9.6,24.9,20.4,47.2,https://www.timeshighereducation.com/world-university-rankings/universidad-nacional-de-asuncion,"['UNA Campus', 'Km 11']",San Lorenzo,Gran Asuncion,,Paraguay
1501+,1501,Universidad Nacional del Litoral,Argentina,27.2,13.5,9.6,16.9,25.2,33.3,https://www.timeshighereducation.com/world-university-rankings/universidad-nacional-del-litoral,Bv. Pellegrini 2750,Santa Fe,Santa Fe Province,3000,Argentina
1501+,1501,Universidad Nacional Mayor de San Marcos,Peru,27.2,20.6,10.6,13.8,16.6,34.0,https://www.timeshighereducation.com/world-university-rankings/universidad-nacional-mayor-de-san-marcos,Calle Germán Amézaga N° 375 Edificio Jorge Basadre,,Lima,1,Peru
1501+,1501,Universidad Panamericana (UP),Mexico,27.2,24.5,9.2,12.5,19.3,46.9,https://www.timeshighereducation.com/world-university-rankings/universidad-panamericana,Augusto Rodin No 498 Insurgentes Mixcoac,Ciudad de Mexico,Ciudad de Mexico,03920,Mexico
1501+,1501,Universidad Pedagogica y Tecnologica de Colombia - UPTC,Colombia,27.2,13.9,8.0,6.0,16.4,34.1,https://www.timeshighereducation.com/world-university-rankings/universidad-pedagogica-y-tecnologica-de-colombia-uptc,Avenida Central del Norte,Tunja,Boyaca,39-115,Colombia
1501+,1501,Universidad Peruana de Ciencias Aplicadas (UPC),Peru,27.2,12.0,8.8,13.6,17.2,33.5,https://www.timeshighereducation.com/world-university-rankings/universidad-peruana-de-ciencias-aplicadas-upc,"['Prolongacion Primavera 2390 Monterrico', 'Santiago de Surco']",Lima,Lima,,Peru
1501+,1501,Universidad Politécnica Salesiana,Ecuador,27.2,13.1,9.6,14.6,20.3,33.2,https://www.timeshighereducation.com/world-university-rankings/universidad-politecnica-salesiana,Calle Turuhuayco 3-69 y Calle Vieja,Cuenca,Azuay Province,,Ecuador
1501+,1501,Universidad Pontificia Bolivariana (UPB),Colombia,27.2,25.5,12.0,12.3,36.1,34.8,https://www.timeshighereducation.com/world-university-rankings/universidad-pontificia-bolivariana-upb,Circular 1 No. 70-01 Laureles Neighborhood,Medellin,Antioquia Department,50001,Colombia
1501+,1501,Universidad San Ignacio de Loyola,Peru,27.2,12.0,10.1,29.4,16.7,40.9,https://www.timeshighereducation.com/world-university-rankings/universidad-san-ignacio-de-loyola,Avenida La Fontana 550 La Molina,Lima,Lima,,Peru
1501+,1501,Universidad Santo Tomás,Chile,27.2,13.4,10.7,15.4,16.6,45.6,https://www.timeshighereducation.com/world-university-rankings/universidad-santo-tomas,165 Vergara,Santiago,Santiago Metropolitan Region,,Chile
1501+,1501,Universidad Técnica de Manabí,Ecuador,27.2,9.6,9.3,8.9,16.1,60.0,https://www.timeshighereducation.com/world-university-rankings/universidad-tecnica-de-manabi,Avenida Urbina y Che Guevara,Portoviejo,Manabi Province,130105,Ecuador
1501+,1501,Universidad Técnica Particular de Loja,Ecuador,27.2,13.4,8.5,12.1,20.1,44.9,https://www.timeshighereducation.com/world-university-rankings/universidad-tecnica-particular-de-loja,San Cayetano Alto,Loja,Loja Province,110107,Ecuador
1501+,1501,Universitas Ahmad Dahlan,Indonesia,27.2,12.0,11.3,43.6,25.8,38.8,https://www.timeshighereducation.com/world-university-rankings/universitas-ahmad-dahlan,Pramuka street No. 42,Kota Yogyakarta,Daerah Istimewa Yogyakarta,55161,Indonesia
1501+,1501,Universitas Andalas,Indonesia,27.2,17.8,11.9,22.6,37.8,42.3,https://www.timeshighereducation.com/world-university-rankings/universitas-andalas,Jalan Universitas Andalas Limau Manis,Padang,Sumatera Barat,25163,Indonesia
1501+,1501,Universitas Muhammadiyah Malang,Indonesia,27.2,11.6,9.6,31.4,16.5,29.5,https://www.timeshighereducation.com/world-university-rankings/universitas-muhammadiyah-malang,Jalan Bandung 1,Malang,Jawa Timur,65113,Indonesia
1501+,1501,Universitas Muhammadiyah Yogyakarta,Indonesia,27.2,12.4,11.9,25.4,18.3,49.0,https://www.timeshighereducation.com/world-university-rankings/universitas-muhammadiyah-yogyakarta,Jalan Brawijaya Kasihan,Bantul,Yogyakarta,55183,Indonesia
1501+,1501,Universitas Negeri Jakarta,Indonesia,27.2,21.2,11.2,23.2,16.0,21.2,https://www.timeshighereducation.com/world-university-rankings/universitas-negeri-jakarta,"['Jalan Rawamangun Muka RT11/RW14', 'Rawamangun']",East Jakarta City,JK,13220,Indonesia
1501+,1501,Universitas Negeri Padang,Indonesia,27.2,12.8,8.6,52.3,16.8,42.0,https://www.timeshighereducation.com/world-university-rankings/universitas-negeri-padang,Jl. Prof. Dr. Hamka Air Tawar Bar,Kota Padang,Sumatera Barat,25171,Indonesia
1501+,1501,Universitas Negeri Semarang,Indonesia,27.2,13.2,11.7,44.7,17.1,30.4,https://www.timeshighereducation.com/world-university-rankings/universitas-negeri-semarang,"['H Building', 'the 2nd Floor Sekaran', 'Gunungpati']",Semarang,Central Java province,50229,Indonesia
1501+,1501,Universitas Negeri Surabaya,Indonesia,27.2,13.8,10.6,25.7,21.1,37.0,https://www.timeshighereducation.com/world-university-rankings/universitas-negeri-surabaya,Jl. Lidah Wetan,,Surabaya,60213,Indonesia
1501+,1501,Universitas Negeri Yogyakarta,Indonesia,27.2,19.2,12.1,46.0,24.3,35.7,https://www.timeshighereducation.com/world-university-rankings/universitas-negeri-yogyakarta,Jl. Colombo No.1 Karangmalang Subdistrict,Yogyakarta,Yogyakarta,55281,Indonesia
1501+,1501,Universitas Pendidikan Indonesia,Indonesia,27.2,20.3,11.9,32.2,20.7,28.4,https://www.timeshighereducation.com/world-university-rankings/universitas-pendidikan-indonesia,229 Jalan Doktor Setiabudhi,Bandung,Jawa Barat,40154,Indonesia
1501+,1501,Universitas Sriwijaya,Indonesia,27.2,14.3,9.5,14.8,18.7,19.8,https://www.timeshighereducation.com/world-university-rankings/universitas-sriwijaya,"['Jalan Palembang Prabumulih KM 32', 'Kabupaten Ogan Ilir']",Inderalaya,Sumatera Selatan,30662,Indonesia
1501+,1501,Universitas Sumatera Utara,Indonesia,27.2,17.8,11.3,27.6,21.2,37.7,https://www.timeshighereducation.com/world-university-rankings/universitas-sumatera-utara,"['Jalan Dr. T.Mansur No.9', 'Medan']",,SU,20155,Indonesia
1501+,1501,Universitas Syiah Kuala,Indonesia,27.2,17.5,9.6,48.0,19.5,25.6,https://www.timeshighereducation.com/world-university-rankings/universitas-syiah-kuala,No 441 Jalan Teuku Nyak Arief Kopelma Darussalam,Banda Aceh,AC,23111,Indonesia
1501+,1501,Université 8 Mai 1945 Guelma,Algeria,27.2,18.7,8.6,30.6,19.5,35.6,https://www.timeshighereducation.com/world-university-rankings/universite-8-mai-1945-guelma,Guelma,Guelma,Guelma Province,24000,Algeria
1501+,1501,Université Cheikh Anta Diop de Dakar (UCAD),Senegal,27.2,16.3,10.7,17.5,23.9,52.2,https://www.timeshighereducation.com/world-university-rankings/universite-cheikh-anta-diop-de-dakar-ucad,Dakar Fann BP 5005,Dakar,Dakar,,Senegal
1501+,1501,Université Chouaïb Doukkali,Morocco,27.2,15.8,11.6,40.1,21.5,28.3,https://www.timeshighereducation.com/world-university-rankings/universite-chouaib-doukkali,Avenue Jabran Khalil Jabran B.P 299,El Jadida,Grand-Casablanca Region,24000,Morocco
1501+,1501,Université de Gabès,Tunisia,27.2,20.3,11.5,35.0,20.5,44.2,https://www.timeshighereducation.com/world-university-rankings/universite-de-gabes,Rue Omar Ibn Khattab,Gabes,Gabes Governorate,6029,Tunisia
1501+,1501,Université de Skikda,Algeria,27.2,13.0,7.7,48.6,16.9,42.2,https://www.timeshighereducation.com/world-university-rankings/universite-de-skikda,BP 26. Route d'El Hadaiek,Skikda,Skikda Province,21000,Algeria
1501+,1501,Université Frères Mentouri Constantine 1,Algeria,27.2,20.2,8.8,15.2,19.2,36.8,https://www.timeshighereducation.com/world-university-rankings/universite-freres-mentouri-constantine-1,325 Ain El Bey Way,Constantine,Constantine Province,25017,Algeria
1501+,1501,Université Hassan II de Casablanca,Morocco,27.2,22.3,9.4,44.6,27.0,28.5,https://www.timeshighereducation.com/world-university-rankings/universite-hassan-ii-de-casablanca,Rue Tarik Bnou Ziad Mers Sultan,Casablanca,Casablanca Settat,9167,Morocco
1501+,1501,Université Kasdi Merbah Ouargla,Algeria,27.2,28.2,10.2,21.0,17.3,32.6,https://www.timeshighereducation.com/world-university-rankings/universite-kasdi-merbah-ouargla,Route de Ghardaia,Ouargla,BP.511,30 000,Algeria
1501+,1501,Université Mouloud Mammeri de Tizi-Ouzou,Algeria,27.2,18.2,8.0,6.6,17.1,41.1,https://www.timeshighereducation.com/world-university-rankings/universite-mouloud-mammeri-de-tizi-ouzou,Rue Freres Ouamrane,Tizi Ouzou,Kabylie,,Algeria
1501+,1501,Université Polytechnique Hauts-de-France,France,27.2,17.4,8.3,35.3,57.7,68.2,https://www.timeshighereducation.com/world-university-rankings/universite-polytechnique-hauts-de-france,Cedex 9,Valenciennes,Hauts de France,59313,France
1501+,1501,Université Saint-Joseph de Beyrouth,Lebanon,27.2,32.2,10.9,24.9,28.2,73.7,https://www.timeshighereducation.com/world-university-rankings/universite-saint-joseph-de-beyrouth,Rue de Damas P.O. Box 17-5208,Mar Mikhael,Beirut District,1104 2020,Lebanon
1501+,1501,Université Sorbonne Nouvelle,France,27.2,28.0,12.0,23.3,37.4,67.3,https://www.timeshighereducation.com/world-university-rankings/universite-sorbonne-nouvelle,8 Avenue De Saint Mande,Paris,Paris,75231,France
1501+,1501,Université Sultan Moulay Slimane,Morocco,27.2,18.6,13.0,46.0,18.2,22.9,https://www.timeshighereducation.com/world-university-rankings/universite-sultan-moulay-slimane,Av Med V BP 591,,Beni Mellal,,Morocco
1501+,1501,Universiti Kuala Lumpur,Malaysia,27.2,20.6,9.6,23.6,28.8,39.3,https://www.timeshighereducation.com/world-university-rankings/universiti-kuala-lumpur,1016 Jalan Sultan Ismail,Kuala Lumpur,14,50250,Malaysia
1501+,1501,Universiti Malaysia Kelantan,Malaysia,27.2,16.1,14.8,35.5,37.7,49.8,https://www.timeshighereducation.com/world-university-rankings/universiti-malaysia-kelantan,Karung Berkunci 36 Pengkalan Chepa,Kota Bharu,03,16100,Malaysia
1501+,1501,Universiti Malaysia Perlis,Malaysia,27.2,23.5,13.9,34.2,35.2,39.6,https://www.timeshighereducation.com/world-university-rankings/universiti-malaysia-perlis,Persiaran Jubli Emas,Arau,09,02600,Malaysia
1501+,1501,Universiti Malaysia Sabah (UMS),Malaysia,27.2,23.9,12.2,28.1,28.8,42.1,https://www.timeshighereducation.com/world-university-rankings/universiti-malaysia-sabah-ums,Jalan UMS,Kota Kinabalu,12,88400,Malaysia
1501+,1501,Universiti Teknikal Malaysia Melaka,Malaysia,27.2,26.9,11.4,27.3,37.4,48.3,https://www.timeshighereducation.com/world-university-rankings/universiti-teknikal-malaysia-melaka,Hang Tuah Jaya Durian Tunggal,Malacca,Malacca,76100,Malaysia
1501+,1501,Universiti Teknologi MARA,Malaysia,27.2,21.2,17.1,33.9,46.5,29.8,https://www.timeshighereducation.com/world-university-rankings/universiti-teknologi-mara,Shah Alam,Darul Ehsan,10,40450,Malaysia
1501+,1501,Universiti Tun Hussein Onn Malaysia (UTHM),Malaysia,27.2,23.2,15.3,36.3,30.2,46.6,https://www.timeshighereducation.com/world-university-rankings/universiti-tun-hussein-onn-malaysia-uthm,Parit Raja,Batu Pahat,01,86400,Malaysia
1501+,1501,University Abdelhamid Ibn Badis Mostaganem,Algeria,27.2,22.1,7.9,10.7,16.6,35.5,https://www.timeshighereducation.com/world-university-rankings/university-abdelhamid-ibn-badis-mostaganem,Route natoinale N 11,Kharouba,Mostaganem,27000,Algeria
1501+,1501,University Cadi Ayyad of Marrakech,Morocco,27.2,23.3,10.9,43.0,24.5,38.3,https://www.timeshighereducation.com/world-university-rankings/university-cadi-ayyad-marrakech,511 Abdelkrim Khattabi Avenue,Marrakech,Marrakech Safi Region,40000,Morocco
1501+,1501,University for Development Studies,Ghana,27.2,24.4,10.7,35.2,18.4,49.2,https://www.timeshighereducation.com/world-university-rankings/university-development-studies,Box TL 1350,Tamale,Northern Region,,Ghana
1501+,1501,University Mohamed Boudiaf of M’Sila,Algeria,27.2,18.5,9.8,15.7,18.7,35.5,https://www.timeshighereducation.com/world-university-rankings/university-mohamed-boudiaf-msila,M'sila,,BP 166,,Algeria
1501+,1501,University of Abou Bekr Belkaïd Tlemcen,Algeria,27.2,27.3,8.2,13.7,20.1,35.3,https://www.timeshighereducation.com/world-university-rankings/university-abou-bekr-belkaid-tlemcen,"['22', 'Rue Abi Ayad Abdelkrim']",Fg Pasteur,Tlemcen BP 119,,Algeria
1501+,1501,University of Al-Qadisiyah,Iraq,27.2,21.5,7.9,40.5,16.6,29.8,https://www.timeshighereducation.com/world-university-rankings/university-al-qadisiyah,PO Box 88,Al Qadisiyah,Al Qadisiyah,,Iraq
1501+,1501,University of Antofagasta,Chile,27.2,22.5,9.6,40.2,18.1,55.0,https://www.timeshighereducation.com/world-university-rankings/university-antofagasta,No 601 Avenida Angamos,Antofagasta,Antofagasta Province,1240000,Chile
1501+,1501,University of Babylon,Iraq,27.2,28.4,9.0,33.4,21.9,22.1,https://www.timeshighereducation.com/world-university-rankings/university-babylon,P.O. Box 4,Hillah,Babylon,51002,Iraq
1501+,1501,University of Baghdad,Iraq,27.2,28.3,14.8,28.2,29.3,20.0,https://www.timeshighereducation.com/world-university-rankings/university-baghdad,Jadriyah,Baghdad,Baghdad,,Iraq
1501+,1501,University of Basrah,Iraq,27.2,15.2,8.1,14.5,17.1,24.2,https://www.timeshighereducation.com/world-university-rankings/university-basrah,Al-Ashar Corniche Street,,Basrah,,Iraq
1501+,1501,University of Batna 2,Algeria,27.2,20.2,7.6,10.3,17.1,28.7,https://www.timeshighereducation.com/world-university-rankings/university-batna-2,53 Constantine-Fesdis road,Batna,Batna Province,05078,Algeria
1501+,1501,University of Béjaïa,Algeria,27.2,17.4,8.7,19.0,19.5,43.8,https://www.timeshighereducation.com/world-university-rankings/university-bejaia,Route de Targa Ouzemour,Bejaia,Bejaia Province,,Algeria
1501+,1501,University of Benin,Nigeria,27.2,15.6,9.2,50.5,17.8,35.5,https://www.timeshighereducation.com/world-university-rankings/university-benin,Ugbowo Rd. P.M.B. 1154,Benin,ED,,Nigeria
1501+,1501,University of Bío-Bío,Chile,27.2,14.9,6.8,17.2,18.7,46.8,https://www.timeshighereducation.com/world-university-rankings/university-bio-bio,Avenida Collao 1202 Casilla 5C,Concepcion,Concepcion Province,4051381,Chile
1501+,1501,University of Birjand,Iran,27.2,15.6,13.7,27.2,20.3,28.1,https://www.timeshighereducation.com/world-university-rankings/university-birjand,University of Birjand Blvd Avini Blvd,Birjand,South Khorasan,,Iran
1501+,1501,University of Biskra,Algeria,27.2,18.2,8.3,23.6,18.7,38.5,https://www.timeshighereducation.com/world-university-rankings/university-biskra,PO Box 145 RP,Biskra,Biskra,7000,Algeria
1501+,1501,University of Brawijaya,Indonesia,27.2,24.9,13.3,23.7,36.2,43.8,https://www.timeshighereducation.com/world-university-rankings/university-brawijaya,Veteran Street Malang,,JI,65145,Indonesia
1501+,1501,University of Calabar,Nigeria,27.2,20.4,9.6,39.7,17.0,39.0,https://www.timeshighereducation.com/world-university-rankings/university-calabar,Leopad Town Road,Leopad Town,Calabar,,Nigeria
1501+,1501,University of Carthage,Tunisia,27.2,24.8,10.2,32.2,34.7,43.9,https://www.timeshighereducation.com/world-university-rankings/university-carthage,Avenue de la Republique BP 77-1054,Amilcar,Tunis,,Tunisia
1501+,1501,University of Cauca,Colombia,27.2,19.2,8.7,8.1,34.7,36.8,https://www.timeshighereducation.com/world-university-rankings/university-cauca,Calle 5 No 4-70,Popayan,Cauca,,Colombia
1501+,1501,University of Caxias do Sul,Brazil,27.2,18.5,9.2,24.3,23.5,23.4,https://www.timeshighereducation.com/world-university-rankings/university-caxias-do-sul,1130 Rua Francisco Getulio Vargas,Caxias do Sul,Rio Grande do Sul,95070-560,Brazil
1501+,1501,University of Chester,United Kingdom,27.2,19.8,12.9,31.0,27.9,69.8,https://www.timeshighereducation.com/world-university-rankings/university-chester,Parkgate Road,Chester,Cheshire,CH1 4BJ,United Kingdom
1501+,1501,University of Costa Rica,Costa Rica,27.2,20.9,10.2,33.9,23.2,45.6,https://www.timeshighereducation.com/world-university-rankings/university-costa-rica,Rodrigo Facio Brenes Montes de Oca,San Jose,San Jose,2060,Costa Rica
1501+,1501,University of Craiova,Romania,27.2,16.2,11.5,26.6,24.2,25.8,https://www.timeshighereducation.com/world-university-rankings/university-craiova,Str. A. I. Cuza nr.13,Craiova,Dolj,200585,Romania
1501+,1501,University of Cuenca,Ecuador,27.2,13.9,10.9,16.8,35.2,46.3,https://www.timeshighereducation.com/world-university-rankings/university-cuenca,Avenida 12 de Abril y Avenida Loja,Cuenca,Azuay,010107,Ecuador
1501+,1501,University of Dar es Salaam,Tanzania,27.2,14.5,11.1,26.5,21.9,47.2,https://www.timeshighereducation.com/world-university-rankings/university-dar-es-salaam,P.O. Box 35091,Dar es Salaam,Dar es Salaam Region,,Tanzania
1501+,1501,University of Diyala,Iraq,27.2,18.9,8.4,33.9,17.1,27.1,https://www.timeshighereducation.com/world-university-rankings/university-diyala,Badhdad Street,Baquba,Diyala Governorate,,Iraq
1501+,1501,Prague University of Economics and Business (VŠE),Czechia,27.2,17.2,15.0,30.1,20.3,52.3,https://www.timeshighereducation.com/world-university-rankings/prague-university-economics-and-business-vse,West Churchilla 1938/4 Zizkov,Prague,Prague,130 67,Czechia
1501+,1501,University of Fortaleza (UNIFOR),Brazil,27.2,14.9,9.7,15.6,19.6,29.7,https://www.timeshighereducation.com/world-university-rankings/university-fortaleza-unifor,"['Av. Washington Soares', '1321 Edson Queiroz']",,Fortaleza - CE,,Brazil
1501+,1501,University of Fukui,Japan,27.2,27.7,12.4,18.7,42.9,26.8,https://www.timeshighereducation.com/world-university-rankings/university-fukui,3-9-1 Bunkyo,Fukui-shi,18,910-8507,Japan
1501+,1501,University of Gdańsk,Poland,27.2,27.3,15.1,35.3,31.6,36.9,https://www.timeshighereducation.com/world-university-rankings/university-gdansk,Ulica Jana Bazynskiego 8,Gdansk,Pomeranian Voivodeship,80-309,Poland
1501+,1501,University of Guadalajara,Mexico,27.2,17.9,9.3,17.2,19.6,29.7,https://www.timeshighereducation.com/world-university-rankings/university-guadalajara,Avenida Juarez No 976 Colonia Centro,Guadalajara,Jalisco,44100,Mexico
1501+,1501,University of Guanajuato,Mexico,27.2,16.9,9.3,14.6,22.2,33.1,https://www.timeshighereducation.com/world-university-rankings/university-guanajuato,Lascurain de Retana No. 5 Centro,Guanajuato,Guanajuato,36000,Mexico
1501+,1501,University of Havana,Cuba,27.2,30.8,23.0,14.4,55.8,51.8,https://www.timeshighereducation.com/world-university-rankings/university-havana,"['San Lazaro and L Street', 'Vedad']",Havana,03,,Cuba
1501+,1501,University of Hormozgan,Iran,27.2,23.2,15.5,33.9,23.1,30.1,https://www.timeshighereducation.com/world-university-rankings/university-hormozgan,KM 9 of Minab Road,,Bandar Abbas,7916193145,Iran
1501+,1501,University of Huelva,Spain,27.2,23.2,16.6,32.6,28.8,36.2,https://www.timeshighereducation.com/world-university-rankings/university-huelva,Calle Dr. Cantero Cuadrado,Huelva,H,,Spain
1501+,1501,University of Hyogo,Japan,27.2,21.8,13.3,13.1,59.2,25.5,https://www.timeshighereducation.com/world-university-rankings/university-hyogo,8-2-1 Gakuennishi-machi,Kobe,Hyōgo,651-2197,Japan
1501+,1501,University of Jijel,Algeria,27.2,15.9,8.7,15.5,17.3,33.9,https://www.timeshighereducation.com/world-university-rankings/university-jijel,BP 98,Jijel,Ouled Aïssa,18000,Algeria
1501+,1501,University of Karachi,Pakistan,27.2,16.2,11.1,28.8,28.2,47.1,https://www.timeshighereducation.com/world-university-rankings/university-karachi,Main University Road,Karachi,Sindh,75270,Pakistan
1501+,1501,University of Kelaniya,Sri Lanka,27.2,17.0,8.4,23.2,19.7,33.3,https://www.timeshighereducation.com/world-university-rankings/university-kelaniya,"['Kandy Road', 'Dalugama']",Kelaniya,Colombo,11600,Sri Lanka
1501+,1501,University of Kerbala,Iraq,27.2,22.3,8.1,16.9,16.4,27.5,https://www.timeshighereducation.com/world-university-rankings/university-kerbala,Fraiha P.O. Box 1125,Kerbala,Kerbala,56001,Iraq
1501+,1501,University of Kirkuk,Iraq,27.2,16.1,8.1,14.3,16.4,27.4,https://www.timeshighereducation.com/world-university-rankings/university-kirkuk,University District,Kirkuk,Kirkuk Governorate,,Iraq
1501+,1501,University of Kufa,Iraq,27.2,23.6,9.0,38.1,16.9,24.3,https://www.timeshighereducation.com/world-university-rankings/university-kufa,P.O Box 21,Kufa,Najaf Governorate,,Iraq
1501+,1501,University of Laghouat,Algeria,27.2,17.4,8.2,20.5,17.1,40.9,https://www.timeshighereducation.com/world-university-rankings/university-laghouat,Route de Ghardaia BP G37,Laghouat,Laghouat,,Algeria
1501+,1501,University of Lampung,Indonesia,27.2,15.4,8.5,19.1,17.8,19.2,https://www.timeshighereducation.com/world-university-rankings/university-lampung,Jl. Prof. Dr. Sumantri Brojonegoro No.1,,Bandar Lampung,35145,Indonesia
1501+,1501,University of La Rochelle,France,27.2,19.7,12.6,33.6,30.2,65.5,https://www.timeshighereducation.com/world-university-rankings/university-la-rochelle,23 Avenue Albert Einstein PO Box 33060,La Rochelle,Charente Maritime,17031,France
1501+,1501,University of La Sabana,Colombia,27.2,20.9,11.2,46.2,21.3,41.8,https://www.timeshighereducation.com/world-university-rankings/university-la-sabana,Km 7 Autopista Norte de Bogota,Chia,Cundinamarca,,Colombia
1501+,1501,University of Las Américas (UDLA),Ecuador,27.2,20.5,10.2,38.0,25.2,63.0,https://www.timeshighereducation.com/world-university-rankings/university-las-americas-udla,Av. de los Granados E12-41y Colimes esq.,Quito,,EC170125,Ecuador
1501+,1501,University of Lethbridge,Canada,27.2,20.8,14.7,29.6,41.6,59.4,https://www.timeshighereducation.com/world-university-rankings/university-lethbridge,4401 University Drive,Lethbridge,Alberta,T1K 3M4,Canada
1501+,1501,University of Life Sciences in Lublin,Poland,27.2,24.2,12.0,32.5,23.4,23.8,https://www.timeshighereducation.com/world-university-rankings/university-life-sciences-lublin,ul. Akademicka 13,Lublin,Lublin Voivodeship,20-950,Poland
1501+,1501,University of Lodz,Poland,27.2,24.5,18.5,32.6,21.7,37.2,https://www.timeshighereducation.com/world-university-rankings/university-lodz,ul. Narutowicza 68,,Lodz,90-136,Poland
1501+,1501,University of Los Lagos,Chile,27.2,15.6,14.6,21.0,16.6,48.5,https://www.timeshighereducation.com/world-university-rankings/university-los-lagos,Lord Cochrane 1046,Osorno,Los Lagos Region,,Chile
1501+,1501,University of Lucknow,India,27.2,29.5,10.0,23.2,19.2,27.2,https://www.timeshighereducation.com/world-university-rankings/university-lucknow,University Road Babuganj Hasanganj,Lucknow,UP,226007,India
1501+,1501,University of Macedonia,Greece,27.2,17.7,18.0,43.8,31.8,27.5,https://www.timeshighereducation.com/world-university-rankings/university-macedonia,156 Egnatia Street,Thessaloniki,Central Macedonia,546 36,Greece
1501+,1501,University of Mascara,Algeria,27.2,15.7,8.0,27.1,17.0,43.2,https://www.timeshighereducation.com/world-university-rankings/university-mascara,B.P305 Avenue Cheikh El Khaldi,Mascara,Mascara Province,29000,Algeria
1501+,1501,University of Mataram,Indonesia,27.2,11.8,8.4,39.0,17.6,26.3,https://www.timeshighereducation.com/world-university-rankings/university-mataram,"['Jl. Majapahit', 'No 62 Mataram Gomong', 'Kec. Selaparang']",Kota Mataram,Nusa Tenggara Bar,83115,Indonesia
1501+,1501,University of Medellín,Colombia,27.2,18.0,11.4,24.8,23.0,44.5,https://www.timeshighereducation.com/world-university-rankings/university-medellin,Carrera 87 N° 30 - 65,,Medellin,,Colombia
1501+,1501,University of Miskolc,Hungary,27.2,23.8,14.7,21.2,24.3,36.4,https://www.timeshighereducation.com/world-university-rankings/university-miskolc,Miskolc,Miskolc,Borsod Abauj Zemplen,3515,Hungary
1501+,1501,University of Miyazaki,Japan,27.2,27.0,12.6,23.2,49.6,26.4,https://www.timeshighereducation.com/world-university-rankings/university-miyazaki,1-1 Gakuen Kibanadai-nishi,Miyazaki,Miyazaki Prefecture,889-2192,Japan
1501+,1501,University of Monastir,Tunisia,27.2,24.2,10.9,39.8,32.7,46.9,https://www.timeshighereducation.com/world-university-rankings/university-monastir,Avenue Taher Hadded B.P 56,Monastir,Sahel Region,5000,Tunisia
1501+,1501,University of Montenegro,Montenegro,27.2,14.0,12.1,24.3,27.4,48.3,https://www.timeshighereducation.com/world-university-rankings/university-montenegro,Cetinjski put 2,Podgorica,Podgorica Municipality,81000,Montenegro
1501+,1501,University of Moratuwa,Sri Lanka,27.2,12.9,14.5,40.2,36.2,26.2,https://www.timeshighereducation.com/world-university-rankings/university-moratuwa,Bandaranayake Mawatha,Colombo,Moratuwa,10400,Sri Lanka
1501+,1501,University of Mosul,Iraq,27.2,19.3,10.5,16.9,29.9,19.2,https://www.timeshighereducation.com/world-university-rankings/university-mosul,Main Cultural Group Street,Mosul,Nineveh Governorate,41002,Iraq
1501+,1501,University of Nairobi,Kenya,27.2,15.9,16.1,39.7,22.5,49.4,https://www.timeshighereducation.com/world-university-rankings/university-nairobi,Uhuru Highway,Nairobi,Nairobi,00100,Kenya
1501+,1501,University of Namibia,Namibia,27.2,14.5,9.0,27.2,17.7,60.4,https://www.timeshighereducation.com/world-university-rankings/university-namibia,340 Mandume Ndemufayo Avenue,Windhoek,Windhoek,13301,Namibia
1501+,1501,University of Northampton,United Kingdom,27.2,16.1,11.0,40.4,18.7,80.3,https://www.timeshighereducation.com/world-university-rankings/university-northampton,University Drive,Northampton,Northamptonshire,NN1 5PH,United Kingdom
1501+,1501,University of Novi Sad,Serbia,27.2,19.9,11.5,32.8,59.6,38.8,https://www.timeshighereducation.com/world-university-rankings/university-novi-sad,Dr Zorana Ðindica 1,Novi Sad,Vojvodina Province,21000,Serbia
1501+,1501,University of Oradea,Romania,27.2,16.5,13.3,31.7,18.7,38.5,https://www.timeshighereducation.com/world-university-rankings/university-oradea,Str. University no. 1 Oradea,,Bihor,410087,Romania
1501+,1501,University of Ostrava,Czechia,27.2,20.0,16.7,32.7,20.7,51.1,https://www.timeshighereducation.com/world-university-rankings/university-ostrava,Dvorákova 7,Ostrava,Moravian-Silesian Region,701 03,Czechia
1501+,1501,University of Oum El Bouaghi,Algeria,27.2,23.8,14.5,30.8,30.1,32.0,https://www.timeshighereducation.com/world-university-rankings/university-oum-el-bouaghi,PO Box 358 Constantine Road,,Oum El Bouaghi,04000,Algeria
1501+,1501,University of Pannonia,Hungary,27.2,22.7,17.7,29.9,31.8,35.9,https://www.timeshighereducation.com/world-university-rankings/university-pannonia,10 Egyetem Street,Veszprem,Central Transdanubia Region,8200,Hungary
1501+,1501,University of Pardubice,Czechia,27.2,19.7,18.6,22.8,37.8,40.7,https://www.timeshighereducation.com/world-university-rankings/university-pardubice,Studentska 95,Pardubice 2,Pardubice Region,532 10,Czechia
1501+,1501,University of Passo Fundo (UPF),Brazil,27.2,20.8,12.0,27.5,19.0,27.9,https://www.timeshighereducation.com/world-university-rankings/university-passo-fundo-upf,"['BR 285', 'São José']",Passo Fundo,Rio Grande do Sul,99052-900,Brazil
1501+,1501,University of Pau and Pays de l’Adour,France,27.2,24.4,12.5,20.0,31.7,76.2,https://www.timeshighereducation.com/world-university-rankings/university-pau-and-pays-de-ladour,Avenue de l Universite BP 576,Pau,Nouvelle-Aquitaine Region,64012,France
1501+,1501,University of Pernambuco,Brazil,27.2,17.6,9.3,13.2,19.7,27.2,https://www.timeshighereducation.com/world-university-rankings/university-pernambuco,Avenida Agamenon Magalhaes,Recife,Pernambuco,50100-010,Brazil
1501+,1501,University of Phayao,Thailand,27.2,13.7,10.7,33.5,19.9,24.1,https://www.timeshighereducation.com/world-university-rankings/university-phayao,19 Moo 2 Tambon Maeka,Amphur,Muang Phayao,56000,Thailand
1501+,1501,University of Port Harcourt,Nigeria,27.2,20.6,8.8,19.5,21.2,37.6,https://www.timeshighereducation.com/world-university-rankings/university-port-harcourt,East West Road Choba,Port Harcourt,Rivers State,5323,Nigeria
1501+,1501,University of Primorska,Slovenia,27.2,20.0,17.4,25.1,23.0,62.2,https://www.timeshighereducation.com/world-university-rankings/university-primorska,Titov trg 4,Koper,Primorska,6000,Slovenia
1501+,1501,University of Prishtina,Kosovo,27.2,13.5,12.6,20.0,20.5,40.2,https://www.timeshighereducation.com/world-university-rankings/university-prishtina,St. George Bush No.31,Prishtina,Kosovo,10 000,Kosovo
1501+,1501,University of Qom,Iran,27.2,28.4,12.5,25.5,21.6,45.4,https://www.timeshighereducation.com/world-university-rankings/university-qom,Al-Ghadir Boulevard,Qom,Qom  Province,3716146611,Iran
1501+,1501,University of Rijeka,Croatia,27.2,20.1,19.4,31.3,36.4,30.6,https://www.timeshighereducation.com/world-university-rankings/university-rijeka,Trg brace Mazuranica 10,,Rijeka,51000,Croatia
1501+,1501,University of Rwanda,Rwanda,27.2,14.1,14.9,25.6,21.1,57.5,https://www.timeshighereducation.com/world-university-rankings/university-rwanda,P.O Box 4285,Kigal,,,Rwanda
1501+,1501,University of Rzeszów,Poland,27.2,22.7,14.0,25.3,22.7,28.2,https://www.timeshighereducation.com/world-university-rankings/university-rzeszow,al. Tadeusza Rejtana 16C,Rzeszów,,35-959,Poland
1501+,1501,University of San Martín de Porres,Peru,27.2,15.7,8.9,28.5,18.4,36.6,https://www.timeshighereducation.com/world-university-rankings/university-san-martin-de-porres,Jiron Las Calandrias No 151-291,Lima,Lima,15011,Peru
1501+,1501,"University of Santiago, Chile (USACH)",Chile,27.2,17.4,15.9,29.5,30.1,47.5,https://www.timeshighereducation.com/world-university-rankings/university-santiago-chile-usach,Avenida Libertador Bernardo O Higgins 3363,Santiago,Santiago,9170022,Chile
1501+,1501,University of Santo Tomas,Philippines,27.2,23.0,10.2,32.1,21.1,59.5,https://www.timeshighereducation.com/world-university-rankings/university-santo-tomas,Espana Boulevard Sampaloc,Manila,National Capital Region,1008,Philippines
1501+,1501,University of Sarajevo,Bosnia and Herzegovina,27.2,21.2,11.5,23.4,33.0,29.5,https://www.timeshighereducation.com/world-university-rankings/university-sarajevo,Obala Kulina bana 7/II,Sarajevo,Sarajevo,71000,Bosnia and Herzegovina
1501+,1501,University of Science and Technology of Oran Mohamed-Boudiaf,Algeria,27.2,38.6,8.4,11.1,22.4,31.9,https://www.timeshighereducation.com/world-university-rankings/university-science-and-technology-oran-mohamed-boudiaf,El Mnaouar,Bir El Djir,Oran,BP 1505,Algeria
1501+,1501,University of Sciences and Technology Houari Boumediene,Algeria,27.2,19.7,8.3,14.5,25.1,32.3,https://www.timeshighereducation.com/world-university-rankings/university-sciences-and-technology-houari-boumediene,BP 32 EL ALIA,Bab Ezzouar,Algiers,16111,Algeria
1501+,1501,University of Shizuoka,Japan,27.2,23.4,12.5,16.3,59.6,25.1,https://www.timeshighereducation.com/world-university-rankings/university-shizuoka,52-1 Yada Suruga Ward,,22,422-8526,Japan
1501+,1501,University of Silesia in Katowice,Poland,27.2,28.0,15.2,28.8,27.8,32.4,https://www.timeshighereducation.com/world-university-rankings/university-silesia-katowice,ul. Bankowa 12,,40-007 Katowice,,Poland
1501+,1501,University of Sistan and Baluchestan,Iran,27.2,27.0,13.1,32.7,20.9,25.7,https://www.timeshighereducation.com/world-university-rankings/university-sistan-and-baluchestan,Daneshgah Boulevard,Zahedan,Sistan & Baluchestan Province,,Iran
1501+,1501,University of Sonora,Mexico,27.2,14.1,8.5,13.8,27.8,34.1,https://www.timeshighereducation.com/world-university-rankings/university-sonora,Blvd.Luis Encinas y Rosales S/N,Hermosillo,Sonora,,Mexico
1501+,1501,University of Sousse,Tunisia,27.2,26.9,10.6,31.0,23.1,41.6,https://www.timeshighereducation.com/world-university-rankings/university-sousse,Rue Khalifa Karoui Sahloul 4 BP 526,Sousse,Sousse Governorate,,Tunisia
1501+,1501,University of Sri Jayewardenepura,Sri Lanka,27.2,12.6,9.5,37.4,18.2,37.3,https://www.timeshighereducation.com/world-university-rankings/university-sri-jayewardenepura,Gangodawila Nugegoda,Colombo,Western Province,10250,Sri Lanka
1501+,1501,University of Sunderland,United Kingdom,27.2,19.3,9.6,34.6,33.7,72.0,https://www.timeshighereducation.com/world-university-rankings/university-sunderland,Chester Road Edinburgh Building,Sunderland,Tyne and Wear,SR1 3SD,United Kingdom
1501+,1501,University of Szczecin,Poland,27.2,23.5,10.0,27.8,17.4,30.8,https://www.timeshighereducation.com/world-university-rankings/university-szczecin,al. Papieza Jana Pawla II 31,Pawla II 22a,Szczecin,70-453,Poland
1501+,1501,University of Taipei,Taiwan,27.2,17.5,19.1,16.1,27.1,32.7,https://www.timeshighereducation.com/world-university-rankings/university-taipei,"['No.1', 'Ai-Guo West Road']",,Taipei,10048,Taiwan
1501+,1501,University of Talca,Chile,27.2,20.1,13.7,32.6,37.6,52.0,https://www.timeshighereducation.com/world-university-rankings/university-talca,1 Poniente,Talca,Talca,1141,Chile
1501+,1501,University of Technology of Troyes,France,27.2,31.8,11.4,22.2,40.4,75.2,https://www.timeshighereducation.com/world-university-rankings/university-technology-troyes,12 rue Marie Curie,Troyes,Grand Est,10004,France
1501+,1501,University of Texas Rio Grande Valley,United States,27.2,18.0,9.6,45.8,23.7,43.4,https://www.timeshighereducation.com/world-university-rankings/university-texas-rio-grande-valley,One West University Boulevard,Brownsville,Texas,78500,United States
1501+,1501,"University of the Andes, Chile",Chile,27.2,22.2,16.1,32.0,22.4,48.1,https://www.timeshighereducation.com/world-university-rankings/university-andes-chile,Mons. Álvaro del Portillo 12.455,Las Condes,Santiago,,Chile
1501+,1501,"University of the Andes, Venezuela",Venezuela,27.2,17.3,8.6,10.0,24.8,50.2,https://www.timeshighereducation.com/world-university-rankings/university-andes-venezuela,"['Avenida 3', 'Independencia']",Merida,Merida,,Venezuela
1501+,1501,University of the Arts London,United Kingdom,27.2,23.9,11.8,25.4,19.3,74.1,https://www.timeshighereducation.com/world-university-rankings/university-arts-london,272 High Holborn,London,London,WC1V 7EY,United Kingdom
1501+,1501,"University of the North, Colombia",Colombia,27.2,19.8,14.4,30.1,24.0,51.0,https://www.timeshighereducation.com/world-university-rankings/university-north-colombia,Km 5 Via Puerto Colombia,Barranquilla,Atlantico,,Colombia
1501+,1501,University of the Ryukyus,Japan,27.2,25.8,13.8,30.8,41.2,38.9,https://www.timeshighereducation.com/world-university-rankings/university-ryukyus,1 Senbaru Nakagami-gun,Nishihara-cho,47,903-0213,Japan
1501+,1501,University of Thi-Qar,Iraq,27.2,20.0,8.9,23.3,16.8,28.6,https://www.timeshighereducation.com/world-university-rankings/university-thi-qar,University Complex,Nasiriyah,Dhi Qar Governorate,,Iraq
1501+,1501,University of Toyama,Japan,27.2,28.4,15.3,28.4,67.3,32.9,https://www.timeshighereducation.com/world-university-rankings/university-toyama,3190 Gofuku,Toyama-shi,16,930-8555,Japan
1501+,1501,University of Tunis,Tunisia,27.2,33.3,10.0,24.4,28.3,39.8,https://www.timeshighereducation.com/world-university-rankings/university-tunis,"['92', 'Boulevard 9 Avril 1938']",Tunis,Tunis,1007,Tunisia
1501+,1501,University of Valparaíso,Chile,27.2,16.9,13.1,22.5,20.6,46.7,https://www.timeshighereducation.com/world-university-rankings/university-valparaiso,Blanco 951,Valparaiso,Valparaiso,,Chile
1501+,1501,University of Warmia and Mazury in Olsztyn,Poland,27.2,18.2,15.6,41.9,26.7,24.6,https://www.timeshighereducation.com/world-university-rankings/university-warmia-and-mazury-olsztyn,Michala Oczapowskiego 2 Street,Olsztyn,Warmian Masurian Voivodeship,10-001,Poland
1501+,1501,University of West Attica,Greece,27.2,10.2,11.6,43.1,30.1,25.2,https://www.timeshighereducation.com/world-university-rankings/university-west-attica,Agiou Spiridonos 28,Egaleo,Attica Region,122 43,Greece
1501+,1501,University of West Bohemia,Czechia,27.2,19.6,18.0,35.4,38.2,36.7,https://www.timeshighereducation.com/world-university-rankings/university-west-bohemia,Univerzitní 2732/8,Pilsen,Bozkov,301 00,Czechia
1501+,1501,University of Western Macedonia,Greece,27.2,13.3,13.0,44.9,28.7,26.7,https://www.timeshighereducation.com/world-university-rankings/university-western-macedonia,Active Urban Planning Zone (ZEP) Kozani,Kozani,Western Macedonia,50150,Greece
1501+,1501,University of Worcester,United Kingdom,27.2,17.1,12.0,37.9,23.6,59.2,https://www.timeshighereducation.com/world-university-rankings/university-worcester,Henwick Grove,Worcester,Worcestershire,WR2 6AJ,United Kingdom
1501+,1501,University of Yamanashi,Japan,27.2,28.3,14.0,22.2,50.2,30.3,https://www.timeshighereducation.com/world-university-rankings/university-yamanashi,4-4-37 Takeda,Kofu,19,400-8510,Japan
1501+,1501,University of Zambia,Zambia,27.2,16.4,11.1,31.1,24.0,57.4,https://www.timeshighereducation.com/world-university-rankings/university-zambia,PO Box 32379,Lusaka,Lusaka Province,,Zambia
1501+,1501,University of Zanjan,Iran,27.2,25.9,13.7,38.0,27.9,28.6,https://www.timeshighereducation.com/world-university-rankings/university-zanjan,University Blvd,Zanjan,45371-38791,,Iran
1501+,1501,University of Zimbabwe,Zimbabwe,27.2,14.2,10.6,43.8,20.9,51.3,https://www.timeshighereducation.com/world-university-rankings/university-zimbabwe,PO Box MP 167,Mount Pleasant,Harare,Harare,Zimbabwe
1501+,1501,Uşak University,Turkey,27.2,12.5,10.9,25.8,17.1,31.0,https://www.timeshighereducation.com/world-university-rankings/usak-university,"['Izmir Yolu', 'Atatuk Boulevard 8 Kilometer']",Usak,Usak Province,64200,Turkey
1501+,1501,Üsküdar University,Turkey,27.2,13.3,9.0,23.6,19.1,46.7,https://www.timeshighereducation.com/world-university-rankings/uskudar-university,Altunizade Mh. Üniversite Sokağı,Üsküdar,34,34662,Turkey
1501+,1501,Utsunomiya University,Japan,27.2,19.3,12.8,10.4,34.8,29.1,https://www.timeshighereducation.com/world-university-rankings/utsunomiya-university,350 Mine,Utsunomiya-City,09,321-8505,Japan
1501+,1501,Uzhhorod National University,Ukraine,27.2,17.6,9.2,6.9,17.0,34.4,https://www.timeshighereducation.com/world-university-rankings/uzhhorod-national-university,3 Narodna Square,Uzhhorod,Transcarpathian,88000,Ukraine
1501+,1501,Vali-e-Asr University of Rafsanjan,Iran,27.2,15.3,10.5,48.4,20.0,26.8,https://www.timeshighereducation.com/world-university-rankings/vali-e-asr-university-rafsanjan,Imam Khomeini Square,Rafsanjan,08,,Iran
1501+,1501,Van Yüzüncü Yil University,Turkey,27.2,22.0,19.5,22.4,30.4,23.0,https://www.timeshighereducation.com/world-university-rankings/van-yuzuncu-yil-university,Van Yuzuncu Yıl University,Van,Van Province,65080,Turkey
1501+,1501,Vasyl Stefanyk Carpathian National University,Ukraine,27.2,16.2,10.1,24.0,16.6,23.1,https://www.timeshighereducation.com/world-university-rankings/vasyl-stefanyk-carpathian-national-university,57 Shevchenko Street,Ivano Frankivsk,Ivano Frankivsk Oblast,76018,Ukraine
1501+,1501,"Vels Institute of Science, Technology and Advanced Studies (VISTAS)",India,27.2,31.5,9.9,41.2,20.0,19.3,https://www.timeshighereducation.com/world-university-rankings/vels-institute-science-technology-and-advanced-studies-vistas,Velan Nagar P.V. Vaithiyalingam Road,Chennai,TN,600117,India
1501+,1501,Vietnam National University (Ho Chi Minh City),Vietnam,27.2,14.6,12.0,31.6,39.8,33.1,https://www.timeshighereducation.com/world-university-rankings/vietnam-national-university-ho-chi-minh-city,"['Area 6', 'Linh Trung Ward Thu Duc District']",Ho Chi Minh City,Ho Chi Minh,,Vietnam
1501+,1501,"Vignan’s Foundation for Science, Technology and Research",India,27.2,23.0,9.1,35.1,19.6,25.8,https://www.timeshighereducation.com/world-university-rankings/vignans-foundation-science-technology-and-research,Vadlamudi,Guntur,AP,522213,India
1501+,1501,VILNIUS TECH (Vilnius Gediminas Technical University),Lithuania,27.2,20.8,17.9,31.0,47.3,53.5,https://www.timeshighereducation.com/world-university-rankings/vilnius-tech-vilnius-gediminas-technical-university,Sauletekio Al 11,Vilnius,Vilnius,10223,Lithuania
1501+,1501,Vinayaka Mission’s Research Foundation,India,27.2,26.2,8.6,44.4,16.5,19.3,https://www.timeshighereducation.com/world-university-rankings/vinayaka-missions-research-foundation,Sankari Main Road Ariyanoor,Salem,['Tamilnadu'],636 308,India
1501+,1501,V.N. Karazin Kharkiv National University,Ukraine,27.2,26.8,11.2,12.1,35.2,46.3,https://www.timeshighereducation.com/world-university-rankings/vn-karazin-kharkiv-national-university,Svobody Square 4,Kharkiv,Kharkiv,61022,Ukraine
1501+,1501,Volgograd State Medical University,Russian Federation,27.2,24.1,9.3,6.0,18.3,41.2,https://www.timeshighereducation.com/world-university-rankings/volgograd-state-medical-university,"['Fallen Fighters Square', '1']",Volgograd,Volgograd Oblast,400131,Russian Federation
1501+,1501,Volgograd State Technical University,Russian Federation,27.2,19.0,9.9,10.5,18.9,31.7,https://www.timeshighereducation.com/world-university-rankings/volgograd-state-technical-university,28 Lenin avenue,,Volgograd,400005,Russian Federation
1501+,1501,Volgograd State University,Russian Federation,27.2,21.0,12.1,15.4,16.4,23.6,https://www.timeshighereducation.com/world-university-rankings/volgograd-state-university,"['Prospect Universitetsky', '100']",,Volgograd,400062,Russian Federation
1501+,1501,Voronezh State Technical University,Russian Federation,27.2,20.3,7.9,12.5,19.7,27.6,https://www.timeshighereducation.com/world-university-rankings/voronezh-state-technical-university,20 Letiya Oktyabrya St. 84,,Voronezh,,Russian Federation
1501+,1501,Voronezh State University,Russian Federation,27.2,23.5,11.0,7.1,18.7,34.9,https://www.timeshighereducation.com/world-university-rankings/voronezh-state-university,1 Universitetskaya pl.,,Voronezh,394018,Russian Federation
1501+,1501,Warsaw University of Life Sciences – SGGW,Poland,27.2,22.1,12.8,41.4,33.4,33.7,https://www.timeshighereducation.com/world-university-rankings/warsaw-university-life-sciences-sggw,Nowoursynowska 166,Warsaw,Masovian Voivodeship,02-787,Poland
1501+,1501,Wasit University,Iraq,27.2,22.9,8.6,36.9,16.5,27.3,https://www.timeshighereducation.com/world-university-rankings/wasit-university,Hawi,Al Kut,Wasit Governorate,,Iraq
1501+,1501,West University of Timişoara,Romania,27.2,22.7,13.3,43.7,19.2,34.7,https://www.timeshighereducation.com/world-university-rankings/west-university-timisoara,4 Vasile Parvan Boulevard,Timisoara,Timis,300223,Romania
1501+,1501,Wrocław University of Environmental and Life Sciences,Poland,27.2,28.5,13.6,36.1,34.9,32.5,https://www.timeshighereducation.com/world-university-rankings/wroclaw-university-environmental-and-life-sciences,Ul Norwida 25,Wroclaw,Lower Silesian Voivodeship,50-375,Poland
1501+,1501,Yamagata University,Japan,27.2,28.2,15.1,27.7,71.8,32.1,https://www.timeshighereducation.com/world-university-rankings/yamagata-university,1-4-12 Koshirokawa,Yamagata,06,990-8560,Japan
1501+,1501,Yamaguchi University,Japan,27.2,27.8,14.2,24.0,58.7,32.2,https://www.timeshighereducation.com/world-university-rankings/yamaguchi-university,1677-1 Yoshida Yamaguchi-shi,,35,753-8511,Japan
1501+,1501,Yasouj University,Iran,27.2,19.9,14.5,42.2,23.8,26.3,https://www.timeshighereducation.com/world-university-rankings/yasouj-university,Yasuj,,Kohgiluyeh and Boyer-Ahmad,,Iran
1501+,1501,Yeditepe University,Turkey,27.2,23.9,14.1,28.9,57.2,41.9,https://www.timeshighereducation.com/world-university-rankings/yeditepe-university,326A Kayisdagi Street Inonu District,Istanbul,Istanbul,34755,Turkey
1501+,1501,Yerevan State University,Armenia,27.2,25.4,9.1,12.4,22.3,41.6,https://www.timeshighereducation.com/world-university-rankings/yerevan-state-university,1 Alek Manukyan St,Yerevan,Ararat Province,0025,Armenia
1501+,1501,Yuriy Fedkovych Chernivtsi National University,Ukraine,27.2,17.9,10.0,10.1,17.5,28.8,https://www.timeshighereducation.com/world-university-rankings/yuriy-fedkovych-chernivtsi-national-university,2 Kotsjubynskyi Str,Chernivtsi,Chernivtsi Oblast,58012,Ukraine
1501+,1501,Ziane Achour University of Djelfa,Algeria,27.2,17.7,8.4,10.2,16.8,31.9,https://www.timeshighereducation.com/world-university-rankings/ziane-achour-university-djelfa,P.O. Box 3117,Djelfa,Djelfa Province,,Algeria
1501+,1501,Zonguldak Bülent Ecevit University,Turkey,27.2,14.9,11.0,26.5,19.5,29.3,https://www.timeshighereducation.com/world-university-rankings/zonguldak-bulent-ecevit-university,Incivez,Zonguldak,Zonguldak Province,67100,Turkey
Reporter,Reporter,Abai Kazakh National Pedagogical University,Kazakhstan,,,,,,,https://www.timeshighereducation.com/world-university-rankings/abai-kazakh-national-pedagogical-university,13 Dostyk ave,,Almaty,050010,Kazakhstan
Reporter,Reporter,Abasyn University,Pakistan,,,,,,,https://www.timeshighereducation.com/world-university-rankings/abasyn-university,Ring Road (Charsadda Link),Peshawar,Khyber Pakhtunkhwa,25124,Pakistan
Reporter,Reporter,Abbes Laghrour University Khenchela,Algeria,,,,,,,https://www.timeshighereducation.com/world-university-rankings/abbes-laghrour-university-khenchela,BP 1252 Route de Batna,Khenchela,Khenchela,40004,Algeria
Reporter,Reporter,Abdelhafid Boussouf University Center of Mila,Algeria,,,,,,,https://www.timeshighereducation.com/world-university-rankings/abdelhafid-boussouf-university-center-mila,BP N°26 RP,Mila,Mila Province,43000,Algeria
Reporter,Reporter,Abertay University,United Kingdom,,,,,,,https://www.timeshighereducation.com/world-university-rankings/abertay-university,Bell Street,Dundee,Scotland,DD1 1HG,United Kingdom
Reporter,Reporter,Aditya University,India,,,,,,,https://www.timeshighereducation.com/world-university-rankings/aditya-university,"['Aditya Nagar', 'ADB Road Surampalem']",Kakinada District,AP,533437,India
Reporter,Reporter,Admiralty University of Nigeria,Nigeria,,,,,,,https://www.timeshighereducation.com/world-university-rankings/admiralty-university-nigeria,Ibusa Ugwashi-Uku Express way,,Delta State,,Nigeria
Reporter,Reporter,Health Sciences University,United Kingdom,,,,,,,https://www.timeshighereducation.com/world-university-rankings/health-sciences-university,13-15 Parkwood Road,Bournemouth,Dorset,BH5 2DF,United Kingdom
Reporter,Reporter,Africa Renewal University,Uganda,,,,,,,https://www.timeshighereducation.com/world-university-rankings/africa-renewal-university,Mityana road,Buloba,Busiro,,Uganda
Reporter,Reporter,Africa University,Zimbabwe,,,,,,,https://www.timeshighereducation.com/world-university-rankings/africa-university,Fairview Rd (Off- Nyanga Rd) Old Mutare,Mutare,Manicaland,,Zimbabwe
Reporter,Reporter,Ahlia University,Bahrain,,,,,,,https://www.timeshighereducation.com/world-university-rankings/ahlia-university,"['Bld 41', 'Road 18', 'Al Hoora 310 Gosi Complex', 'Exhibition Road']",Manama,Manama,,Bahrain
Reporter,Reporter,Ahmed Draia University,Algeria,,,,,,,https://www.timeshighereducation.com/world-university-rankings/ahmed-draia-university,National Road No. 6,Adrar,,,Algeria
Reporter,Reporter,Ajeenkya DY Patil University,India,,,,,,,https://www.timeshighereducation.com/world-university-rankings/ajeenkya-dy-patil-university,DY Patil Knowledge City Road Charoli Bk.via Lohegaon,District Pune,MH,412 105,India
Reporter,Reporter,Akenten Appiah-Menka University of Skills Training and Entrepreneurial Development,Ghana,,,,,,,https://www.timeshighereducation.com/world-university-rankings/akenten-appiah-menka-university-skills-training-and-entrepreneurial,P.O Box 1277,Kumasi,Ashanti Region,,Ghana
Reporter,Reporter,Akhmet Yassawi University,Kazakhstan,,,,,,,https://www.timeshighereducation.com/world-university-rankings/akhmet-yassawi-university,Bekzat Sattarkhanov Avenue 29,Turkistan,Turkistan,161200,Kazakhstan
Reporter,Reporter,Akita Prefectural University,Japan,,,,,,,https://www.timeshighereducation.com/world-university-rankings/akita-prefectural-university,241-438 Kaidobata-Nishi Nakano Shimoshinjo,Akita,05,010-0195,Japan
Reporter,Reporter,Akli Mohand Oulhadj Bouira University,Algeria,,,,,,,https://www.timeshighereducation.com/world-university-rankings/akli-mohand-oulhadj-bouira-university,Rue Drissi Yahia Bouira,Bouira,Bouira Province,10000,Algeria
Reporter,Reporter,Akwa Ibom State University,Nigeria,,,,,,,https://www.timeshighereducation.com/world-university-rankings/akwa-ibom-state-university,Main Campus Ikot Akpaden P.M.B 1167 Uyo,Mkpat Enin,South Region,,Nigeria
Reporter,Reporter,Al-Amal College for Specialized Medical Sciences,Iraq,,,,,,,https://www.timeshighereducation.com/world-university-rankings/al-amal-college-specialized-medical-sciences,Holy Karbala in front of Al Abbas National Hospital,Karbala,Karbala Governorate,56001,Iraq
Reporter,Reporter,Al-Ameed University,Iraq,,,,,,,https://www.timeshighereducation.com/world-university-rankings/al-ameed-university,Karbala-Najaf Road,Holy Karbala,Central Iraq,,Iraq
Reporter,Reporter,Alanya University,Turkey,,,,,,,https://www.timeshighereducation.com/world-university-rankings/alanya-university,Saraybeleni Street No:7,Alanya,Antalya Province,07400,Turkey
Reporter,Reporter,Alasmarya Islamic University,Libya,,,,,,,https://www.timeshighereducation.com/world-university-rankings/alasmarya-islamic-university,Environment Street,Zliten City,Murqub District,,Libya
Reporter,Reporter,Al-Ayen University,Iraq,,,,,,,https://www.timeshighereducation.com/world-university-rankings/al-ayen-university,Nile Street,Nasiriyah,Dhi Qar Governorate,6316,Iraq
Reporter,Reporter,Al-Bayan University,Iraq,,,,,,,https://www.timeshighereducation.com/world-university-rankings/al-bayan-university,Baghdad International Airport Near Abbas Ibn Firnas Square,Baghdad,Baghdad Province,,Iraq
Reporter,Reporter,Aleksandër Moisiu University,Albania,,,,,,,https://www.timeshighereducation.com/world-university-rankings/aleksander-moisiu-university,"['New University Campus Rr. Miqësia', 'Spitalle']",,Durrës,2009,Albania
Reporter,Reporter,Al-Esraa University,Iraq,,,,,,,https://www.timeshighereducation.com/world-university-rankings/al-esraa-university,"['62 Street', 'Andalus Square Karrada']",Baghdad,Baghdad,,Iraq
Reporter,Reporter,Al-Farahidi University,Iraq,,,,,,,https://www.timeshighereducation.com/world-university-rankings/al-farahidi-university,Adjacent to Ibn Sina College of Pharmacy,Baghdad,Baghdad Governorate,00965,Iraq
Reporter,Reporter,Alfraganus University,Uzbekistan,,,,,,,https://www.timeshighereducation.com/world-university-rankings/alfraganus-university,2a Upper Karakamish Street,Yunusabad District,Tashkent,100190,Uzbekistan
Reporter,Reporter,Al-Hadba University,Iraq,,,,,,,https://www.timeshighereducation.com/world-university-rankings/al-hadba-university,Al Mithaq District,Mosul,Nineveh Governorate,,Iraq
Reporter,Reporter,Al-Hadi University College,Iraq,,,,,,,https://www.timeshighereducation.com/world-university-rankings/al-hadi-university-college,Street 60 Al-Dora,Baghdad,Baghdad Province,,Iraq
Reporter,Reporter,Al-Hikmah University,Nigeria,,,,,,,https://www.timeshighereducation.com/world-university-rankings/al-hikmah-university,"['Adewole Estate', 'Adeta Road']",Ilorin,Kwara State,,Nigeria
Reporter,Reporter,Alikhan Bokeikhan University,Kazakhstan,,,,,,,https://www.timeshighereducation.com/world-university-rankings/alikhan-bokeikhan-university,11 Mangilik El Street,Semey,Abai Region,,Kazakhstan
Reporter,Reporter,Al-Iraqia University,Iraq,,,,,,,https://www.timeshighereducation.com/world-university-rankings/al-iraqia-university,"['Av 308', ""22 Haibat Khaton St A'dhamia District""]",Baghdad,Baghdad,,Iraq
Reporter,Reporter,Alisher Navo’i Tashkent State University of Uzbek Language and Literature,Uzbekistan,,,,,,,https://www.timeshighereducation.com/world-university-rankings/alisher-navoi-tashkent-state-university-uzbek-language-and-literature,103 O'qituvchi st.,Tashkent,Tashkent,,Uzbekistan
Reporter,Reporter,Al-Janad University for Science and Technology,Yemen,,,,,,,https://www.timeshighereducation.com/world-university-rankings/al-janad-university-science-and-technology,Al Musalla Street,Taiz,Taiz Governorate,,Yemen
Reporter,Reporter,Al-Karkh University of Science,Iraq,,,,,,,https://www.timeshighereducation.com/world-university-rankings/al-karkh-university-science,Hamada Palace Haifa Street,Al-Karkh,Baghdad,,Iraq
Reporter,Reporter,Al-Kitab University,Iraq,,,,,,,https://www.timeshighereducation.com/world-university-rankings/al-kitab-university,Alton Kopri Erbil Road,Kirkuk,Kirkuk,36001,Iraq
Reporter,Reporter,Almaaqal University,Iraq,,,,,,,https://www.timeshighereducation.com/world-university-rankings/almaaqal-university,Dinar St,Basra,Basra Province,,Iraq
Reporter,Reporter,AlMaarefa University,Saudi Arabia,,,,,,,https://www.timeshighereducation.com/world-university-rankings/almaarefa-university,"['King Khalid Branch Road Exit No 1', 'Al Khalidiyah']",Ad Diriyah,Riyadh Province,11597,Saudi Arabia
Reporter,Reporter,Al-Madinah International University (MEDIU),Malaysia,,,,,,,https://www.timeshighereducation.com/world-university-rankings/al-madinah-international-university-mediu,"['Pusat Dagangan Salak II', 'No. 18', 'Bangunan Hexa']",Taman Desa Petaling,14,57100,Malaysia
Reporter,Reporter,Al-Mansour University College,Iraq,,,,,,,https://www.timeshighereducation.com/world-university-rankings/al-mansour-university-college,Nidhal Street Near Al-Andalus Sq.,Baghdad,Baghdad Governorate,10068,Iraq
Reporter,Reporter,Almaty Humanitarian-Economic University,Kazakhstan,,,,,,,https://www.timeshighereducation.com/world-university-rankings/almaty-humanitarian-economic-university,59 Zhandosova Street,Almaty,Almaty Kalasy,050035,Kazakhstan
Reporter,Reporter,Almaty Management University (AlmaU),Kazakhstan,,,,,,,https://www.timeshighereducation.com/world-university-rankings/almaty-management-university-almau,"['227', 'Rozybakiyev Street']",Almaty,Almaty Province,050060,Kazakhstan
Reporter,Reporter,Almazov National Medical Research Centre,Russian Federation,,,,,,,https://www.timeshighereducation.com/world-university-rankings/almazov-national-medical-research-centre,"['ul. Akkuratova', '2']",,St. Petersburg,197341,Russian Federation
Reporter,Reporter,Al-Mustaqbal University,Iraq,,,,,,,https://www.timeshighereducation.com/world-university-rankings/al-mustaqbal-university,Hillah Najaf Road,Hillah,Babylon Governorate,51001,Iraq
Reporter,Reporter,Al-Nisour University,Iraq,,,,,,,https://www.timeshighereducation.com/world-university-rankings/al-nisour-university,Near Baghdad Tower Eagles Square,Baghdad,Baghdad,,Iraq
Reporter,Reporter,Alnoor University,Iraq,,,,,,,https://www.timeshighereducation.com/world-university-rankings/alnoor-university,Mosul-Erbil road,Bartella sub-district,Nineveh,,Iraq
Reporter,Reporter,Al-Qalam University,Iraq,,,,,,,https://www.timeshighereducation.com/world-university-rankings/al-qalam-university,Sulaymaniyah Road,Kirkuk,Kirkuk,,Iraq
Reporter,Reporter,Al-Rafidain University College,Iraq,,,,,,,https://www.timeshighereducation.com/world-university-rankings/al-rafidain-university-college,Baghdad,Baghdad,Baghdad Governorate,46036,Iraq
Reporter,Reporter,Al Ryada University for Science and Technology - RST,Egypt,,,,,,,https://www.timeshighereducation.com/world-university-rankings/al-ryada-university-science-and-technology-rst,ElMehwar ElMarkazy-2 Cairo - Alex desert RD K92,El Sadat,Menoufia Governorate,,Egypt
Reporter,Reporter,Al-Shatrah University,Iraq,,,,,,,https://www.timeshighereducation.com/world-university-rankings/al-shatrah-university,Nasiriyah Al Shatra Road,Al Gharaf,Dhi Qar Governorate,,Iraq
Reporter,Reporter,Altoosi University,Iraq,,,,,,,https://www.timeshighereducation.com/world-university-rankings/altoosi-university,Abu Sakhir Street,Najaf,Najaf Governorate,,Iraq
Reporter,Reporter,Al Turath University,Iraq,,,,,,,https://www.timeshighereducation.com/world-university-rankings/al-turath-university,Al Naqabaat Street,Al Mansour,Baghdad,10013,Iraq
Reporter,Reporter,Al-Yarmok University College,Iraq,,,,,,,https://www.timeshighereducation.com/world-university-rankings/al-yarmok-university-college,Near Al-Rahma Hospital,Baqubah,Diyala Province,,Iraq
Reporter,Reporter,Al-Zahraa University for Women,Iraq,,,,,,,https://www.timeshighereducation.com/world-university-rankings/al-zahraa-university-women,Baghdad Road,,Karbala,,Iraq
Reporter,Reporter,Al-Zahrawi University College,Iraq,,,,,,,https://www.timeshighereducation.com/world-university-rankings/al-zahrawi-university-college,"['Holy Karbala', 'Karbala Najaf Road Opposite']",Karbala,Karbala Province,,Iraq
Reporter,Reporter,American University in Dubai,United Arab Emirates,,,,,,,https://www.timeshighereducation.com/world-university-rankings/american-university-dubai,Sheikh Zayed Road PO Box 28282,Dubai,Emirate of Dubai,,United Arab Emirates
Reporter,Reporter,American University in the Emirates (AUE),United Arab Emirates,,,,,,,https://www.timeshighereducation.com/world-university-rankings/american-university-emirates-aue,Dubai Int Academic City PO Box 503000,Dubai,DU,,United Arab Emirates
Reporter,Reporter,American University of Ras Al Khaimah,United Arab Emirates,,,,,,,https://www.timeshighereducation.com/world-university-rankings/american-university-ras-al-khaimah,"['Sheikh Humaid Bin Mohamed Str Building 75', 'Seih Al Araibi']",Ras Al Khaimah,Emirate of Ras Al Khaimah,72603,United Arab Emirates
Reporter,Reporter,American University of Science,United States,,,,,,,https://www.timeshighereducation.com/world-university-rankings/american-university-science,200 North Vineyard Boulevard A325-5241,Honolulu,Hawaii,96817,United States
Reporter,Reporter,"Amity University, Chhattisgarh",India,,,,,,,https://www.timeshighereducation.com/world-university-rankings/amity-university-chhattisgarh,MANTH (KHARORA) State Highway 9,Chhattisgarh,MP,493225,India
Reporter,Reporter,"Amity University, Gwalior",India,,,,,,,https://www.timeshighereducation.com/world-university-rankings/amity-university-gwalior,Maharajpura (Opposite Airport),Gwalior,MP,474 005,India
Reporter,Reporter,"Amity University, Mumbai",India,,,,,,,https://www.timeshighereducation.com/world-university-rankings/amity-university-mumbai,"['Pune Expressway Bhatan', 'Post – Somathne']",Maharashtra,Mumbai,410206,India
Reporter,Reporter,Amman Arab University,Jordan,,,,,,,https://www.timeshighereducation.com/world-university-rankings/amman-arab-university,Jordan Street PO Box 2234,Amman,Amman Governorate,11953,Jordan
Reporter,Reporter,Amol University of Special Modern Technologies,Iran,,,,,,,https://www.timeshighereducation.com/world-university-rankings/amol-university-special-modern-technologies,"['35 Taleghani Street', 'Abazar']",Amol,Mazandaran,4615664616,Iran
Reporter,Reporter,Andijan Machine-Building Institute,Uzbekistan,,,,,,,https://www.timeshighereducation.com/world-university-rankings/andijan-machine-building-institute,,,,,
Reporter,Reporter,Andijan State Medical Institute,Uzbekistan,,,,,,,https://www.timeshighereducation.com/world-university-rankings/andijan-state-medical-institute,Yu.Otabekov 1,Andijan,Andijan,,Uzbekistan
Reporter,Reporter,Andijan State Pedagogical Institute (ASPI),Uzbekistan,,,,,,,https://www.timeshighereducation.com/world-university-rankings/andijan-state-pedagogical-institute-aspi,Dostlik street 4 Takhtakoprik MFY,Andijan city,Andijan region,,Uzbekistan
Reporter,Reporter,Andijan State University,Uzbekistan,,,,,,,https://www.timeshighereducation.com/world-university-rankings/andijan-state-university,University street 129 Andijan city,,Republic of Uzbekistan,170100,Uzbekistan
Reporter,Reporter,Andrés Bello Catholic University (UCAB),Venezuela,,,,,,,https://www.timeshighereducation.com/world-university-rankings/andres-bello-catholic-university-ucab,Avenida Intercomunal Montalban,Caracas,Capital District,1020,Venezuela
Reporter,Reporter,Anglo-American University,Czechia,,,,,,,https://www.timeshighereducation.com/world-university-rankings/anglo-american-university,Letenská 5,,Prague 1,118 00,Czechia
Reporter,Reporter,Ankara Hacı Bayram Veli University,Turkey,,,,,,,https://www.timeshighereducation.com/world-university-rankings/ankara-haci-bayram-veli-university,Yücetepe District 85 Cadde No:8,Ankara,06,,Turkey
Reporter,Reporter,Ankara Science University,Turkey,,,,,,,https://www.timeshighereducation.com/world-university-rankings/ankara-science-university,Maltepe Mahallesi Şehit Gönenç Caddesi No: 5,Çankaya,06,,Turkey
Reporter,Reporter,Arab International University (AIU),Syria,,,,,,,https://www.timeshighereducation.com/world-university-rankings/arab-international-university-aiu,Al Mazzeh Highway,Damascus,Damascus Governorate,,Syria
Reporter,Reporter,Arab Open University,Kuwait,,,,,,,https://www.timeshighereducation.com/world-university-rankings/arab-open-university,"['Ardiya Industrial Area Farwanya', 'PO Box 3322']",Al Safat,Al Asimah,13033,Kuwait
Reporter,Reporter,Arish University,Egypt,,,,,,,https://www.timeshighereducation.com/world-university-rankings/arish-university,Dahyet El Salam University Street,El Arish,North Sinai,45511,Egypt
Reporter,Reporter,Arkin University of Creative Arts and Design (ARUCAD),Northern Cyprus,,,,,,,https://www.timeshighereducation.com/world-university-rankings/arkin-university-creative-arts-and-design-arucad,No 11 Şair Nedim Sokak (via Mersin 10 Turkey),Kyrenia District,Kyrenia,,Northern Cyprus
Reporter,Reporter,Armenian National Agrarian University,Armenia,,,,,,,https://www.timeshighereducation.com/world-university-rankings/armenian-national-agrarian-university,74 Teryan St,,ER,0009,Armenia
Reporter,Reporter,Armenian State University of Economics,Armenia,,,,,,,https://www.timeshighereducation.com/world-university-rankings/armenian-state-university-economics,128 Nalbandyan Street,Yerevan,ER,0025,Armenia
Reporter,Reporter,Arts University Bournemouth,United Kingdom,,,,,,,https://www.timeshighereducation.com/world-university-rankings/arts-university-bournemouth,Wallisdown,Poole,Bournemouth,BH12 5HH,United Kingdom
Reporter,Reporter,Arts University Plymouth,United Kingdom,,,,,,,https://www.timeshighereducation.com/world-university-rankings/arts-university-plymouth,Tavistock Place,Plymouth,Devon,PL4 8AT,United Kingdom
Reporter,Reporter,Arturo Prat University,Chile,,,,,,,https://www.timeshighereducation.com/world-university-rankings/arturo-prat-university,Av. Arturo Prat Chacon 2120,Iquique,Tarapaca,,Chile
Reporter,Reporter,Artvin Çoruh University,Turkey,,,,,,,https://www.timeshighereducation.com/world-university-rankings/artvin-coruh-university,Cayagzi Mahallesi Kazim Karabekir Caddesi No 1,Artvin,08,08010,Turkey
Reporter,Reporter,Asahi University,Japan,,,,,,,https://www.timeshighereducation.com/world-university-rankings/asahi-university,1851 Hozumi,Mizuho City,21,501-0296,Japan
Reporter,Reporter,Asfendiyarov Kazakh National Medical University,Kazakhstan,,,,,,,https://www.timeshighereducation.com/world-university-rankings/asfendiyarov-kazakh-national-medical-university,Tole Bi Street 94,Almaty,Almaty,050000,Kazakhstan
Reporter,Reporter,A'Sharqiyah University,Oman,,,,,,,https://www.timeshighereducation.com/world-university-rankings/asharqiyah-university,P.O. Box 42,Ibra,Ash Sharqiyah N Governorate,400,Oman
Reporter,Reporter,Ashoka University,India,,,,,,,https://www.timeshighereducation.com/world-university-rankings/ashoka-university,2 Rajiv Gandhi Education City National Capital Region,Sonepat,Harayana,131029,India
Reporter,Reporter,Astana International University AIU,Kazakhstan,,,,,,,https://www.timeshighereducation.com/world-university-rankings/astana-international-university-aiu,Kabanbay batyr avenue 8,Astana,Akmola Region,,Kazakhstan
Reporter,Reporter,Astana Medical University,Kazakhstan,,,,,,,https://www.timeshighereducation.com/world-university-rankings/astana-medical-university,Beibitshilik St 49/A,Nur-Sultan,Akmola Region,,Kazakhstan
Reporter,Reporter,Ateneo de Davao University,Philippines,,,,,,,https://www.timeshighereducation.com/world-university-rankings/ateneo-de-davao-university,E. Jacinto Street,Davao City,DAS,8016,Philippines
Reporter,Reporter,Atlas University,Turkey,,,,,,,https://www.timeshighereducation.com/world-university-rankings/atlas-university,Anadolu Caddesi No 40 Hamidiye,Kagithane,Istanbul,,Turkey
Reporter,Reporter,Atyrau University,Kazakhstan,,,,,,,https://www.timeshighereducation.com/world-university-rankings/atyrau-university,"['Studenchesky Ave.', '1']",,Atyrau,,Kazakhstan
Reporter,Reporter,Audencia,France,,,,,,,https://www.timeshighereducation.com/world-university-rankings/audencia,8 Route de la Joneliere BP 31222,Nantes,Pays de la Loire,44312,France
Reporter,Reporter,Augustine University,Nigeria,,,,,,,https://www.timeshighereducation.com/world-university-rankings/augustine-university,"['Igbonla Road', 'Ilara Epe PMB 1010']",Epe,LA,106103,Nigeria
Reporter,Reporter,“Aurel Vlaicu” University of Arad,Romania,,,,,,,https://www.timeshighereducation.com/world-university-rankings/aurel-vlaicu-university-arad,"['No 77', 'Revolution Boulevard PO Box 2158']",Arad,Arad,310130,Romania
Reporter,Reporter,Autonomous University of Asunción,Paraguay,,,,,,,https://www.timeshighereducation.com/world-university-rankings/autonomous-university-asuncion,Jejui 667 Entre O leary y 15 de agosto,Asuncion,Asuncion,1255,Paraguay
Reporter,Reporter,Autonomous University of Chiapas,Mexico,,,,,,,https://www.timeshighereducation.com/world-university-rankings/autonomous-university-chiapas,"['Boulevard Belisario Domínguez Kilometro 1081', 'Sin Numero']",Tuxtla Gutierrez,Chiapas,29050,Mexico
Reporter,Reporter,Avance International University,Uganda,,,,,,,https://www.timeshighereducation.com/world-university-rankings/avance-international-university,Plot 3312 Nabweru Wakiso District,Kampala,Kampala Region,30022,Uganda
Reporter,Reporter,Avicenna - Batumi Medical University,Georgia,,,,,,,https://www.timeshighereducation.com/world-university-rankings/avicenna-batumi-medical-university,4 Tbeti Street,Batumi,Adjara,,Georgia
Reporter,Reporter,Avicenna Tajik State Medical University,Tajikistan,,,,,,,https://www.timeshighereducation.com/world-university-rankings/avicenna-tajik-state-medical-university,Rudaki Avenue 139,,Dushanbe,,Tajikistan
Reporter,Reporter,Azerbaijan Medical University,Azerbaijan,,,,,,,https://www.timeshighereducation.com/world-university-rankings/azerbaijan-medical-university,Anvar Qasimzada 14 Baki,Baku,Caucasus Region,1022,Azerbaijan
Reporter,Reporter,Azerbaijan State Agricultural University,Azerbaijan,,,,,,,https://www.timeshighereducation.com/world-university-rankings/azerbaijan-state-agricultural-university,450 Ataturk avenue,,Ganja,AZ2000,Azerbaijan
Reporter,Reporter,Azerbaijan State Pedagogical University,Azerbaijan,,,,,,,https://www.timeshighereducation.com/world-university-rankings/azerbaijan-state-pedagogical-university,68 Uzeyir Hajibeyli,Sabail District,Baku,AZ1000,Azerbaijan
Reporter,Reporter,Azerbaijan University of Architecture and Construction,Azerbaijan,,,,,,,https://www.timeshighereducation.com/world-university-rankings/azerbaijan-university-architecture-and-construction,11 Ayna Sultanova,Baku,Baku,AZ 1073,Azerbaijan
Reporter,Reporter,Baba Guru Nanak University,Pakistan,,,,,,,https://www.timeshighereducation.com/world-university-rankings/baba-guru-nanak-university,Adampura,Nankana Sahib,Punjab,39100,Pakistan
Reporter,Reporter,Badr University in Cairo (BUC),Egypt,,,,,,,https://www.timeshighereducation.com/world-university-rankings/badr-university-cairo-buc,Badr City,,Cairo,,Egypt
Reporter,Reporter,Bakrie University,Indonesia,,,,,,,https://www.timeshighereducation.com/world-university-rankings/bakrie-university,Jl.H.R Rasuna Said Kav C-22 Kuningan Jakarta,,Jakarta Selatan,12920,Indonesia
Reporter,Reporter,Baku Engineering University,Azerbaijan,,,,,,,https://www.timeshighereducation.com/world-university-rankings/baku-engineering-university,120 Hasan Aliyev Street,Khirdalan City,Absheron,AZ0101,Azerbaijan
Reporter,Reporter,Baku Higher Oil School,Azerbaijan,,,,,,,https://www.timeshighereducation.com/world-university-rankings/baku-higher-oil-school-0,Administrative office New Salyan Road 3 km,Bibiheyat Town,Baku,AZ1025,Azerbaijan
Reporter,Reporter,Baku Slavic University,Azerbaijan,,,,,,,https://www.timeshighereducation.com/world-university-rankings/baku-slavic-university,33 S.Rustam street,,Baku,,Azerbaijan
Reporter,Reporter,"Bamidele Olumilua University of Education, Science and Technology, Ikere-Ekiti",Nigeria,,,,,,,https://www.timeshighereducation.com/world-university-rankings/bamidele-olumilua-university-education-science-and-technology-ikere-ekiti,Igbara Odo Road P.M.B. 250,Ikere-Ekiti,Ekiti State,,Nigeria
Reporter,Reporter,Bandirma Onyedi Eylül University,Turkey,,,,,,,https://www.timeshighereducation.com/world-university-rankings/bandirma-onyedi-eylul-university,77 Yeni Mahalle Sehit Astsubay Mustafa Soner Varlık Caddesi,Bandırma,Balıkesir province,10200,Turkey
Reporter,Reporter,Bangladesh University of Professionals,Bangladesh,,,,,,,https://www.timeshighereducation.com/world-university-rankings/bangladesh-university-professionals,Mirpur Cantonment,Dhaka,Dhaka Division,1216,Bangladesh
Reporter,Reporter,Baqir Al Olum University,Iran,,,,,,,https://www.timeshighereducation.com/world-university-rankings/baqir-al-olum-university,Danishgah Boulevard Pardisan Town,Qom,25,3749155435,Iran
Reporter,Reporter,Bath Spa University,United Kingdom,,,,,,,https://www.timeshighereducation.com/world-university-rankings/bath-spa-university,Newton Park Newton Saint Loe,Bath,Somerset,BA2 9BN,United Kingdom
Reporter,Reporter,"Bauchi State University, Gadau",Nigeria,,,,,,,https://www.timeshighereducation.com/world-university-rankings/bauchi-state-university-gadau,No 7 Panam Street Maitama District,Abuja,FC,,Nigeria
Reporter,Reporter,Bayburt University,Turkey,,,,,,,https://www.timeshighereducation.com/world-university-rankings/bayburt-university,Rektörlük Binası Dede Korkut Külliyesi,,69,69000,Turkey
Reporter,Reporter,Bayelsa Medical University,Nigeria,,,,,,,https://www.timeshighereducation.com/world-university-rankings/bayelsa-medical-university,P.M.B. 178,Yenagoa,BY,,Nigeria
Reporter,Reporter,Baze University,Nigeria,,,,,,,https://www.timeshighereducation.com/world-university-rankings/baze-university,Jabi Airport Road Bypass Behind Nat. Judicial Institute,Abuja,FC,,Nigeria
Reporter,Reporter,Beaconhouse National University,Pakistan,,,,,,,https://www.timeshighereducation.com/world-university-rankings/beaconhouse-national-university,BNU Campus 13-km off Raiwind Road,Lahore,Punjab,53700,Pakistan
Reporter,Reporter,Begum Nusrat Bhutto (BNB) Women University Sukkur,Pakistan,,,,,,,https://www.timeshighereducation.com/world-university-rankings/begum-nusrat-bhutto-bnb-women-university-sukkur,RCW Rohri,Sukkur,Sindh,65200,Pakistan
Reporter,Reporter,Belarusian State Medical University,Belarus,,,,,,,https://www.timeshighereducation.com/world-university-rankings/belarusian-state-medical-university,"['Dzerzhinski Ave.', '83 Minsk']",,Republic of Belarus,220116,Belarus
Reporter,Reporter,Belarusian State University of Informatics and Radioelectronics,Belarus,,,,,,,https://www.timeshighereducation.com/world-university-rankings/belarusian-state-university-informatics-and-radioelectronics,6 P. Brovki Street,,Minsk,220013,Belarus
Reporter,Reporter,Bells University of Technology,Nigeria,,,,,,,https://www.timeshighereducation.com/world-university-rankings/bells-university-technology,"['KM 8', 'Idiroko Road Opposite NNPC Filling Station']",Ota,Ogun,,Nigeria
Reporter,Reporter,Bentley University,United States,,,,,,,https://www.timeshighereducation.com/world-university-rankings/bentley-university,175 Forest Street,Waltham,Massachusetts,02452,United States
Reporter,Reporter,Beykoz University,Turkey,,,,,,,https://www.timeshighereducation.com/world-university-rankings/beykoz-university,Orhan Veli Kanık Cd. No: 114,Beykoz,Istanbul,34810,Turkey
Reporter,Reporter,Bicol University,Philippines,,,,,,,https://www.timeshighereducation.com/world-university-rankings/bicol-university,Rizal Street,Legazpi City,ALB,4500,Philippines
Reporter,Reporter,Bilad Alrafidain University,Iraq,,,,,,,https://www.timeshighereducation.com/world-university-rankings/bilad-alrafidain-university,Jerusalem Junction,Baqubah,Diyala,,Iraq
Reporter,Reporter,Bila Tserkva National Agrarian University,Ukraine,,,,,,,https://www.timeshighereducation.com/world-university-rankings/bila-tserkva-national-agrarian-university,"['Sq. Soborna', '8/1 Bila Tserkva']",Bila Tserkva,Kyiv Oblast,09117,Ukraine
Reporter,Reporter,BIMM Music Institute Birmingham,United Kingdom,,,,,,,https://www.timeshighereducation.com/world-university-rankings/bimm-music-institute-birmingham,93-96 Floodgate Stree Deritend,Birmingham,Birmingham,B5 5SR,United Kingdom
Reporter,Reporter,Birmingham Newman University,United Kingdom,,,,,,,https://www.timeshighereducation.com/world-university-rankings/birmingham-newman-university,Genners Lane Bartley Green,Birmingham,West Midlands,B32 3NT,United Kingdom
Reporter,Reporter,Bishop Grosseteste University,United Kingdom,,,,,,,https://www.timeshighereducation.com/world-university-rankings/bishop-grosseteste-university,Longdales Rd,Lincoln,Lincolnshire,LN1 3DY,United Kingdom
Reporter,Reporter,Bloomsbury Institute London,United Kingdom,,,,,,,https://www.timeshighereducation.com/world-university-rankings/bloomsbury-institute-london,7 Bedford Square Bloomsbury,London,London,WC1B 3RA,United Kingdom
Reporter,Reporter,Bohdan Khmelnytsky National University of Cherkasy,Ukraine,,,,,,,https://www.timeshighereducation.com/world-university-rankings/bohdan-khmelnytsky-national-university-cherkasy,81 Shevchenka Blvd,Cherkasy,71,18031,Ukraine
Reporter,Reporter,Borys Grinchenko Kyiv Metropolitan University,Ukraine,,,,,,,https://www.timeshighereducation.com/world-university-rankings/borys-grinchenko-kyiv-metropolitan-university,18/2 Bulvarno Kudryavska St.,Kyiv,Kyiv Oblast,04053,Ukraine
Reporter,Reporter,Bowen University,Nigeria,,,,,,,https://www.timeshighereducation.com/world-university-rankings/bowen-university,P.M.B. 284,Iwo,Osun State,232101,Nigeria
Reporter,Reporter,Brainware University,India,,,,,,,https://www.timeshighereducation.com/world-university-rankings/brainware-university,"['398', 'Ramkrishnapur', 'Barasat Near Jagadighata Market']",Kolkata,WB,700125,India
Reporter,Reporter,Buana Perjuangan University Karawang,Indonesia,,,,,,,https://www.timeshighereducation.com/world-university-rankings/buana-perjuangan-university-karawang,Jl. Ronggo Waluyo Telukjambe Timur,Karawang,Jawa Barat,41361,Indonesia
Reporter,Reporter,Buckinghamshire New University,United Kingdom,,,,,,,https://www.timeshighereducation.com/world-university-rankings/buckinghamshire-new-university,Queen Alexandra Road,High Wycombe,Buckinghamshire,HP11 2JZ,United Kingdom
Reporter,Reporter,Budapest Business School,Hungary,,,,,,,https://www.timeshighereducation.com/world-university-rankings/budapest-business-school,Marko Street 29-31,Budapest,Budapest,1055,Hungary
Reporter,Reporter,Budapest Metropolitan University,Hungary,,,,,,,https://www.timeshighereducation.com/world-university-rankings/budapest-metropolitan-university,King Lajos the Great Road 1-9.,Budapest,Budapest,1148,Hungary
Reporter,Reporter,Bukhara Engineering Technological Institute,Uzbekistan,,,,,,,https://www.timeshighereducation.com/world-university-rankings/bukhara-engineering-technological-institute,15 Qayoom Murtazoyevа Street,Bukhara,Bukhara Province,200100,Uzbekistan
Reporter,Reporter,Bukhara State Medical Institute,Uzbekistan,,,,,,,https://www.timeshighereducation.com/world-university-rankings/bukhara-state-medical-institute,1 Navoiy Street,Bukhara,Bukhara Region,,Uzbekistan
Reporter,Reporter,Bukhara State University,Uzbekistan,,,,,,,https://www.timeshighereducation.com/world-university-rankings/bukhara-state-university,11 Mukhammad Iqbol St,Bukhara,Bukhara Province,705018,Uzbekistan
Reporter,Reporter,Bulacan State University,Philippines,,,,,,,https://www.timeshighereducation.com/world-university-rankings/bulacan-state-university,Guinhawa,City of Malolos,BUL,3000,Philippines
Reporter,Reporter,Bundelkhand University,India,,,,,,,https://www.timeshighereducation.com/world-university-rankings/bundelkhand-university,Kanpur Road Jhansi,,UP,284128,India
Reporter,Reporter,Cagayan State University,Philippines,,,,,,,https://www.timeshighereducation.com/world-university-rankings/cagayan-state-university,"['Caritan Sur', 'Tuguegarao City']",Tuguegarao,Cagayan Valley,3500,Philippines
Reporter,Reporter,Çağ University,Turkey,,,,,,,https://www.timeshighereducation.com/world-university-rankings/cag-university,Adana Mersin Highway Yenice,Tarsus,33,33800,Turkey
Reporter,Reporter,"California State University, Chico",United States,,,,,,,https://www.timeshighereducation.com/world-university-rankings/california-state-university-chico,400 West First Street,Chico,California,95929,United States
Reporter,Reporter,Canadian International College - Cairo Campus of Cape Breton University Canada,Egypt,,,,,,,https://www.timeshighereducation.com/world-university-rankings/canadian-international-college-cairo-campus-cape-breton-university-canada,"['Land 6', 'Center Services South of Police Academy']",New Cairo,Cairo,11241,Egypt
Reporter,Reporter,Capitol University,Philippines,,,,,,,https://www.timeshighereducation.com/world-university-rankings/capitol-university,Corrales Ext,Cagayan de Oro,MSR,9000,Philippines
Reporter,Reporter,Caraga State University - Ampayon Campus,Philippines,,,,,,,https://www.timeshighereducation.com/world-university-rankings/caraga-state-university-ampayon-campus,National Highway NH1,Butuan City,Agusan Del Norte,8600,Philippines
Reporter,Reporter,Carlemany University,Andorra,,,,,,,https://www.timeshighereducation.com/world-university-rankings/carlemany-university,Avinguda Verge De Canolich No 47,Sant Julia de Loria,Sant Julia de Loria,AD600,Andorra
Reporter,Reporter,Catholic University in Erbil,Iraq,,,,,,,https://www.timeshighereducation.com/world-university-rankings/catholic-university-erbil,189 District,Erbil,Erbil Governorate,,Iraq
Reporter,Reporter,Catholic University of Ávila,Spain,,,,,,,https://www.timeshighereducation.com/world-university-rankings/catholic-university-avila,"['C/ Los Canteros', 's/n']",,Avila,05005,Spain
Reporter,Reporter,Catholic University of Córdoba,Argentina,,,,,,,https://www.timeshighereducation.com/world-university-rankings/catholic-university-cordoba,Obispo Trejo 323,Cordoba,Cordoba,,Argentina
Reporter,Reporter,Catholic University of Uruguay,Uruguay,,,,,,,https://www.timeshighereducation.com/world-university-rankings/catholic-university-uruguay,Av. 8 de Octubre 2738,Montevideo,Montevideo Department,CP 11600,Uruguay
Reporter,Reporter,Cebu Technological University,Philippines,,,,,,,https://www.timeshighereducation.com/world-university-rankings/cebu-technological-university,M.J. Cuenco Ave Cor R. Palma Street,,CEB,6000,Philippines
Reporter,Reporter,CECOS University of IT and Emerging Sciences,Pakistan,,,,,,,https://www.timeshighereducation.com/world-university-rankings/cecos-university-it-and-emerging-sciences,"['F-5', 'Phase-6 Hayatabad']",Peshawar,Khyber Pakhtunkhwa Province,,Pakistan
Reporter,Reporter,Central Asian University CAU,Uzbekistan,,,,,,,https://www.timeshighereducation.com/world-university-rankings/central-asian-university-cau,"['264', 'Milliy Bog Street Barkamol MFY']",Tashkent,Tashkent,111221,Uzbekistan
Reporter,Reporter,Central Bicol State University of Agriculture,Philippines,,,,,,,https://www.timeshighereducation.com/world-university-rankings/central-bicol-state-university-agriculture,San Jose,Pili,CAS,,Philippines
Reporter,Reporter,Central Luzon State University,Philippines,,,,,,,https://www.timeshighereducation.com/world-university-rankings/central-luzon-state-university,Science City of Muñoz,Nueva Ecija,NUE,3120,Philippines
Reporter,Reporter,Central Mindanao Colleges,Philippines,,,,,,,https://www.timeshighereducation.com/world-university-rankings/central-mindanao-colleges,Osmena Drive,Kidapawan City,NCO,9400,Philippines
Reporter,Reporter,Central University of Europe,Georgia,,,,,,,https://www.timeshighereducation.com/world-university-rankings/central-university-europe,Tsereteli Street No 13,Kutaisi,Imereti,4600,Georgia
Reporter,Reporter,Centro de Estudios para la Calidad Educativa y la Investigación Científica (CECEIC),Mexico,,,,,,,https://www.timeshighereducation.com/world-university-rankings/centro-de-estudios-para-la-calidad-educativa-y-la-investigacion-cientifica,Josefa Ortiz de Dominguez 109 North corner of 1ro de Mayo,Toluca,State of Mexico,50090,Mexico
Reporter,Reporter,Centro Universitário Cesuca,Brazil,,,,,,,https://www.timeshighereducation.com/world-university-rankings/centro-universitario-cesuca,Rua Silverio Manoel da Silva 160 Colinas,Cachoeirinha,Rio Grande do Sul,94935-630,Brazil
Reporter,Reporter,Centro Universitário de Jaguariúna,Brazil,,,,,,,https://www.timeshighereducation.com/world-university-rankings/centro-universitario-de-jaguariuna,Rodovia Governador Doutor Adhemar Pereira de Barros,Jaguariuna,Sau Paulo,,Brazil
Reporter,Reporter,Centro Universitário Integrado,Brazil,,,,,,,https://www.timeshighereducation.com/world-university-rankings/centro-universitario-integrado,"['670', 'Avenida Irmaos Pereira Centro']",Campo Mourao,Parana,87301-010,Brazil
Reporter,Reporter,Centro Universitário Max Planck,Brazil,,,,,,,https://www.timeshighereducation.com/world-university-rankings/centro-universitario-max-planck,Avenida 9 de Dezembro Jardim Pedroso,Indaiatuba,Sao Paulo,460,Brazil
Reporter,Reporter,Centro Universitário Nossa Senhora do Patrocínio (CEUNSP),Brazil,,,,,,,https://www.timeshighereducation.com/world-university-rankings/centro-universitario-nossa-senhora-do-patrocinio-ceunsp,Regente Feijó Square nº 181 | Center | Itu - SP,,Sao Paulo,,Brazil
Reporter,Reporter,CESI,France,,,,,,,https://www.timeshighereducation.com/world-university-rankings/cesi,1 avenue du General de Gaulle Tour PB5,Paris,Île-de-France,92800,France
Reporter,Reporter,CETYS Universidad,Mexico,,,,,,,https://www.timeshighereducation.com/world-university-rankings/cetys-universidad,Calz. Cetys S/N Rivera,Mexicali,Baja California,21259,Mexico
Reporter,Reporter,Chadli Bendjedid El Tarf University,Algeria,,,,,,,https://www.timeshighereducation.com/world-university-rankings/chadli-bendjedid-el-tarf-university,Bp 73,El Tarf,El Taref Province,36000,Algeria
Reporter,Reporter,Charmo University,Iraq,,,,,,,https://www.timeshighereducation.com/world-university-rankings/charmo-university,Peshawa Street & Chamchamal,Sulaimani,Kurdistan Region,46023,Iraq
Reporter,Reporter,Chernihiv Polytechnic National University,Ukraine,,,,,,,https://www.timeshighereducation.com/world-university-rankings/chernihiv-polytechnic-national-university,95 Shevchenka Str.,,Chernihiv,14027,Ukraine
Reporter,Reporter,Chhatrapati Shahu Ji Maharaj University,India,,,,,,,https://www.timeshighereducation.com/world-university-rankings/chhatrapati-shahu-ji-maharaj-university,Kalyanpur,Kanpur,UP,208024,India
Reporter,Reporter,Chirchik State Pedagogical Institute,Uzbekistan,,,,,,,https://www.timeshighereducation.com/world-university-rankings/chirchik-state-pedagogical-institute,"['104', 'Amir Temur Street']",Chirchik,Tashkent,110700,Uzbekistan
Reporter,Reporter,Cholistan University of Veterinary and Animal Sciences,Pakistan,,,,,,,https://www.timeshighereducation.com/world-university-rankings/cholistan-university-veterinary-and-animal-sciences,Near DHA,Bahawalpur,Punjab,,Pakistan
Reporter,Reporter,Cihan University – Erbil,Iraq,,,,,,,https://www.timeshighereducation.com/world-university-rankings/cihan-university-erbil,100St. Nawruz,,Erbil,,Iraq
Reporter,Reporter,Cihan University Sulaimaniya,Iraq,,,,,,,https://www.timeshighereducation.com/world-university-rankings/cihan-university-sulaimaniya,Opposite Family-mall Behind Kurd-City & Saib-City,Sulaimanya,Kurdistan Region,46001,Iraq
Reporter,Reporter,City College of San Fernando Pampanga,Philippines,,,,,,,https://www.timeshighereducation.com/world-university-rankings/city-college-san-fernando-pampanga,City Civic Center,City of San Fernando,PAM,2000,Philippines
Reporter,Reporter,"City University of Science and Information Technology, Peshawar",Pakistan,,,,,,,https://www.timeshighereducation.com/world-university-rankings/city-university-science-and-information-technology-peshawar,"['Dalazak Rd', 'Phaka Ghulam']",Peshawar,Khyber Pakhtunkhwa Province,,Pakistan
Reporter,Reporter,Civil Aviation Academy,Kazakhstan,,,,,,,https://www.timeshighereducation.com/world-university-rankings/civil-aviation-academy,44 Zakarpatskaya str,Almaty,Almaty Region,050039,Kazakhstan
Reporter,Reporter,Courtauld Institute of Art,United Kingdom,,,,,,,https://www.timeshighereducation.com/world-university-rankings/courtauld-institute-art,Somerset House Strand,London,Greater London,WC2R 0RN,United Kingdom
Reporter,Reporter,Cranfield University,United Kingdom,,,,,,,https://www.timeshighereducation.com/world-university-rankings/cranfield-university,College Road,Cranfield,Bedfordshire,MK43 0AL,United Kingdom
Reporter,Reporter,Cruzeiro do Sul University,Brazil,,,,,,,https://www.timeshighereducation.com/world-university-rankings/cruzeiro-do-sul-university,Avenida Dr Ussiel Cirilo 111-213,Vila Jacui,Sao Paulo,08060-070,Brazil
Reporter,Reporter,Daaru Salaam University (DSU),Somalia,,,,,,,https://www.timeshighereducation.com/world-university-rankings/daaru-salaam-university-dsu,Jidka Tarabuunka,Mogadishu,Banaadir,,Somalia
Reporter,Reporter,Daneshpajoohan Pishro Higher Education Institute,Iran,,,,,,,https://www.timeshighereducation.com/world-university-rankings/daneshpajoohan-pishro-higher-education-institute,Daneshpajoohan Building Keshavarz Blvd,Esfahan,Esfahan Province,,Iran
Reporter,Reporter,Dawood University of Engineering and Technology,Pakistan,,,,,,,https://www.timeshighereducation.com/world-university-rankings/dawood-university-engineering-and-technology,M.A Jinnah Road,Karachi,Sindh,74800,Pakistan
Reporter,Reporter,Deen Dayal Upadhyaya Gorakhpur University,India,,,,,,,https://www.timeshighereducation.com/world-university-rankings/deen-dayal-upadhyaya-gorakhpur-university,Gorakhpur University Road Civil Lines,Gorakhpur,UP,273009,India
Reporter,Reporter,De La Salle – College of Saint Benilde,Philippines,,,,,,,https://www.timeshighereducation.com/world-university-rankings/de-la-salle-college-saint-benilde,2544 Taft Avenue,Malate,Manila,1004,Philippines
Reporter,Reporter,De La Salle Medical and Health Sciences Institute (DLSMHSI),Philippines,,,,,,,https://www.timeshighereducation.com/world-university-rankings/de-la-salle-medical-and-health-sciences-institute-dlsmhsi,Governor D Mangubat Avenue,Dasmarinas City,CAV,4114,Philippines
Reporter,Reporter,Dhakuakhana College Autonomous,India,,,,,,,https://www.timeshighereducation.com/world-university-rankings/dhakuakhana-college-autonomous,North Lakhimpur,Dhakuakhana,AS,787055,India
Reporter,Reporter,DHA Suffa University,Pakistan,,,,,,,https://www.timeshighereducation.com/world-university-rankings/dha-suffa-university,"['Ph VII', 'DG 78 Off Khayaban e Tufail']",Karachi City,Sindh,75500,Pakistan
Reporter,Reporter,Diplomat University,Uzbekistan,,,,,,,https://www.timeshighereducation.com/world-university-rankings/diplomat-university,1 Sayilgoh Street,Tashkent,Tashkent,100047,Uzbekistan
Reporter,Reporter,Doğuş University,Turkey,,,,,,,https://www.timeshighereducation.com/world-university-rankings/dogus-university,265 Nato Yolu Caddessi,Umraniye,Istanbul,34775,Turkey
Reporter,Reporter,Don Bosco University,India,,,,,,,https://www.timeshighereducation.com/world-university-rankings/don-bosco-university,Tapesia Gardens Kamakuchi Village,Sonapur,AS,782 402,India
Reporter,Reporter,Don Mariano Marcos Memorial State University,Philippines,,,,,,,https://www.timeshighereducation.com/world-university-rankings/don-mariano-marcos-memorial-state-university,Bacnotan,La Union,LUN,2515,Philippines
Reporter,Reporter,Dovletmammet Azadi Turkmen National Institute of World Languages,Turkmenistan,,,,,,,https://www.timeshighereducation.com/world-university-rankings/dovletmammet-azadi-turkmen-national-institute-world-languages,Köçesiniň 47-nji jayy Aba Annayew,Asgabat,Asgabat,,Turkmenistan
Reporter,Reporter,Dr. Rafael Belloso Chacín Private University,Venezuela,,,,,,,https://www.timeshighereducation.com/world-university-rankings/dr-rafael-belloso-chacin-private-university,Avenue 16 Prolongacion Circunvalacion 2,Maracaibo,V,4005,Venezuela
Reporter,Reporter,D. Serikbayev East Kazakhstan Technical University,Kazakhstan,,,,,,,https://www.timeshighereducation.com/world-university-rankings/d-serikbayev-east-kazakhstan-technical-university,Serikbaev Street 19,Ust-Kamenogorsk,East Kazakhstan Region,070004,Kazakhstan
Reporter,Reporter,Duhok Polytechnic University,Iraq,,,,,,,https://www.timeshighereducation.com/world-university-rankings/duhok-polytechnic-university,61 Zakho Road Mazi Qr Duhok,Kurdistan,Kurdistan Province,1006,Iraq
Reporter,Reporter,Dulaty University,Kazakhstan,,,,,,,https://www.timeshighereducation.com/world-university-rankings/dulaty-university,"['Suleymenov', '7']",,Taraz City,,Kazakhstan
Reporter,Reporter,EAE Business School,Spain,,,,,,,https://www.timeshighereducation.com/world-university-rankings/eae-business-school,"['Carrer Arago', '55']",Barcelona,B,08015,Spain
Reporter,Reporter,EAN University,Colombia,,,,,,,https://www.timeshighereducation.com/world-university-rankings/ean-university,Calle 79 No. 11 - 45,Bogata,Distrito Capital,,Colombia
Reporter,Reporter,École Nationale Polytechnique,Algeria,,,,,,,https://www.timeshighereducation.com/world-university-rankings/ecole-nationale-polytechnique,10 Rue des Frères OUDEK,El Harrach,Algiers,16200,Algeria
Reporter,Reporter,École Nationale Supérieure Agronomique,Algeria,,,,,,,https://www.timeshighereducation.com/world-university-rankings/ecole-nationale-superieure-agronomique,Avenue Hassan Badi,El Harrach,Algiers Province,16004,Algeria
Reporter,Reporter,École Nationale Supérieure de Biotechnologie Taoufik Khaznadar (ENSB),Algeria,,,,,,,https://www.timeshighereducation.com/world-university-rankings/ecole-nationale-superieure-de-biotechnologie-taoufik-khaznadar-ensb,Constantine University 3,Ali Mendjeli,Ali Mendjeli,25100,Algeria
Reporter,Reporter,École Nationale Supérieure des Sciences de la Mer et de l’Aménagement du Littoral (ENSSMAL),Algeria,,,,,,,https://www.timeshighereducation.com/world-university-rankings/ecole-nationale-superieure-des-sciences-de-la-mer-et-de-lamenagement-du,"['Campus Universitaire de Dely Ibrahim', 'Bois des Cars']",Alger,Algiers Province,16320,Algeria
Reporter,Reporter,Ecole Nationale Supérieure d'Hydraulique,Algeria,,,,,,,https://www.timeshighereducation.com/world-university-rankings/ecole-nationale-superieure-dhydraulique,29 route de soumaa,Blida,Algeria,,Algeria
Reporter,Reporter,École Nationale Supérieure d’Informatique (ESI),Algeria,,,,,,,https://www.timeshighereducation.com/world-university-rankings/ecole-nationale-superieure-dinformatique-esi,Oued Smar,Algiers,Algiers,16309,Algeria
Reporter,Reporter,École National Polytechnique de Constantine,Algeria,,,,,,,https://www.timeshighereducation.com/world-university-rankings/ecole-national-polytechnique-de-constantine,"['BP 75 A', 'Nouvelle ville RP']",Constantine Province,Eastern Algeria,,Algeria
Reporter,Reporter,École Normale Supérieure de Béchar,Algeria,,,,,,,https://www.timeshighereducation.com/world-university-rankings/ecole-normale-superieure-de-bechar,"['B.P. N° 601', 'Route de Kenadsa']",,Béchar,,Algeria
Reporter,Reporter,École Normale Supérieure de Bouzaréah,Algeria,,,,,,,https://www.timeshighereducation.com/world-university-rankings/ecole-normale-superieure-de-bouzareah,93 Ali Ramly Street,,Bouzareah,,Algeria
Reporter,Reporter,École Normale Supérieure de Kouba,Algeria,,,,,,,https://www.timeshighereducation.com/world-university-rankings/ecole-normale-superieure-de-kouba,Vieux Kouba BP N92,Kouba,Algiers Province,16308,Algeria
Reporter,Reporter,École Normale Supérieure de Laghouat,Algeria,,,,,,,https://www.timeshighereducation.com/world-university-rankings/ecole-normale-superieure-de-laghouat,P.O. Box 4033 El Mahatta Post Rue El Shohada,,Laghouat,03000,Algeria
Reporter,Reporter,École Normale Supérieure de Ouargla,Algeria,,,,,,,https://www.timeshighereducation.com/world-university-rankings/ecole-normale-superieure-de-ouargla,P.O. Box 398,Al-Nasr District,Ouargla,30000,Algeria
Reporter,Reporter,École Normale Supérieure El Katiba Assia Djebar Constantine (ENSC),Algeria,,,,,,,https://www.timeshighereducation.com/world-university-rankings/ecole-normale-superieure-el-katiba-assia-djebar-constantine-ensc,Ville Universitaire Ali Mendjeli,Constantine,Constantine,25000,Algeria
Reporter,Reporter,École Polytechnique d’Architecture et d’Urbanisme,Algeria,,,,,,,https://www.timeshighereducation.com/world-university-rankings/ecole-polytechnique-darchitecture-et-durbanisme,"['Beaulieu', 'El-Harrach BPN° 177']",Algiers,Algiers Province,16200,Algeria
Reporter,Reporter,Ecole Superieure de Commerce (ESC Alger),Algeria,,,,,,,https://www.timeshighereducation.com/world-university-rankings/ecole-superieure-de-commerce-esc-alger,42003 Kolea,Tipaza,Algerie,,Algeria
Reporter,Reporter,École Supérieure des Sciences de l'Aliment et des Industries Agroalimentaires,Algeria,,,,,,,https://www.timeshighereducation.com/world-university-rankings/ecole-superieure-des-sciences-de-laliment-et-des-industries,Avenue Ahmed Hamidouche,Beaulieu Oued Smar,Alger,,Algeria
Reporter,Reporter,École Supérieure en Informatique 8 Mai 1945 de Sidi-Bel-Abbès,Algeria,,,,,,,https://www.timeshighereducation.com/world-university-rankings/ecole-superieure-en-informatique-8-mai-1945-de-sidi-bel-abbes,"['BP 73', 'El Wiam Post Office']",Sidi Bel Abbes,Sidi Bel Abbes,22016,Algeria
Reporter,Reporter,École Supérieure en Sciences Appliquées de Tlemcen,Algeria,,,,,,,https://www.timeshighereducation.com/world-university-rankings/ecole-superieure-en-sciences-appliquees-de-tlemcen,BP 154 RP Bel Horizon,,Tlemcen,13000,Algeria
Reporter,Reporter,École Supérieure en Sciences Biologiques d’Oran (ESSBO),Algeria,,,,,,,https://www.timeshighereducation.com/world-university-rankings/ecole-superieure-en-sciences-biologiques-doran-essbo,Saim Mohamed - BP 1042 Emir Abdelkader Town,Oran,Oran Province,31000,Algeria
Reporter,Reporter,École Supérieure en Sciences et Technologies de l’Informatique et du Numérique (ESTIN),Algeria,,,,,,,https://www.timeshighereducation.com/world-university-rankings/ecole-superieure-en-sciences-et-technologies-de-linformatique-et-du,Route nationale n° 75,Amizour,Bejaia,06300,Algeria
Reporter,Reporter,Ecotec University,Ecuador,,,,,,,https://www.timeshighereducation.com/world-university-rankings/ecotec-university,Vía Samborondon Km. 13.5,Samborondon,Guayas Province,,Ecuador
Reporter,Reporter,Effat University,Saudi Arabia,,,,,,,https://www.timeshighereducation.com/world-university-rankings/effat-university,8482 Qasr Khouzam Al Nazlah Al Yamaniyah,Jeddah,Mecca Province,22332,Saudi Arabia
Reporter,Reporter,Egerton University,Kenya,,,,,,,https://www.timeshighereducation.com/world-university-rankings/egerton-university,Along Nakuru-Mau Narok Road Egerton Ar.,Njoro,Nakuru,20115,Kenya
Reporter,Reporter,Egyptian Chinese University,Egypt,,,,,,,https://www.timeshighereducation.com/world-university-rankings/egyptian-chinese-university,Gesr Elsuez Street Behind Tagneed Bridge,Cairo,Cairo,,Egypt
Reporter,Reporter,Egyptian Russian University,Egypt,,,,,,,https://www.timeshighereducation.com/world-university-rankings/egyptian-russian-university,Suez road,Badr City,C,11829,Egypt
Reporter,Reporter,Egypt University of Informatics,Egypt,,,,,,,https://www.timeshighereducation.com/world-university-rankings/egypt-university-informatics,New Administrative Capital Knowledge City,Cairo,C,,Egypt
Reporter,Reporter,EIA University,Colombia,,,,,,,https://www.timeshighereducation.com/world-university-rankings/eia-university,Calle 23 AA Sur No 5-200 Kilometer 2+200 Bypass to Jose,Envigado,Antioquia,055428,Colombia
Reporter,Reporter,Elmergib University,Libya,,,,,,,https://www.timeshighereducation.com/world-university-rankings/elmergib-university,Port Street PO Box 40414,Al Khoms,Murqub District,,Libya
Reporter,Reporter,Emaan Institute of Management and Sciences,Pakistan,,,,,,,https://www.timeshighereducation.com/world-university-rankings/emaan-institute-management-and-sciences,"['Plot # A-2', 'Sector 28 Suparco Rd Gulzar-E-Hijri Scheme 33']",Karachi,Sindh,75330,Pakistan
Reporter,Reporter,Emerson University Multan,Pakistan,,,,,,,https://www.timeshighereducation.com/world-university-rankings/emerson-university-multan,"['Bosan Road', 'Al Atta Colony']",Multan,Punjab Province,60000,Pakistan
Reporter,Reporter,Emir Abdelkader University of Islamic Sciences,Algeria,,,,,,,https://www.timeshighereducation.com/world-university-rankings/emir-abdelkader-university-islamic-sciences,Kaddour Boumdous St. PO 137,,Constantine,,Algeria
Reporter,Reporter,Escola Superior de Ciências Sociais Artes e Humanidades,Angola,,,,,,,https://www.timeshighereducation.com/world-university-rankings/escola-superior-de-ciencias-sociais-artes-e-humanidades,Rua Dom Lukeni PO Box N 35 Mbanza,Kongo,Zaire,,Angola
Reporter,Reporter,Escola Superior Pedagógica do Bengo,Angola,,,,,,,https://www.timeshighereducation.com/world-university-rankings/escola-superior-pedagogica-do-bengo,Right street of Açucareira Caxito,Dande,Bengo,,Angola
Reporter,Reporter,Escola Superior Pedagógica do Bié,Angola,,,,,,,https://www.timeshighereducation.com/world-university-rankings/escola-superior-pedagogica-do-bie,Bairro Santo Antonio Rua Serpa Pinto,Kuito,Bie,,Angola
Reporter,Reporter,Escola Superior Pedagógica do Cuanza Norte,Angola,,,,,,,https://www.timeshighereducation.com/world-university-rankings/escola-superior-pedagogica-do-cuanza-norte,Rua Direita da Missao Bairro Kilombo,Cazengo,Cuanza Norte,,Angola
Reporter,Reporter,Escuela Superior Politécnica de Chimborazo,Ecuador,,,,,,,https://www.timeshighereducation.com/world-university-rankings/escuela-superior-politecnica-de-chimborazo,Panamericana Sur km 1 1/2,Riobamba,Chimborazo,,Ecuador
Reporter,Reporter,ESIC University,Spain,,,,,,,https://www.timeshighereducation.com/world-university-rankings/esic-university,Avenida de Valdenigrales Pozuelo de Alarcon,Madrid,M,28223,Spain
Reporter,Reporter,ESLSCA University,Egypt,,,,,,,https://www.timeshighereducation.com/world-university-rankings/eslsca-university,Alexandria Desert Road Pyramids Heights Building B06,Giza,GZ,,Egypt
Reporter,Reporter,Estonian Academy of Arts,Estonia,,,,,,,https://www.timeshighereducation.com/world-university-rankings/estonian-academy-arts,Pohja pst 7,Tallinn,Tallinn,10412,Estonia
Reporter,Reporter,Eszterházy Károly Catholic University,Hungary,,,,,,,https://www.timeshighereducation.com/world-university-rankings/eszterhazy-karoly-catholic-university,Eszterhazy ter 1,Eger,Heves,3300,Hungary
Reporter,Reporter,EURECOM,France,,,,,,,https://www.timeshighereducation.com/world-university-rankings/eurecom,450 Route des Chappes Biot Sophia Antipolis,Valbonne,Provence Alpes Cote dAzur,06410,France
Reporter,Reporter,European University,Georgia,,,,,,,https://www.timeshighereducation.com/world-university-rankings/european-university,76 Guramishvili Ave.,Tbilisi,Caucasus Region,0141,Georgia
Reporter,Reporter,European University of Armenia,Armenia,,,,,,,https://www.timeshighereducation.com/world-university-rankings/european-university-armenia,10 Davit Anhaght Street,Yerevan,Ararat Province,0037,Armenia
Reporter,Reporter,European University of Tirana,Albania,,,,,,,https://www.timeshighereducation.com/world-university-rankings/european-university-tirana,Xhura Complex Xhanfize Keko Street,Tirana,Tirana,,Albania
Reporter,Reporter,European University Ukraine,Ukraine,,,,,,,https://www.timeshighereducation.com/world-university-rankings/european-university-ukraine,Academician Vernadsky Boulevard 16B,Kyiv,Kyiv,03115,Ukraine
Reporter,Reporter,"Evangel University, Akaeze",Nigeria,,,,,,,https://www.timeshighereducation.com/world-university-rankings/evangel-university-akaeze,"['Km 48', 'Enugu-Abakaliki Expres']","['Okpoto', 'Ishielu L.G.A']",Ebonyi State,491104,Nigeria
Reporter,Reporter,Externado University of Colombia,Colombia,,,,,,,https://www.timeshighereducation.com/world-university-rankings/externado-university-colombia,Calle 12 No 1-17 Este,Bogata,Distrito Capital,,Colombia
Reporter,Reporter,Falmouth University,United Kingdom,,,,,,,https://www.timeshighereducation.com/world-university-rankings/falmouth-university,Woodlane,Falmouth,Cornwall,TR11 4RH,United Kingdom
Reporter,Reporter,Fatima Jinnah Women University,Pakistan,,,,,,,https://www.timeshighereducation.com/world-university-rankings/fatima-jinnah-women-university,"['Old Presidency', 'The Mall Saddar']",Rawalpindi,Punjab,46000,Pakistan
Reporter,Reporter,Federal University of Lafia,Nigeria,,,,,,,https://www.timeshighereducation.com/world-university-rankings/federal-university-lafia,"['PMB 146', 'Maraba Akunza Obi Road']",Lafia,Nasarawa State,950101,Nigeria
Reporter,Reporter,"Federal University of Petroleum Resources, Effurun",Nigeria,,,,,,,https://www.timeshighereducation.com/world-university-rankings/federal-university-petroleum-resources-effurun,pmb 1221,Effurun,Delta State,,Nigeria
Reporter,Reporter,Fergana Polytechnic Institute,Uzbekistan,,,,,,,https://www.timeshighereducation.com/world-university-rankings/fergana-polytechnic-institute,86th Street,Fergana,Fergana Region,150100,Uzbekistan
Reporter,Reporter,Fergana State University,Uzbekistan,,,,,,,https://www.timeshighereducation.com/world-university-rankings/fergana-state-university,19 Mourabbiilar Street,Fergana,Fergana Region,150100,Uzbekistan
Reporter,Reporter,Final International University,Northern Cyprus,,,,,,,https://www.timeshighereducation.com/world-university-rankings/final-international-university,No. 6 Besparmaklar Avenue Kyrenia via Mersin,Catalkoy,Kyrenia District,99370,Northern Cyprus
Reporter,Reporter,Finis Terrae University,Chile,,,,,,,https://www.timeshighereducation.com/world-university-rankings/finis-terrae-university,Avenida Pedro de Valdivia 1509 Providencia,Santiago,Santiago,7501015,Chile
Reporter,Reporter,Fo Guang University,Taiwan,,,,,,,https://www.timeshighereducation.com/world-university-rankings/fo-guang-university,"['No 160', 'Linwei Road Linmei Village']",Jiaoxi Township,ILA,262307,Taiwan
Reporter,Reporter,Forman Christian College,Pakistan,,,,,,,https://www.timeshighereducation.com/world-university-rankings/forman-christian-college,Ferozepur Road,Lahore,Punjab,54600,Pakistan
Reporter,Reporter,Fountain University,Nigeria,,,,,,,https://www.timeshighereducation.com/world-university-rankings/fountain-university,Oke-Osun,Osogbo,Osun State,4491,Nigeria
Reporter,Reporter,Francisk Skorina Gomel State University,Belarus,,,,,,,https://www.timeshighereducation.com/world-university-rankings/francisk-skorina-gomel-state-university,104 Sovetskaya str.,,Gomel,246019,Belarus
Reporter,Reporter,Frontier University Garowe,Somalia,,,,,,,https://www.timeshighereducation.com/world-university-rankings/frontier-university-garowe,"['1st August', 'Global Street']",Garowe,Puntland Region,,Somalia
Reporter,Reporter,FSG University Center,Brazil,,,,,,,https://www.timeshighereducation.com/world-university-rankings/fsg-university-center,"['2366', 'Rua Os Dezoito do Forte Sao Pelegrino']",Caxias do Sul,Rio Grande do Sul,95020-472,Brazil
Reporter,Reporter,Galala University,Egypt,,,,,,,https://www.timeshighereducation.com/world-university-rankings/galala-university,"['Galala Plateau', 'Attaka']",Suez,SUZ,43511,Egypt
Reporter,Reporter,Gangadhar Meher University,India,,,,,,,https://www.timeshighereducation.com/world-university-rankings/gangadhar-meher-university,Amruta Vihar,Sambalpur,OD,768004,India
Reporter,Reporter,Gaziantep Islamic Science and Technology University,Turkey,,,,,,,https://www.timeshighereducation.com/world-university-rankings/gaziantep-islamic-science-and-technology-university,Bestepe Mah.,Sahinbey,27,27260,Turkey
Reporter,Reporter,GD Goenka University,India,,,,,,,https://www.timeshighereducation.com/world-university-rankings/gd-goenka-university,Sohna Gurgaon Road,Sohna,HR,,India
Reporter,Reporter,General Sir John Kotelawala Defence University,Sri Lanka,,,,,,,https://www.timeshighereducation.com/world-university-rankings/general-sir-john-kotelawala-defence-university,Kandawala Road,Rathmalana,Western Province,10390,Sri Lanka
Reporter,Reporter,Ghazi University,Pakistan,,,,,,,https://www.timeshighereducation.com/world-university-rankings/ghazi-university,College Chowk Block 18,Dera Ghazi Khan,Punjab Province,,Pakistan
Reporter,Reporter,Glasgow School of Art,United Kingdom,,,,,,,https://www.timeshighereducation.com/world-university-rankings/glasgow-school-art,167 Renfrew Street,Glasgow,Glasgow,G3 6RQ,United Kingdom
Reporter,Reporter,Global College of Engineering and Technology,Oman,,,,,,,https://www.timeshighereducation.com/world-university-rankings/global-college-engineering-and-technology,"['Ruwi', 'PO Box 2546']",Muscat,Muscat Governorate,112,Oman
Reporter,Reporter,Global Leadership University,Mongolia,,,,,,,https://www.timeshighereducation.com/world-university-rankings/global-leadership-university,"['Sukhbaatar District 11th Khoroo', 'Green Lake 51']",Ulaanbaatar,Ulaanbaatar,,Mongolia
Reporter,Reporter,Godfrey Okoye University,Nigeria,,,,,,,https://www.timeshighereducation.com/world-university-rankings/godfrey-okoye-university,Jideofor St. Thinkers Corner,Emene,['Enugu State'],,Nigeria
Reporter,Reporter,Gomel State Medical University,Belarus,,,,,,,https://www.timeshighereducation.com/world-university-rankings/gomel-state-medical-university,"['Republic of Belarus Lange', '5']",Gomel,Gomel Region,246000,Belarus
Reporter,Reporter,Gonbad Kavous University,Iran,,,,,,,https://www.timeshighereducation.com/world-university-rankings/gonbad-kavous-university,Shahid-Fallahy Avenue Basirat Blvd.,Gonbad-Kavous,Golestan,4971799151,Iran
Reporter,Reporter,Gordon College,Philippines,,,,,,,https://www.timeshighereducation.com/world-university-rankings/gordon-college-0,"['Olongapo City Sports Complex Donor Street', 'East Tapinac']",Olongapo City,ZMB,2200,Philippines
Reporter,Reporter,Government College Women University Faisalabad,Pakistan,,,,,,,https://www.timeshighereducation.com/world-university-rankings/government-college-women-university-faisalabad,Madina Town,Faisalabad,Punjab Province,,Pakistan
Reporter,Reporter,"Government College Women University, Sialkot",Pakistan,,,,,,,https://www.timeshighereducation.com/world-university-rankings/government-college-women-university-sialkot,Kutchehry Road,Sialkot,Punjab Province,,Pakistan
Reporter,Reporter,Graduate University of Advanced Technology,Iran,,,,,,,https://www.timeshighereducation.com/world-university-rankings/graduate-university-advanced-technology,End of Haft Bagh-e-Alavi Highw,Kerman,08,7631133131,Iran
Reporter,Reporter,Grodno State Medical University,Belarus,,,,,,,https://www.timeshighereducation.com/world-university-rankings/grodno-state-medical-university,"['Gorkogo str', '80']",Grodno,Grodno Region,230009,Belarus
Reporter,Reporter,Guildhall School of Music and Drama,United Kingdom,,,,,,,https://www.timeshighereducation.com/world-university-rankings/guildhall-school-music-and-drama,"['Silk Street', 'Barbican']",London,London,EC2Y 8DT,United Kingdom
Reporter,Reporter,Guimaras State University,Philippines,,,,,,,https://www.timeshighereducation.com/world-university-rankings/guimaras-state-university,Mclain,Buenavista,GUI,5044,Philippines
Reporter,Reporter,Gulf College,Oman,,,,,,,https://www.timeshighereducation.com/world-university-rankings/gulf-college,P.O.Box: 885 AlKhuwair,,Muscat,133,Oman
Reporter,Reporter,Gulf Medical University,United Arab Emirates,,,,,,,https://www.timeshighereducation.com/world-university-rankings/gulf-medical-university,P.O. Box 4184,Ajman,AJ,4184,United Arab Emirates
Reporter,Reporter,Gulf University,Bahrain,,,,,,,https://www.timeshighereducation.com/world-university-rankings/gulf-university,"['Road 4363', 'Building 1964 Block 743']",Sanad,Sanad,,Bahrain
Reporter,Reporter,Gulf University for Science and Technology,Kuwait,,,,,,,https://www.timeshighereducation.com/world-university-rankings/gulf-university-science-and-technology,"['Mubarak Al Abdullah Area Block 5', 'Building 1']",West Mishref,Hawalli,,Kuwait
Reporter,Reporter,Gulistan State University,Uzbekistan,,,,,,,https://www.timeshighereducation.com/world-university-rankings/gulistan-state-university,Gagarin Street,Guliston,Sirdaryo Region,,Uzbekistan
Reporter,Reporter,Hadhramout University,Yemen,,,,,,,https://www.timeshighereducation.com/world-university-rankings/hadhramout-university,PO Box 50512,Mukalla,Hadhramaut,,Yemen
Reporter,Reporter,Hagoromo University of International Studies,Japan,,,,,,,https://www.timeshighereducation.com/world-university-rankings/hagoromo-university-international-studies,1-89-1 Hamadera Minamicho Nishi-ku,Sakai-shi,27,592-8344,Japan
Reporter,Reporter,Hakuoh University,Japan,,,,,,,https://www.timeshighereducation.com/world-university-rankings/hakuoh-university,2-2-2  Ekihigashidori,Oyama City,Tochigi Prefecture,323-8586,Japan
Reporter,Reporter,Häme University of Applied Sciences,Finland,,,,,,,https://www.timeshighereducation.com/world-university-rankings/hame-university-applied-sciences,Visamaentie 35,Hameenlinna,Tavastia Proper Region,PL 230 131,Finland
Reporter,Reporter,Hanseo University,South Korea,,,,,,,https://www.timeshighereducation.com/world-university-rankings/hanseo-university,46 Hanseo 1-ro Haemi-Myun,Seosan-Si,44,31962,South Korea
Reporter,Reporter,Harper Adams University,United Kingdom,,,,,,,https://www.timeshighereducation.com/world-university-rankings/harper-adams-university,Newport,Newport,Shropshire,TF10 8NB,United Kingdom
Reporter,Reporter,Hartpury University,United Kingdom,,,,,,,https://www.timeshighereducation.com/world-university-rankings/hartpury-university,Hartpury House Hartpury,Gloucester,Gloucestershire,GL19 3BE,United Kingdom
Reporter,Reporter,Hawler Medical University,Iraq,,,,,,,https://www.timeshighereducation.com/world-university-rankings/hawler-medical-university,"['100m Street', 'Near Rizgary Teaching Hospital']",Erbil,Kurdistan Region,,Iraq
Reporter,Reporter,Hebron University,Palestine,,,,,,,https://www.timeshighereducation.com/world-university-rankings/hebron-university,P.O Box 40,Hebron,West Bank,,Palestine
Reporter,Reporter,"Higher National School of Renewable Energies, Environment & Sustainable Development",Algeria,,,,,,,https://www.timeshighereducation.com/world-university-rankings/higher-national-school-renewable-energies-environment-sustainable,Constantine road,Fesdis,Batna,,Algeria
Reporter,Reporter,Higher School of Agronomy – Mostaganem (ESAM),Algeria,,,,,,,https://www.timeshighereducation.com/world-university-rankings/higher-school-agronomy-mostaganem-esam,Hall de Technologie,Kherrouba,Mostaganem,27000,Algeria
Reporter,Reporter,Higher School of Management and Digital Economy (HSMDE),Algeria,,,,,,,https://www.timeshighereducation.com/world-university-rankings/higher-school-management-and-digital-economy-hsmde,Pole universitaire,Kolea,Tipaza Province,42003,Algeria
Reporter,Reporter,Hilla University College,Iraq,,,,,,,https://www.timeshighereducation.com/world-university-rankings/hilla-university-college,Hillah Najaf Road (Ranjia),,Babylon Governorate,51001,Iraq
Reporter,Reporter,Hiroshima International University,Japan,,,,,,,https://www.timeshighereducation.com/world-university-rankings/hiroshima-international-university,555-36 Kurose Gakuendai,Higashihiroshima City,34,739-2695,Japan
Reporter,Reporter,HITEC University,Pakistan,,,,,,,https://www.timeshighereducation.com/world-university-rankings/hitec-university,Cantt، Taxila Rawalpind,Rawalpindi,Punjab,47080,Pakistan
Reporter,Reporter,Horus University,Egypt,,,,,,,https://www.timeshighereducation.com/world-university-rankings/horus-university,International Coastal Road,New Damietta,Damietta,34517,Egypt
Reporter,Reporter,Ho Technical University,Ghana,,,,,,,https://www.timeshighereducation.com/world-university-rankings/ho-technical-university,Poly Road,Ho,Volta Region,,Ghana
Reporter,Reporter,Hryhorii Skovoroda University in Pereiaslav,Ukraine,,,,,,,https://www.timeshighereducation.com/world-university-rankings/hryhorii-skovoroda-university-pereiaslav,30 Sukhomlynskу Street,Pereiaslav,Kyiv Oblast,08401,Ukraine
Reporter,Reporter,Hyogo University of Teacher Education,Japan,,,,,,,https://www.timeshighereducation.com/world-university-rankings/hyogo-university-teacher-education,942-1 Shimokume Kato-city,,Hyōgo,673-1494,Japan
Reporter,Reporter,Iași University of Life Sciences,Romania,,,,,,,https://www.timeshighereducation.com/world-university-rankings/iasi-university-life-sciences,Aleea Mihail Sadoveanu no. 3,,Iasi,700490,Romania
Reporter,Reporter,"ICFAI University, Dehradun",India,,,,,,,https://www.timeshighereducation.com/world-university-rankings/icfai-university-dehradun,Rajawala Road Central Hope Town,Selaqui,Dehradun,248197,India
Reporter,Reporter,Igbinedion University Okada,Nigeria,,,,,,,https://www.timeshighereducation.com/world-university-rankings/igbinedion-university-okada,Main Campus Mission Road,Okada,Edo State,,Nigeria
Reporter,Reporter,IIMT University,India,,,,,,,https://www.timeshighereducation.com/world-university-rankings/iimt-university,"['Mawana Road O Pocket', 'Ganga Nagar Colony']",Meerut,UP,250001,India
Reporter,Reporter,Ilma University,Pakistan,,,,,,,https://www.timeshighereducation.com/world-university-rankings/ilma-university,Main Ibrahim Haydri Road Korangi Creek,Karachi,Sindh Province,,Pakistan
Reporter,Reporter,Imam Alkadhim University College,Iraq,,,,,,,https://www.timeshighereducation.com/world-university-rankings/imam-alkadhim-university-college,Hayy Ur,Baghdad,Baghdad Province,,Iraq
Reporter,Reporter,Imam Ja’afar Al-Sadiq University,Iraq,,,,,,,https://www.timeshighereducation.com/world-university-rankings/imam-jaafar-al-sadiq-university,Al-wazireya Near the Ministry of Labour,,Baghdad,,Iraq
Reporter,Reporter,Imam Reza International University,Iran,,,,,,,https://www.timeshighereducation.com/world-university-rankings/imam-reza-international-university,University Street Israr Street,Mashhad,Mashhad,9138833186,Iran
Reporter,Reporter,IMT Mines Alès,France,,,,,,,https://www.timeshighereducation.com/world-university-rankings/imt-mines-ales,6 avenue de Clavieres,Ales,Occitania,30319,France
Reporter,Reporter,"Independent University, Bangladesh",Bangladesh,,,,,,,https://www.timeshighereducation.com/world-university-rankings/independent-university-bangladesh,Plot 16 Block B Aftabuddin Ahmed Road,Dhaka,Dhaka,,Bangladesh
Reporter,Reporter,Indian Institute of Science Education and Research Tirupati,India,,,,,,,https://www.timeshighereducation.com/world-university-rankings/indian-institute-science-education-and-research-tirupati,"['Srinivasapuram', 'Venkatagiri Rd Jangalapalli Village', 'Panguru']",Tirupati District,AP,517619,India
Reporter,Reporter,Information Technology University of the Punjab,Pakistan,,,,,,,https://www.timeshighereducation.com/world-university-rankings/information-technology-university-punjab,"['346-B', 'Ferozepur Road Arfa Software Technology Park']",Lahore,Punjab Province,,Pakistan
Reporter,Reporter,Institute of Agriculture and Agrotechnologies of Karakalpakstan,Uzbekistan,,,,,,,https://www.timeshighereducation.com/world-university-rankings/institute-agriculture-and-agrotechnologies-karakalpakstan,K Abdanbetov Street,Nukus,Respublic of Karakalpakstan,,Uzbekistan
Reporter,Reporter,Institute of Cancer Research,United Kingdom,,,,,,,https://www.timeshighereducation.com/world-university-rankings/institute-cancer-research,123 Old Brompton Road,London,Kensington and Chelsea,SW7 3RP,United Kingdom
Reporter,Reporter,Institute of International Relations of the Ministry of Foreign Affairs of Turkmenistan,Turkmenistan,,,,,,,https://www.timeshighereducation.com/world-university-rankings/institute-international-relations-ministry-foreign-affairs-turkmenistan,25 Galkynysh,Ashgabat,Ashgabat,744000,Turkmenistan
Reporter,Reporter,Institute of Telecommunications and Informatics of Turkmenistan,Turkmenistan,,,,,,,https://www.timeshighereducation.com/world-university-rankings/institute-telecommunications-and-informatics-turkmenistan,68 Magtymguly Avenue,,Ashgabat,,Turkmenistan
Reporter,Reporter,Instituto Superior de Ciências da Educação da Huíla,Angola,,,,,,,https://www.timeshighereducation.com/world-university-rankings/instituto-superior-de-ciencias-da-educacao-da-huila,Dr Antonio Agostinho Neto,Lubango,Huila Province,,Angola
Reporter,Reporter,Instituto Superior de Ciências da Educação de Benguela,Angola,,,,,,,https://www.timeshighereducation.com/world-university-rankings/instituto-superior-de-ciencias-da-educacao-de-benguela,Rua Silva Porto,Benguela,Benguela,,Angola
Reporter,Reporter,Instituto Superior de Ciências da Educação de Luanda,Angola,,,,,,,https://www.timeshighereducation.com/world-university-rankings/instituto-superior-de-ciencias-da-educacao-de-luanda,Blk A-Avenida Imperial Santana PO Box 120609,Luanda,Luanda Province,,Angola
Reporter,Reporter,Instituto Superior de Ciências da Educação do Huambo,Angola,,,,,,,https://www.timeshighereducation.com/world-university-rankings/instituto-superior-de-ciencias-da-educacao-do-huambo,Avenida Allion Blody Beye,Huambo,Huambo Province,,Angola
Reporter,Reporter,Instituto Superior de Ciências de Educação de Cabinda,Angola,,,,,,,https://www.timeshighereducation.com/world-university-rankings/instituto-superior-de-ciencias-de-educacao-de-cabinda,"['Rua 214', 'Cabassango']",Cabinda,Cabinda,,Angola
Reporter,Reporter,Instituto Superior de Ciências de Educação do Sumbe,Angola,,,,,,,https://www.timeshighereducation.com/world-university-rankings/instituto-superior-de-ciencias-de-educacao-do-sumbe,Chingo Neighborhood Promised Land Zone 4,Sumbe,Cuanza Sul Province,,Angola
Reporter,Reporter,Instituto Superior Politécnico de Ndalatando,Angola,,,,,,,https://www.timeshighereducation.com/world-university-rankings/instituto-superior-politecnico-de-ndalatando,Catome de Baixo Neighborhood,Ndalatando,Cuanza Norte,,Angola
Reporter,Reporter,Instituto Superior Politécnico de Soyo,Angola,,,,,,,https://www.timeshighereducation.com/world-university-rankings/instituto-superior-politecnico-de-soyo,Street Right of the Airport 1st of May Neighborhood,Soyo,Zaire,,Angola
Reporter,Reporter,Instituto Superior Politécnico do Bengo,Angola,,,,,,,https://www.timeshighereducation.com/world-university-rankings/instituto-superior-politecnico-do-bengo,Caxito B Caboxa,Caxito,Bengo,,Angola
Reporter,Reporter,Instituto Superior Politécnico do Bié,Angola,,,,,,,https://www.timeshighereducation.com/world-university-rankings/instituto-superior-politecnico-do-bie,Padre Fidalgo Street,Kuito,Bie Province,,Angola
Reporter,Reporter,Instituto Superior Politécnico do Cuanza Sul,Angola,,,,,,,https://www.timeshighereducation.com/world-university-rankings/instituto-superior-politecnico-do-cuanza-sul,Rua 12 de Novembro,Sumbe,Cuanza Sul Province,,Angola
Reporter,Reporter,Instituto Superior Politécnico do Moxico,Angola,,,,,,,https://www.timeshighereducation.com/world-university-rankings/instituto-superior-politecnico-do-moxico,Mission Street Zorro Neighborhood,Luena,Moxico,,Angola
Reporter,Reporter,Instituto Superior Universitário Nimi Ya Lukeni,Angola,,,,,,,https://www.timeshighereducation.com/world-university-rankings/instituto-superior-universitario-nimi-ya-lukeni,Kicalakiaco Neighborhood Next to the Kwanda Soyo Base,Soyo,Zaire,,Angola
Reporter,Reporter,Instituto Tecnológico de Buenos Aires (ITBA),Argentina,,,,,,,https://www.timeshighereducation.com/world-university-rankings/instituto-tecnologico-de-buenos-aires-itba,Av. Madero 399,Buenos Aires,B,,Argentina
Reporter,Reporter,Institut Teknologi Nasional Bandung (ITENAS Bandung),Indonesia,,,,,,,https://www.timeshighereducation.com/world-university-rankings/institut-teknologi-nasional-bandung-itenas-bandung,Jl. PHH. Mustafa No. 23,Bandung,Jawa Barat,40124,Indonesia
Reporter,Reporter,Institut Teknologi PLN,Indonesia,,,,,,,https://www.timeshighereducation.com/world-university-rankings/institut-teknologi-pln,PLN Tower Jalan West Outer Ring,West Jakarta,JK,11750,Indonesia
Reporter,Reporter,International IT University,Kazakhstan,,,,,,,https://www.timeshighereducation.com/world-university-rankings/international-it-university,"['34/1', 'Manas St']",Almaty,Almaty,050000,Kazakhstan
Reporter,Reporter,International University for the Humanities and Development,Turkmenistan,,,,,,,https://www.timeshighereducation.com/world-university-rankings/international-university-humanities-and-development,"['1958 (Andalyp) Street', '169']",Ashgabat,Ashgabat,744000,Turkmenistan
Reporter,Reporter,International University of Erbil,Iraq,,,,,,,https://www.timeshighereducation.com/world-university-rankings/international-university-erbil,Newroz Str.,Erbil,Kurdistan,,Iraq
Reporter,Reporter,International University of Grand-Bassam (IUGB),Côte d'Ivoire,,,,,,,https://www.timeshighereducation.com/world-university-rankings/international-university-grand-bassam-iugb,"['II Plateaux', 'Boulevards des Martyrs Rue K12 Villa 175']",Grand Bassam,Sud Comoe,,Cote d'Ivoire
Reporter,Reporter,Interregional Academy of Personnel Management (IAPM),Ukraine,,,,,,,https://www.timeshighereducation.com/world-university-rankings/interregional-academy-personnel-management-iapm,2 Frometivska,Kyiv,Kyiv Oblast,03039,Ukraine
Reporter,Reporter,Ion Mincu University of Architecture and Urbanism,Romania,,,,,,,https://www.timeshighereducation.com/world-university-rankings/ion-mincu-university-architecture-and-urbanism,str. Academiei nr. 18-20,Bucuresti,Bucuresti,010014,Romania
Reporter,Reporter,Iqra National University,Pakistan,,,,,,,https://www.timeshighereducation.com/world-university-rankings/iqra-national-university,Phase 2,Hayatabad,Peshawar,25100,Pakistan
Reporter,Reporter,Israel Technological University,Ecuador,,,,,,,https://www.timeshighereducation.com/world-university-rankings/israel-technological-university,Pizarro E4-142 y Av. Orellana,Quito,,,Ecuador
Reporter,Reporter,Istanbul Gedik University,Turkey,,,,,,,https://www.timeshighereducation.com/world-university-rankings/istanbul-gedik-university,Cumhuriyet Mahallesi Ilkbahar Sokak No: 1-3-5 Yakacik,Istanbul,Istanbul,,Turkey
Reporter,Reporter,Istanbul Kültür University,Turkey,,,,,,,https://www.timeshighereducation.com/world-university-rankings/istanbul-kultur-university,E5 Karayolu uzeri Bakirkoy,Istanbul,Istanbul,34158,Turkey
Reporter,Reporter,İstanbul Nişantaşi University,Turkey,,,,,,,https://www.timeshighereducation.com/world-university-rankings/istanbul-nisantasi-university,"['Maslak Mahallesi Tasyoncasi Sokak', '1V ve 1Y']",Istanbul,Marmara Region,34398,Turkey
Reporter,Reporter,İstanbul Topkapı University,Turkey,,,,,,,https://www.timeshighereducation.com/world-university-rankings/istanbul-topkapi-university,Profesor Muammer Aksoy Caddesi No 10 Kazlicesme,Zeytinburnu District,Istanbul Province,34020,Turkey
Reporter,Reporter,Istanbul Yeni Yuzyil University,Turkey,,,,,,,https://www.timeshighereducation.com/world-university-rankings/istanbul-yeni-yuzyil-university,Maltepe Mahallesi Yilanli Ayazma Caddesi No 26,Zeytinburnu,Istanbul,34010,Turkey
Reporter,Reporter,IUBAT – International University of Business Agriculture and Technology,Bangladesh,,,,,,,https://www.timeshighereducation.com/world-university-rankings/iubat-international-university-business-agriculture-and-technology,"['4 Embankment Drive Road', 'Off D']",Dhaka,Dhaka Division,1230,Bangladesh
Reporter,Reporter,Jabir ibn Hayyan University for Medical and Pharmaceutical Sciences,Iraq,,,,,,,https://www.timeshighereducation.com/world-university-rankings/jabir-ibn-hayyan-university-medical-and-pharmaceutical-sciences,Al-Ameer Qu PO Box 13,Kufa,Naja,54001,Iraq
Reporter,Reporter,Jadara University,Jordan,,,,,,,https://www.timeshighereducation.com/world-university-rankings/jadara-university,P.O.Box 733,Irbid,Irbid Governorate,21110,Jordan
Reporter,Reporter,Japan Advanced Institute of Science and Technology (JAIST),Japan,,,,,,,https://www.timeshighereducation.com/world-university-rankings/japan-advanced-institute-science-and-technology-jaist,1-1 Asahidai,Nomi,17,923-1211,Japan
Reporter,Reporter,Jaramogi Oginga Odinga University of Science and Technology,Kenya,,,,,,,https://www.timeshighereducation.com/world-university-rankings/jaramogi-oginga-odinga-university-science-and-technology,P.O. Box 210,Bondo,Nyanza Province,40601,Kenya
Reporter,Reporter,"Jaypee University of Engineering and Technology, Guna",India,,,,,,,https://www.timeshighereducation.com/world-university-rankings/jaypee-university-engineering-and-technology-guna,A-B Road Raghogarh,Guna,MP,473226,India
Reporter,Reporter,Jesselton University College,Malaysia,,,,,,,https://www.timeshighereducation.com/world-university-rankings/jesselton-university-college,"['Lot 8', 'Block E', 'Metro Town Jalan Lintas']",Kota Kinab,12,88300,Malaysia
Reporter,Reporter,Jinnah Sindh Medical University,Pakistan,,,,,,,https://www.timeshighereducation.com/world-university-rankings/jinnah-sindh-medical-university,Rafiqi H J Shaheed Road,Karachi,Sindh,75510,Pakistan
Reporter,Reporter,Jizzakh Polytechnic Institute,Uzbekistan,,,,,,,https://www.timeshighereducation.com/world-university-rankings/jizzakh-polytechnic-institute,"['4', 'Khalqlar Dustligi']",Jizzakh,Jizzakh Region,130100,Uzbekistan
Reporter,Reporter,Jizzakh State Pedagogical University,Uzbekistan,,,,,,,https://www.timeshighereducation.com/world-university-rankings/jizzakh-state-pedagogical-university,4 Rashidov St,Jizzakh,Jizzakh Region,130100,Uzbekistan
Reporter,Reporter,João Pessoa University Center (UNIPÊ),Brazil,,,,,,,https://www.timeshighereducation.com/world-university-rankings/joao-pessoa-university-center-unipe,BR 230 - Km 22 Agua Fria,Joao Pessoa,PB,58053-000,Brazil
Reporter,Reporter,John von Neumann University,Hungary,,,,,,,https://www.timeshighereducation.com/world-university-rankings/john-von-neumann-university,Izsaki Street 10,Kecskemet,Bacs-Kiskun,6000,Hungary
Reporter,Reporter,JSSATE Bengaluru,India,,,,,,,https://www.timeshighereducation.com/world-university-rankings/jssate-bengaluru,"['Dr.Vishnuvardhan Road', 'Uttarahalli-Kengeri Main Road']",Bengaluru,KA,560 060,India
Reporter,Reporter,Kabarak University,Kenya,,,,,,,https://www.timeshighereducation.com/world-university-rankings/kabarak-university,Private Bag 20157,Nakuru,Nakuru County,,Kenya
Reporter,Reporter,Kabardino-Balkarian State University,Russian Federation,,,,,,,https://www.timeshighereducation.com/world-university-rankings/kabardino-balkarian-state-university,173 Chernishevskogo Street,Nalchik,Kabardino Balkar,360004,Russian Federation
Reporter,Reporter,Kabul University,Afghanistan,,,,,,,https://www.timeshighereducation.com/world-university-rankings/kabul-university,karti-e- Char,Kabul,Kabul Province,1001,Afghanistan
Reporter,Reporter,Kaduna State University,Nigeria,,,,,,,https://www.timeshighereducation.com/world-university-rankings/kaduna-state-university,Tafawa Balewa Way PMB 2339,Kaduna,Kaduna State,,Nigeria
Reporter,Reporter,Kamianets-Podіlskyi Ivan Ohiienko National University,Ukraine,,,,,,,https://www.timeshighereducation.com/world-university-rankings/kamianets-podilskyi-ivan-ohiienko-national-university,61 Ogienko Street,Kamianets Podilskyi,Khmelnytskyi Oblast,32300,Ukraine
Reporter,Reporter,Karakalpak State University,Uzbekistan,,,,,,,https://www.timeshighereducation.com/world-university-rankings/karakalpak-state-university,Chebirdov avenue # 1,Nukus,Karakalpakstan Republic,230112,Uzbekistan
Reporter,Reporter,Karakoram International University,Pakistan,,,,,,,https://www.timeshighereducation.com/world-university-rankings/karakoram-international-university,University Road,Gilgit,Gilgit Baltistan Region,15100,Pakistan
Reporter,Reporter,Karatina University,Kenya,,,,,,,https://www.timeshighereducation.com/world-university-rankings/karatina-university,P.O. BOX 1957-10101,Karatina,Nyeri County,,Kenya
Reporter,Reporter,Karshi State University,Uzbekistan,,,,,,,https://www.timeshighereducation.com/world-university-rankings/karshi-state-university,"['17', 'Kuchabog']",Qarshi,Qashqadaryo,730003,Uzbekistan
Reporter,Reporter,Kayseri University,Turkey,,,,,,,https://www.timeshighereducation.com/world-university-rankings/kayseri-university,Mevlana Mahallesi 15 Temmuz Campus,Kayseri,Talas,38280,Turkey
Reporter,Reporter,Kazakh-British Technical University,Kazakhstan,,,,,,,https://www.timeshighereducation.com/world-university-rankings/kazakh-british-technical-university,"['59', 'Tole Bi Street']",Almaty,Almaty,050000,Kazakhstan
Reporter,Reporter,Kazakh National Women’s Teacher Training University,Kazakhstan,,,,,,,https://www.timeshighereducation.com/world-university-rankings/kazakh-national-womens-teacher-training-university,"['st. Gogol', '114 k1']",Almaty,Almaty Region,,Kazakhstan
Reporter,Reporter,Kermanshah University of Technology,Iran,,,,,,,https://www.timeshighereducation.com/world-university-rankings/kermanshah-university-technology,Imam Khomeini Highway,Kermanshah,05,6715685420,Iran
Reporter,Reporter,Kharkiv Humanitarian-Pedagogical Academy,Ukraine,,,,,,,https://www.timeshighereducation.com/world-university-rankings/kharkiv-humanitarian-pedagogical-academy,"['Prov. Rustaveli', '7']",,Kharkiv,,Ukraine
Reporter,Reporter,Kharkiv International Medical University,Ukraine,,,,,,,https://www.timeshighereducation.com/world-university-rankings/kharkiv-international-medical-university,"['Molochna St', '38 Kharkiv']",Oblast,,61001,Ukraine
Reporter,Reporter,Kharkiv National University of Internal Affairs,Ukraine,,,,,,,https://www.timeshighereducation.com/world-university-rankings/kharkiv-national-university-internal-affairs,"['L. Landau avenue', '27']",Kharkiv,Khariv Oblast,61080,Ukraine
Reporter,Reporter,Kharkiv University of Humanities “People’s Ukrainian Academy”,Ukraine,,,,,,,https://www.timeshighereducation.com/world-university-rankings/kharkiv-university-humanities-peoples-ukrainian-academy,"[""Lermontovs'ka St"", ""27 Kharkivs'ka oblast""]",,Kharkiv,61024,Ukraine
Reporter,Reporter,Khemis Miliana University,Algeria,,,,,,,https://www.timeshighereducation.com/world-university-rankings/khemis-miliana-university,Thaniyat Al Hadd Road,Khamis Miliana,Ain Defla,,Algeria
Reporter,Reporter,Kherson State Agrarian and Economic University,Ukraine,,,,,,,https://www.timeshighereducation.com/world-university-rankings/kherson-state-agrarian-and-economic-university,23 Stritenskast st.,Kherson,Kherson Oblast,73006,Ukraine
Reporter,Reporter,Kherson State Maritime Academy,Ukraine,,,,,,,https://www.timeshighereducation.com/world-university-rankings/kherson-state-maritime-academy,20 Ushakova Ave.,Kherson,Kherson Oblast,73000,Ukraine
Reporter,Reporter,Kherson State University,Ukraine,,,,,,,https://www.timeshighereducation.com/world-university-rankings/kherson-state-university,14 Shevchenko Street,Ivano Frankivsk,Ivano Frankivsk Oblast,76018,Ukraine
Reporter,Reporter,Khmelnytskyi National University,Ukraine,,,,,,,https://www.timeshighereducation.com/world-university-rankings/khmelnytskyi-national-university,Street Institutska 11,,Khmelnytskyi,29016,Ukraine
Reporter,Reporter,Khyber Medical University,Pakistan,,,,,,,https://www.timeshighereducation.com/world-university-rankings/khyber-medical-university,Phase V Hayatabad,Peshawar,Khyber Pakhtunkhwa,25100,Pakistan
Reporter,Reporter,Kibabii University,Kenya,,,,,,,https://www.timeshighereducation.com/world-university-rankings/kibabii-university,P.O. Box 1699-50200,Bungoma,Bungoma County,,Kenya
Reporter,Reporter,Kimyo International University in Tashkent,Uzbekistan,,,,,,,https://www.timeshighereducation.com/world-university-rankings/kimyo-international-university-tashkent,156 Usman Nasyr Street,Tashkent,Tashkent,100121,Uzbekistan
Reporter,Reporter,King Abdullah University of Science and Technology (KAUST),Saudi Arabia,,,,,,,https://www.timeshighereducation.com/world-university-rankings/king-abdullah-university-science-and-technology-kaust,4700 King Abdullah University,Thuwal,Makkah Province,23955-6900,Saudi Arabia
Reporter,Reporter,King Danylo University,Ukraine,,,,,,,https://www.timeshighereducation.com/world-university-rankings/king-danylo-university,"['St. E. Konovaltsia', '35']",Ivano-Frankivsk,Ivano-Frankivsk Oblast,76018,Ukraine
Reporter,Reporter,Kingdom University,Bahrain,,,,,,,https://www.timeshighereducation.com/world-university-rankings/kingdom-university,Road 3903 Block 939,Riffa,Southern Governorate,,Bahrain
Reporter,Reporter,King Edward Medical University,Pakistan,,,,,,,https://www.timeshighereducation.com/world-university-rankings/king-edward-medical-university,Nelagumbad,Anarkali,Lahore,54000,Pakistan
Reporter,Reporter,Kinnaird College for Women,Pakistan,,,,,,,https://www.timeshighereducation.com/world-university-rankings/kinnaird-college-women,93 Jail Road G.O.R. – I,Lahore,Punjab,54000,Pakistan
Reporter,Reporter,Klaipeda University,Lithuania,,,,,,,https://www.timeshighereducation.com/world-university-rankings/klaipeda-university,Herkaus Manto str. 84,Klaipeda,Klaipėda County,92294,Lithuania
Reporter,Reporter,Knowledge University,Iraq,,,,,,,https://www.timeshighereducation.com/world-university-rankings/knowledge-university,"['University Park', 'EBL 446015 Kirkuk Road']",Erbil,Kurdistan,44001,Iraq
Reporter,Reporter,Kobe Gakuin University,Japan,,,,,,,https://www.timeshighereducation.com/world-university-rankings/kobe-gakuin-university,"['1-1-3 Minatojima', 'Chuo-ku']",Kobe,28,650-8586,Japan
Reporter,Reporter,Kocaeli Health and Technology University,Turkey,,,,,,,https://www.timeshighereducation.com/world-university-rankings/kocaeli-health-and-technology-university,Yeniköy District Ilıca St 29,Basiskele,Kocaeli Province,,Turkey
Reporter,Reporter,Ualikhanov University,Kazakhstan,,,,,,,https://www.timeshighereducation.com/world-university-rankings/ualikhanov-university,"['76', 'Abaya Street']",Kokshetau,Akmola Region,020000,Kazakhstan
Reporter,Reporter,Komar University of Science and Technology,Iraq,,,,,,,https://www.timeshighereducation.com/world-university-rankings/komar-university-science-and-technology,"['Chaq Chaq', 'Qularaisi Area']",Sulaymania City,Kurdistan Region,,Iraq
Reporter,Reporter,Konan University,Japan,,,,,,,https://www.timeshighereducation.com/world-university-rankings/konan-university,8-9-1 Okamoto Higashinada Ward,Kobe,28,658-8501,Japan
Reporter,Reporter,Korkyt Ata Kyzylorda University,Kazakhstan,,,,,,,https://www.timeshighereducation.com/world-university-rankings/korkyt-ata-kyzylorda-university,29A Aiteke Bie Street,Kyzylorda,Kyzylorda,,Kazakhstan
Reporter,Reporter,Koya University,Iraq,,,,,,,https://www.timeshighereducation.com/world-university-rankings/koya-university,University Park Danielle Mitterrand Boulevard,Koya,Kurdistan Region,KOY45,Iraq
Reporter,Reporter,Krasnoyarsk State Medical University,Russian Federation,,,,,,,https://www.timeshighereducation.com/world-university-rankings/krasnoyarsk-state-medical-university,Partizana Zheleznyaka St 1,Krasnoyarsk,Krasnoyarsk Krai,660022,Russian Federation
Reporter,Reporter,Krok University,Ukraine,,,,,,,https://www.timeshighereducation.com/world-university-rankings/krok-university,30-32 Tabirna Street,Kyiv,Kyiv,03113,Ukraine
Reporter,Reporter,K.S.Rangasamy College of Technology,India,,,,,,,https://www.timeshighereducation.com/world-university-rankings/ksrangasamy-college-technology,Ksr Kalvi Nagar,Tiruchengode,TN,637 215,India
Reporter,Reporter,Kumasi Technical University,Ghana,,,,,,,https://www.timeshighereducation.com/world-university-rankings/kumasi-technical-university,P. O. Box 854,Kumasi,Ashanti Region,,Ghana
Reporter,Reporter,Kurdistan Technical Institute,Iraq,,,,,,,https://www.timeshighereducation.com/world-university-rankings/kurdistan-technical-institute,Dabashan Road Sulaimani Heights,Sulaymaniyah,Kurdistan Region,,Iraq
Reporter,Reporter,Kursk State Medical University,Russian Federation,,,,,,,https://www.timeshighereducation.com/world-university-rankings/kursk-state-medical-university,Karl Marx No 3,Kursk City,Kursk Oblast,305041,Russian Federation
Reporter,Reporter,Kütahya Health Sciences University,Turkey,,,,,,,https://www.timeshighereducation.com/world-university-rankings/kutahya-health-sciences-university,Tavsanli Road 10th km,,Kutahya,,Turkey
Reporter,Reporter,Kut University College,Iraq,,,,,,,https://www.timeshighereducation.com/world-university-rankings/kut-university-college,7 Kut,Kut,Wasit Governorate,50001,Iraq
Reporter,Reporter,Kuwait College of Science and Technology (KCST),Kuwait,,,,,,,https://www.timeshighereducation.com/world-university-rankings/kuwait-college-science-and-technology-kcst,7th Ring Road,Kuwait,Doha District,,Kuwait
Reporter,Reporter,Kyiv National Economic University,Ukraine,,,,,,,https://www.timeshighereducation.com/world-university-rankings/kyiv-national-economic-university,54/1 Prospect Peremogy,Kyiv,Kyiv,03057,Ukraine
Reporter,Reporter,Kyiv National University of Technologies and Design,Ukraine,,,,,,,https://www.timeshighereducation.com/world-university-rankings/kyiv-national-university-technologies-and-design,Mala Shyianovska St 2,Kyiv,Kyiv Oblast,01011,Ukraine
Reporter,Reporter,Kyoai Gakuen University,Japan,,,,,,,https://www.timeshighereducation.com/world-university-rankings/kyoai-gakuen-university,1154-4 Koyaharamachi,Maebashi-shi,10,379-2192,Japan
Reporter,Reporter,Kyoto Sangyo University,Japan,,,,,,,https://www.timeshighereducation.com/world-university-rankings/kyoto-sangyo-university,Motoyama Kamigamo,,26,603-8555,Japan
Reporter,Reporter,Kyrgyz National University named after Jusup Balasagyn,Kyrgyzstan,,,,,,,https://www.timeshighereducation.com/world-university-rankings/kyrgyz-national-university-named-after-jusup-balasagyn,547 Frunze Street,Bishkek,Bishkek,720033,Kyrgyzstan
Reporter,Reporter,Kyrgyz-Turkish Manas University,Kyrgyzstan,,,,,,,https://www.timeshighereducation.com/world-university-rankings/kyrgyz-turkish-manas-university,56 Chyngyz Aitmatov Avenue,Bishkek,Bishkek,720038,Kyrgyzstan
Reporter,Reporter,Kyungdong University,South Korea,,,,,,,https://www.timeshighereducation.com/world-university-rankings/kyungdong-university,46 Bongpo 4 gil Toseongmyeon,Gosung,Gangwondo,24764,South Korea
Reporter,Reporter,K. Zhubanov Aktobe Regional University,Kazakhstan,,,,,,,https://www.timeshighereducation.com/world-university-rankings/k-zhubanov-aktobe-regional-university,"['34', 'A.Moldagulova Street']",Aktobe,Aktobe Region,030000,Kazakhstan
Reporter,Reporter,Lagos State University of Education,Nigeria,,,,,,,https://www.timeshighereducation.com/world-university-rankings/lagos-state-university-education,"['Km 30', 'Badagry Express Way Ijanikin']",Oto-Awori,Lagos State,102101,Nigeria
Reporter,Reporter,Lagos State University of Science and Technology,Nigeria,,,,,,,https://www.timeshighereducation.com/world-university-rankings/lagos-state-university-science-and-technology,KM 4 Itokin Road,Ikorodu,LA,100001,Nigeria
Reporter,Reporter,Lahore Garrison University,Pakistan,,,,,,,https://www.timeshighereducation.com/world-university-rankings/lahore-garrison-university,Sector C DHA Phase-VI,Lahore,Punjab,,Pakistan
Reporter,Reporter,Lankaran State University,Azerbaijan,,,,,,,https://www.timeshighereducation.com/world-university-rankings/lankaran-state-university,General Hezi Aslanov xiyabani 50,,Lankaran District,,Azerbaijan
Reporter,Reporter,La Salle University (Colombia),Colombia,,,,,,,https://www.timeshighereducation.com/world-university-rankings/la-salle-university-colombia,Carrera 5 No 59a-44,Bogota,Distrito Capital,110231,Colombia
Reporter,Reporter,Law Enforcement Academy of the Republic of Uzbekistan,Uzbekistan,,,,,,,https://www.timeshighereducation.com/world-university-rankings/law-enforcement-academy-republic-uzbekistan,9 Rixsiliy Street,Tashkent,Tashkent Province,100190,Uzbekistan
Reporter,Reporter,Lead City University,Nigeria,,,,,,,https://www.timeshighereducation.com/world-university-rankings/lead-city-university,"['Toll-Gate Area', 'Off Oba Otudek']",Ibadan,Oyo State,200255,Nigeria
Reporter,Reporter,Lebanese French University,Iraq,,,,,,,https://www.timeshighereducation.com/world-university-rankings/lebanese-french-university,Universities complex 120m road,Erbil,Erbil Governorate,,Iraq
Reporter,Reporter,Leeds Arts University,United Kingdom,,,,,,,https://www.timeshighereducation.com/world-university-rankings/leeds-arts-university,Blenheim Walk,Leeds,West Yorkshire,LS2 9AQ,United Kingdom
Reporter,Reporter,Leeds Conservatoire,United Kingdom,,,,,,,https://www.timeshighereducation.com/world-university-rankings/leeds-conservatoire,3 Quarry Hill,Leeds,Leeds,LS2 7PD,United Kingdom
Reporter,Reporter,Leeds Trinity University,United Kingdom,,,,,,,https://www.timeshighereducation.com/world-university-rankings/leeds-trinity-university,Brownberrie Lane,Horsforth,Leeds,LS18 5HD,United Kingdom
Reporter,Reporter,Lesya Ukrainka Volyn National University,Ukraine,,,,,,,https://www.timeshighereducation.com/world-university-rankings/lesya-ukrainka-volyn-national-university,13 Volya Avenue,Lutsk,Volyn Oblast,43025,Ukraine
Reporter,Reporter,Leyte Normal University,Philippines,,,,,,,https://www.timeshighereducation.com/world-university-rankings/leyte-normal-university,P. Paterno Street,,Tacloban City,6500,Philippines
Reporter,Reporter,Liaquat University of Medical and Health Sciences (LUMHS),Pakistan,,,,,,,https://www.timeshighereducation.com/world-university-rankings/liaquat-university-medical-and-health-sciences-lumhs,Deh Soun Valhar,Jamshoro,Sindh,76090,Pakistan
Reporter,Reporter,Liverpool Institute for Performing Arts,United Kingdom,,,,,,,https://www.timeshighereducation.com/world-university-rankings/liverpool-institute-performing-arts,Mount Street,Liverpool,Liverpool,L1 9HF,United Kingdom
Reporter,Reporter,Liverpool School of Tropical Medicine,United Kingdom,,,,,,,https://www.timeshighereducation.com/world-university-rankings/liverpool-school-tropical-medicine,Pembroke Place,,Liverpool,L3 5QA,United Kingdom
Reporter,Reporter,London Academy of Music and Dramatic Art (LAMDA),United Kingdom,,,,,,,https://www.timeshighereducation.com/world-university-rankings/london-academy-music-and-dramatic-art-lamda,"['155 Talgarth Road', 'Colet Hall']",London,London,W14 9DA,United Kingdom
Reporter,Reporter,London Business School,United Kingdom,,,,,,,https://www.timeshighereducation.com/world-university-rankings/london-business-school,Regent's Park,London,Greater London,NW1 4SA,United Kingdom
Reporter,Reporter,London Film School,United Kingdom,,,,,,,https://www.timeshighereducation.com/world-university-rankings/london-film-school,24 Shelton Street,London,Greater London,WC2H 9UB,United Kingdom
Reporter,Reporter,London School of Hygiene and Tropical Medicine,United Kingdom,,,,,,,https://www.timeshighereducation.com/world-university-rankings/london-school-hygiene-and-tropical-medicine,Keppel Street,London,Greater London,WC1E 7HT,United Kingdom
Reporter,Reporter,Lords University,India,,,,,,,https://www.timeshighereducation.com/world-university-rankings/lords-university,"['Alwar Bhiwadi Highway', 'Chikani']",Alwar-NCR,RJ,301028,India
Reporter,Reporter,LSPR Institute of Communication & Business,Indonesia,,,,,,,https://www.timeshighereducation.com/world-university-rankings/lspr-institute-communication-business,Jl. K.H Mas Mansyur Kav. 35,Jakarta Pusat,Indonesia,10220,Indonesia
Reporter,Reporter,Lutsk National Technical University,Ukraine,,,,,,,https://www.timeshighereducation.com/world-university-rankings/lutsk-national-technical-university,75 Lvivska Street,Lutsk,Volyn Oblast,43000,Ukraine
Reporter,Reporter,Luxor University,Egypt,,,,,,,https://www.timeshighereducation.com/world-university-rankings/luxor-university,Al Awamiya,Luxor,LX,,Egypt
Reporter,Reporter,Lyceum-Northwestern University,Philippines,,,,,,,https://www.timeshighereducation.com/world-university-rankings/lyceum-northwestern-university,"['Amado Street', 'Tapuac District']",Dagupan,PAN,2400,Philippines
Reporter,Reporter,Machakos University,Kenya,,,,,,,https://www.timeshighereducation.com/world-university-rankings/machakos-university,PO Box 136,Machakos,Machakos County,90100,Kenya
Reporter,Reporter,Magtymguly Turkmen State University,Turkmenistan,,,,,,,https://www.timeshighereducation.com/world-university-rankings/magtymguly-turkmen-state-university,"['S.Turkmenbashy Avenue', '31']",Ashgabat,Ashgabat,744000,Turkmenistan
Reporter,Reporter,Mahatma Jyotiba Phule Rohilkhand University,India,,,,,,,https://www.timeshighereducation.com/world-university-rankings/mahatma-jyotiba-phule-rohilkhand-university,Pilibhit By Pass Road,Bareilly,UP,243006,India
Reporter,Reporter,Malatya Turgut Ozal University,Turkey,,,,,,,https://www.timeshighereducation.com/world-university-rankings/malatya-turgut-ozal-university,Boran Mahallesi Kırkgoz Caddes No: 82B - 3712025703,Battalgazi,44,,Turkey
Reporter,Reporter,Malawi University of Science and Technology (MUST),Malawi,,,,,,,https://www.timeshighereducation.com/world-university-rankings/malawi-university-science-and-technology-must,Mikolongwe,Limbe,Blantyre District,5196,Malawi
Reporter,Reporter,Mangalayatan University Jabalpur,India,,,,,,,https://www.timeshighereducation.com/world-university-rankings/mangalayatan-university-jabalpur,"['NH-30', 'Mandla Road', 'Near Shard Davi Mandir', 'Richai', 'Barela']",Jabalpur,MP,483001,India
Reporter,Reporter,Manila Central University,Philippines,,,,,,,https://www.timeshighereducation.com/world-university-rankings/manila-central-university,Manila Central University EDSA,Caloocan,National Capital Region,1400,Philippines
Reporter,Reporter,Mansoura National University,Egypt,,,,,,,https://www.timeshighereducation.com/world-university-rankings/mansoura-national-university,International Coastal Road,Gamasa City,DK,7723730,Egypt
Reporter,Reporter,Mapúa Malayan Colleges Laguna,Philippines,,,,,,,https://www.timeshighereducation.com/world-university-rankings/mapua-malayan-colleges-laguna,Pulo Diezmo Road,Cabuyao,LAG,4025,Philippines
Reporter,Reporter,Mardin Artuklu University,Turkey,,,,,,,https://www.timeshighereducation.com/world-university-rankings/mardin-artuklu-university,Diyarbakir Road Artuklu District,Mardin,47,47300,Turkey
Reporter,Reporter,Marinduque State University,Philippines,,,,,,,https://www.timeshighereducation.com/world-university-rankings/marinduque-state-university,"['Panfilo M Manguera', 'Sr. Road Tanza']",Boac,MAD,,Philippines
Reporter,Reporter,Maritime University of Szczecin,Poland,,,,,,,https://www.timeshighereducation.com/world-university-rankings/maritime-university-szczecin,Street Waly Chrobrego 1-2,Szczecin,West Pomeranian Voivodeship,70-500,Poland
Reporter,Reporter,Marwadi University,India,,,,,,,https://www.timeshighereducation.com/world-university-rankings/marwadi-university,Rajkot-Morbi Road Rajkot,Gujarat,PB,360 003,India
Reporter,Reporter,Maryam Abacha American University of Niger,Niger,,,,,,,https://www.timeshighereducation.com/world-university-rankings/maryam-abacha-american-university-niger,ADS Avenue Roi Mohammed VI Du Maroc,,Maradi Republique,,Niger
Reporter,Reporter,Maryam Abacha American University of Nigeria,Nigeria,,,,,,,https://www.timeshighereducation.com/world-university-rankings/maryam-abacha-american-university-nigeria,5 Adamu Abubakar Gwarzo Road Hotoro GRA,Kano,Kano State,,Nigeria
Reporter,Reporter,Medizinische Hochschule Hannover,Germany,,,,,,,https://www.timeshighereducation.com/world-university-rankings/medizinische-hochschule-hannover,Carl Neuberg Str. 1,Hannover,Lower Saxony,30625,Germany
Reporter,Reporter,Meikai University,Japan,,,,,,,https://www.timeshighereducation.com/world-university-rankings/meikai-university,"['1 Chome', 'Meikai']",Urayasu City,Chiba Prefecture,279-8550,Japan
Reporter,Reporter,Menoufia National University,Egypt,,,,,,,https://www.timeshighereducation.com/world-university-rankings/menoufia-national-university,70 KM Alexandria Agricultural Road,Menoufia,Menoufia Governorate,,Egypt
Reporter,Reporter,Metropolitan International University,Uganda,,,,,,,https://www.timeshighereducation.com/world-university-rankings/metropolitan-international-university,Kisoro Kabale Road Northern Division,Kisoro Municipality,Western Region,,Uganda
Reporter,Reporter,Middle East College,Oman,,,,,,,https://www.timeshighereducation.com/world-university-rankings/middle-east-college,Al Rusayl Rd. Knowledge Oasis Muscat,Muscat,Muscat Governorate,124,Oman
Reporter,Reporter,Middle East University,Jordan,,,,,,,https://www.timeshighereducation.com/world-university-rankings/middle-east-university,Queen Alia Airport Street,Amman,Amman,11831,Jordan
Reporter,Reporter,Middle East University – Lebanon,Lebanon,,,,,,,https://www.timeshighereducation.com/world-university-rankings/middle-east-university-lebanon,Ferdous Street Sabtieh,Beirut,Jdeidet El Metn District,12022040,Lebanon
Reporter,Reporter,Midocean University,Comoros,,,,,,,https://www.timeshighereducation.com/world-university-rankings/midocean-university,Corniche Street,Moroni,Grande Comore,,Comoros
Reporter,Reporter,Mingachevir State University (MSU),Azerbaijan,,,,,,,https://www.timeshighereducation.com/world-university-rankings/mingachevir-state-university-msu,21 D. Aliyeva street,,Mingachevir,AZ4500,Azerbaijan
Reporter,Reporter,Minhaj University Lahore,Pakistan,,,,,,,https://www.timeshighereducation.com/world-university-rankings/minhaj-university-lahore,Hamdard Chowk Township,,Lahore,,Pakistan
Reporter,Reporter,Misurata University,Libya,,,,,,,https://www.timeshighereducation.com/world-university-rankings/misurata-university,Misurata University,Misrata,Misrata,2478,Libya
Reporter,Reporter,"MIT Art, Design and Technology University",India,,,,,,,https://www.timeshighereducation.com/world-university-rankings/mit-art-design-and-technology-university,"['Rajbaugh Loni Kalbhor', 'Solapur Highway', 'Near Bharat Petrol']",Pune,MH,412201,India
Reporter,Reporter,Modern University for Business and Science,Lebanon,,,,,,,https://www.timeshighereducation.com/world-university-rankings/modern-university-business-and-science,Ramez Sarkiss Street Sami Solh District,Beirut,Beirut Governorate,113-7501,Lebanon
Reporter,Reporter,Modulo University Center,Brazil,,,,,,,https://www.timeshighereducation.com/world-university-rankings/modulo-university-center,"['Rua Maria D Assumpcao 1000', 'Martim de Sa']",Caraguatatuba,Sao Paulo,11662-047,Brazil
Reporter,Reporter,Mohammad Ali Jinnah University,Pakistan,,,,,,,https://www.timeshighereducation.com/world-university-rankings/mohammad-ali-jinnah-university,"['Main Shahrah-e-Faisal 22-E', 'Block-6']",,Karachi,75400,Pakistan
Reporter,Reporter,Mohammed VI University of Sciences and Health,Morocco,,,,,,,https://www.timeshighereducation.com/world-university-rankings/mohammed-vi-university-sciences-and-health,Boulevard Mohammed Taieb Naciri Commune Hay Hassani,Casablanca,Casablanca Settat Region,82 403,Morocco
Reporter,Reporter,Moscow City University,Russian Federation,,,,,,,https://www.timeshighereducation.com/world-university-rankings/moscow-city-university,4 2nd Agricultural proezd,,Moscow,129226,Russian Federation
Reporter,Reporter,Moscow State Linguistic University,Russian Federation,,,,,,,https://www.timeshighereducation.com/world-university-rankings/moscow-state-linguistic-university,Ostozhenka Street Building 38 Building 1,Moscow,Moscow,119034,Russian Federation
Reporter,Reporter,Moscow State Tchaikovsky Conservatory,Russian Federation,,,,,,,https://www.timeshighereducation.com/world-university-rankings/moscow-state-tchaikovsky-conservatory,13/6 Bolshaya Nikitskaya str.,,Moscow,125009,Russian Federation
Reporter,Reporter,Mount Kenya University,Kenya,,,,,,,https://www.timeshighereducation.com/world-university-rankings/mount-kenya-university,General Kago Road PO Box 342-01000,Thika,Kiambu,01000,Kenya
Reporter,Reporter,Muban Chombueng Rajabhat University,Thailand,,,,,,,https://www.timeshighereducation.com/world-university-rankings/muban-chombueng-rajabhat-university,46/3 Chombueng Subdistrict,Chom Bueng District,Ratchaburi Province,70150,Thailand
Reporter,Reporter,Muhammadiyah University of Makassar,Indonesia,,,,,,,https://www.timeshighereducation.com/world-university-rankings/muhammadiyah-university-makassar,"['Jalan Sultan Alauddin No. 259 Mount Sari', 'Rappocini District']",Makassar,SN,90221,Indonesia
Reporter,Reporter,Muhammadiyah University of North Sumatra,Indonesia,,,,,,,https://www.timeshighereducation.com/world-university-rankings/muhammadiyah-university-north-sumatra,Jl. Capt. Mukhtar Basri No. 3 Medan,Medan,SU,20238,Indonesia
Reporter,Reporter,Muhammadiyah University of Sidoarjo,Indonesia,,,,,,,https://www.timeshighereducation.com/world-university-rankings/muhammadiyah-university-sidoarjo,"['Jalan Mojopahit 666 B Sidowayah', 'Celep']",Sidoarjo,Jawa Timur,61215,Indonesia
Reporter,Reporter,"Muhammad Nawaz Sharif University of Engineering & Technology, Multan",Pakistan,,,,,,,https://www.timeshighereducation.com/world-university-rankings/muhammad-nawaz-sharif-university-engineering-technology-multan,QasimPur Colony BCG Chowk,Multan,Punjab,,Pakistan
Reporter,Reporter,Mukogawa Women’s University,Japan,,,,,,,https://www.timeshighereducation.com/world-university-rankings/mukogawa-womens-university,6-46 Ikebirakicho,Nishinomiya,28,663-8558,Japan
Reporter,Reporter,Mulungushi University,Zambia,,,,,,,https://www.timeshighereducation.com/world-university-rankings/mulungushi-university,26 kms from Kabwe Town along Great North Rd,Kabwe,Central Province,,Zambia
Reporter,Reporter,Murang'a University of Technology,Kenya,,,,,,,https://www.timeshighereducation.com/world-university-rankings/muranga-university-technology,P.O Box 75-10200,Muranga,Central Province,,Kenya
Reporter,Reporter,Musashino University,Japan,,,,,,,https://www.timeshighereducation.com/world-university-rankings/musashino-university,"['3-3-3 Ariake', 'Kotoku']",Tokyo,13,135-8181,Japan
Reporter,Reporter,Myrat Garryyev State Medical University of Turkmenistan,Turkmenistan,,,,,,,https://www.timeshighereducation.com/world-university-rankings/myrat-garryyev-state-medical-university-turkmenistan,"['Building 18', 'Archabil Avenue']",Ashgabat,Ashgabat,744000,Turkmenistan
Reporter,Reporter,Nahdlatul Ulama University Surabaya,Indonesia,,,,,,,https://www.timeshighereducation.com/world-university-rankings/nahdlatul-ulama-university-surabaya,Jalan SMEA No 57,Surabaya,JI,,Indonesia
Reporter,Reporter,Nakhon Ratchasima Rajabhat University,Thailand,,,,,,,https://www.timeshighereducation.com/world-university-rankings/nakhon-ratchasima-rajabhat-university,340 Suranarai Road Nai Mueang Subdistrict,Mueang Nakhon Ratchasima,Nakhon Ratchasima Province,30000,Thailand
Reporter,Reporter,Namangan State Pedagogical Institute,Uzbekistan,,,,,,,https://www.timeshighereducation.com/world-university-rankings/namangan-state-pedagogical-institute,"['316th', 'Uychi Street']",Namangan,Namangan,,Uzbekistan
Reporter,Reporter,Namangan State Technical University,Uzbekistan,,,,,,,https://www.timeshighereducation.com/world-university-rankings/namangan-state-technical-university,"['I Karimov Street', 'House 12 Yangi Namangan District']",Namangan City,Namangan,,Uzbekistan
Reporter,Reporter,Narxoz University,Kazakhstan,,,,,,,https://www.timeshighereducation.com/world-university-rankings/narxoz-university,"['55', 'Zhandosov Street']",,Almaty,050035,Kazakhstan
Reporter,Reporter,"Nasarawa State University, Keffi",Nigeria,,,,,,,https://www.timeshighereducation.com/world-university-rankings/nasarawa-state-university-keffi,"['P.M.B 1022', 'Keffi']",Keffi,Nasarawa State,,Nigeria
Reporter,Reporter,National Defence University - Pakistan,Pakistan,,,,,,,https://www.timeshighereducation.com/world-university-rankings/national-defence-university-pakistan,E-9/3 E-9,Islamabad,Islamabad Capital Territory,44000,Pakistan
Reporter,Reporter,National Film and Television School,United Kingdom,,,,,,,https://www.timeshighereducation.com/world-university-rankings/national-film-and-television-school,Beaconsfield Studios Station Road,Beaconsfield,Buckinghamshire,HP9 1LG,United Kingdom
Reporter,Reporter,National Polytechnic University of Armenia,Armenia,,,,,,,https://www.timeshighereducation.com/world-university-rankings/national-polytechnic-university-armenia,105 Teryan St,Yerevan,,0009,Armenia
Reporter,Reporter,National School of Artificial Intelligence (ENSIA),Algeria,,,,,,,https://www.timeshighereducation.com/world-university-rankings/national-school-artificial-intelligence-ensia,Route de Mahelma Sidi Abdellah,Algiers,Algiers,,Algeria
Reporter,Reporter,National Taichung University of Education,Taiwan,,,,,,,https://www.timeshighereducation.com/world-university-rankings/national-taichung-university-education,No 140 Minsheng Road West District,Taichung City,Taichung,40306,Taiwan
Reporter,Reporter,National Transport University,Ukraine,,,,,,,https://www.timeshighereducation.com/world-university-rankings/national-transport-university,M. Omelyanovich-Pavlenko street,,Kyiv,01010,Ukraine
Reporter,Reporter,National University Odessa Law Academy,Ukraine,,,,,,,https://www.timeshighereducation.com/world-university-rankings/national-university-odessa-law-academy,23 Fontanska Road,,Odessa,65009,Ukraine
Reporter,Reporter,National University of Education (UNAE),Ecuador,,,,,,,https://www.timeshighereducation.com/world-university-rankings/national-university-educationunae,"['Av. Independencia s/n', 'Sector']",,Chuquipata,,Ecuador
Reporter,Reporter,National University of Food Technologies,Ukraine,,,,,,,https://www.timeshighereducation.com/world-university-rankings/national-university-food-technologies,68 Volodymyrska St,Kyiv,Kyiv Oblast,01033,Ukraine
Reporter,Reporter,Universidad Nacional de Loja,Ecuador,,,,,,,https://www.timeshighereducation.com/world-university-rankings/universidad-nacional-de-loja,Av. Pio Jaramillo Alvarado Y Reinaldo Espinosa,La Argelia,Loja Province,,Ecuador
Reporter,Reporter,National University of Modern Languages (NUML),Pakistan,,,,,,,https://www.timeshighereducation.com/world-university-rankings/national-university-modern-languages-numl,Sector H-9,Islamabad,Islamabad,,Pakistan
Reporter,Reporter,National University of Pharmacy,Ukraine,,,,,,,https://www.timeshighereducation.com/world-university-rankings/national-university-pharmacy,53 Hryhoriya Skovoroda Street,Kharkiv,Kharkiv Oblast,61002,Ukraine
Reporter,Reporter,National University of Science and Technology (Iraq),Iraq,,,,,,,https://www.timeshighereducation.com/world-university-rankings/national-university-science-and-technology-iraq,Nasiriyah-Al-Mortatha Street,Dhi-Qar,Nasiriyah,,Iraq
Reporter,Reporter,National University of Science and Technology (NUST),Zimbabwe,,,,,,,https://www.timeshighereducation.com/world-university-rankings/national-university-science-and-technology-nust,PO Box AC 939 Ascot,,Bulawayo,,Zimbabwe
Reporter,Reporter,"National University of Science and Technology, Oman",Oman,,,,,,,https://www.timeshighereducation.com/world-university-rankings/national-university-science-and-technology-oman,"['Azaiba', 'PO Box 620']",Bousher,Muscat Governorate,130,Oman
Reporter,Reporter,National University of Technology,Pakistan,,,,,,,https://www.timeshighereducation.com/world-university-rankings/national-university-technology,"['Main IJP Road', 'Sector I-12']",Islamabad,Islamabad Capital Territory,,Pakistan
Reporter,Reporter,National University Philippines,Philippines,,,,,,,https://www.timeshighereducation.com/world-university-rankings/national-university-philippines,551 M.F. Jhocson Street Sampaloc,Manila,National Capital Region,1008,Philippines
Reporter,Reporter,National University “Yuri Kondratyuk Poltava Polytechnic”,Ukraine,,,,,,,https://www.timeshighereducation.com/world-university-rankings/national-university-yuri-kondratyuk-poltava-polytechnic,"['36011', 'm. Pershotravnevyj Ave. 24.']",,Poltava,,Ukraine
Reporter,Reporter,Navoi State University,Uzbekistan,,,,,,,https://www.timeshighereducation.com/world-university-rankings/navoi-state-university,Ibn Sino Street 45,Navoi,Navoiy Region,,Uzbekistan
Reporter,Reporter,Navoi State University of Mining and Technologies,Uzbekistan,,,,,,,https://www.timeshighereducation.com/world-university-rankings/navoi-state-university-mining-and-technologies,76 Galaba Avenue,Navoiy,Navoiy Region,210100,Uzbekistan
Reporter,Reporter,New Model Institute for Technology and Engineering (NMITE),United Kingdom,,,,,,,https://www.timeshighereducation.com/world-university-rankings/new-model-institute-technology-and-engineering-nmite,The Shirehall Union Street,Hereford,Herefordshire,HR1 2HX,United Kingdom
Reporter,Reporter,Niigata University of Health and Welfare,Japan,,,,,,,https://www.timeshighereducation.com/world-university-rankings/niigata-university-health-and-welfare,"['1398 Shimami-cho', 'Kita-ku']",Niigata City,15,950-3198,Japan
Reporter,Reporter,Ninevah University,Iraq,,,,,,,https://www.timeshighereducation.com/world-university-rankings/ninevah-university,Mosul,,Nineveh,,Iraq
Reporter,Reporter,North Borneo University College,Malaysia,,,,,,,https://www.timeshighereducation.com/world-university-rankings/north-borneo-university-college,"['Lot 47', 'Block F', 'Alamesra Permai Plaza 2']",Kota Kinabalu,12,88400,Malaysia
Reporter,Reporter,Northern University,Pakistan,,,,,,,https://www.timeshighereducation.com/world-university-rankings/northern-university,Kaka Sahib Road Wattar Walai Ziarat,Khyber Pakhtunkhwa,Uttar Pradesh,24100,Pakistan
Reporter,Reporter,Norwich University of the Arts,United Kingdom,,,,,,,https://www.timeshighereducation.com/world-university-rankings/norwich-university-arts,Francis House 3-7 Redwell Street,Norwich,Norfolk,NR2 4SN,United Kingdom
Reporter,Reporter,Notre Dame of Dadiangas University,Philippines,,,,,,,https://www.timeshighereducation.com/world-university-rankings/notre-dame-dadiangas-university,Marist Avenue,General Santos City,Soccsksargen,9500,Philippines
Reporter,Reporter,NSBM Green University,Sri Lanka,,,,,,,https://www.timeshighereducation.com/world-university-rankings/nsbm-green-university,Pitipana - Thalagala Road,Homagama,Western Province,10206,Sri Lanka
Reporter,Reporter,Nueva Ecija University of Science and Technology (NEUST),Philippines,,,,,,,https://www.timeshighereducation.com/world-university-rankings/nueva-ecija-university-science-and-technology-neust,Gen Tinio Street,,Cabanatuan City,3100,Philippines
Reporter,Reporter,Nueva Vizcaya State University,Philippines,,,,,,,https://www.timeshighereducation.com/world-university-rankings/nueva-vizcaya-state-university,Quezon Street,Bayombong City,NUV,,Philippines
Reporter,Reporter,Nukus Innovation Institute,Uzbekistan,,,,,,,https://www.timeshighereducation.com/world-university-rankings/nukus-innovation-institute,Qoraqalpog’iston Respublikasi o’jayli tumani Murtazabiy OFY,Nukus,Karakalpakstan,,Uzbekistan
Reporter,Reporter,Nusa Putra University,Indonesia,,,,,,,https://www.timeshighereducation.com/world-university-rankings/nusa-putra-university,Jl. Raya Cibolang No.21 Cisaat,Sukabumi,JB,43152,Indonesia
Reporter,Reporter,Odesa National Maritime University,Ukraine,,,,,,,https://www.timeshighereducation.com/world-university-rankings/odesa-national-maritime-university,34 Mechnikova Street,Odesa,Odesa,65029,Ukraine
Reporter,Reporter,Odesa Polytechnic National University,Ukraine,,,,,,,https://www.timeshighereducation.com/world-university-rankings/odesa-polytechnic-national-university,"['Shevchenko Ave.', '1']",Odesa,Odesa Oblast,65044,Ukraine
Reporter,Reporter,Oguz Han Engineering and Technology University of Turkmenistan,Turkmenistan,,,,,,,https://www.timeshighereducation.com/world-university-rankings/oguz-han-engineering-and-technology-university-turkmenistan,100 Kosi Koce,Asgabat saher,Asgabat saher,744012,Turkmenistan
Reporter,Reporter,Oman Dental College,Oman,,,,,,,https://www.timeshighereducation.com/world-university-rankings/oman-dental-college,PO Box 835 Mina Al Fahal,,,116,Oman
Reporter,Reporter,O.M. Beketov National University of Urban Economy in Kharkiv,Ukraine,,,,,,,https://www.timeshighereducation.com/world-university-rankings/om-beketov-national-university-urban-economy-kharkiv,17 Marshal Bazhanov Street,Kharkiv,Kharkiv Oblast,61002,Ukraine
Reporter,Reporter,Omsk State Agrarian University,Russian Federation,,,,,,,https://www.timeshighereducation.com/world-university-rankings/omsk-state-agrarian-university,"['Institutskaya Square', '1 Siberian Federal District']",Omsk,Omsk Region,644008,Russian Federation
Reporter,Reporter,Oran Graduate School of Economics,Algeria,,,,,,,https://www.timeshighereducation.com/world-university-rankings/oran-graduate-school-economics,Bp 65 Ch2 Achaba Hnifi Technopole USTO,Bir El Djir,Oran,31000,Algeria
Reporter,Reporter,Orel State Agrarian University named after N.V. Parahin,Russian Federation,,,,,,,https://www.timeshighereducation.com/world-university-rankings/orel-state-agrarian-university-named-after-nv-parahin,Generala Rodina St. 69,,Orel,302019,Russian Federation
Reporter,Reporter,Orel State University named after I.S. Turgenev,Russian Federation,,,,,,,https://www.timeshighereducation.com/world-university-rankings/orel-state-university-named-after-turgenev,st. Komsomolskaya d. 95,Orel,Oryol region,302026,Russian Federation
Reporter,Reporter,ORT Uruguay University,Uruguay,,,,,,,https://www.timeshighereducation.com/world-university-rankings/ort-uruguay-university,Cuareim 1451,Montevideo,Montevideo Department,11100,Uruguay
Reporter,Reporter,Ostrogradsky National University of Kremenchuk,Ukraine,,,,,,,https://www.timeshighereducation.com/world-university-rankings/ostrogradsky-national-university-kremenchuk,20 Pershotravneva Street,,Kremenchuk,39600,Ukraine
Reporter,Reporter,Otemon Gakuin University,Japan,,,,,,,https://www.timeshighereducation.com/world-university-rankings/otemon-gakuin-university,1-1 Oda Toshiba-cho,Ibaraki City,27,567-8620,Japan
Reporter,Reporter,Pacific National University,Russian Federation,,,,,,,https://www.timeshighereducation.com/world-university-rankings/pacific-national-university,"['136', 'Tihookeanskaya Street']",Khabarovsk,Khabarovsk,680035,Russian Federation
Reporter,Reporter,Palestine Ahliya University,Palestine,,,,,,,https://www.timeshighereducation.com/world-university-rankings/palestine-ahliya-university,Jabal Zahir,Bethlehem,Bethlehem Governorate,,Palestine
Reporter,Reporter,Palestine Polytechnic University,Palestine,,,,,,,https://www.timeshighereducation.com/world-university-rankings/palestine-polytechnic-university,Jabal Abu Rumman,Hebron,West Bank Region,,Palestine
Reporter,Reporter,Palestine Technical University – Kadoorie,Palestine,,,,,,,https://www.timeshighereducation.com/world-university-rankings/palestine-technical-university-kadoorie,Jaffa Street PO Box 7,Tulkarm,West Bank,P308,Palestine
Reporter,Reporter,Pangasinan State University,Philippines,,,,,,,https://www.timeshighereducation.com/world-university-rankings/pangasinan-state-university,Alvear Street,Poblacion,Lingayen,2401,Philippines
Reporter,Reporter,Panteion University of Social and Political Sciences,Greece,,,,,,,https://www.timeshighereducation.com/world-university-rankings/panteion-university-social-and-political-sciences,Syngrou Avenue 136,Athens,Attica Region,176 71,Greece
Reporter,Reporter,Panthéon-Assas University (Paris 2),France,,,,,,,https://www.timeshighereducation.com/world-university-rankings/pantheon-assas-university-paris-2,12 place Pantheon,Paris,Paris,75005,France
Reporter,Reporter,Parahyangan Catholic University,Indonesia,,,,,,,https://www.timeshighereducation.com/world-university-rankings/parahyangan-catholic-university,Jln. Ciumbuleuit No. 94,Jawa Barat,Bandung,40141,Indonesia
Reporter,Reporter,Parul University,India,,,,,,,https://www.timeshighereducation.com/world-university-rankings/parul-university,"['P.O. Limda', 'Ta Waghodia']",Vadodara,GJ,391760,India
Reporter,Reporter,Pavlo Tychyna Uman State Pedagogical University,Ukraine,,,,,,,https://www.timeshighereducation.com/world-university-rankings/pavlo-tychyna-uman-state-pedagogical-university,Sadova str. 2,Uman,Cherkasy region,20300,Ukraine
Reporter,Reporter,Peoples University of Medical & Health Sciences for Women - Shaheed Benazirabad,Pakistan,,,,,,,https://www.timeshighereducation.com/world-university-rankings/peoples-university-medical-health-sciences-women-shaheed-benazirabad,"['Nawabshah', 'Shaheed Benazirabad']",Nawabshah,Sindh,67480,Pakistan
Reporter,Reporter,Petra Christian University,Indonesia,,,,,,,https://www.timeshighereducation.com/world-university-rankings/petra-christian-university,Jl. Siwalankerto No. 121-131 Siwalankerto Subdistrict,Surabaya,JI,60236,Indonesia
Reporter,Reporter,Petroleum Higher School,Russian Federation,,,,,,,https://www.timeshighereducation.com/world-university-rankings/petroleum-higher-school,186a Sovetskaya Street,Almetyevsk,Republic of Tatarstan,423462,Russian Federation
Reporter,Reporter,Petroleum University of Technology,Iran,,,,,,,https://www.timeshighereducation.com/world-university-rankings/petroleum-university-technology,Near Imam Ali Square,Tehran,23,61118-6314,Iran
Reporter,Reporter,Pharos University,Egypt,,,,,,,https://www.timeshighereducation.com/world-university-rankings/pharos-university,Canal El Mahmoudia Street Beside Green Plaza Complex,,Alexandria,,Egypt
Reporter,Reporter,Philadelphia University (Jordan),Jordan,,,,,,,https://www.timeshighereducation.com/world-university-rankings/philadelphia-university-jordan,Jarash Road,Amman,Amman Governorate,,Jordan
Reporter,Reporter,Piri Reis University,Turkey,,,,,,,https://www.timeshighereducation.com/world-university-rankings/piri-reis-university,Post Office Neighborhood Eflatun Street No 8,Tuzla,Istanbul,34940,Turkey
Reporter,Reporter,Platov South-Russian State Polytechnic University (NPI),Russian Federation,,,,,,,https://www.timeshighereducation.com/world-university-rankings/platov-south-russian-state-polytechnic-university-npi,"['Ulitsa Prosveshcheniya', '132 Novocherkassk']",,Rostov Oblast,346428,Russian Federation
Reporter,Reporter,Plymouth Marjon University,United Kingdom,,,,,,,https://www.timeshighereducation.com/world-university-rankings/plymouth-marjon-university,Derriford Road,Plymouth,Devon,PL6 8BH,United Kingdom
Reporter,Reporter,Polissia National University,Ukraine,,,,,,,https://www.timeshighereducation.com/world-university-rankings/polissia-national-university,7 Bulvar Stary,Zhytomyr,Zhytomyr Region,10008,Ukraine
Reporter,Reporter,Polis University,Albania,,,,,,,https://www.timeshighereducation.com/world-university-rankings/polis-university,"['Km 5 Durres Highway', 'Kashar']",Tirana,Central Albania,,Albania
Reporter,Reporter,Poltava State Medical University,Ukraine,,,,,,,https://www.timeshighereducation.com/world-university-rankings/poltava-state-medical-university,23 Shevchenko Street,Poltava,Poltava,3601,Ukraine
Reporter,Reporter,Poltava V.G. Korolenko National Pedagogical University (PNPU),Ukraine,,,,,,,https://www.timeshighereducation.com/world-university-rankings/poltava-vg-korolenko-national-pedagogical-university-pnpu,"['st. Ostrogradskoho', '2']",,Poltava,36000,Ukraine
Reporter,Reporter,Polytechnic of Guarda,Portugal,,,,,,,https://www.timeshighereducation.com/world-university-rankings/polytechnic-guarda,"['Avenida Doutor Francisco Sa Carneiro', 'No 50']",Guarda,Guarda,6300-559,Portugal
Reporter,Reporter,Polytechnic University of the Philippines,Philippines,,,,,,,https://www.timeshighereducation.com/world-university-rankings/polytechnic-university-philippines,Anonas Street,Santa Mesa,Manila,1016,Philippines
Reporter,Reporter,Pontificia Universidad Católica Madre y Maestra (PUCMM),Dominican Republic,,,,,,,https://www.timeshighereducation.com/world-university-rankings/pontificia-universidad-catolica-madre-y-maestra-pucmm,Duarte Highway Km 1 1/2,Santiago,Santiago Province,,Dominican Republic
Reporter,Reporter,Positivo University,Brazil,,,,,,,https://www.timeshighereducation.com/world-university-rankings/positivo-university,5300 Rua Professor Pedro Viriato Parigot de Souza,Curitiba,Parana,81280-330,Brazil
Reporter,Reporter,PSB University Cambodia,Cambodia,,,,,,,https://www.timeshighereducation.com/world-university-rankings/psb-university-cambodia,Sangkat Tonle basac,Khan Chamkarmorn,Phnom Penh,,Cambodia
Reporter,Reporter,PUC-Campinas,Brazil,,,,,,,https://www.timeshighereducation.com/world-university-rankings/puc-campinas,"['Rua Professor Doutor Euryclide de Jesus Zerbini', '1516']",Campinas,Sao Paulo,13087-571,Brazil
Reporter,Reporter,Qaiwan International University,Iraq,,,,,,,https://www.timeshighereducation.com/world-university-rankings/qaiwan-international-university,Sharbazher St. Slemani Heights,Sulaymaniyah,Kurdistan Region,,Iraq
Reporter,Reporter,"Quaid-e-Awam University of Engineering, Science and Technology (QUEST)",Pakistan,,,,,,,https://www.timeshighereducation.com/world-university-rankings/quaid-e-awam-university-engineering-science-and-technology-quest,Sakrand Road,Nawabshah,Sindh,67450,Pakistan
Reporter,Reporter,Queen Margaret University,United Kingdom,,,,,,,https://www.timeshighereducation.com/world-university-rankings/queen-margaret-university,Queen Margaret University Drive,Edinburgh,Scotland,EH21 6UU,United Kingdom
Reporter,Reporter,Queensland University,Haiti,,,,,,,https://www.timeshighereducation.com/world-university-rankings/queensland-university,Delmas 29 Prolongé,,Port-au-Prince,,Haiti
Reporter,Reporter,Quezon City University,Philippines,,,,,,,https://www.timeshighereducation.com/world-university-rankings/quezon-city-university,673 Quirino Highway San Bartolome,Quezon City,National Capital Region,1116,Philippines
Reporter,Reporter,Q University,Kazakhstan,,,,,,,https://www.timeshighereducation.com/world-university-rankings/q-university,Baizakov Street 125/185 NP 4,,Almaty,,Kazakhstan
Reporter,Reporter,Raden Mas Said State Islamic University Surakarta,Indonesia,,,,,,,https://www.timeshighereducation.com/world-university-rankings/raden-mas-said-state-islamic-university-surakarta,"['Jalan Pandawa', 'Pucangan Kartasura']",Sukoharjo,JT,,Indonesia
Reporter,Reporter,Rajamangala University of Technology Krungthep,Thailand,,,,,,,https://www.timeshighereducation.com/world-university-rankings/rajamangala-university-technology-krungthep,No. 2 Nang Linchi Road Thung Maha Mek Subdistrict,Bangkok,10,10120,Thailand
Reporter,Reporter,Rajamangala University of Technology Phra Nakhon,Thailand,,,,,,,https://www.timeshighereducation.com/world-university-rankings/rajamangala-university-technology-phra-nakhon,399 Samsen Road,Vachira Phayaban Dusit,10,10300,Thailand
Reporter,Reporter,Rajamangala University of Technology Suvarnabhumi,Thailand,,,,,,,https://www.timeshighereducation.com/world-university-rankings/rajamangala-university-technology-suvarnabhumi,"['60 Moo 3', 'Asia Road Hantra Subdistrict']",Nakhon Sawan,14,13000,Thailand
Reporter,Reporter,Rajarata University of Sri Lanka,Sri Lanka,,,,,,,https://www.timeshighereducation.com/world-university-rankings/rajarata-university-sri-lanka,A12 Road,Mihintale,North Central Province,50300,Sri Lanka
Reporter,Reporter,RAK Medical and Health Sciences University,United Arab Emirates,,,,,,,https://www.timeshighereducation.com/world-university-rankings/rak-medical-and-health-sciences-university,Al Juwais Al Qusaidat,Ras Al Khaimah,Ras Al Khaimah,,United Arab Emirates
Reporter,Reporter,Rawalpindi Medical University,Pakistan,,,,,,,https://www.timeshighereducation.com/world-university-rankings/rawalpindi-medical-university,"['Holy Family Road', 'Block F Block E Satellite Town']",Rawalpindi,Punjab,46000,Pakistan
Reporter,Reporter,Redeemer’s University,Nigeria,,,,,,,https://www.timeshighereducation.com/world-university-rankings/redeemers-university,Ede off Gbongan,Ede,Osun State,,Nigeria
Reporter,Reporter,Riara University,Kenya,,,,,,,https://www.timeshighereducation.com/world-university-rankings/riara-university,Mbagathi Way P.O. Box 49940 – 00100,,Nairobi,,Kenya
Reporter,Reporter,Ritsumeikan Asia Pacific University (APU),Japan,,,,,,,https://www.timeshighereducation.com/world-university-rankings/ritsumeikan-asia-pacific-university-apu,1-1 Jumonjibaru,Beppu City,44,874-8577,Japan
Reporter,Reporter,Rivers State University,Nigeria,,,,,,,https://www.timeshighereducation.com/world-university-rankings/rivers-state-university,"['Nkpolu Oroworukwo', 'PMB 5080']",Port Harcourt,Rivers State,,Nigeria
Reporter,Reporter,Roi Et Rajabhat University,Thailand,,,,,,,https://www.timeshighereducation.com/world-university-rankings/roi-et-rajabhat-university,Koh Kaew Subdistrict,Selaphum District,Roi Et Province,45120,Thailand
Reporter,Reporter,Rome Business School,Italy,,,,,,,https://www.timeshighereducation.com/world-university-rankings/rome-business-school,Via Giuseppe Montanelli,Roma,Lazio,00195,Italy
Reporter,Reporter,Rose Bruford College,United Kingdom,,,,,,,https://www.timeshighereducation.com/world-university-rankings/rose-bruford-college,Lamorbey Park Burnt Oak Lane,Sidcup,Kent,DA15 9DF,United Kingdom
Reporter,Reporter,Rostov State University of Economics,Russian Federation,,,,,,,https://www.timeshighereducation.com/world-university-rankings/rostov-state-university-economics,"['ul. Bolshaya Sadovaya', '69']",,Rostov-on-Don,344002,Russian Federation
Reporter,Reporter,Royal Academy of Dramatic Art (RADA),United Kingdom,,,,,,,https://www.timeshighereducation.com/world-university-rankings/royal-academy-dramatic-art-rada,62-64 Gower Street,Camden,London,WC1E 6ED,United Kingdom
Reporter,Reporter,Royal Academy of Music,United Kingdom,,,,,,,https://www.timeshighereducation.com/world-university-rankings/royal-academy-music,Marylebone Road,,London,NW1 5HT,United Kingdom
Reporter,Reporter,Royal Agricultural University,United Kingdom,,,,,,,https://www.timeshighereducation.com/world-university-rankings/royal-agricultural-university,Stroud Road,Cirencester,Gloucestershire,GL7 6JS,United Kingdom
Reporter,Reporter,"Royal Central School of Speech and Drama, University of London",United Kingdom,,,,,,,https://www.timeshighereducation.com/world-university-rankings/royal-central-school-speech-and-drama-university-london,Eton Avenue,London,London,NW3 3HY,United Kingdom
Reporter,Reporter,Royal College of Art,United Kingdom,,,,,,,https://www.timeshighereducation.com/world-university-rankings/royal-college-art,Darwin Building Kensington Gore,Kensington,London,SW7 2EU,United Kingdom
Reporter,Reporter,Royal College of Music,United Kingdom,,,,,,,https://www.timeshighereducation.com/world-university-rankings/royal-college-music,Prince Consort Road,Kensington,London,SW7 2BS,United Kingdom
Reporter,Reporter,Royal Conservatoire of Scotland,United Kingdom,,,,,,,https://www.timeshighereducation.com/world-university-rankings/royal-conservatoire-scotland,100 Renfrew Street,Glasgow,Lanarkshire,G2 3DB,United Kingdom
Reporter,Reporter,Royal Northern College of Music,United Kingdom,,,,,,,https://www.timeshighereducation.com/world-university-rankings/royal-northern-college-music,124 Oxford Road,Manchester,Greater Manchester,M13 9RD,United Kingdom
Reporter,Reporter,Royal University for Women (RUW),Bahrain,,,,,,,https://www.timeshighereducation.com/world-university-rankings/royal-university-women-ruw,"['Gate No 366', 'Al Maskar Street PO Box 37400']",West Riffa,Southern Governorate,942,Bahrain
Reporter,Reporter,Rudny Industrial University,Kazakhstan,,,,,,,https://www.timeshighereducation.com/world-university-rankings/rudny-industrial-university,50th Anniversary of October Street 38,Rudny,Kostanay,,Kazakhstan
Reporter,Reporter,Russian Biotechnological University (BIOTECH),Russian Federation,,,,,,,https://www.timeshighereducation.com/world-university-rankings/russian-biotechnological-university-biotech,11 Volokolamskoye Shosse,Moscow,Moscow,125080,Russian Federation
Reporter,Reporter,Sabratha University,Libya,,,,,,,https://www.timeshighereducation.com/world-university-rankings/sabratha-university,Zawiya District,Sabratha,Tripolitania,,Libya
Reporter,Reporter,SAGE University Indore,India,,,,,,,https://www.timeshighereducation.com/world-university-rankings/sage-university-indore,Kailod Kartal Indore Rau Bypass Road,Indore,MP,452020,India
Reporter,Reporter,Saint Louis University (Philippines),Philippines,,,,,,,https://www.timeshighereducation.com/world-university-rankings/saint-louis-university-philippines,Bonifacio Street,Baguio,BEN,2600,Philippines
Reporter,Reporter,Sakon Nakhon Rajabhat University,Thailand,,,,,,,https://www.timeshighereducation.com/world-university-rankings/sakon-nakhon-rajabhat-university,No. 680 Nittayo Road That Choeng Chum Subdistrict,Sakon Nakhon,47,47000,Thailand
Reporter,Reporter,Samarkand Institute of Economics and Service (SamISI),Uzbekistan,,,,,,,https://www.timeshighereducation.com/world-university-rankings/samarkand-institute-economics-and-service-samisi,9 Amir Temur St.,Samarkand,Samarqand Province,,Uzbekistan
Reporter,Reporter,Samarkand State Institute of Architecture and Construction,Uzbekistan,,,,,,,https://www.timeshighereducation.com/world-university-rankings/samarkand-state-institute-architecture-and-construction,"['Lolazor', '70']",Samarkand,Samarkand Region,140143,Uzbekistan
Reporter,Reporter,Samarkand State Institute of Foreign Languages,Uzbekistan,,,,,,,https://www.timeshighereducation.com/world-university-rankings/samarkand-state-institute-foreign-languages,93 Bustonsaroy St,Samarkand,Samarkand Region,140104,Uzbekistan
Reporter,Reporter,Samarkand State Medical University,Uzbekistan,,,,,,,https://www.timeshighereducation.com/world-university-rankings/samarkand-state-medical-university,18 Amir Temur st,,Samarkand city,,Uzbekistan
Reporter,Reporter,Samarkand State University,Uzbekistan,,,,,,,https://www.timeshighereducation.com/world-university-rankings/samarkand-state-university,University blv. 15 Samarkand сity,,Samarkand region,140104,Uzbekistan
Reporter,Reporter,Samsun University,Turkey,,,,,,,https://www.timeshighereducation.com/world-university-rankings/samsun-university,Zafer Mah. Cumhuriyet Cd. No33 Kent Müzesi Yanı,Samsun,Samsun il,55060,Turkey
Reporter,Reporter,Sanko University,Turkey,,,,,,,https://www.timeshighereducation.com/world-university-rankings/sanko-university,No 36 Gazimuhtar Pasha Blvd Degirmicem District,Sehitkamil,Gaziantep Province,27090,Turkey
Reporter,Reporter,Santosh Deemed to be University,India,,,,,,,https://www.timeshighereducation.com/world-university-rankings/santosh-deemed-be-university,"['No.1', 'Santosh Nagar']",Ghaziabad,NCR Delhi,201009,India
Reporter,Reporter,Saratov State Vavilov Agrarian University,Russian Federation,,,,,,,https://www.timeshighereducation.com/world-university-rankings/saratov-state-vavilov-agrarian-university,"['Teatralnaya sq.', '1.']",,Saratov,410012,Russian Federation
Reporter,Reporter,Sarsen Amanzholov East Kazakhstan University,Kazakhstan,,,,,,,https://www.timeshighereducation.com/world-university-rankings/sarsen-amanzholov-east-kazakhstan-university,"['Kazakhstan street', '55 Ust-Kamenogorsk']",,East Kazakhstan region,0700040,Kazakhstan
Reporter,Reporter,Satya Wacana Christian University,Indonesia,,,,,,,https://www.timeshighereducation.com/world-university-rankings/satya-wacana-christian-university,Jl. Diponegoro 52-60,Salatiga,Jawa Tengah,50711,Indonesia
Reporter,Reporter,Sawa University,Iraq,,,,,,,https://www.timeshighereducation.com/world-university-rankings/sawa-university,Al-Samawah,,Al-Muthanna,,Iraq
Reporter,Reporter,SBS Swiss Business School,Switzerland,,,,,,,https://www.timeshighereducation.com/world-university-rankings/sbs-swiss-business-school,Flughafenstrasse 3,Kloten,Zurich,8302,Switzerland
Reporter,Reporter,School of Higher Commercial Studies (EHEC Algiers),Algeria,,,,,,,https://www.timeshighereducation.com/world-university-rankings/school-higher-commercial-studies-ehec-algiers,Kolea,Algiers,Tipaza Province,,Algeria
Reporter,Reporter,SDU University,Kazakhstan,,,,,,,https://www.timeshighereducation.com/world-university-rankings/sdu-university,1/1 Abylai Khan Street Karasai District,Kaskelen,Almaty Region,040900,Kazakhstan
Reporter,Reporter,SEGi University,Malaysia,,,,,,,https://www.timeshighereducation.com/world-university-rankings/segi-university,"['No 9', 'Jalan Teknologi Taman Sains Selangor']",Petaling Jaya,Selangor Darul Ehsan,47810,Malaysia
Reporter,Reporter,Senshu University,Japan,,,,,,,https://www.timeshighereducation.com/world-university-rankings/senshu-university,3-8 Jinbocho Kanda,Tokyo,13,101-8425,Japan
Reporter,Reporter,Shaheed Benazir Bhutto University,Pakistan,,,,,,,https://www.timeshighereducation.com/world-university-rankings/shaheed-benazir-bhutto-university,"['Shaheed Benazirabad', 'Near landhi Stop', 'Sakrand road']",Nawab Shah,Sindh,,Pakistan
Reporter,Reporter,Shaheed Benazir Bhutto Women University Peshawar,Pakistan,,,,,,,https://www.timeshighereducation.com/world-university-rankings/shaheed-benazir-bhutto-women-university-peshawar,"['LARAMA', 'Charsadda Road']",Peshawar,Khyber Pakhtunkhwa,,Pakistan
Reporter,Reporter,Shaheed Mohtarma Benazir Bhutto Medical University,Pakistan,,,,,,,https://www.timeshighereducation.com/world-university-rankings/shaheed-mohtarma-benazir-bhutto-medical-university,Bakrani Larkana District,Larkana,Sindh,77150,Pakistan
Reporter,Reporter,Shahrisabz State Pedagogical Institute,Uzbekistan,,,,,,,https://www.timeshighereducation.com/world-university-rankings/shahrisabz-state-pedagogical-institute,10 Shahrisabz Street,Shahrisabz City,Kashkadarya Region,,Uzbekistan
Reporter,Reporter,Shakarim University,Kazakhstan,,,,,,,https://www.timeshighereducation.com/world-university-rankings/shakarim-university,"['st. Glinki', '20A']",Semey city,Abay region,071412,Kazakhstan
Reporter,Reporter,Sher-e-Bangla Agricultural University (SAU),Bangladesh,,,,,,,https://www.timeshighereducation.com/world-university-rankings/sher-e-bangla-agricultural-university-sau,Sher e Bangla Nagar,Dhaka,Dhaka,1207,Bangladesh
Reporter,Reporter,Shirak State University,Armenia,,,,,,,https://www.timeshighereducation.com/world-university-rankings/shirak-state-university,Paruyr Sevak 4,Gyumri,SH,3126,Armenia
Reporter,Reporter,Simón Bolívar University (Colombia),Colombia,,,,,,,https://www.timeshighereducation.com/world-university-rankings/simon-bolivar-university-colombia,Carrera 59 No. 59-92 Sede Principal,Barranquilla,Atlantico,,Colombia
Reporter,Reporter,Simon Kuznets Kharkiv National University of Economics,Ukraine,,,,,,,https://www.timeshighereducation.com/world-university-rankings/simon-kuznets-kharkiv-national-university-economics,"['Nauky Ave', '9А']",Kharkiv,Kharkiv Oblast,61000,Ukraine
Reporter,Reporter,Sisaket Rajabhat University,Thailand,,,,,,,https://www.timeshighereducation.com/world-university-rankings/sisaket-rajabhat-university,319 Thai Pantha Road Pho Amphoe Mueang,Sisaket,Sisaket,33000,Thailand
Reporter,Reporter,Social Sciences University of Ankara,Turkey,,,,,,,https://www.timeshighereducation.com/world-university-rankings/social-sciences-university-ankara,Hukumet Meydani No: 2,Altindag,Ankara Province,06050,Turkey
Reporter,Reporter,Sohar University,Oman,,,,,,,https://www.timeshighereducation.com/world-university-rankings/sohar-university,PO Box 44,Sohar,Al Batinah North Governorate,311,Oman
Reporter,Reporter,Sorsogon State University,Philippines,,,,,,,https://www.timeshighereducation.com/world-university-rankings/sorsogon-state-university,"['Magsaysay Street', 'Salog']",Sorsogon City,SOR,,Philippines
Reporter,Reporter,South East European University,North Macedonia,,,,,,,https://www.timeshighereducation.com/world-university-rankings/south-east-european-university,Ilindenska p.n.,Tetovo,Polog Region,1200,North Macedonia
Reporter,Reporter,Southern Luzon State University,Philippines,,,,,,,https://www.timeshighereducation.com/world-university-rankings/southern-luzon-state-university,Lucban - Tayabas Rd Lucban,,Quezon,4328,Philippines
Reporter,Reporter,Southern Technical University,Iraq,,,,,,,https://www.timeshighereducation.com/world-university-rankings/southern-technical-university,Al-Zubair Highway,,Basra,,Iraq
Reporter,Reporter,South Mediterranean University (SMU),Tunisia,,,,,,,https://www.timeshighereducation.com/world-university-rankings/south-mediterranean-university-smu,Avenue De L'Euro Les Berges Du Lac 2,Tunis,Tunis,,Tunisia
Reporter,Reporter,Sphinx University,Egypt,,,,,,,https://www.timeshighereducation.com/world-university-rankings/sphinx-university,Regional service road,New Assuit,Assuit Governorate,71515,Egypt
Reporter,Reporter,Sri Balaji Vidyapeeth,India,,,,,,,https://www.timeshighereducation.com/world-university-rankings/sri-balaji-vidyapeeth,Pondy Cuddalore Main Road National Highway 45A,Pillaiyarkuppam,Pondicherry,607402,India
Reporter,Reporter,Sri Padmavati Mahila Visvavidyalayam (Women's University),India,,,,,,,https://www.timeshighereducation.com/world-university-rankings/sri-padmavati-mahila-visvavidyalayam-womens-university,Padmavathi Nagar Near West Railway Station,Chittoor (D.t),AP,,India
Reporter,Reporter,State Energy Institute of Turkmenistan,Turkmenistan,,,,,,,https://www.timeshighereducation.com/world-university-rankings/state-energy-institute-turkmenistan,"['Bayramkhan Street', '62']",Mary City,,745400,Turkmenistan
Reporter,Reporter,State Polytechnic of Malang,Indonesia,,,,,,,https://www.timeshighereducation.com/world-university-rankings/state-polytechnic-malang,"['Jl. Soekarno Hatta No. 9 Jatimulyo', 'Kec. Lowokwaru']",Kota Malang,JI,65141,Indonesia
Reporter,Reporter,Stavropol State Agrarian University,Russian Federation,,,,,,,https://www.timeshighereducation.com/world-university-rankings/stavropol-state-agrarian-university,12. Zootechnichesky lane,,Stavropol,,Russian Federation
Reporter,Reporter,St Luke’s International University,Japan,,,,,,,https://www.timeshighereducation.com/world-university-rankings/st-lukes-international-university,10-1 Akashi-cho,Chuo-ku,13,104-0044,Japan
Reporter,Reporter,"St Mary’s University College, Belfast",United Kingdom,,,,,,,https://www.timeshighereducation.com/world-university-rankings/st-marys-university-college-belfast,191 Falls Road,Belfast,County Antrim,BT12 6FE,United Kingdom
Reporter,Reporter,"St Mary’s University, Twickenham",United Kingdom,,,,,,,https://www.timeshighereducation.com/world-university-rankings/st-marys-university-twickenham,Waldegrave Road Strawberry Hill,Twickenham,Richmond upon Thames,TW1 4SX,United Kingdom
Reporter,Reporter,Stranmillis University College,United Kingdom,,,,,,,https://www.timeshighereducation.com/world-university-rankings/stranmillis-university-college,Stranmillis Road,Belfast,County  Antrim,BT9 5DY,United Kingdom
Reporter,Reporter,Sugiyama Jogakuen University,Japan,,,,,,,https://www.timeshighereducation.com/world-university-rankings/sugiyama-jogakuen-university,17-3 Hoshigaoka Motomachi Chikusa-ku,Nagoya,23,464-8662,Japan
Reporter,Reporter,Sulaimani Polytechnic University,Iraq,,,,,,,https://www.timeshighereducation.com/world-university-rankings/sulaimani-polytechnic-university,"['Wrme Street 327/76', 'Qrga']",Sulaymaniyah,Kurdistan,327/76,Iraq
Reporter,Reporter,Sumgayit State University,Azerbaijan,,,,,,,https://www.timeshighereducation.com/world-university-rankings/sumgayit-state-university,43rd Block,Sumgayit,Absheron Khizi,5008,Azerbaijan
Reporter,Reporter,Sumy State Pedagogical University named after A.S. Makarenko,Ukraine,,,,,,,https://www.timeshighereducation.com/world-university-rankings/sumy-state-pedagogical-university-named-after-makarenko,87 Romenska Street,Sumy,Sumy Oblast,40002,Ukraine
Reporter,Reporter,Swiss German University,Indonesia,,,,,,,https://www.timeshighereducation.com/world-university-rankings/swiss-german-university,The Prominence Tower Alam Sutera,Tangerang,BT,15143,Indonesia
Reporter,Reporter,Tafila Technical University,Jordan,,,,,,,https://www.timeshighereducation.com/world-university-rankings/tafila-technical-university,Hashemite Kingdom of Jordan PO Box 179,Tafila,Tafila Governorate,66110,Jordan
Reporter,Reporter,Tajik National University,Tajikistan,,,,,,,https://www.timeshighereducation.com/world-university-rankings/tajik-national-university,17 Rudaki Avenue,Dushanbe,Dushanbe,734025,Tajikistan
Reporter,Reporter,Tarlac Agricultural University,Philippines,,,,,,,https://www.timeshighereducation.com/world-university-rankings/tarlac-agricultural-university,Malacampa,Camiling,TAR,2306,Philippines
Reporter,Reporter,Tarsus University,Turkey,,,,,,,https://www.timeshighereducation.com/world-university-rankings/tarsus-university,Tarsus University Rectorate Takbaş Mahallesi,,Tarsus,33400,Turkey
Reporter,Reporter,Tashkent Institute of Chemical Technology,Uzbekistan,,,,,,,https://www.timeshighereducation.com/world-university-rankings/tashkent-institute-chemical-technology,32 Navoiy street,Tashkent,Tashkent Province,100011,Uzbekistan
Reporter,Reporter,Tashkent Institute of Management and Economics,Uzbekistan,,,,,,,https://www.timeshighereducation.com/world-university-rankings/tashkent-institute-management-and-economics,"['Shota Rustaveli Street', '114 Yakkasaroy District']",Tashkent City,Tashkent,,Uzbekistan
Reporter,Reporter,Tashkent Institute of Textile and Light Industry,Uzbekistan,,,,,,,https://www.timeshighereducation.com/world-university-rankings/tashkent-institute-textile-and-light-industry,5 Shakhdjakhon Street,Tashkent,Tashkent,100100,Uzbekistan
Reporter,Reporter,Tashkent International University of Financial Management and Technology (TIFT),Uzbekistan,,,,,,,https://www.timeshighereducation.com/world-university-rankings/tashkent-international-university-financial-management-and-technology-tift,15 Amir Temur Shoh Street,Tashkent,Tashkent,100200,Uzbekistan
Reporter,Reporter,Tashkent Metropolitan University,Uzbekistan,,,,,,,https://www.timeshighereducation.com/world-university-rankings/tashkent-metropolitan-university,"['8B', 'Mirzo-Ulugbek st.', 'Yashnobod District']",Tashkent,Tashkent,100077,Uzbekistan
Reporter,Reporter,Tashkent Pediatric Medical Institute,Uzbekistan,,,,,,,https://www.timeshighereducation.com/world-university-rankings/tashkent-pediatric-medical-institute,,,,,
Reporter,Reporter,Tashkent Pharmaceutical Institute,Uzbekistan,,,,,,,https://www.timeshighereducation.com/world-university-rankings/tashkent-pharmaceutical-institute,45 Aybek st,Tashkent,Tashkent Province,100015,Uzbekistan
Reporter,Reporter,Tashkent State Agrarian University,Uzbekistan,,,,,,,https://www.timeshighereducation.com/world-university-rankings/tashkent-state-agrarian-university,University street 2 Kibray district,Tashkent,Tashkent,Tashkent,Uzbekistan
Reporter,Reporter,Tashkent State Dental Institute,Uzbekistan,,,,,,,https://www.timeshighereducation.com/world-university-rankings/tashkent-state-dental-institute,,,,,
Reporter,Reporter,Tashkent State Medical University,Uzbekistan,,,,,,,https://www.timeshighereducation.com/world-university-rankings/tashkent-state-medical-university,,,,,
Reporter,Reporter,National Pedagogical University of Uzbekistan named after Nizami,Uzbekistan,,,,,,,https://www.timeshighereducation.com/world-university-rankings/national-pedagogical-university-uzbekistan-named-after-nizami,27 Bunyodkor Street Chilanzar District,Tashkent,Tashkent,,Uzbekistan
Reporter,Reporter,Tashkent State Transport University,Uzbekistan,,,,,,,https://www.timeshighereducation.com/world-university-rankings/tashkent-state-transport-university,1 Temiryulchilar street,,Tashkent,100167,Uzbekistan
Reporter,Reporter,Tashkent State University of Economics,Uzbekistan,,,,,,,https://www.timeshighereducation.com/world-university-rankings/tashkent-state-university-economics,"['Islam Karimov Street', '49']",Tashkent City,Tashkent,100066,Uzbekistan
Reporter,Reporter,Tashkent State University of Law,Uzbekistan,,,,,,,https://www.timeshighereducation.com/world-university-rankings/tashkent-state-university-law,Sayilgokh str. 35,Tashkent,Tashkent Province,100047,Uzbekistan
Reporter,Reporter,Tashkent State University of Oriental Studies,Uzbekistan,,,,,,,https://www.timeshighereducation.com/world-university-rankings/tashkent-state-university-oriental-studies,20 Amir Temur Street,,Tashkent city,100060,Uzbekistan
Reporter,Reporter,Tata Institute of Fundamental Research,India,,,,,,,https://www.timeshighereducation.com/world-university-rankings/tata-institute-fundamental-research,Homi Bhabha Road,,Mumbai,400005,India
Reporter,Reporter,Tbilisi State Medical University,Georgia,,,,,,,https://www.timeshighereducation.com/world-university-rankings/tbilisi-state-medical-university,33 Vazha Pshavela Avenue,Tbilisi,Tbilisi,0186,Georgia
Reporter,Reporter,T. C. Demiroğlu Bilim University,Turkey,,,,,,,https://www.timeshighereducation.com/world-university-rankings/t-c-demiroglu-bilim-university,Buyukdere Cad. No:120/1 Esentepe,Istanbul,Sisli,34394,Turkey
Reporter,Reporter,Teacher Education College of Setif,Algeria,,,,,,,https://www.timeshighereducation.com/world-university-rankings/teacher-education-college-setif,B.P.N 556,El Eulma,Setif,19600,Algeria
Reporter,Reporter,Technical University of Cotopaxi (UTC),Ecuador,,,,,,,https://www.timeshighereducation.com/world-university-rankings/technical-university-cotopaxi-utc,Av. Simon Rodriguez s/n Barrio El Ejido,Latacunga,Cotopaxi Province,,Ecuador
Reporter,Reporter,Technical University of the North,Ecuador,,,,,,,https://www.timeshighereducation.com/world-university-rankings/technical-university-north,Av 17 de Julio 5-21 y Gral. Jose Maria Cordova,Ibarra,Imbabura Province,,Ecuador
Reporter,Reporter,Technische Hochschule Ingolstadt,Germany,,,,,,,https://www.timeshighereducation.com/world-university-rankings/technische-hochschule-ingolstadt,Esplanade 10,Ingolstadt,Bavaria,85049,Germany
Reporter,Reporter,Teerthanker Mahaveer University,India,,,,,,,https://www.timeshighereducation.com/world-university-rankings/teerthanker-mahaveer-university,"['N.H.-24', 'Delhi Road']",Moradabad,UP,244001,India
Reporter,Reporter,Teikyo Heisei University,Japan,,,,,,,https://www.timeshighereducation.com/world-university-rankings/teikyo-heisei-university,2-51-4 Higashi-Ikebukuro,Tokyo,13,170-8445,Japan
Reporter,Reporter,Termez State Pedagogical Institute,Uzbekistan,,,,,,,https://www.timeshighereducation.com/world-university-rankings/termez-state-pedagogical-institute,"['288b', 'Islam Karimov Street']",Termez,Surxondaryo Region,,Uzbekistan
Reporter,Reporter,Termez State University,Uzbekistan,,,,,,,https://www.timeshighereducation.com/world-university-rankings/termez-state-university,43 Barkamol Avlod Street,Termez,Surxondaryo Region,190111,Uzbekistan
Reporter,Reporter,Termez University of Economics and Services,Uzbekistan,,,,,,,https://www.timeshighereducation.com/world-university-rankings/termez-university-economics-and-services,"['Bogi zahal MFY', 'Farovon 1st district', '4-b house']",Termiz,Surxondaryo Region,,Uzbekistan
Reporter,Reporter,Thaksin University,Thailand,,,,,,,https://www.timeshighereducation.com/world-university-rankings/thaksin-university,"['140 Kanchanawanit Road Village No. 4', 'Khao Rup Chang']",Songkhla,90,90000,Thailand
Reporter,Reporter,The British University in Dubai,United Arab Emirates,,,,,,,https://www.timeshighereducation.com/world-university-rankings/british-university-dubai,Block 11 1st and 2nd floor,PO Box 345015,DU,,United Arab Emirates
Reporter,Reporter,The Chartered Institute of Digital Economy,Singapore,,,,,,,https://www.timeshighereducation.com/world-university-rankings/chartered-institute-digital-economy,7500A Beach Road The Plaza No 12-324,Singapore,Singapore,199591,Singapore
Reporter,Reporter,The Future University,Sudan,,,,,,,https://www.timeshighereducation.com/world-university-rankings/future-university,Africa Street,Khartoum,Khartoum State,10553,Sudan
Reporter,Reporter,The Government Sadiq College Women University Bahawalpur,Pakistan,,,,,,,https://www.timeshighereducation.com/world-university-rankings/government-sadiq-college-women-university-bahawalpur,Girls College Road,Bahawalpur,Punjab Province,63100,Pakistan
Reporter,Reporter,"The Graduate University for Advanced Studies, SOKENDAI",Japan,,,,,,,https://www.timeshighereducation.com/world-university-rankings/graduate-university-advanced-studies-sokendai,Shonan Village,Hayama,14,240-0193,Japan
Reporter,Reporter,The Islamic University,Iraq,,,,,,,https://www.timeshighereducation.com/world-university-rankings/islamic-university,Kufa Street,Najaf,Najaf Governorate,,Iraq
Reporter,Reporter,The National University of Ostroh Academy,Ukraine,,,,,,,https://www.timeshighereducation.com/world-university-rankings/national-university-ostroh-academy,2 Seminarska Street,Ostroh,Rivne Region,35800,Ukraine
Reporter,Reporter,The Nelson Mandela African Institution of Science and Technology (NM-AIST),Tanzania,,,,,,,https://www.timeshighereducation.com/world-university-rankings/nelson-mandela-african-institution-science-and-technology-nm-aist,P.O. Box 447,Arusha,Arusha Region,,Tanzania
Reporter,Reporter,The Public Authority for Applied Education and Training (PAAET),Kuwait,,,,,,,https://www.timeshighereducation.com/world-university-rankings/public-authority-applied-education-and-training-paaet,Odayliea 3rd street Shuwaikh Industrial,Kuwait,Kuwait,,Kuwait
Reporter,Reporter,The University of Shiga Prefecture,Japan,,,,,,,https://www.timeshighereducation.com/world-university-rankings/university-shiga-prefecture,2500 Hassaka-cho,Hikone City,Shiga Prefecture,522-8533,Japan
Reporter,Reporter,The University of World Economy and Diplomacy (UWED),Uzbekistan,,,,,,,https://www.timeshighereducation.com/world-university-rankings/university-world-economy-and-diplomacy-uwed,54 Mustakillik Avenue,Tashkent City,Tashkent,100007,Uzbekistan
Reporter,Reporter,The Women University Multan,Pakistan,,,,,,,https://www.timeshighereducation.com/world-university-rankings/women-university-multan,"['Chowk Kutchery', 'LMQ Road Khawajabad']",Multan,Punjab Region,,Pakistan
Reporter,Reporter,The World Islamic Sciences and Education University (WISE),Jordan,,,,,,,https://www.timeshighereducation.com/world-university-rankings/world-islamic-sciences-and-education-university-wise,Tabarbour P.O. 1101,,Amman,11947,Jordan
Reporter,Reporter,Thomas Adewumi University,Nigeria,,,,,,,https://www.timeshighereducation.com/world-university-rankings/thomas-adewumi-university,University Drive Off Idofin Road,Oko Irese,Kwara State,,Nigeria
Reporter,Reporter,T.H. Shevchenko National University Chernihiv Colehium,Ukraine,,,,,,,https://www.timeshighereducation.com/world-university-rankings/th-shevchenko-national-university-chernihiv-colehium,53 Hetman Polubotka Street,Chernihiv,Chernihiv Oblast,14013,Ukraine
Reporter,Reporter,Tiradentes University,Brazil,,,,,,,https://www.timeshighereducation.com/world-university-rankings/tiradentes-university,"['Avenida Murilo Dantas', '300 Farolandia']",Aracaju,Sergipe,49032-490,Brazil
Reporter,Reporter,Tissemsilt University,Algeria,,,,,,,https://www.timeshighereducation.com/world-university-rankings/tissemsilt-university,Route,Bougara,Blida Province,38000,Algeria
Reporter,Reporter,Togliatti State University,Russian Federation,,,,,,,https://www.timeshighereducation.com/world-university-rankings/togliatti-state-university,14 Belorusskaya Street,Togliatti,Samara,445020,Russian Federation
Reporter,Reporter,Tohoku Gakuin University,Japan,,,,,,,https://www.timeshighereducation.com/world-university-rankings/tohoku-gakuin-university,1-3-1 Tsuchitoi Aoba-ku,Sendai,04,980-8511,Japan
Reporter,Reporter,Tokyo University of Foreign Studies,Japan,,,,,,,https://www.timeshighereducation.com/world-university-rankings/tokyo-university-foreign-studies,"['3-11-1', 'Asahi-cho Fuchu-shi']",,13,183-8534,Japan
Reporter,Reporter,Tomsk State Pedagogical University,Russian Federation,,,,,,,https://www.timeshighereducation.com/world-university-rankings/tomsk-state-pedagogical-university,60 Kievskaya,,Tomsk,634061,Russian Federation
Reporter,Reporter,Toyota Technological Institute,Japan,,,,,,,https://www.timeshighereducation.com/world-university-rankings/toyota-technological-institute,2-12-1 Hisakata,Nagoya,23,468-8511,Japan
Reporter,Reporter,Transport and Telecommunication Institute,Latvia,,,,,,,https://www.timeshighereducation.com/world-university-rankings/transport-and-telecommunication-institute,Lauvas Street 2,Riga,Riga,LV 1019,Latvia
Reporter,Reporter,Trinity Laban Conservatoire of Music and Dance,United Kingdom,,,,,,,https://www.timeshighereducation.com/world-university-rankings/trinity-laban-conservatoire-music-and-dance,King Charles Court Old Royal Naval College,London,London,SE10 9JF,United Kingdom
Reporter,Reporter,Turan International University,Uzbekistan,,,,,,,https://www.timeshighereducation.com/world-university-rankings/turan-international-university,"['House 10', 'Mamarasulov street']",Namangan,Namangan Province,,Uzbekistan
Reporter,Reporter,Turan University,Kazakhstan,,,,,,,https://www.timeshighereducation.com/world-university-rankings/turan-university,Satpayev st. 16a,Almaty,Almaty,050013,Kazakhstan
Reporter,Reporter,Turin Polytechnic University in Tashkent,Uzbekistan,,,,,,,https://www.timeshighereducation.com/world-university-rankings/turin-polytechnic-university-tashkent,"['Little Ring Road 17', 'Almazar District']",Tashkent City,Tashkent,100095,Uzbekistan
Reporter,Reporter,Turkmen Agricultural Institute,Turkmenistan,,,,,,,https://www.timeshighereducation.com/world-university-rankings/turkmen-agricultural-institute,Rukhnama 94 Dashoguz velayat,Dashoguz City,Dashoguz Province,,Turkmenistan
Reporter,Reporter,Turkmen Agricultural University named after S.A. Niyazov,Turkmenistan,,,,,,,https://www.timeshighereducation.com/world-university-rankings/turkmen-agricultural-university-named-after-sa-niyazov,143 Gorogly Street,Ashgabat,Ashgabat,2009,Turkmenistan
Reporter,Reporter,Turkmen State Architecture and Construction Institute,Turkmenistan,,,,,,,https://www.timeshighereducation.com/world-university-rankings/turkmen-state-architecture-and-construction-institute,Building 136 st. Baba Annanova,,Ashgabat,744025,Turkmenistan
Reporter,Reporter,Turkmen State Institute of Economics and Management,Turkmenistan,,,,,,,https://www.timeshighereducation.com/world-university-rankings/turkmen-state-institute-economics-and-management,"['1972 street (Ataturk)', 'apt. 73 V9X9+7V7']",Ashgabat City,,744000,Turkmenistan
Reporter,Reporter,Turkmen State Institute of Finance,Turkmenistan,,,,,,,https://www.timeshighereducation.com/world-university-rankings/turkmen-state-institute-finance,"['112', '1987 Street Hero of Turkmenistan']",Ashgabat,Ashgabat,744027,Turkmenistan
Reporter,Reporter,Tver State Technical University,Russian Federation,,,,,,,https://www.timeshighereducation.com/world-university-rankings/tver-state-technical-university,22 Athanasius Nikitin Quay,Tver,Oblast,170026,Russian Federation
Reporter,Reporter,Tver State University,Russian Federation,,,,,,,https://www.timeshighereducation.com/world-university-rankings/tver-state-university,33 Zhelyabova st.,,Tver,170100,Russian Federation
Reporter,Reporter,UIT University,Pakistan,,,,,,,https://www.timeshighereducation.com/world-university-rankings/uit-university,"['ST-13', 'Block 7', 'Gulshan-e-Iqbal', 'Abul Hasan']",Karachi,Sindh,75300,Pakistan
Reporter,Reporter,Ulyanovsk State Technical University,Russian Federation,,,,,,,https://www.timeshighereducation.com/world-university-rankings/ulyanovsk-state-technical-university,32 Severny Venetz str.,,Ulyanovsk,432027,Russian Federation
Reporter,Reporter,Ulyanovsk State University,Russian Federation,,,,,,,https://www.timeshighereducation.com/world-university-rankings/ulyanovsk-state-university,42 Leo Tolstoy Street,,Ulyanovsk,432017,Russian Federation
Reporter,Reporter,UNESC,Brazil,,,,,,,https://www.timeshighereducation.com/world-university-rankings/unesc,"['Av. Universitaria', '1105 Bairro Universitario']",Criciuma,Santa Catarina,88806-000,Brazil
Reporter,Reporter,Unichristus,Brazil,,,,,,,https://www.timeshighereducation.com/world-university-rankings/unichristus,"['Avenida Dom Luis', '911 Meireles']",Fortaleza,Ceara,60160-230,Brazil
Reporter,Reporter,United International University,Bangladesh,,,,,,,https://www.timeshighereducation.com/world-university-rankings/united-international-university,United City Madani Avenue,Badda,Dhaka,1212,Bangladesh
Reporter,Reporter,Universiapolis – Université Internationale d’Agadir,Morocco,,,,,,,https://www.timeshighereducation.com/world-university-rankings/universiapolis-universite-internationale-dagadir,Bab Al Madina Qr Tilila,Agadir,Souss-Massa Region,BP 8143,Morocco
Reporter,Reporter,Universidad Camilo José Cela,Spain,,,,,,,https://www.timeshighereducation.com/world-university-rankings/universidad-camilo-jose-cela,"['C/ Castillo de Alarcon', '49 Urb. Villafranca del Castillo']",Madrid,M,28692,Spain
Reporter,Reporter,Universidad Católica de Colombia,Colombia,,,,,,,https://www.timeshighereducation.com/world-university-rankings/universidad-catolica-de-colombia,No 46 – 72 Avenida Caracas Sede Las Torres,Bogata,Distrito Capital,111311,Colombia
Reporter,Reporter,Universidad Católica de Cuenca,Ecuador,,,,,,,https://www.timeshighereducation.com/world-university-rankings/universidad-catolica-de-cuenca,Avenida de las Americas y Humboldt,Cuenca,Azuay,,Ecuador
Reporter,Reporter,Universidad Católica San Pablo,Peru,,,,,,,https://www.timeshighereducation.com/world-university-rankings/universidad-catolica-san-pablo,Quinta Vivanco s/n Urb Campina Paisajista,,ARE,04001,Peru
Reporter,Reporter,Universidad César Vallejo,Peru,,,,,,,https://www.timeshighereducation.com/world-university-rankings/universidad-cesar-vallejo,1770 Avenida Victor Larco,Trujillo,LAL,13001,Peru
Reporter,Reporter,Universidad del Istmo Panamá,Panama,,,,,,,https://www.timeshighereducation.com/world-university-rankings/universidad-del-istmo-panama,C. 40 Este,Panama,Panama Province,,Panama
Reporter,Reporter,Universidad del Magdalena,Colombia,,,,,,,https://www.timeshighereducation.com/world-university-rankings/universidad-del-magdalena,Carrera 32 No 22-08,Santa Marta,Magdalena,470004,Colombia
Reporter,Reporter,Universidad del Pacífico,Peru,,,,,,,https://www.timeshighereducation.com/world-university-rankings/universidad-del-pacifico,Jiron General Luis Sanchez Cerro 2141,Lima,Lima,15072,Peru
Reporter,Reporter,Universidad de Pamplona,Colombia,,,,,,,https://www.timeshighereducation.com/world-university-rankings/universidad-de-pamplona,Km 1 Vía Bucaramanga Ciudad Universitaria,Pamplona,Norte de Santander,,Colombia
Reporter,Reporter,Universidade 11 de Novembro,Angola,,,,,,,https://www.timeshighereducation.com/world-university-rankings/universidade-11-de-novembro,"['Centro Universitario de Cabinda', 'R. de Macau']",Cabinda,Cabinda Province,,Angola
Reporter,Reporter,Universidade Agostinho Neto,Angola,,,,,,,https://www.timeshighereducation.com/world-university-rankings/universidade-agostinho-neto,Rua do Estadio 11 de Novembro Rua Direita da Camama,Belas Municipality,Lunda Sul,815,Angola
Reporter,Reporter,Universidade Cidade de São Paulo,Brazil,,,,,,,https://www.timeshighereducation.com/world-university-rankings/universidade-cidade-de-sao-paulo,"['R. Cesário Galero', '448/475 Tatuapé']",São Paulo,São Paulo,03071-000,Brazil
Reporter,Reporter,Universidade Cuíto Cuanavale,Angola,,,,,,,https://www.timeshighereducation.com/world-university-rankings/universidade-cuito-cuanavale,Veja o mapa,,Menongue,,Angola
Reporter,Reporter,Universidade de Luanda,Angola,,,,,,,https://www.timeshighereducation.com/world-university-rankings/universidade-de-luanda,Rua Direita da Sapu,Talatona,Luanda,,Angola
Reporter,Reporter,Universidade do Namibe,Angola,,,,,,,https://www.timeshighereducation.com/world-university-rankings/universidade-do-namibe,Ponta do Noronha,Moçâmedes,Namibe,,Angola
Reporter,Reporter,Universidade Federal do Ceará (UFC),Brazil,,,,,,,https://www.timeshighereducation.com/world-university-rankings/universidade-federal-do-ceara-ufc,Av. da Universidade 2853 - Benfica,Fortaleza,Ceará,60020-181,Brazil
Reporter,Reporter,Universidade José Eduardo dos Santos,Angola,,,,,,,https://www.timeshighereducation.com/world-university-rankings/universidade-jose-eduardo-dos-santos,PO Box 2458 Largo Deolinda Rodrigues SN,Cidade Alta,Huambo,,Angola
Reporter,Reporter,Universidade Katyavala Bwila,Angola,,,,,,,https://www.timeshighereducation.com/world-university-rankings/universidade-katyavala-bwila,Katyavala Bwila University Rua Jose Falcao No. 67,Benguela,Benguela Province,,Angola
Reporter,Reporter,Universidade Kimpa Vita,Angola,,,,,,,https://www.timeshighereducation.com/world-university-rankings/universidade-kimpa-vita,Rua Henrique Freitas N1 Bairro,Uige,Uige Province,,Angola
Reporter,Reporter,Universidade Lueji A'Nkonde,Angola,,,,,,,https://www.timeshighereducation.com/world-university-rankings/universidade-lueji-ankonde,"['Street No. 4', 'PO Box 11']",Dundo,Lunda Norte,,Angola
Reporter,Reporter,Universidade Mandume ya Ndemufayo,Angola,,,,,,,https://www.timeshighereducation.com/world-university-rankings/universidade-mandume-ya-ndemufayo,"['Commercial District', 'Avenida Hoji Ya Henda nº30']",Lubango,,,Angola
Reporter,Reporter,Universidade Rainha Njinga a Mbande (URNM),Angola,,,,,,,https://www.timeshighereducation.com/world-university-rankings/universidade-rainha-njinga-mbande-urnm,Rua Sacadura Cabral Urban Center of Malanje,Malanje,Manje,,Angola
Reporter,Reporter,Universidad Estatal a Distancia,Costa Rica,,,,,,,https://www.timeshighereducation.com/world-university-rankings/universidad-estatal-distancia,"['De la Rotonda La Betania 500m al este', 'Carretera a Sabanilla']",San Jose,San Jose,474-2050,Costa Rica
Reporter,Reporter,Universidad Internacional del Ecuador,Ecuador,,,,,,,https://www.timeshighereducation.com/world-university-rankings/universidad-internacional-del-ecuador,Av. Simon Bolivar y Av. Jorge Fernandez,Quito,Pichincha Province,170411,Ecuador
Reporter,Reporter,Universidad Libre de Colombia,Colombia,,,,,,,https://www.timeshighereducation.com/world-university-rankings/universidad-libre-de-colombia,Street on the 8th No. 5-80,Bogata,Cundinamarca Department,110031,Colombia
Reporter,Reporter,Universidad Manuela Beltrán,Colombia,,,,,,,https://www.timeshighereducation.com/world-university-rankings/universidad-manuela-beltran,Avenida Circunvalar N. 60-00,Bogota,Bogota,,Colombia
Reporter,Reporter,Universidad Mayor de San Andrés (UMSA),Bolivia,,,,,,,https://www.timeshighereducation.com/world-university-rankings/universidad-mayor-de-san-andres-umsa,Avenida Villazon No 1995 Plaza del Bicentenario,La Paz,La Paz,,Bolivia
Reporter,Reporter,Universidad Nacional Abierta y a Distancia (UNAD),Colombia,,,,,,,https://www.timeshighereducation.com/world-university-rankings/universidad-nacional-abierta-y-distancia-unad,Calle 14 Sur No. 14 - 23,Bogata,Distrito Capital,,Colombia
Reporter,Reporter,Universidad Nacional de Chimborazo,Ecuador,,,,,,,https://www.timeshighereducation.com/world-university-rankings/universidad-nacional-de-chimborazo,Av. Antonio José de Sucre Km 1 1/2 vía a Guano,,Riobamba-Ecuador,,Ecuador
Reporter,Reporter,Universidad Nacional de Itapúa,Paraguay,,,,,,,https://www.timeshighereducation.com/world-university-rankings/universidad-nacional-de-itapua,Lopez 255 y Ruta 1 Abogado Lorenzo Zacarias,Encarnacion,Itapua,6000,Paraguay
Reporter,Reporter,Universidad Nacional de Rafaela (UNRaf),Argentina,,,,,,,https://www.timeshighereducation.com/world-university-rankings/universidad-nacional-de-rafaela-unraf,Bv. Roca 989,Rafaela,S,,Argentina
Reporter,Reporter,Universidad Nur,Bolivia,,,,,,,https://www.timeshighereducation.com/world-university-rankings/universidad-nur,Av. Cristo Redentor #100,,Santa Cruz de la Sierra,,Bolivia
Reporter,Reporter,Universidad Popular Autónoma del Estado de Puebla,Mexico,,,,,,,https://www.timeshighereducation.com/world-university-rankings/universidad-popular-autonoma-del-estado-de-puebla,21 Sur 1103 Barrio Santiago,Puebla,Puebla,72410,Mexico
Reporter,Reporter,Universidad Regional Amazónica Ikiam,Ecuador,,,,,,,https://www.timeshighereducation.com/world-university-rankings/universidad-regional-amazonica-ikiam,Parroquia Muyuna Kilometer 7 via a Alto Tena,City of Tena,Napo,,Ecuador
Reporter,Reporter,Universidad Tecnológica Centroamericana (UNITEC),Honduras,,,,,,,https://www.timeshighereducation.com/world-university-rankings/universidad-tecnologica-centroamericana-unitec,"['Kennedy Boulevard V-782', 'in front of Residencial']",Francisco Morazan,Tegucigalpa,,Honduras
Reporter,Reporter,Universidad Tecnológica de Bolívar,Colombia,,,,,,,https://www.timeshighereducation.com/world-university-rankings/universidad-tecnologica-de-bolivar,Carlos Velez Pombo Industrial and Technological,,Turbaco,,Colombia
Reporter,Reporter,Universidad UTE,Ecuador,,,,,,,https://www.timeshighereducation.com/world-university-rankings/universidad-ute,Rumipamba y Bourgeois,Quito,Pichincha Province,170147,Ecuador
Reporter,Reporter,Università Iuav di Venezia,Italy,,,,,,,https://www.timeshighereducation.com/world-university-rankings/universita-iuav-di-venezia,Santa Croce 191 Tolentini,Venice,,30135,Italy
Reporter,Reporter,Universita IULM,Italy,,,,,,,https://www.timeshighereducation.com/world-university-rankings/universita-iulm,"['Via Carlo Bo', '1']",Milano,Lombardy Region,20143,Italy
Reporter,Reporter,Universitas Atma Jaya Yogyakarta,Indonesia,,,,,,,https://www.timeshighereducation.com/world-university-rankings/universitas-atma-jaya-yogyakarta,Jalan Babarsari 44,Yogyakarta,Yogyakarta,55281,Indonesia
Reporter,Reporter,Universitas Islam Bandung (UNISBA),Indonesia,,,,,,,https://www.timeshighereducation.com/world-university-rankings/universitas-islam-bandung-unisba,Jl. Tamansari No. 20,Bandung,Jawa Barat,40116,Indonesia
Reporter,Reporter,Universitas Islam Negeri Maulana Malik Ibrahim Malang,Indonesia,,,,,,,https://www.timeshighereducation.com/world-university-rankings/universitas-islam-negeri-maulana-malik-ibrahim-malang,Gajayana Street No. 50,Malang,JI,65144,Indonesia
Reporter,Reporter,Universitas Islam Sultan Agung,Indonesia,,,,,,,https://www.timeshighereducation.com/world-university-rankings/universitas-islam-sultan-agung,Jl Raya Kaligawe Kilometer 4 Yay Badan Wakaf Sultan Agung,Semarang,Jawa Tengah,50112,Indonesia
Reporter,Reporter,Universitas Mercu Buana,Indonesia,,,,,,,https://www.timeshighereducation.com/world-university-rankings/universitas-mercu-buana,Jl. South Meruya no. 1 Kembangan,West Jakarta,JK,11650,Indonesia
Reporter,Reporter,Universitas Pembangunan Nasional Veteran Jawa Timur (UPNVJT),Indonesia,,,,,,,https://www.timeshighereducation.com/world-university-rankings/universitas-pembangunan-nasional-veteran-jawa-timur-upnvjt,Jl.Raya Rungkut Madya Gunung Anyar,Surabaya,JI,,Indonesia
Reporter,Reporter,Universitas Pendidikan Ganesha (Undiksha),Indonesia,,,,,,,https://www.timeshighereducation.com/world-university-rankings/universitas-pendidikan-ganesha-undiksha,Jalan Udayana No.11,Singaraja,BA,81116,Indonesia
Reporter,Reporter,Universitas Pendidikan Nasional (Undiknas),Indonesia,,,,,,,https://www.timeshighereducation.com/world-university-rankings/universitas-pendidikan-nasional-undiknas,Jalan Bedugul no 39 Sidakarya,Denpasar,BA,,Indonesia
Reporter,Reporter,Universitas Tanjungpura,Indonesia,,,,,,,https://www.timeshighereducation.com/world-university-rankings/universitas-tanjungpura,"['Jalan Prof Dr H Hadari Nawawi', 'General Ahmad Yani']",Pontianak,Kalimantan Barat,,Indonesia
Reporter,Reporter,Universitas Tarumanagara,Indonesia,,,,,,,https://www.timeshighereducation.com/world-university-rankings/universitas-tarumanagara,"['Jalan Letjen South Parman No 1 Tomang', 'Grogol Petamburan']",Jakarta Barat,JK,11440,Indonesia
Reporter,Reporter,Universitas Teknokrat Indonesia,Indonesia,,,,,,,https://www.timeshighereducation.com/world-university-rankings/universitas-teknokrat-indonesia,Jl. ZA. Pagar Alam No. 9 -11,Bandar Kampung City,Kampung,35132,Indonesia
Reporter,Reporter,Université d’Ain Témouchent,Algeria,,,,,,,https://www.timeshighereducation.com/world-university-rankings/universite-dain-temouchent,Belhadj Bouchaib Route de Sidi Bel Abbes,,Ain Temouchent,46000,Algeria
Reporter,Reporter,Université d’Oran 2 Mohamed Ben Ahmed,Algeria,,,,,,,https://www.timeshighereducation.com/world-university-rankings/universite-doran-2-mohamed-ben-ahmed,B.P 1015,El M'naouer,Oran,31000,Algeria
Reporter,Reporter,Université Mohamed El Bachir El Ibrahimi de Bordj Bou Arréridj,Algeria,,,,,,,https://www.timeshighereducation.com/world-university-rankings/universite-mohamed-el-bachir-el-ibrahimi-de-bordj-bou-arreridj,El Bachir El Ibrahimi Bordj Bou Arreridj El-Anasser,,Algerie,34030,Algeria
Reporter,Reporter,Universiti Geomatika Malaysia,Malaysia,,,,,,,https://www.timeshighereducation.com/world-university-rankings/universiti-geomatika-malaysia,"['Lot 5-5-7', '5th Floor', 'Prima Penisula']",Kuala Lumpur,14,54200,Malaysia
Reporter,Reporter,University Braz Cubas,Brazil,,,,,,,https://www.timeshighereducation.com/world-university-rankings/university-braz-cubas,Av. Francisco Rodrigues Filho,Mogilar – Mogi das Cruzes,Sao Paolo,1233,Brazil
Reporter,Reporter,University Center of Aflou,Algeria,,,,,,,https://www.timeshighereducation.com/world-university-rankings/university-center-aflou,EChrif Bouchoucha B P 306,Aflou,Laghouat,,Algeria
Reporter,Reporter,University Center of Illizi,Algeria,,,,,,,https://www.timeshighereducation.com/world-university-rankings/university-center-illizi,Airport Road,,Illizi,33000,Algeria
Reporter,Reporter,University Center of the Federal District,Brazil,,,,,,,https://www.timeshighereducation.com/world-university-rankings/university-center-federal-district,704/904 Seps Eq 702/902,Brasília,Goiás state,70390-045,Brazil
Reporter,Reporter,University Centre of Maghnia,Algeria,,,,,,,https://www.timeshighereducation.com/world-university-rankings/university-centre-maghnia,Al Shouhada District Al Zawiyah Road,Maghnia,Tlemcen Province,13300,Algeria
Reporter,Reporter,University of Naama,Algeria,,,,,,,https://www.timeshighereducation.com/world-university-rankings/university-naama,BP 66,Naama,Naama,45000,Algeria
Reporter,Reporter,University College TATI,Malaysia,,,,,,,https://www.timeshighereducation.com/world-university-rankings/university-college-tati,Teluk Kalong Kemaman District,Chukai,11,24000,Malaysia
Reporter,Reporter,University for the Creative Arts,United Kingdom,,,,,,,https://www.timeshighereducation.com/world-university-rankings/university-creative-arts,New Dover Road,Canterbury,Kent,CT1 3AN,United Kingdom
Reporter,Reporter,University North,Croatia,,,,,,,https://www.timeshighereducation.com/world-university-rankings/university-north,Trg dr Zarka Dolinara 1,Koprivnica,Koprivnica Krizevci,48000,Croatia
Reporter,Reporter,University of Agronomic Sciences and Veterinary Medicine of Bucharest,Romania,,,,,,,https://www.timeshighereducation.com/world-university-rankings/university-agronomic-sciences-and-veterinary-medicine-bucharest,"['59 Marasti Blvd', 'District 1']",Bucharest,Ilfov,11464,Romania
Reporter,Reporter,University of Aleppo,Syria,,,,,,,https://www.timeshighereducation.com/world-university-rankings/university-aleppo,12212 Aleppo,Aleppo,Aleppo Governorate,,Syria
Reporter,Reporter,University of Algiers 1,Algeria,,,,,,,https://www.timeshighereducation.com/world-university-rankings/university-algiers-1,02 Rue Didouche Mourad,Algiers,Algiers Province,,Algeria
Reporter,Reporter,University of Algiers 3,Algeria,,,,,,,https://www.timeshighereducation.com/world-university-rankings/university-algiers-3,02 Ahmed Waked Street Dely Brahim,Algiers,Algiers Province,,Algeria
Reporter,Reporter,University of Al-Hamdaniya,Iraq,,,,,,,https://www.timeshighereducation.com/world-university-rankings/university-al-hamdaniya,Hamdaniya Road,Bartella,Nineveh Plains,,Iraq
Reporter,Reporter,University of Alkafeel,Iraq,,,,,,,https://www.timeshighereducation.com/world-university-rankings/university-alkafeel,"['Najaf Karbala Express', 'Pole 23']",Najaf,Najaf Governorate,61001,Iraq
Reporter,Reporter,University of Al-Maarif,Iraq,,,,,,,https://www.timeshighereducation.com/world-university-rankings/university-al-maarif,Eastern Road,Ramadi City,Anbar Governorate,31001,Iraq
Reporter,Reporter,"University of Baltistan, Skardu",Pakistan,,,,,,,https://www.timeshighereducation.com/world-university-rankings/university-baltistan-skardu,Kargil Skardu Road Hussainabad,Gilgit,Baltistan,16100,Pakistan
Reporter,Reporter,University of Batna 1,Algeria,,,,,,,https://www.timeshighereducation.com/world-university-rankings/university-batna-1,Allees 19 mai Route de Biskra - Batna,Batna,Batna Province,05 000,Algeria
Reporter,Reporter,University of Benghazi,Libya,,,,,,,https://www.timeshighereducation.com/world-university-rankings/university-benghazi,P.O. Box 1308 Benghazi District,Benghazi,Cyrenaica region,,Libya
Reporter,Reporter,University of Blumenau (FURB),Brazil,,,,,,,https://www.timeshighereducation.com/world-university-rankings/university-blumenau-furb,"['Rua Antônio da Veiga', '140 Victor Konder']",Blumenau,Santa Catarina,89012-900,Brazil
Reporter,Reporter,University of Bogotá Jorge Tadeo Lozano,Colombia,,,,,,,https://www.timeshighereducation.com/world-university-rankings/university-bogota-jorge-tadeo-lozano,Carrera 4 Numero 22 61,Bogata,Distrito Capital,,Colombia
Reporter,Reporter,University of Chichester,United Kingdom,,,,,,,https://www.timeshighereducation.com/world-university-rankings/university-chichester,College Lane,Chichester,West Sussex,PO19 6PE,United Kingdom
Reporter,Reporter,University of Civil Protection,Belarus,,,,,,,https://www.timeshighereducation.com/world-university-rankings/university-civil-protection,"['st. Mashinostroiteley', '25']",,"['Minsk', '220118']",,Belarus
Reporter,Reporter,University of Constantine 3,Algeria,,,,,,,https://www.timeshighereducation.com/world-university-rankings/university-constantine-3,Boite Postale 'B' 72 Mendjeli Nouvelle Ville,,CONSTANTINE,25000,Algeria
Reporter,Reporter,University of Cross River State,Nigeria,,,,,,,https://www.timeshighereducation.com/world-university-rankings/university-cross-river-state,P.M.B 1123,Calabar,CR,,Nigeria
Reporter,Reporter,University of Cumbria,United Kingdom,,,,,,,https://www.timeshighereducation.com/world-university-rankings/university-cumbria,Fusehill Street,Carlisle,Cumbria,CA1 2HH,United Kingdom
Reporter,Reporter,University of Cyberjaya,Malaysia,,,,,,,https://www.timeshighereducation.com/world-university-rankings/university-cyberjaya,Persiaran Bestari Cyber 11,Cyberjaya,10,63000,Malaysia
Reporter,Reporter,University of Delta,Nigeria,,,,,,,https://www.timeshighereducation.com/world-university-rankings/university-delta,Warri/Agbor Road P.O. Box 2090,Agbor,DE,,Nigeria
Reporter,Reporter,University of Doha for Science and Technology (UDST),Qatar,,,,,,,https://www.timeshighereducation.com/world-university-rankings/university-doha-science-and-technology-udst,"['Al Tarafa', 'Jelaiah Street Duhail North']",Doha,Greater Doha Metropolitan Area,24449,Qatar
Reporter,Reporter,University of Dubai,United Arab Emirates,,,,,,,https://www.timeshighereducation.com/world-university-rankings/university-dubai,Academic City Emirates Road,Dubai,Emirate of Dubai,,United Arab Emirates
Reporter,Reporter,University of Dubrovnik,Croatia,,,,,,,https://www.timeshighereducation.com/world-university-rankings/university-dubrovnik,Branitelja Dubrovnika 41,Dubrovnik,Dalmatia,20000,Croatia
Reporter,Reporter,University of Eastern Pangasinan,Philippines,,,,,,,https://www.timeshighereducation.com/world-university-rankings/university-eastern-pangasinan,Canarvacanan 2436,Binalonan,PAN,2436,Philippines
Reporter,Reporter,University of Eastern Philippines,Philippines,,,,,,,https://www.timeshighereducation.com/world-university-rankings/university-eastern-philippines,University Town,Catarman,NSA,6400,Philippines
Reporter,Reporter,University of Economics in Bratislava,Slovakia,,,,,,,https://www.timeshighereducation.com/world-university-rankings/university-economics-bratislava,Dolnozemska Cesta 1,Bratislava,Bratislava,852 35,Slovakia
Reporter,Reporter,University of Economics – Varna,Bulgaria,,,,,,,https://www.timeshighereducation.com/world-university-rankings/university-economics-varna,"['77', 'Knyaz Boris Boulevard']",Varna,Varna Region,9002,Bulgaria
Reporter,Reporter,University of Educational Management,Ukraine,,,,,,,https://www.timeshighereducation.com/world-university-rankings/university-educational-management,52 A Sichovykh Striltsiv St,Kyiv,Kyiv,,Ukraine
Reporter,Reporter,"University of Engineering & Management, Jaipur",India,,,,,,,https://www.timeshighereducation.com/world-university-rankings/university-engineering-management-jaipur,Sikar Road Gurukul,Jaipur,RJ,303807,India
Reporter,Reporter,University of Eswatini,Eswatini,,,,,,,https://www.timeshighereducation.com/world-university-rankings/university-eswatini,Private Bag 4 Kwaluseni,Manzini,Manzini Region,M201,Eswatini
Reporter,Reporter,University of Fallujah,Iraq,,,,,,,https://www.timeshighereducation.com/world-university-rankings/university-fallujah,Al Sadd Street,Fallujah City,Anbar,31002,Iraq
Reporter,Reporter,University of Franca,Brazil,,,,,,,https://www.timeshighereducation.com/world-university-rankings/university-franca,"['Av. Dr. Armando Salles Oliveira', '201']",Franca,Sao Paul,,Brazil
Reporter,Reporter,University of Gafsa,Tunisia,,,,,,,https://www.timeshighereducation.com/world-university-rankings/university-gafsa,University of Gafsa Route de Tozeur,Gafsa,Gafsa,2112,Tunisia
Reporter,Reporter,University of Garmian,Iraq,,,,,,,https://www.timeshighereducation.com/world-university-rankings/university-garmian,Kalar-Sulaimani Main road,Berdesour,Kalar,,Iraq
Reporter,Reporter,University of Ghardaia,Algeria,,,,,,,https://www.timeshighereducation.com/world-university-rankings/university-ghardaia,"['Scientific Zone', 'PO Box 455']",Ghardaia,Ghardaia,47000,Algeria
Reporter,Reporter,University of Greater Manchester,United Kingdom,,,,,,,https://www.timeshighereducation.com/world-university-rankings/university-greater-manchester,Deane Road,Bolton,Lancashire,BL3 5AB,United Kingdom
Reporter,Reporter,University of Halabja,Iraq,,,,,,,https://www.timeshighereducation.com/world-university-rankings/university-halabja,Ababile Village,Halabja,Kurdistan Region,,Iraq
Reporter,Reporter,University of Hazrate Masoumeh,Iran,,,,,,,https://www.timeshighereducation.com/world-university-rankings/university-hazrate-masoumeh,Al Ghadir Boulevard In front of Yadgar Imam,Qom,25,3736175515,Iran
Reporter,Reporter,University of Health Sciences Lahore,Pakistan,,,,,,,https://www.timeshighereducation.com/world-university-rankings/university-health-sciences-lahore,Khayaban-e-Jamia Punjab,Lahore,Lahore,54600,Pakistan
Reporter,Reporter,University of Home Economics Lahore,Pakistan,,,,,,,https://www.timeshighereducation.com/world-university-rankings/university-home-economics-lahore,Dr. Mateen Fatima Road Block H.,Lahore,Punjab,54000,Pakistan
Reporter,Reporter,University of Human Development,Iraq,,,,,,,https://www.timeshighereducation.com/world-university-rankings/university-human-development,3575 Fake Buena Vista Avenue,,Kurdistan,00964,Iraq
Reporter,Reporter,University of Information Technology and Communications,Iraq,,,,,,,https://www.timeshighereducation.com/world-university-rankings/university-information-technology-and-communications,Karrada Al Nidal Street near Ibn Al Haytham Hospital,Baghdad,Baghdad Governorate,00964,Iraq
Reporter,Reporter,University of Islam Malang,Indonesia,,,,,,,https://www.timeshighereducation.com/world-university-rankings/university-islam-malang,Jl. Mayjen Haryono 193,Malang,JI,65144,Indonesia
Reporter,Reporter,University of Kairouan,Tunisia,,,,,,,https://www.timeshighereducation.com/world-university-rankings/university-kairouan,Route Peripherique Dar El Amen,Kairouan,Kairouan,3100,Tunisia
Reporter,Reporter,University of Liberal Arts Bangladesh,Bangladesh,,,,,,,https://www.timeshighereducation.com/world-university-rankings/university-liberal-arts-bangladesh,688 Beribadh Road,Mohammadpur,Dhaka,1207,Bangladesh
Reporter,Reporter,University of Manara,Iraq,,,,,,,https://www.timeshighereducation.com/world-university-rankings/university-manara,Amarah,,Maysan Governorate,12345,Iraq
Reporter,Reporter,University of Medea,Algeria,,,,,,,https://www.timeshighereducation.com/world-university-rankings/university-medea,Medea,North-Central,Medea Province,,Algeria
Reporter,Reporter,University of Misan,Iraq,,,,,,,https://www.timeshighereducation.com/world-university-rankings/university-misan,"['City Center', 'Nazim Al-Kahla']",Amarah,Maysan Province,,Iraq
Reporter,Reporter,University of Mohamed Lamine Debaghin Setif 2,Algeria,,,,,,,https://www.timeshighereducation.com/world-university-rankings/university-mohamed-lamine-debaghin-setif-2,Setif,,Setif,19000,Algeria
Reporter,Reporter,University of Monterrey,Mexico,,,,,,,https://www.timeshighereducation.com/world-university-rankings/university-monterrey,4500 Avenida Ignacio Morones Prieto,San Pedro Garza Garcia,Nuevo Leon,66238,Mexico
Reporter,Reporter,University of National and World Economy,Bulgaria,,,,,,,https://www.timeshighereducation.com/world-university-rankings/university-national-and-world-economy,"""Studentski"" district 19 ""8th December"" street",Sofia,Bulgaria,,Bulgaria
Reporter,Reporter,University of Niigata Prefecture,Japan,,,,,,,https://www.timeshighereducation.com/world-university-rankings/university-niigata-prefecture,"['471', 'Ebigase Higashi-ku']",,15,950-8680,Japan
Reporter,Reporter,University of Oil and Gas of Ploiești,Romania,,,,,,,https://www.timeshighereducation.com/world-university-rankings/university-oil-and-gas-ploiesti,"['B-dul Bucuresti', 'nr. 39']",Ploiesti,Prahova,100680,Romania
Reporter,Reporter,University of Panama,Panama,,,,,,,https://www.timeshighereducation.com/world-university-rankings/university-panama,Via Simon Bolivar Via Manuel Espinoza Batista,Ciudad Panama,Ciudad Panama,0801,Panama
Reporter,Reporter,University of Perpetual Help System DALTA,Philippines,,,,,,,https://www.timeshighereducation.com/world-university-rankings/university-perpetual-help-system-dalta,Alabang Zapote Avenue Pamplona 3,Las Pinas City,National Capital Region,1740,Philippines
Reporter,Reporter,University of Poonch Rawalakot,Pakistan,,,,,,,https://www.timeshighereducation.com/world-university-rankings/university-poonch-rawalakot,University Road,Rawalakot,Azad Jammu and Kashmir,12350,Pakistan
Reporter,Reporter,"University of Professional Studies, Accra",Ghana,,,,,,,https://www.timeshighereducation.com/world-university-rankings/university-professional-studies-accra,P.O.Box LG 149,,Accra,,Ghana
Reporter,Reporter,University of Raparin,Iraq,,,,,,,https://www.timeshighereducation.com/world-university-rankings/university-raparin,Ranya,,Kurdistan Region,46012,Iraq
Reporter,Reporter,University of Saint Joseph,Macao,,,,,,,https://www.timeshighereducation.com/world-university-rankings/university-saint-joseph,14-17 Marginal d Ilha Verde St,Macao,Macao,,Macao
Reporter,Reporter,University of Saint Louis Tuguegarao,Philippines,,,,,,,https://www.timeshighereducation.com/world-university-rankings/university-saint-louis-tuguegarao,Mabini Street,Tuguegarao City,CAG,3500,Philippines
Reporter,Reporter,University of San Agustin,Philippines,,,,,,,https://www.timeshighereducation.com/world-university-rankings/university-san-agustin,General Luna Street,Iloilo City,ILI,5000,Philippines
Reporter,Reporter,University of San Buenaventura Cali,Colombia,,,,,,,https://www.timeshighereducation.com/world-university-rankings/university-san-buenaventura-cali,Carrera 122 No 6-65,Cali,Valle del Cauca,,Colombia
Reporter,Reporter,University of San Carlos,Philippines,,,,,,,https://www.timeshighereducation.com/world-university-rankings/university-san-carlos,P Del Rosario Street,Cebu City,CEB,6000,Philippines
Reporter,Reporter,University of Santander,Colombia,,,,,,,https://www.timeshighereducation.com/world-university-rankings/university-santander,Calle 70 No 55-210,Bucaramanga,Santander,,Colombia
Reporter,Reporter,University of Science and Culture,Iran,,,,,,,https://www.timeshighereducation.com/world-university-rankings/university-science-and-culture,Bahar Street Shahid Qamushi Street,Tehran,23,1461968151,Iran
Reporter,Reporter,University of Science and Technology,Yemen,,,,,,,https://www.timeshighereducation.com/world-university-rankings/university-science-and-technology,"['Al Shaab Street', 'Inma']",Aden,Aden,,Yemen
Reporter,Reporter,University of Science and Technology of Southern Philippines (USTP),Philippines,,,,,,,https://www.timeshighereducation.com/world-university-rankings/university-science-and-technology-southern-philippines-ustp,Claro M. Recto Avenue Brgy. Lapasan,Cagayan de Oro,Cagayan de Oro,9000,Philippines
Reporter,Reporter,University of Sopron,Hungary,,,,,,,https://www.timeshighereducation.com/world-university-rankings/university-sopron,Bajcsy-Zsilinszky u. 4.,Sopron,Gyor-Moson-Sopron,9400,Hungary
Reporter,Reporter,University of Souk Ahras,Algeria,,,,,,,https://www.timeshighereducation.com/world-university-rankings/university-souk-ahras,Souk Ahras,,Souk Ahras Province,41000,Algeria
Reporter,Reporter,University of Southeastern Philippines (USeP),Philippines,,,,,,,https://www.timeshighereducation.com/world-university-rankings/university-southeastern-philippines-usep,"['Inigo Street', 'Barrio Obrero Poblacion District']",Davao City,Davao Del Sur,8000,Philippines
Reporter,Reporter,University of Southern Punjab,Pakistan,,,,,,,https://www.timeshighereducation.com/world-university-rankings/university-southern-punjab,"['9 KM', 'Bosan Road']",Multan,Punjab,60000,Pakistan
Reporter,Reporter,University of Suffolk,United Kingdom,,,,,,,https://www.timeshighereducation.com/world-university-rankings/university-suffolk,19 Neptune Quay Waterfront Building,Ipswich,Suffolk,IP4 1QJ,United Kingdom
Reporter,Reporter,University of Sumer,Iraq,,,,,,,https://www.timeshighereducation.com/world-university-rankings/university-sumer,Al-Rifai District PO Box 6,Rifai,Dhi Qar Governorate,,Iraq
Reporter,Reporter,University of Swat,Pakistan,,,,,,,https://www.timeshighereducation.com/world-university-rankings/university-swat,Kalam Road,Guli Bagh,Swat,,Pakistan
Reporter,Reporter,"University of Technology, Mauritius",Mauritius,,,,,,,https://www.timeshighereducation.com/world-university-rankings/university-technology-mauritius,La Tour Koenig,Pointe-aux-Sables,Port Louis,11134,Mauritius
Reporter,Reporter,University of Technology Nowshera,Pakistan,,,,,,,https://www.timeshighereducation.com/world-university-rankings/university-technology-nowshera,Amangarh,Nowshera,Khyber Pakhtunkhwa,24100,Pakistan
Reporter,Reporter,University of Telafer,Iraq,,,,,,,https://www.timeshighereducation.com/world-university-rankings/university-telafer,Tall ‘Afar Tel Afar District,Mosul,Nineveh,,Iraq
Reporter,Reporter,University of the Azores,Portugal,,,,,,,https://www.timeshighereducation.com/world-university-rankings/university-azores,Rua Mae de Deus,Ponta Delgada,Azores Region,9500-321,Portugal
Reporter,Reporter,University of the Built Environment,United Kingdom,,,,,,,https://www.timeshighereducation.com/world-university-rankings/university-built-environment,"['60 Queen’s Road', 'Horizons']",Reading,Berkshire,RG1 4BS,United Kingdom
Reporter,Reporter,University of the Highlands and Islands,United Kingdom,,,,,,,https://www.timeshighereducation.com/world-university-rankings/university-highlands-and-islands,"['Old Perth Road', 'UHI House']",Inverness,Scotland,IV2 3JH,United Kingdom
Reporter,Reporter,University of the Humanities,Mongolia,,,,,,,https://www.timeshighereducation.com/world-university-rankings/university-humanities,Sukhbaatar Square 20 8th khoroo,Ulaanbaatar,Ulaanbaatar,14200,Mongolia
Reporter,Reporter,University of the Immaculate Conception,Philippines,,,,,,,https://www.timeshighereducation.com/world-university-rankings/university-immaculate-conception,"['Fr. Selga St.', 'Barangay 5-A']",Davao,DAS,405505,Philippines
Reporter,Reporter,University of the Thai Chamber of Commerce,Thailand,,,,,,,https://www.timeshighereducation.com/world-university-rankings/university-thai-chamber-commerce,126/1 Soi Vibhavadi Rangsit 2 Ratchadaphisek Subdistrict,Bangkok,10,10400,Thailand
Reporter,Reporter,University of Tirana,Albania,,,,,,,https://www.timeshighereducation.com/world-university-rankings/university-tirana,Deshmoret e Kombit Boulevard Mother Theresa Square,Tirana,Central Tirana,,Albania
Reporter,Reporter,University of Turkish Aeronautical Association,Turkey,,,,,,,https://www.timeshighereducation.com/world-university-rankings/university-turkish-aeronautical-association,No 11 Okul Street Bahcekapi Quarter,Etimesgut,06,06790,Turkey
Reporter,Reporter,University of Vale do Itajaí,Brazil,,,,,,,https://www.timeshighereducation.com/world-university-rankings/university-vale-do-itajai,458 Rua Uruguai Centro Itajai,Itajai,Santa Catarina,88302-901,Brazil
Reporter,Reporter,University of Wales Trinity Saint David,United Kingdom,,,,,,,https://www.timeshighereducation.com/world-university-rankings/university-wales-trinity-saint-david,College Road,Carmarthen,Carmarthenshire,SA31 3EP,United Kingdom
Reporter,Reporter,University of Warith Al-Anbiyaa,Iraq,,,,,,,https://www.timeshighereducation.com/world-university-rankings/university-warith-al-anbiyaa,Karbala Road Holy Karbala,Baghdad,Baghdad Governorate,56001,Iraq
Reporter,Reporter,University of Zakho,Iraq,,,,,,,https://www.timeshighereducation.com/world-university-rankings/university-zakho,P. O. Box 12 Zakho International Road,Duhok,Kurdistan Region,,Iraq
Reporter,Reporter,University of Zawia,Libya,,,,,,,https://www.timeshighereducation.com/world-university-rankings/university-zawia,PO Box 16418,Az-Zawiyah,Tripolitania,,Libya
Reporter,Reporter,University of Zintan,Libya,,,,,,,https://www.timeshighereducation.com/world-university-rankings/university-zintan,12 New City Street Gharian Ghado Road,Zintan,Tripolitania,,Libya
Reporter,Reporter,University San Marcos,Costa Rica,,,,,,,https://www.timeshighereducation.com/world-university-rankings/university-san-marcos,100 metres east Parque Morazán Avenida 3,,San José,,Costa Rica
Reporter,Reporter,University St. Kliment Ohridski - Bitola,North Macedonia,,,,,,,https://www.timeshighereducation.com/world-university-rankings/university-st-kliment-ohridski-bitola,1 Мај bb,Bitola,North Macedonia,7000,North Macedonia
Reporter,Reporter,UNNOBA,Argentina,,,,,,,https://www.timeshighereducation.com/world-university-rankings/unnoba,Roque Saenz Pena 456,Junin,B,6000,Argentina
Reporter,Reporter,Urgench State University,Uzbekistan,,,,,,,https://www.timeshighereducation.com/world-university-rankings/urgench-state-university,H.Olimjon street 14,Urgench city,Khorezm province,220100,Uzbekistan
Reporter,Reporter,Uruk University,Iraq,,,,,,,https://www.timeshighereducation.com/world-university-rankings/uruk-university,Baghdad - Al-Wahda District Street 52 Mahala 904,,Baghdad,,Iraq
Reporter,Reporter,Uttaranchal University,India,,,,,,,https://www.timeshighereducation.com/world-university-rankings/uttaranchal-university,Premnagar,Dehradun,UK,248007,India
Reporter,Reporter,Uttara University,Bangladesh,,,,,,,https://www.timeshighereducation.com/world-university-rankings/uttara-university,"['Holding 77', 'Beribadh Road Turag', 'Uttara']",Dhaka,Dhaka,1230,Bangladesh
Reporter,Reporter,"Uzbekistan State Institute of Arts and Culture, Fergana",Uzbekistan,,,,,,,https://www.timeshighereducation.com/world-university-rankings/uzbekistan-state-institute-arts-and-culture-fergana,Movarounnahr st. 3A,Kokand,Fergana,150700,Uzbekistan
Reporter,Reporter,Uzbekistan State University of World Languages,Uzbekistan,,,,,,,https://www.timeshighereducation.com/world-university-rankings/uzbekistan-state-university-world-languages,"['Kichik Xalqa Yoli Street Quarter G 9a', 'House 21a']",Tashkent City,Tashkent,00138,Uzbekistan
Reporter,Reporter,Uzbek State University of Physical Culture and Sport,Uzbekistan,,,,,,,https://www.timeshighereducation.com/world-university-rankings/uzbek-state-university-physical-culture-and-sport,19 Sportchilar stree Chirchik,Tashkent,Tashkent,,Uzbekistan
Reporter,Reporter,Valahia University of Targoviste,Romania,,,,,,,https://www.timeshighereducation.com/world-university-rankings/valahia-university-targoviste,13 Aleea Sinaia Street,Targoviste,Dambovita,130004,Romania
Reporter,Reporter,Valle del Momboy University,Venezuela,,,,,,,https://www.timeshighereducation.com/world-university-rankings/valle-del-momboy-university,"['Av Caracas', 'Valera 3']",Valera Edo.,T,,Venezuela
Reporter,Reporter,Varendra University,Bangladesh,,,,,,,https://www.timeshighereducation.com/world-university-rankings/varendra-university,Rajshahi Bypass Road Chandrima,,Rajshahi,,Bangladesh
Reporter,Reporter,Vasile Alecsandri University of Bacău,Romania,,,,,,,https://www.timeshighereducation.com/world-university-rankings/vasile-alecsandri-university-bacau,Calea Mărășești nr. 157,Bacău,Bacău,600115,Romania
Reporter,Reporter,Vila Velha University,Brazil,,,,,,,https://www.timeshighereducation.com/world-university-rankings/vila-velha-university,No 21 Av Jose Dantas de Melo Boa Vista,Vila Velha,Espirito Santo,29102,Brazil
Reporter,Reporter,Vinnytsia National Technical University,Ukraine,,,,,,,https://www.timeshighereducation.com/world-university-rankings/vinnytsia-national-technical-university,Khmel'nyts'ke Highway 95,Vinnytsia,Vinnytsia Oblast,21000,Ukraine
Reporter,Reporter,Visayas State University,Philippines,,,,,,,https://www.timeshighereducation.com/world-university-rankings/visayas-state-university,Visca,Baybay City,LEY,6521,Philippines
Reporter,Reporter,Vitebsk State Technological University,Belarus,,,,,,,https://www.timeshighereducation.com/world-university-rankings/vitebsk-state-technological-university,72 Moscow Avenue,Vitebsk,Vitebsk Region,210038,Belarus
Reporter,Reporter,VIZJA University,Poland,,,,,,,https://www.timeshighereducation.com/world-university-rankings/vizja-university,Okopowa 59,Warsaw,Masovian Voivodeship,01-043,Poland
Reporter,Reporter,Warmadewa University,Indonesia,,,,,,,https://www.timeshighereducation.com/world-university-rankings/warmadewa-university,Jl. Terompong No 24 Tanjung Bungkak,Denpasar,BA,,Indonesia
Reporter,Reporter,Westcliff University,United States,,,,,,,https://www.timeshighereducation.com/world-university-rankings/westcliff-university,17877 Von Karman Avenue Suite 400,Irvine,California,92614,United States
Reporter,Reporter,Western Balkans University,Albania,,,,,,,https://www.timeshighereducation.com/world-university-rankings/western-balkans-university,"['Highway Tirane Durres', 'KM 7 Kashar']",Tirana,Tirana,10001,Albania
Reporter,Reporter,Western Caspian University,Azerbaijan,,,,,,,https://www.timeshighereducation.com/world-university-rankings/western-caspian-university,27 Istiqlaliyyat,Baku,Absheron,1001,Azerbaijan
Reporter,Reporter,"Western University ""Vasile Goldiş"" of Arad",Romania,,,,,,,https://www.timeshighereducation.com/world-university-rankings/western-university-vasile-goldis-arad,Bulevardul Revolutiei 94,Arad,Arad,310025,Romania
Reporter,Reporter,West Ukrainian National University,Ukraine,,,,,,,https://www.timeshighereducation.com/world-university-rankings/west-ukrainian-national-university,11 Lvivska Str. (TNEU Building,Ternopil,Ternopil Oblast,46009,Ukraine
Reporter,Reporter,WHU: Beisheim,Germany,,,,,,,https://www.timeshighereducation.com/world-university-rankings/whu-beisheim,Erkrather Strasse 224a,Dusseldorf,North Rhine Westphalia,40233,Germany
Reporter,Reporter,Widyatama University,Indonesia,,,,,,,https://www.timeshighereducation.com/world-university-rankings/widyatama-university,Jalan Cikutra No 204 A,Bandung,Jawa Barat,40125,Indonesia
Reporter,Reporter,World University of Bangladesh (WUB),Bangladesh,,,,,,,https://www.timeshighereducation.com/world-university-rankings/world-university-bangladesh-wub,"['Avenue 6 and Lake Drive Road Sector 17H', 'Uttara']",Dhaka,Dhaka,1230,Bangladesh
Reporter,Reporter,World University of Science and Technology,Georgia,,,,,,,https://www.timeshighereducation.com/world-university-rankings/world-university-science-and-technology,"['11', 'Nodar Bokhua Street Dighomi']",Tbilisi,Caucasus Region,0159,Georgia
Reporter,Reporter,Woxsen University,India,,,,,,,https://www.timeshighereducation.com/world-university-rankings/woxsen-university,"['Plot No 1267', '2nd Floor Gateway Jubilee']",Hyderabad,TS,500033,India
Reporter,Reporter,Wrexham University,United Kingdom,,,,,,,https://www.timeshighereducation.com/world-university-rankings/wrexham-university,Mold Road,Wrexham,Wrexham,LL11 2AW,United Kingdom
Reporter,Reporter,WSB Academy,Poland,,,,,,,https://www.timeshighereducation.com/world-university-rankings/wsb-academy,Cieplak 1C Street,Dabrowa Gornicza,Silesian Voivodeship,41-300,Poland
Reporter,Reporter,Yachay University for Experimental Technology and Research (Yachay Tech),Ecuador,,,,,,,https://www.timeshighereducation.com/world-university-rankings/yachay-university-experimental-technology-and-research-yachay-tech,San Jose Farm and Yachay Proj,Urcuqui,Imbabura Province,,Ecuador
Reporter,Reporter,Yamaguchi Prefectural University,Japan,,,,,,,https://www.timeshighereducation.com/world-university-rankings/yamaguchi-prefectural-university,6-2-1 Sakurabatake,Yamaguchi City,35,753-8502,Japan
Reporter,Reporter,Yanka Kupala State University of Grodno,Belarus,,,,,,,https://www.timeshighereducation.com/world-university-rankings/yanka-kupala-state-university-grodno,22 Ozheshko str.,Belarus,Grodno,230023,Belarus
Reporter,Reporter,Yaroslav Mudryi National Law University,Ukraine,,,,,,,https://www.timeshighereducation.com/world-university-rankings/yaroslav-mudryi-national-law-university,77 G.Skovorody street,Kharkiv,Kharkiv Oblast,61024,Ukraine
Reporter,Reporter,Yasuj University of Medical Sciences,Iran,,,,,,,https://www.timeshighereducation.com/world-university-rankings/yasuj-university-medical-sciences,Shahid Motahari Boulevard,Yasuj,Kohgiluyeh&Boyer Ahmad Provinc,,Iran
Reporter,Reporter,Yessenov University,Kazakhstan,,,,,,,https://www.timeshighereducation.com/world-university-rankings/yessenov-university,32 microdistricts The Republic of Kazakhstan,city Aktau,Mangistau region,130003,Kazakhstan
Reporter,Reporter,Zarqa University,Jordan,,,,,,,https://www.timeshighereducation.com/world-university-rankings/zarqa-university,P.O. Box 2000,Zarqa,Zarqa,13110,Jordan
Reporter,Reporter,Zaytoonah International University,Syria,,,,,,,https://www.timeshighereducation.com/world-university-rankings/zaytoonah-international-university,Azaz,Azaz,Aleppo Governorate,,Syria
Reporter,Reporter,Zhetysu University,Kazakhstan,,,,,,,https://www.timeshighereducation.com/world-university-rankings/zhetysu-university,187a I.Zhansugurov Str.,,Taldykorgan,040009,Kazakhstan
Reporter,Reporter,Zhytomyr Ivan Franko State University,Ukraine,,,,,,,https://www.timeshighereducation.com/world-university-rankings/zhytomyr-ivan-franko-state-university,40 Velyka Berdychivska St,Zhytomyr,Zhytomyr Oblast,10002,Ukraine
Reporter,Reporter,Zhytomyr Polytechnic State University,Ukraine,,,,,,,https://www.timeshighereducation.com/world-university-rankings/zhytomyr-polytechnic-state-university,"['103', 'Chudnivska str.']",,Zhytomyr,10005,Ukraine
Reporter,Reporter,Ziauddin University,Pakistan,,,,,,,https://www.timeshighereducation.com/world-university-rankings/ziauddin-university,4/B Block 6 Saharah-e-Ghalib,Karachi,Sindh,74600,Pakistan
